delocated_monad,10km_location,location_qualifier,easting_sw_delocated,northing_sw_delocated,easting_centroid_delocated,northing_centroid_delocated,plot_number,fizz_test,fizz_test_qualifier,soil_moisture_content,soil_moisture_content_qualifier,ACYC_CO2,ACYC_CO2_qualifier,AKGA_CO2,AKGA_CO2_qualifier,ARA_CO2,ARA_CO2_qualifier,ARG_CO2,ARG_CO2_qualifier,CIT_CO2,CIT_CO2_qualifier,CYS_CO2,CYS_CO2_qualifier,FRU_CO2,FRU_CO2_qualifier,GABA_CO2,GABA_CO2_qualifier,GLU_CO2,GLU_CO2_qualifier,LYS_CO2,LYS_CO2_qualifier,MAL_CO2,MAL_CO2_qualifier,NAGA_CO2,NAGA_CO2_qualifier,OXA_CO2,OXA_CO2_qualifier,PRO_CO2,PRO_CO2_qualifier,TRE_CO2,TRE_CO2_qualifier,WAT_CO2,WAT_CO2_qualifier
NT91-X-85,NT91,Sample location delocated to a 10km square (see metadata),390000,610000,395000,615000,4,0,,77.92,,7.86,,12.06,,9.68,,14.14,,12.66,,9.93,,16.85,,11.52,,14.62,,10.32,,17.17,,10.67,,13.82,,11.97,,17.83,,6.43,
NT94-X-59,NT94,Sample location delocated to a 10km square (see metadata),390000,640000,395000,645000,1,0,,16.54,,0.63,,6.56,,1.46,,1.04,,3.55,,0.88,,2.3,,0.9,,2.55,,0.51,,2.71,,1.83,,1.04,,1.14,,1.51,,0.3,
NT94-X-59,NT94,Sample location delocated to a 10km square (see metadata),390000,640000,395000,645000,3,0,,15.4,,0.86,,4.86,,2.09,,0.77,,2.76,,0.99,,2.88,,0.86,,3.35,,0.75,,2.38,,2.08,,0.73,,1.67,,2.16,,0.36,
NT94-X-59,NT94,Sample location delocated to a 10km square (see metadata),390000,640000,395000,645000,4,0,,16.59,,0.74,,3.86,,1.68,,1.63,,1.97,,0.94,,2.41,,1.28,,3.04,,0.53,,2.48,,1.96,,0.89,,1.3,,2.18,,0.38,
NU02-X-18,NU02,Sample location delocated to a 10km square (see metadata),400000,620000,405000,625000,1,0,,19.97,,0.57,,5.48,,1.15,,0.76,,2.57,,1.52,,1.86,,0.78,,1.98,,0.55,,2.42,,1.33,,1.32,,1.82,,1.47,,0.31,
NU02-X-18,NU02,Sample location delocated to a 10km square (see metadata),400000,620000,405000,625000,2,0,,18.62,,0.7,,5.47,,1.69,,0.94,,2.87,,1.36,,2.18,,1.08,,2.5,,0.56,,2.27,,1.31,,1.21,,1.96,,1.57,,0.3,
NU02-X-18,NU02,Sample location delocated to a 10km square (see metadata),400000,620000,405000,625000,3,0,,33.36,,1.18,,7.45,,3.21,,2.41,,3.46,,1.78,,4.11,,2.14,,4.81,,1.2,,6.57,,3.28,,2.61,,2.87,,3.62,,0.71,
NU02-X-18,NU02,Sample location delocated to a 10km square (see metadata),400000,620000,405000,625000,4,1,,17.86,,0.77,,6.58,,2.19,,0.7,,3.54,,1.01,,3.2,,0.88,,3.19,,0.51,,2.8,,1.67,,1.06,,1.64,,1.95,,0.29,
NU12-X-33,NU12,Sample location delocated to a 10km square (see metadata),410000,620000,415000,625000,1,0,,22.28,,0.89,,5.74,,1.85,,1.31,,2.62,,1.42,,3,,1.12,,3.06,,0.72,,2.6,,2.2,,1.26,,1.89,,2.14,,0.4,
NU12-X-33,NU12,Sample location delocated to a 10km square (see metadata),410000,620000,415000,625000,2,1,,18.87,,0.64,,7.45,,1.82,,0.33,,4.91,,2.23,,2.19,,0.74,,2.29,,0.88,,4.06,,1.17,,2.51,,1.27,,1.17,,0.37,
NU12-X-33,NU12,Sample location delocated to a 10km square (see metadata),410000,620000,415000,625000,3,0,,28.03,,1.09,,2.69,,2.3,,2.16,,2.03,,1.61,,3.35,,1.73,,3.81,,0.95,,4.26,,3.57,,1.55,,2.2,,2.75,,0.73,
NU12-X-33,NU12,Sample location delocated to a 10km square (see metadata),410000,620000,415000,625000,4,0,,19.93,,1.24,,6.82,,3.22,,1.36,,3.96,,1.73,,4.23,,1.57,,4.35,,1.05,,3.7,,2.85,,1.38,,2.57,,3.29,,0.69,
NY22-X-66,NY22,Sample location delocated to a 10km square (see metadata),320000,520000,325000,525000,2,0,,36.4,,2.06,,12.52,,6.02,,3.43,,10.81,,3.02,,7.34,,3.35,,8.16,,2.22,,8.46,,5.82,,4.53,,3.86,,4.96,,1.11,
NY22-X-66,NY22,Sample location delocated to a 10km square (see metadata),320000,520000,325000,525000,3,0,,37.61,,1.73,,14.37,,6.46,,4.59,,12.69,,3.13,,7.9,,3.18,,7.76,,2.32,,9.79,,5.91,,6.02,,5.35,,5.16,,0.89,
NY22-X-66,NY22,Sample location delocated to a 10km square (see metadata),320000,520000,325000,525000,4,0,,35.2,,1.44,,9.55,,4.17,,3.07,,5.77,,2.36,,5.33,,2.48,,5.91,,1.69,,5.78,,4.75,,3.26,,4.06,,3.37,,0.82,
NY22-X-70,NY22,Sample location delocated to a 10km square (see metadata),320000,520000,325000,525000,1,1,,42.04,,1.39,,10.27,,4.23,,2.37,,6.99,,2.65,,5.78,,2.51,,5.07,,1.66,,8.76,,4.84,,5.86,,3.3,,4.69,,0.84,
NY22-X-70,NY22,Sample location delocated to a 10km square (see metadata),320000,520000,325000,525000,2,1,,61.87,,1.94,,5.28,,3.6,,3.68,,3.13,,3.68,,4.76,,3.15,,5.64,,3.14,,6.5,,4.98,,4.43,,3.91,,5.95,,1.49,
NY22-X-70,NY22,Sample location delocated to a 10km square (see metadata),320000,520000,325000,525000,3,0,,48.31,,1.2,,3.33,,2.29,,2.5,,2.09,,2.64,,3.36,,1.82,,3.38,,1.5,,4.34,,2.54,,3.92,,3.38,,2.94,,0.74,
NY22-X-70,NY22,Sample location delocated to a 10km square (see metadata),320000,520000,325000,525000,5,0,,77.99,,10.98,,74.19,,25.87,,18.27,,70.47,,12.57,,28.46,,18.13,,33.19,,12.84,,64.19,,22.17,,42.35,,15.06,,14.25,,8.87,
NY22-X-70,NY22,Sample location delocated to a 10km square (see metadata),320000,520000,325000,525000,6,0,,58.6,,1.54,,3.7,,2.25,,3.13,,2.51,,3.79,,2.84,,2.36,,4,,1.93,,4.4,,3.14,,2.82,,2.82,,3.38,,1.24,
NY22-X-70,NY22,Sample location delocated to a 10km square (see metadata),320000,520000,325000,525000,4,3,,26.02,,1.99,,7.08,,4.51,,2.09,,5.77,,2.13,,6.01,,2.48,,5.58,,1.69,,5.28,,4.19,,2.47,,3.06,,4.36,,1.03,
NY32-X-19,NY32,Sample location delocated to a 10km square (see metadata),330000,520000,335000,525000,2,0,,80.6,,7.62,,11,,10.82,,16.09,,10.96,,9.22,,13.2,,12.05,,14.23,,10.03,,19.73,,14.93,,27.66,,11.76,,12.26,,5.76,
NY32-X-19,NY32,Sample location delocated to a 10km square (see metadata),330000,520000,335000,525000,3,0,,78.49,,6.28,,12.1,,11.82,,14.53,,8.07,,9.57,,12.08,,9.27,,11.88,,9.53,,13.1,,13.94,,19.03,,10.18,,11.89,,5.94,
NY32-X-19,NY32,Sample location delocated to a 10km square (see metadata),330000,520000,335000,525000,4,0,,78.33,,3.88,,8.27,,7.03,,8.95,,5.93,,7.32,,8.28,,5.92,,9.72,,5.64,,10.92,,10.44,,9.81,,6.97,,7.38,,3.41,
NY47-X-95,NY47,Sample location delocated to a 10km square (see metadata),340000,570000,345000,575000,2,0,,33.17,,1.48,,5.13,,3.84,,3.21,,4,,2.44,,4.86,,2.56,,4.85,,1.53,,4.68,,3.94,,3.37,,3.1,,3.91,,0.86,
NY47-X-95,NY47,Sample location delocated to a 10km square (see metadata),340000,570000,345000,575000,4,0,,34.97,,1.93,,9.93,,3.48,,3.88,,5.03,,2.95,,6.48,,3.02,,6.81,,1.59,,6.15,,5.25,,2.55,,3.45,,3.54,,0.99,
NY50-X-38,NY50,Sample location delocated to a 10km square (see metadata),350000,500000,355000,505000,1,0,,48.88,,1.81,,9.28,,3.46,,1.4,,3.71,,3.04,,4.52,,2.03,,4.95,,1.84,,5.46,,4.84,,2.99,,2.65,,3.55,,1.06,
NY50-X-38,NY50,Sample location delocated to a 10km square (see metadata),350000,500000,355000,505000,2,0,,25.88,,1.4,,3.98,,3.04,,1.3,,2.52,,2.16,,4.17,,1.97,,4.01,,1.44,,3.87,,3.27,,2.06,,2.32,,3.58,,0.96,
NY50-X-38,NY50,Sample location delocated to a 10km square (see metadata),350000,500000,355000,505000,4,0,,30.27,,1.24,,7.81,,3.37,,1.75,,3.94,,2.06,,4.9,,2.11,,5.18,,1.6,,5.49,,4.35,,2.57,,2.55,,3.9,,0.77,
NY54-X-44,NY54,Sample location delocated to a 10km square (see metadata),350000,540000,355000,545000,3,0,,20.23,,0.96,,5.55,,1.88,,1.31,,2.95,,1.34,,3.13,,1.26,,3.17,,0.77,,3,,2.27,,1.14,,1.71,,2.19,,0.44,
NY55-X-94,NY55,Sample location delocated to a 10km square (see metadata),350000,550000,355000,555000,2,0,,75.65,,3.34,,5.24,,4.43,,9.08,,4.64,,4.66,,4.72,,5.11,,5.23,,4.75,,7.42,,7.45,,5.25,,4.1,,4.9,,3.15,
NY55-X-94,NY55,Sample location delocated to a 10km square (see metadata),350000,550000,355000,555000,3,0,,72.83,,3.83,,6.43,,5.5,,8.16,,5.52,,6.74,,6.14,,5.43,,6.29,,4.61,,8.33,,8.24,,10.25,,5.17,,5.86,,3.33,
NY56-X-21,NY56,Sample location delocated to a 10km square (see metadata),350000,560000,355000,565000,1,0,,30.24,,1.29,,3.38,,2.34,,2.36,,2.14,,2.27,,4.83,,1.86,,5.04,,1.09,,3.44,,3.75,,1.35,,3.2,,3.64,,0.6,
NY56-X-21,NY56,Sample location delocated to a 10km square (see metadata),350000,560000,355000,565000,4,0,,23.42,,1.05,,4.98,,2.66,,2.2,,2.23,,2.04,,4.45,,1.93,,4.77,,1.24,,3.7,,3.78,,1.54,,2.87,,3.6,,0.7,
NY56-X-21,NY56,Sample location delocated to a 10km square (see metadata),350000,560000,355000,565000,3,0,,22.27,,1.02,,6.96,,2.6,,2.28,,3.6,,1.5,,4.03,,1.89,,4.25,,1.07,,3.75,,3.39,,1.73,,2.5,,2.77,,0.66,
NY56-X-21,NY56,Sample location delocated to a 10km square (see metadata),350000,560000,355000,565000,5,0,,27.52,,1.54,,5.96,,3.4,,1.4,,3.34,,2.09,,4.81,,1.81,,4.53,,1.3,,4.63,,3.49,,1.63,,2.66,,3.34,,0.67,
NY62-X-90,NY62,Sample location delocated to a 10km square (see metadata),360000,520000,365000,525000,1,0,,29.16,,1.36,,6.41,,3.49,,2.16,,3.23,,2.08,,5.24,,2.08,,5.79,,1.17,,5.37,,4.54,,1.91,,3.25,,3.66,,0.73,
NY62-X-90,NY62,Sample location delocated to a 10km square (see metadata),360000,520000,365000,525000,2,0,,32.39,,1.96,,5.37,,4.6,,2.06,,3.2,,2.28,,6.81,,2.61,,5.77,,1.31,,4.56,,4.57,,2.27,,4.34,,4.13,,0.81,
NY63-X-26,NY63,Sample location delocated to a 10km square (see metadata),360000,530000,365000,535000,1,0,,23.22,,0.91,,6.04,,3.26,,1.75,,3.3,,1.56,,4.81,,1.84,,4.86,,1.07,,4.34,,3.46,,2.04,,2.27,,3.02,,0.59,
NY63-X-26,NY63,Sample location delocated to a 10km square (see metadata),360000,530000,365000,535000,4,0,,37.03,,1.13,,8.13,,2.84,,1.86,,3.67,,2.18,,4.55,,2.18,,5.26,,1.24,,5.69,,2.83,,3.45,,3.04,,4.01,,0.7,
NY73-X-32,NY73,Sample location delocated to a 10km square (see metadata),370000,530000,375000,535000,1,0,,77.23,,3.09,,5.49,,4.28,,7.67,,4.38,,4.92,,4.79,,5.53,,4.76,,5.78,,6.71,,7.06,,4.4,,3.79,,4.98,,2.96,
NY73-X-32,NY73,Sample location delocated to a 10km square (see metadata),370000,530000,375000,535000,2,0,,64.04,,2.56,,4.54,,3.92,,4.87,,2.95,,4.04,,3.82,,4.14,,5.04,,2.65,,5.32,,5.06,,3.22,,4.07,,4.41,,2.2,
NY73-X-32,NY73,Sample location delocated to a 10km square (see metadata),370000,530000,375000,535000,3,0,,74.5,,4.21,,10.1,,7.41,,10.57,,8.4,,8.89,,11.01,,7.43,,11.38,,7.39,,16.32,,8.85,,7.84,,8.67,,11.34,,3.51,
NY73-X-32,NY73,Sample location delocated to a 10km square (see metadata),370000,530000,375000,535000,5,0,,72.48,,2.72,,4.43,,4.21,,5.81,,4.67,,5.23,,6.49,,5.33,,8.23,,4.63,,9.59,,4.9,,5.54,,4.76,,6.31,,2.14,
NY73-X-32,NY73,Sample location delocated to a 10km square (see metadata),370000,530000,375000,535000,6,0,,57.68,,1.89,,2.88,,2.15,,3.71,,2.42,,2.5,,2.63,,2.95,,2.65,,1.94,,3.27,,3.56,,3.75,,2.27,,2.53,,1.65,
NY75-X-14,NY75,Sample location delocated to a 10km square (see metadata),370000,550000,375000,555000,1,0,,32.65,,1.72,,10.35,,4.77,,1.97,,5.07,,2.78,,6.04,,2.73,,6.12,,1.69,,6.53,,5.16,,2.93,,2.74,,4.72,,1.03,
NY75-X-14,NY75,Sample location delocated to a 10km square (see metadata),370000,550000,375000,555000,3,0,,32.13,,1.53,,8.53,,4.62,,2.27,,5.04,,2.26,,5.7,,2.61,,5.79,,1.49,,6.22,,4.64,,3.07,,3.59,,4.68,,0.8,
NY75-X-14,NY75,Sample location delocated to a 10km square (see metadata),370000,550000,375000,555000,2,0,,28.01,,1.27,,6.46,,3.67,,2.06,,3.55,,2.11,,5.41,,2.16,,5.79,,1.26,,5.3,,3.96,,2.3,,2.43,,4.33,,0.77,
NY82-X-38,NY82,Sample location delocated to a 10km square (see metadata),380000,520000,385000,525000,1,0,,76.53,,4.99,,14.02,,9.42,,13.37,,11.45,,12.02,,13.64,,11.11,,15.59,,9.72,,19.45,,13.46,,11.78,,8.87,,13.41,,3.98,
NY82-X-38,NY82,Sample location delocated to a 10km square (see metadata),380000,520000,385000,525000,2,0,,85.23,,5.9,,14.27,,11.69,,10.74,,10.27,,9.44,,16.28,,11.27,,16.78,,10.67,,19.41,,14.33,,17.57,,13.81,,16.62,,4.2,
NY82-X-38,NY82,Sample location delocated to a 10km square (see metadata),380000,520000,385000,525000,3,0,,39.59,,0.71,,1.49,,1.24,,1.53,,1.15,,1.47,,1.31,,1.07,,1.81,,0.92,,1.69,,1.73,,1.49,,1.27,,1.63,,0.6,
NY89-X-97,NY89,Sample location delocated to a 10km square (see metadata),380000,590000,385000,595000,1,0,,30.06,,1.79,,7.16,,4.6,,2,,3.93,,3.07,,6.25,,2.74,,6.2,,1.88,,7.15,,5.45,,3.59,,3.91,,4.18,,0.92,
NY89-X-97,NY89,Sample location delocated to a 10km square (see metadata),380000,590000,385000,595000,2,0,,29.19,,1.73,,7.62,,3.62,,2.53,,4.06,,2.5,,5.25,,2.52,,5.93,,1.58,,5.95,,4.88,,2.72,,3.49,,3.89,,0.88,
NY89-X-97,NY89,Sample location delocated to a 10km square (see metadata),380000,590000,385000,595000,3,0,,27.54,,1.04,,5.87,,2.57,,2.34,,3.34,,2.1,,3.55,,1.86,,3.63,,1.11,,3.81,,2.9,,1.98,,2.37,,2.67,,0.6,
NY89-X-97,NY89,Sample location delocated to a 10km square (see metadata),380000,590000,385000,595000,4,1,,29.48,,1.59,,9.89,,4.43,,2.32,,6.39,,2.78,,5.66,,2.89,,5.96,,1.46,,7.13,,3.95,,3.76,,3.42,,4.17,,1.31,
NY90-X-38,NY90,Sample location delocated to a 10km square (see metadata),390000,500000,395000,505000,1,0,,78.53,,2.57,,3.32,,3.55,,4.89,,3.57,,4.57,,4.86,,4,,5.57,,3.83,,5.55,,4.22,,4.6,,3.96,,5.48,,2.23,
NY90-X-38,NY90,Sample location delocated to a 10km square (see metadata),390000,500000,395000,505000,2,0,,73.23,,2.37,,3.21,,2.88,,5.78,,2.64,,2.96,,2.89,,2.84,,2.82,,3.35,,3.61,,3.4,,2.98,,2.61,,3.36,,2.06,
NY90-X-38,NY90,Sample location delocated to a 10km square (see metadata),390000,500000,395000,505000,3,0,,81.37,,5.65,,11.57,,9.91,,11.44,,10.97,,8.8,,15.3,,8.81,,12.7,,5.89,,17.42,,9.71,,10.85,,11.19,,17.75,,4.43,
NY90-X-38,NY90,Sample location delocated to a 10km square (see metadata),390000,500000,395000,505000,4,0,,78.4,,4.16,,8.48,,5.29,,9.93,,7.95,,6.73,,9.14,,7.39,,10.64,,6.96,,12.53,,8.25,,8.32,,6.59,,10.8,,3.28,
NY90-X-38,NY90,Sample location delocated to a 10km square (see metadata),390000,500000,395000,505000,6,0,,76.79,,2.97,,4.06,,3.5,,7.11,,3.99,,3.96,,3.79,,3.89,,4.62,,4.58,,5.19,,5.44,,3.92,,3.69,,5.58,,2.65,
NY90-X-69,NY90,Sample location delocated to a 10km square (see metadata),390000,500000,395000,505000,1,0,,38.56,,2.38,,18.14,,8.08,,3.31,,15.45,,2.82,,7.58,,3.56,,7.76,,2.64,,10.5,,4.33,,8.13,,3.99,,6.32,,1.75,
NY90-X-69,NY90,Sample location delocated to a 10km square (see metadata),390000,500000,395000,505000,2,0,,37.94,,2.16,,10.38,,4.79,,3.54,,7.1,,2.86,,5.95,,3.21,,6.79,,2.14,,7.67,,4.61,,3.64,,4.14,,4.92,,1.64,
NY90-X-69,NY90,Sample location delocated to a 10km square (see metadata),390000,500000,395000,505000,3,0,,44.26,,3.34,,10.41,,7.82,,4.02,,6.21,,4.53,,10.77,,4.33,,9.04,,3.07,,9.17,,7.89,,4.87,,6.64,,8.18,,2.06,
NY90-X-69,NY90,Sample location delocated to a 10km square (see metadata),390000,500000,395000,505000,4,0,,61.92,,3.84,,29.57,,8.92,,2.03,,18.34,,13.22,,11.37,,4.61,,10.45,,5.22,,18.97,,9.2,,13.6,,8.3,,6.9,,2.47,
NY99-X-69,NY99,Sample location delocated to a 10km square (see metadata),390000,590000,395000,595000,1,0,,66.96,,5.14,,14.44,,7.99,,10.62,,14.15,,8.59,,14.42,,10.93,,17,,7.63,,18.9,,8.95,,21.31,,11.63,,17.34,,4.38,
NY99-X-69,NY99,Sample location delocated to a 10km square (see metadata),390000,590000,395000,595000,2,0,,71.66,,4.01,,12.71,,7.97,,10.97,,12.08,,8.79,,13.12,,10.22,,16.23,,8.88,,17.86,,8.19,,9.98,,8.2,,14.57,,3.63,
NY99-X-69,NY99,Sample location delocated to a 10km square (see metadata),390000,590000,395000,595000,3,0,,62.14,,5.1,,14.41,,8.62,,9.08,,10.57,,9.16,,15.22,,8.52,,12.94,,8.74,,18.38,,7.15,,12.22,,9.14,,14.62,,4.12,
NY99-X-69,NY99,Sample location delocated to a 10km square (see metadata),390000,590000,395000,595000,4,0,,67.33,,3.63,,12.85,,6.84,,7.25,,10.42,,9.01,,12.7,,9.11,,13.83,,7.12,,16.94,,7.59,,11.44,,6.72,,10.9,,3.07,
NY99-X-69,NY99,Sample location delocated to a 10km square (see metadata),390000,590000,395000,595000,5,0,,66.44,,4.26,,14.28,,9.5,,8.39,,11.44,,9.77,,15.36,,9.5,,14.28,,9.07,,17.99,,8.83,,12.54,,10.44,,16.25,,3.03,
NZ03-X-23,NZ03,Sample location delocated to a 10km square (see metadata),400000,530000,405000,535000,1,0,,61.93,,3.27,,10.07,,6.51,,7.07,,7.11,,8.59,,9.72,,7.65,,11.4,,6.08,,14.15,,7.72,,10.2,,7.22,,10.57,,2.44,
NZ03-X-23,NZ03,Sample location delocated to a 10km square (see metadata),400000,530000,405000,535000,2,0,,41.61,,1.81,,11.13,,3.92,,3.8,,7.08,,3.83,,6.23,,4.32,,7.18,,3.17,,9.96,,4.61,,7.78,,4.03,,6.63,,1.29,
NZ03-X-23,NZ03,Sample location delocated to a 10km square (see metadata),400000,530000,405000,535000,4,0,,61.4,,2.34,,4.23,,3.63,,5.18,,3.42,,4.8,,4.4,,4.04,,4.8,,3.17,,5.66,,4.31,,6.5,,4.07,,5.6,,2.07,
NZ03-X-23,NZ03,Sample location delocated to a 10km square (see metadata),400000,530000,405000,535000,5,0,,34.39,,1.3,,6.58,,3.25,,2.08,,4.7,,2.33,,4.51,,2.39,,5.1,,1.31,,7.08,,4.04,,2.99,,2.75,,3.02,,0.78,
NZ05-X-58,NZ05,Sample location delocated to a 10km square (see metadata),400000,550000,405000,555000,1,0,,32.19,,2.87,,8.7,,5.74,,3.65,,6.17,,3.37,,8.81,,4.14,,8.99,,2.33,,7.88,,6.42,,3.05,,5.81,,5.23,,1.76,
NZ05-X-58,NZ05,Sample location delocated to a 10km square (see metadata),400000,550000,405000,555000,2,0,,25.87,,1.95,,5.95,,3.69,,1.65,,3.3,,2.51,,4.86,,1.91,,4.94,,1.5,,3.87,,3.22,,1.88,,3.76,,3.85,,0.89,
NZ05-X-58,NZ05,Sample location delocated to a 10km square (see metadata),400000,550000,405000,555000,4,0,,30.32,,2.13,,8.86,,3.8,,1.2,,4.47,,3.14,,5.23,,2.17,,4.88,,2.08,,5.54,,3.74,,2.74,,4.46,,3.54,,1.14,
NZ15-X-39,NZ15,Sample location delocated to a 10km square (see metadata),410000,550000,415000,555000,2,0,,22.34,,1.23,,7.05,,3.05,,1.48,,5.07,,1.62,,3.74,,1.69,,4.09,,0.91,,4.01,,3.37,,2.32,,1.87,,2.98,,0.62,
NZ17-X-89,NZ17,Sample location delocated to a 10km square (see metadata),410000,570000,415000,575000,1,0,,23.1,,0.65,,4.15,,1.47,,0.92,,1.89,,0.96,,1.77,,1.03,,2.43,,0.71,,2.84,,1.97,,1.58,,1.3,,1.98,,0.48,
NZ17-X-89,NZ17,Sample location delocated to a 10km square (see metadata),410000,570000,415000,575000,2,0,,22.77,,0.92,,3.19,,2.1,,1.45,,2.01,,1.47,,2.84,,1.55,,3.42,,0.79,,3.55,,2.64,,1.62,,1.82,,2.92,,0.68,
NZ17-X-89,NZ17,Sample location delocated to a 10km square (see metadata),410000,570000,415000,575000,4,3,,22.65,,0.82,,6.31,,1.67,,0.63,,4.75,,1.86,,2.67,,0.92,,2.86,,0.69,,4.41,,1.54,,1.46,,1.08,,1.39,,0.39,
NZ42-X-86,NZ42,Sample location delocated to a 10km square (see metadata),440000,520000,445000,525000,2,0,,16.29,,1.54,,7.17,,2.71,,1.51,,5.61,,1.6,,3.32,,2.19,,3.57,,1.51,,3.69,,2.3,,1.68,,2,,2.82,,1.31,
NZ42-X-86,NZ42,Sample location delocated to a 10km square (see metadata),440000,520000,445000,525000,3,0,,17,,1.21,,6.53,,2.3,,0.97,,4.04,,1.3,,2.46,,1.03,,2.47,,0.83,,2.42,,1.33,,1.42,,2.13,,2.27,,0.7,
NZ42-X-86,NZ42,Sample location delocated to a 10km square (see metadata),440000,520000,445000,525000,4,0,,17.63,,1.04,,9.51,,2.61,,0.6,,7.43,,3.57,,3.27,,1.24,,3.63,,1.08,,6.04,,1.82,,5.33,,1.31,,2.3,,0.52,
NZ51-X-74,NZ51,Sample location delocated to a 10km square (see metadata),450000,510000,455000,515000,2,1,,20.02,,0.87,,7,,1.74,,0.45,,3.93,,1.57,,2.63,,0.94,,2.66,,0.69,,3.4,,1.58,,1.37,,1.66,,1.81,,0.33,
NZ51-X-74,NZ51,Sample location delocated to a 10km square (see metadata),450000,510000,455000,515000,4,0,,21.96,,0.78,,6.95,,1.46,,0.61,,3.92,,1.64,,2.27,,0.91,,2.61,,0.6,,2.75,,1.38,,1.58,,1.56,,1.48,,0.32,
NZ80-X-17,NZ80,Sample location delocated to a 10km square (see metadata),480000,500000,485000,505000,1,0,,28.79,,1.37,,5.81,,3.75,,1.77,,3.22,,2.12,,4.53,,2.08,,4.28,,1.55,,4.14,,3.2,,2.32,,2.61,,4,,0.85,
NZ80-X-17,NZ80,Sample location delocated to a 10km square (see metadata),480000,500000,485000,505000,2,0,,27.33,,1.29,,4.57,,3.16,,2.51,,3.54,,2.12,,4.5,,2.62,,4.64,,1.36,,3.81,,3.15,,2.29,,3.14,,3.82,,0.93,
NZ80-X-17,NZ80,Sample location delocated to a 10km square (see metadata),480000,500000,485000,505000,3,0,,28.39,,1.12,,3.48,,2.47,,2.06,,2.43,,1.85,,3.48,,1.65,,3.62,,1.05,,3.57,,2.34,,1.79,,2.36,,3.33,,0.68,
NZ80-X-17,NZ80,Sample location delocated to a 10km square (see metadata),480000,500000,485000,505000,4,0,,32.41,,1.87,,7.3,,4.25,,3.41,,3.87,,2.95,,6.06,,3.04,,7.14,,1.99,,6.6,,4.48,,3.18,,3.8,,5.76,,1.09,
NZ90-X-49,NZ90,Sample location delocated to a 10km square (see metadata),490000,500000,495000,505000,1,0,,43.67,,4.19,,6.35,,7.96,,5.03,,4.92,,4.85,,11.09,,5.5,,10.57,,3.38,,8.08,,8.42,,3.51,,7.61,,8.09,,2.02,
NZ90-X-49,NZ90,Sample location delocated to a 10km square (see metadata),490000,500000,495000,505000,3,0,,32.53,,2.29,,4.81,,4.49,,2.35,,2.93,,3.05,,7.31,,3.56,,7.05,,1.64,,5.58,,5.87,,1.89,,3.64,,5.12,,1.05,
NZ90-X-49,NZ90,Sample location delocated to a 10km square (see metadata),490000,500000,495000,505000,4,0,,27.72,,1.64,,2.17,,1.69,,1.19,,1.43,,2.22,,2.5,,1.42,,2.76,,1.05,,1.7,,2.1,,1.16,,1.28,,2.41,,0.7,
NZ90-X-49,NZ90,Sample location delocated to a 10km square (see metadata),490000,500000,495000,505000,5,0,,46.61,,1.69,,4.35,,2.83,,3.28,,3.19,,3.71,,3.84,,3.18,,5.05,,2.5,,6.46,,3.06,,3.43,,2.98,,4.54,,1.17,
NZ90-X-49,NZ90,Sample location delocated to a 10km square (see metadata),490000,500000,495000,505000,6,0,,41.66,,3.38,,7.67,,7.01,,5.41,,4.3,,5.02,,13.93,,5.6,,12.76,,3.16,,8.02,,10.36,,3.51,,7.26,,8.93,,1.71,
SD19-X-64,SD19,Sample location delocated to a 10km square (see metadata),310000,490000,315000,495000,2,0,,74.38,,5.62,,19.12,,12.63,,11.84,,15.33,,10.37,,16.27,,10.15,,21.13,,6.54,,36.54,,19.37,,15.11,,15.4,,14.89,,4.11,
SD19-X-64,SD19,Sample location delocated to a 10km square (see metadata),310000,490000,315000,495000,4,0,,32.4,,1.56,,9.07,,4.34,,2.78,,4.63,,2.76,,4.94,,2.75,,5.5,,2.13,,5.83,,4.61,,3.54,,3.13,,4.65,,0.96,
SD19-X-64,SD19,Sample location delocated to a 10km square (see metadata),310000,490000,315000,495000,6,0,,80.49,,6.49,,12.96,,12.01,,10.48,,11.04,,11.1,,14.92,,11.07,,13.36,,6.32,,19.75,,14.68,,12.55,,11.47,,16.16,,6.18,
SD30-X-51,SD30,Sample location delocated to a 10km square (see metadata),330000,400000,335000,405000,1,0,,18.52,,0.64,,3.57,,1.15,,0.79,,1.67,,1.25,,2.04,,0.74,,2.3,,0.48,,1.94,,1.6,,0.65,,0.96,,1.65,,0.3,
SD30-X-51,SD30,Sample location delocated to a 10km square (see metadata),330000,400000,335000,405000,2,0,,29.07,,1.16,,4.88,,2.4,,1.37,,2.35,,1.8,,4.27,,1.46,,4.03,,0.84,,3.03,,2.66,,1.01,,1.6,,3.33,,0.47,
SD30-X-51,SD30,Sample location delocated to a 10km square (see metadata),330000,400000,335000,405000,3,0,,16.3,,0.92,,5.5,,1.81,,0.73,,3.32,,1.55,,3.25,,1.35,,3.74,,0.69,,3.82,,2.39,,1.13,,1.56,,2.15,,0.35,
SD30-X-51,SD30,Sample location delocated to a 10km square (see metadata),330000,400000,335000,405000,4,0,,22.47,,1.06,,4.49,,2.9,,1.52,,2.56,,1.65,,4.13,,1.74,,3.93,,0.97,,3.24,,2.78,,1.91,,2.14,,2.89,,0.5,
SD49-X-92,SD49,Sample location delocated to a 10km square (see metadata),340000,490000,345000,495000,1,0,,31.85,,1.13,,7.69,,2.97,,2.04,,4.6,,1.89,,4.15,,1.99,,4.91,,1.33,,5.18,,3.36,,2.3,,2.73,,3.29,,0.64,
SD49-X-92,SD49,Sample location delocated to a 10km square (see metadata),340000,490000,345000,495000,2,0,,31.35,,1.08,,7.44,,2.81,,2.16,,4.55,,1.81,,4.24,,2.29,,3.36,,1.15,,4.46,,2.87,,2.32,,2.31,,3.89,,0.84,
SD49-X-92,SD49,Sample location delocated to a 10km square (see metadata),340000,490000,345000,495000,3,0,,32.8,,1.31,,6.55,,3.28,,2.06,,3.86,,1.9,,4.43,,2.32,,5.45,,1.43,,6.16,,3.87,,2.51,,2.68,,4.36,,0.93,
SD49-X-92,SD49,Sample location delocated to a 10km square (see metadata),340000,490000,345000,495000,4,0,,33.16,,1.02,,9.42,,3.63,,2.21,,5.8,,2.23,,4.89,,2.15,,4.74,,1.34,,5.79,,3.13,,3.16,,2.59,,4.1,,0.7,
SD49-X-92,SD49,Sample location delocated to a 10km square (see metadata),340000,490000,345000,495000,5,0,,32.12,,0.96,,5.42,,2.5,,2.13,,2.69,,1.65,,3.53,,1.78,,3.85,,1.11,,3.95,,3.09,,1.73,,1.78,,2.72,,0.69,
SD54-X-87,SD54,Sample location delocated to a 10km square (see metadata),350000,440000,355000,445000,1,0,,42.14,,2.64,,6.83,,6.72,,4.56,,4.39,,4.13,,10,,4.75,,10.93,,2.62,,9.06,,8.66,,4.09,,5.36,,6.36,,1.61,
SD54-X-87,SD54,Sample location delocated to a 10km square (see metadata),350000,440000,355000,445000,2,0,,35.71,,1.39,,5.19,,3.87,,3.25,,3.64,,2.89,,5.8,,2.76,,6.37,,1.55,,6.72,,4.45,,3.01,,3.62,,4.31,,0.69,
SD54-X-87,SD54,Sample location delocated to a 10km square (see metadata),350000,440000,355000,445000,3,0,,40.65,,2.27,,6.14,,5.65,,4.63,,4.49,,3.61,,8.78,,3.34,,8.49,,2.18,,8.07,,7.07,,3.9,,7.33,,6.1,,1.06,
SD54-X-87,SD54,Sample location delocated to a 10km square (see metadata),350000,440000,355000,445000,4,0,,35.55,,2.07,,12.91,,3.52,,0.47,,8.14,,5.72,,6.24,,1.87,,6.84,,1.94,,12.16,,3.36,,5.89,,3.01,,4.22,,0.86,
SD58-X-17,SD58,Sample location delocated to a 10km square (see metadata),350000,480000,355000,485000,1,0,,42.38,,2.53,,8.9,,6.85,,5.17,,5.35,,3.87,,11.78,,4.89,,11.38,,2.68,,8.88,,9.43,,4.07,,5.67,,7.33,,1.58,
SD58-X-17,SD58,Sample location delocated to a 10km square (see metadata),350000,480000,355000,485000,2,0,,41.88,,1.26,,6.96,,3.25,,3.6,,3.57,,3,,5.37,,2.84,,5.82,,1.85,,5.52,,3.78,,3,,2.99,,4.04,,0.89,
SD58-X-17,SD58,Sample location delocated to a 10km square (see metadata),350000,480000,355000,485000,3,0,,55.44,,3.88,,14.15,,8.98,,7.37,,8.07,,6.14,,13.07,,6.45,,14.2,,3.79,,14.25,,12.25,,7.03,,8.51,,9.67,,2.39,
SD58-X-17,SD58,Sample location delocated to a 10km square (see metadata),350000,480000,355000,485000,4,0,,36.64,,1.08,,8.08,,2.27,,2.85,,4.28,,2,,4.61,,2.4,,5.61,,1.15,,5.3,,3.48,,2.45,,2.74,,3.62,,0.85,
SD62-X-00,SD62,Sample location delocated to a 10km square (see metadata),360000,420000,365000,425000,1,0,,27.93,,0.93,,3.41,,2.41,,2.36,,2.22,,1.84,,4.25,,2.19,,4.3,,1.02,,3.54,,3.21,,1.66,,1.79,,2.96,,0.58,
SD62-X-00,SD62,Sample location delocated to a 10km square (see metadata),360000,420000,365000,425000,2,0,,35.67,,0.98,,2.84,,2.61,,1.78,,1.99,,2.28,,3.36,,1.95,,3.9,,1,,4.6,,2.7,,2.22,,2.29,,3.15,,0.63,
SD62-X-00,SD62,Sample location delocated to a 10km square (see metadata),360000,420000,365000,425000,5,0,,39.13,,1.73,,5.25,,5.1,,2.73,,3.45,,2.9,,4.93,,2.57,,5.68,,1.55,,8.34,,5.64,,3.48,,3.37,,3.78,,0.95,
SD62-X-06,SD62,Sample location delocated to a 10km square (see metadata),360000,420000,365000,425000,1,0,,50.09,,3.54,,10.41,,7.7,,6.33,,6.1,,4.77,,10.7,,6.06,,11.44,,3.86,,8.74,,9.88,,4.84,,6.33,,8.04,,3.42,
SD66-X-45,SD66,Sample location delocated to a 10km square (see metadata),360000,460000,365000,465000,1,0,,35.65,,1.73,,6.13,,4.3,,3.41,,3.82,,2.77,,5.85,,2.63,,5.79,,1.71,,6.23,,4.39,,3.54,,4.06,,5,,0.88,
SD66-X-45,SD66,Sample location delocated to a 10km square (see metadata),360000,460000,365000,465000,2,0,,32.71,,1.43,,5.58,,3.48,,2.53,,3.73,,2.21,,4.46,,2.44,,5.58,,1.37,,5.78,,4.59,,3.07,,2.84,,4.42,,0.81,
SD66-X-45,SD66,Sample location delocated to a 10km square (see metadata),360000,460000,365000,465000,3,0,,36.5,,1.88,,7.31,,5.79,,4.66,,5.25,,3.01,,7.17,,4.05,,7.97,,1.95,,7.14,,6.19,,4.24,,5.07,,5.93,,1.11,
SD66-X-45,SD66,Sample location delocated to a 10km square (see metadata),360000,460000,365000,465000,4,0,,78.97,,8.66,,14.4,,17.83,,15.52,,15.73,,13.09,,24.22,,11.8,,23.15,,11.58,,30.9,,19.98,,17.91,,14.91,,21.89,,5.69,
SD69-X-74,SD69,Sample location delocated to a 10km square (see metadata),360000,490000,365000,495000,1,0,,37.55,,1.63,,11.23,,5.07,,4.73,,6.45,,3.1,,7.63,,3.73,,8.9,,2.16,,9.06,,5.21,,4.68,,5.09,,5.92,,0.87,
SD69-X-74,SD69,Sample location delocated to a 10km square (see metadata),360000,490000,365000,495000,2,0,,42.02,,1.52,,6.26,,4.57,,3.74,,3.77,,3.27,,6.92,,2.97,,7.61,,2.12,,8.07,,5,,4.72,,5.78,,6.61,,0.94,
SD72-X-32,SD72,Sample location delocated to a 10km square (see metadata),370000,420000,375000,425000,4,0,,44.36,,1.87,,3.61,,3.09,,2.91,,2.57,,3.19,,3.62,,2.34,,4.26,,1.77,,3.6,,2.89,,3.16,,2.7,,3.67,,1.44,
SD72-X-32,SD72,Sample location delocated to a 10km square (see metadata),370000,420000,375000,425000,6,0,,36.7,,2.01,,7.13,,4.23,,3.57,,4.32,,2.93,,5.75,,3.41,,6.57,,2.11,,5.87,,4.96,,2.96,,3.33,,4.68,,1.63,
SD72-X-35,SD72,Sample location delocated to a 10km square (see metadata),370000,420000,375000,425000,3,0,,40.71,,1.57,,6.59,,4.52,,2.95,,4.13,,3.34,,6.41,,2.9,,7.33,,1.74,,8.13,,5.95,,3.83,,3.32,,5.7,,1.09,
SD73-X-55,SD73,Sample location delocated to a 10km square (see metadata),370000,430000,375000,435000,4,0,,33.2,,1.03,,4.75,,3.41,,2.14,,2.91,,2.17,,4.19,,1.96,,4.57,,1.15,,4.99,,3.9,,3.06,,2.88,,3.78,,0.64,
SD74-X-35,SD74,Sample location delocated to a 10km square (see metadata),370000,440000,375000,445000,2,0,,42.18,,2.06,,13.07,,6.93,,4.81,,8.72,,4.17,,10.18,,3.66,,9.3,,2,,8.12,,6.3,,4.4,,5.96,,7.39,,1.01,
SD77-X-31,SD77,Sample location delocated to a 10km square (see metadata),370000,470000,375000,475000,1,0,,71.27,,4.5,,7.39,,7.48,,7.72,,6.16,,7.12,,7.98,,6.4,,8.28,,4.66,,10.52,,11.89,,8.25,,8.45,,11.09,,3.36,
SD77-X-31,SD77,Sample location delocated to a 10km square (see metadata),370000,470000,375000,475000,3,0,,68.06,,3.06,,8.02,,6.49,,6.62,,5.49,,4.31,,7.52,,4.18,,10.1,,4.11,,8.57,,11.8,,7.05,,5.2,,7.29,,2.47,
SD77-X-31,SD77,Sample location delocated to a 10km square (see metadata),370000,470000,375000,475000,4,0,,52.09,,1.8,,4.97,,4.38,,3.41,,3.9,,4.06,,6.05,,3.64,,6.64,,1.87,,7.6,,5.13,,4.11,,4.59,,5.01,,1.19,
SD96-X-45,SD96,Sample location delocated to a 10km square (see metadata),390000,460000,395000,465000,1,1,,50.24,,4.29,,12.37,,8.53,,2.54,,7.19,,5.1,,11.42,,4.16,,10.95,,3.11,,14.27,,9.03,,5.37,,6.37,,8.65,,1.73,
SD96-X-45,SD96,Sample location delocated to a 10km square (see metadata),390000,460000,395000,465000,3,0,,32.44,,1.4,,3.28,,2.2,,1.46,,2.61,,2.71,,3.2,,2.22,,3.96,,1.38,,4.16,,3.66,,1.82,,3.38,,2.67,,0.75,
SD96-X-45,SD96,Sample location delocated to a 10km square (see metadata),390000,460000,395000,465000,4,0,,38.12,,2.88,,16.05,,8.9,,3.93,,10.79,,4.22,,10.68,,5.11,,10.02,,3.31,,12.49,,8.49,,7.21,,5.93,,8.84,,1.82,
SE09-X-40,SE09,Sample location delocated to a 10km square (see metadata),400000,490000,405000,495000,1,0,,36.46,,2.25,,6.43,,5.08,,3.47,,4.49,,3.23,,6.95,,2.89,,6.51,,2.05,,5.89,,4.2,,2.8,,4.51,,5.56,,1.29,
SE09-X-40,SE09,Sample location delocated to a 10km square (see metadata),400000,490000,405000,495000,3,1,,39.69,,2.71,,14.62,,5.43,,3.11,,10.86,,5.18,,7.13,,3.5,,8.27,,3.27,,11.7,,5.74,,5.5,,4.57,,5.32,,1.72,
SE09-X-40,SE09,Sample location delocated to a 10km square (see metadata),400000,490000,405000,495000,4,0,,41.37,,2.68,,7.87,,5.22,,1.86,,5.67,,3.79,,6.97,,3.12,,7.43,,2.33,,7.86,,4.92,,3.06,,6.06,,6.34,,1.22,
SE09-X-40,SE09,Sample location delocated to a 10km square (see metadata),400000,490000,405000,495000,5,0,,38.03,,2.15,,9.42,,4.86,,3.96,,6.92,,2.92,,5.19,,3.07,,6.25,,1.91,,5.93,,3.99,,4.6,,4.2,,5.32,,1.55,
SE15-X-46,SE15,Sample location delocated to a 10km square (see metadata),410000,450000,415000,455000,2,0,,40.76,,2.07,,4.98,,4.44,,4.58,,3.38,,3.37,,7.1,,3.9,,7.24,,2.01,,6.01,,6.48,,2.83,,4.58,,6.01,,1.12,
SE15-X-46,SE15,Sample location delocated to a 10km square (see metadata),410000,450000,415000,455000,3,0,,76.22,,4.56,,10.03,,7.04,,9.64,,6.08,,6.68,,7.76,,6.65,,7.01,,6.53,,10.16,,10.69,,6.46,,7.59,,10.29,,4.21,
SE15-X-46,SE15,Sample location delocated to a 10km square (see metadata),410000,450000,415000,455000,4,0,,38.6,,1.97,,4.97,,3.41,,3.65,,2.98,,2.8,,4.77,,2.55,,5.13,,1.7,,4.67,,4.39,,2.12,,3.21,,4.48,,1.09,
SE27-X-41,SE27,Sample location delocated to a 10km square (see metadata),420000,470000,425000,475000,5,0,,43.52,,2.45,,5.58,,5.13,,4.36,,3.5,,3.67,,6.6,,3.89,,6.38,,2.15,,5.46,,5.46,,3.48,,4.93,,5.17,,1.42,
SE40-X-23,SE40,Sample location delocated to a 10km square (see metadata),440000,400000,445000,405000,1,0,,17.7,,0.55,,3.53,,1.03,,0.81,,1.26,,0.84,,1.69,,0.72,,1.94,,0.5,,1.42,,1.24,,0.82,,0.99,,1.45,,0.29,
SE40-X-23,SE40,Sample location delocated to a 10km square (see metadata),440000,400000,445000,405000,2,0,,17.78,,0.62,,5.35,,1.48,,1.04,,2.27,,1.24,,2.11,,0.83,,2.14,,0.61,,2.12,,1.74,,1.47,,1.38,,1.74,,0.28,
SE40-X-23,SE40,Sample location delocated to a 10km square (see metadata),440000,400000,445000,405000,5,0,,17.7,,0.65,,6.73,,1.52,,1.2,,3.61,,0.96,,2.07,,0.92,,2.18,,0.54,,2.59,,1.48,,1.86,,1.04,,1.99,,0.35,
SE44-X-57,SE44,Sample location delocated to a 10km square (see metadata),440000,440000,445000,445000,1,0,,25.8,,1.59,,12.12,,4.43,,1.65,,9.3,,2.48,,4.54,,1.97,,5.5,,1.3,,7.09,,3.5,,2.8,,2.47,,3.67,,0.6,
SE44-X-57,SE44,Sample location delocated to a 10km square (see metadata),440000,440000,445000,445000,4,0,,13.43,,0.55,,7.03,,1.8,,1.04,,4.2,,0.71,,1.71,,0.89,,2.28,,0.41,,3.15,,1.45,,1.6,,1.08,,1.26,,0.28,
SE44-X-57,SE44,Sample location delocated to a 10km square (see metadata),440000,440000,445000,445000,5,1,,15.26,,0.52,,7.43,,1.57,,0.36,,6.48,,2.52,,2.25,,0.83,,2.53,,0.79,,6.08,,1.09,,3.52,,0.59,,1.3,,0.39,
SE46-X-14,SE46,Sample location delocated to a 10km square (see metadata),440000,460000,445000,465000,2,1,,19.06,,0.59,,8.14,,1.63,,0.2,,5.31,,3.04,,2.54,,0.57,,2.72,,0.77,,6,,1.17,,3.91,,1.48,,1.16,,0.32,
SE46-X-14,SE46,Sample location delocated to a 10km square (see metadata),440000,460000,445000,465000,3,0,,16.57,,0.43,,3.65,,0.71,,0.64,,1.47,,0.91,,1.17,,0.53,,1.16,,0.4,,1.46,,0.85,,0.78,,0.82,,0.87,,0.25,
SE50-X-87,SE50,Sample location delocated to a 10km square (see metadata),450000,400000,455000,405000,2,0,,10.29,,0.36,,4.57,,0.42,,0.15,,3.63,,1.52,,0.58,,0.31,,0.36,,0.39,,3.71,,0.33,,2.17,,0.43,,0.3,,0.23,
SE50-X-87,SE50,Sample location delocated to a 10km square (see metadata),450000,400000,455000,405000,4,2,,33.7,,1.91,,9.18,,3.04,,1.37,,6.7,,4.11,,4.33,,1.84,,4.24,,1.63,,8.16,,2.84,,5.33,,2.26,,3.49,,0.75,
SE50-X-87,SE50,Sample location delocated to a 10km square (see metadata),450000,400000,455000,405000,5,1,,34.94,,1.79,,11.6,,3.13,,0.79,,6.93,,4.83,,4.08,,1.62,,4.47,,1.49,,9.4,,3.27,,7.55,,2.61,,4.19,,0.72,
SE60-X-43,SE60,Sample location delocated to a 10km square (see metadata),460000,400000,465000,405000,1,0,,22.03,,0.97,,4.2,,1.96,,0.78,,1.96,,1.89,,3.11,,1.06,,3,,0.75,,2.6,,1.88,,0.82,,1.78,,2.5,,0.41,
SE60-X-43,SE60,Sample location delocated to a 10km square (see metadata),460000,400000,465000,405000,4,0,,17.8,,1.34,,6.39,,2.08,,1.92,,4.12,,1.82,,3.04,,1.59,,3.45,,0.79,,3.12,,2.07,,2.06,,2.08,,2.4,,0.47,
SE78-X-35,SE78,Sample location delocated to a 10km square (see metadata),470000,480000,475000,485000,1,0,,16.93,,0.62,,2.92,,1.55,,0.85,,1.47,,1.01,,2.34,,0.9,,2.37,,0.56,,1.91,,1.72,,1.23,,1.03,,2.21,,0.5,
SE86-X-22,SE86,Sample location delocated to a 10km square (see metadata),480000,460000,485000,465000,1,3,,41.32,,2.45,,10.39,,8.41,,2.82,,10.1,,2.92,,9.49,,3.93,,11.75,,3.35,,11.62,,6.45,,2.29,,3.19,,9.26,,1.13,
SE86-X-22,SE86,Sample location delocated to a 10km square (see metadata),480000,460000,485000,465000,2,3,,39.42,,2.21,,9.3,,7.96,,2.32,,8.34,,2.74,,10.17,,3.55,,9.92,,2.65,,10.91,,5.8,,1.74,,2.74,,8.45,,1.05,
SE91-X-53,SE91,Sample location delocated to a 10km square (see metadata),490000,410000,495000,415000,1,1,,29.63,,0.77,,10.14,,1.91,,0.28,,8.78,,5.78,,2.82,,0.74,,2.64,,0.88,,8.43,,1.47,,7.34,,1.76,,1.36,,0.41,
SE91-X-53,SE91,Sample location delocated to a 10km square (see metadata),490000,410000,495000,415000,2,1,,28.78,,0.93,,6.7,,2.46,,0.64,,4.49,,2.25,,3.7,,1.03,,3.17,,0.85,,3.19,,1.89,,1.5,,2.89,,2.77,,0.43,
SE91-X-53,SE91,Sample location delocated to a 10km square (see metadata),490000,410000,495000,415000,3,1,,26.09,,0.87,,11.23,,2.5,,0.43,,9.36,,5.85,,3.47,,1.08,,4.08,,0.99,,8.35,,1.83,,7.45,,2.13,,2.24,,0.46,
SE91-X-53,SE91,Sample location delocated to a 10km square (see metadata),490000,410000,495000,415000,4,1,,22.74,,0.73,,9.05,,1.83,,0.39,,7.47,,3.42,,2.64,,0.82,,2.4,,0.68,,4.94,,1.31,,4.25,,1.17,,1.61,,0.46,
SE91-X-53,SE91,Sample location delocated to a 10km square (see metadata),490000,410000,495000,415000,5,1,,27.7,,0.74,,6.59,,2.16,,0.39,,5.16,,2.72,,2.69,,0.67,,2.57,,0.7,,4.55,,1.36,,2.77,,1.74,,1.8,,0.38,
SE92-X-03,SE92,Sample location delocated to a 10km square (see metadata),490000,420000,495000,425000,2,4,,29.13,,1.4,,4.49,,3.47,,1.14,,3.82,,1.35,,4.34,,1.87,,4.76,,1.72,,4.85,,2.53,,1.05,,1.53,,3.91,,0.71,
SE92-X-03,SE92,Sample location delocated to a 10km square (see metadata),490000,420000,495000,425000,4,4,,35.78,,1.55,,5.62,,5.78,,1.74,,6.12,,1.88,,6.95,,2.69,,8.18,,2.31,,9.36,,4.01,,1.26,,2.33,,6.97,,0.81,
SE93-X-07,SE93,Sample location delocated to a 10km square (see metadata),490000,430000,495000,435000,2,2,,34.77,,1.33,,15.73,,4.4,,1.1,,11.08,,3.42,,5.11,,1.96,,6.65,,1.64,,8.88,,3.1,,3.72,,1.47,,4.91,,0.73,
SE93-X-07,SE93,Sample location delocated to a 10km square (see metadata),490000,430000,495000,435000,3,3,,36.8,,1.25,,11.08,,4.39,,0.81,,8.67,,2.77,,5.09,,1.86,,5.36,,1.68,,8.5,,2.64,,4.1,,1.4,,4.85,,0.73,
SE93-X-07,SE93,Sample location delocated to a 10km square (see metadata),490000,430000,495000,435000,5,4,,21.67,,0.76,,3.83,,2.34,,0.6,,3.47,,0.75,,3.09,,0.99,,4.09,,0.77,,4.44,,1.57,,0.83,,0.63,,2.06,,0.43,
SE95-X-24,SE95,Sample location delocated to a 10km square (see metadata),490000,450000,495000,455000,2,4,,20.81,,0.61,,4.47,,2.05,,0.5,,3.05,,0.66,,2.73,,0.77,,2.93,,0.8,,4.6,,1.09,,0.84,,0.53,,1.88,,0.4,
SE95-X-24,SE95,Sample location delocated to a 10km square (see metadata),490000,450000,495000,455000,4,4,,21.68,,0.56,,3.89,,1.94,,0.38,,2.82,,0.66,,2.43,,0.79,,2.43,,0.72,,4.03,,1.08,,0.88,,0.5,,1.51,,0.41,
SE99-X-31,SE99,Sample location delocated to a 10km square (see metadata),490000,490000,495000,495000,2,0,,22.78,,0.94,,2.57,,1.76,,1.5,,1.84,,1.44,,3.07,,1.31,,3.37,,0.67,,2.49,,2.31,,0.82,,2,,2.64,,0.36,
SE99-X-31,SE99,Sample location delocated to a 10km square (see metadata),490000,490000,495000,495000,3,0,,26.54,,1.42,,8.08,,3.89,,3.04,,4.94,,2.27,,5.51,,2.75,,5.61,,1.48,,5.49,,3.63,,2.73,,3.13,,5.1,,0.78,
SE99-X-81,SE99,Sample location delocated to a 10km square (see metadata),490000,490000,495000,495000,1,0,,22.99,,1,,4.51,,2.26,,1.55,,2.55,,1.96,,3.37,,1.47,,3.54,,0.8,,3.2,,2.32,,1.21,,2.22,,2.51,,0.54,
SE99-X-81,SE99,Sample location delocated to a 10km square (see metadata),490000,490000,495000,495000,2,0,,31.74,,2.11,,3.59,,3.78,,2.11,,2.69,,2.99,,5.56,,2.37,,5.75,,1.6,,4.93,,4.5,,1.55,,3.23,,4.21,,0.86,
SE99-X-81,SE99,Sample location delocated to a 10km square (see metadata),490000,490000,495000,495000,3,0,,23.6,,1.64,,5.18,,3.33,,1.46,,3.27,,2.43,,5.18,,1.79,,5.3,,1.01,,5.09,,3.56,,1.48,,3.43,,3.12,,0.57,
SE99-X-81,SE99,Sample location delocated to a 10km square (see metadata),490000,490000,495000,495000,4,0,,31.11,,2.81,,5.34,,5.48,,2.76,,3.69,,3.16,,8.26,,3.25,,7.73,,1.85,,6.17,,5.79,,2.03,,4.66,,5.53,,1.02,
SJ30-X-84,SJ30,Sample location delocated to a 10km square (see metadata),330000,300000,335000,305000,1,1,,31.65,,2.1,,5.33,,4.32,,1.7,,3.09,,2.61,,6.19,,2.31,,6.05,,1.2,,4.51,,3.96,,1.78,,3.4,,5.13,,0.86,
SJ33-X-92,SJ33,Sample location delocated to a 10km square (see metadata),330000,330000,335000,335000,1,1,,29.15,,1.89,,7.7,,4.75,,2.72,,4.71,,2.45,,5.87,,2.53,,5.39,,1.52,,5.16,,3.81,,2.47,,3.45,,4.97,,0.88,
SJ33-X-92,SJ33,Sample location delocated to a 10km square (see metadata),330000,330000,335000,335000,2,0,,21.26,,1.69,,7.36,,3.45,,2.77,,4.68,,1.96,,4.93,,2.41,,5.28,,1.48,,4.7,,4.04,,1.88,,2.99,,3.71,,0.69,
SJ33-X-92,SJ33,Sample location delocated to a 10km square (see metadata),330000,330000,335000,335000,3,0,,26.09,,1.95,,8.82,,4.65,,3.2,,5.42,,2.4,,6.02,,3.18,,5.78,,1.79,,5.6,,4.4,,2.76,,3.15,,5.03,,0.98,
SJ33-X-92,SJ33,Sample location delocated to a 10km square (see metadata),330000,330000,335000,335000,4,0,,19.08,,0.42,,1.15,,0.77,,0.49,,0.71,,0.83,,1.25,,0.57,,1.15,,0.47,,0.99,,0.85,,0.71,,0.72,,1.04,,0.33,
SJ33-X-92,SJ33,Sample location delocated to a 10km square (see metadata),330000,330000,335000,335000,5,0,,34.08,,1.66,,9.47,,5.11,,2.28,,6.62,,2.46,,6.17,,2.32,,5.66,,1.69,,6.29,,4.01,,3.61,,3.18,,5.36,,0.89,
SJ33-X-92,SJ33,Sample location delocated to a 10km square (see metadata),330000,330000,335000,335000,6,0,,29.93,,1.58,,6.85,,3.13,,2.9,,4.64,,2.18,,4,,2.42,,4.33,,1.64,,4.32,,3.27,,3.44,,2.45,,4.02,,0.94,
SJ46-X-59,SJ46,Sample location delocated to a 10km square (see metadata),340000,360000,345000,365000,1,1,,21.09,,0.99,,6.03,,2.41,,0.47,,4.27,,2.54,,3.72,,1.3,,3.58,,0.82,,4.39,,1.89,,2.08,,2.21,,3.1,,0.37,
SJ46-X-59,SJ46,Sample location delocated to a 10km square (see metadata),340000,360000,345000,365000,2,0,,21.14,,1.18,,5.11,,2.4,,0.74,,2.95,,1.61,,3.41,,1.29,,3.51,,0.72,,4.78,,2,,1.17,,1.92,,2.46,,0.36,
SJ46-X-59,SJ46,Sample location delocated to a 10km square (see metadata),340000,360000,345000,365000,4,0,,32.07,,2.88,,6.99,,5.43,,1.22,,4.5,,3.58,,7.54,,2.61,,7.18,,1.72,,6.48,,5.07,,2.02,,4.69,,6.4,,0.9,
SJ46-X-59,SJ46,Sample location delocated to a 10km square (see metadata),340000,360000,345000,365000,5,2,,34.16,,2.61,,4.02,,4.61,,2.34,,3.72,,3.01,,8.3,,2.8,,7.31,,1.48,,5.85,,4.62,,2.67,,5.03,,5.92,,0.76,
SJ46-X-66,SJ46,Sample location delocated to a 10km square (see metadata),340000,360000,345000,365000,1,1,,29.47,,2.29,,6.38,,4.19,,1.02,,4.02,,3.44,,5.71,,2.04,,6.23,,1.59,,7.06,,4.4,,2.45,,3.43,,4.27,,0.64,
SJ46-X-66,SJ46,Sample location delocated to a 10km square (see metadata),340000,360000,345000,365000,4,0,,23.55,,1.05,,4.07,,2.75,,1.27,,2.14,,1.66,,4.41,,1.86,,4.34,,1,,3.24,,2.78,,1.31,,1.78,,3.1,,0.5,
SJ52-X-53,SJ52,Sample location delocated to a 10km square (see metadata),350000,320000,355000,325000,1,1,,17.74,,0.96,,4.28,,2.22,,0.9,,2.79,,1.75,,3.47,,1.82,,3.78,,0.83,,3.88,,2.54,,1.23,,2.26,,2.75,,0.38,
SJ52-X-53,SJ52,Sample location delocated to a 10km square (see metadata),350000,320000,355000,325000,2,1,,10.07,,0.59,,6.22,,1.31,,0.58,,3.18,,1.89,,2.04,,0.71,,2.13,,0.5,,3.45,,1.45,,2.44,,1.39,,1.61,,0.29,
SJ52-X-53,SJ52,Sample location delocated to a 10km square (see metadata),350000,320000,355000,325000,3,0,,12.68,,0.7,,5.86,,1.51,,1.03,,3.23,,1.46,,2.25,,1.36,,2.65,,0.88,,3.17,,1.9,,1.65,,1.54,,1.88,,0.34,
SJ52-X-53,SJ52,Sample location delocated to a 10km square (see metadata),350000,320000,355000,325000,4,1,,15.42,,0.81,,5.01,,1.72,,0.81,,3.1,,1.36,,2.9,,1.49,,2.94,,0.74,,2.81,,1.73,,1.18,,2.07,,2.03,,0.32,
SJ54-X-60,SJ54,Sample location delocated to a 10km square (see metadata),350000,340000,355000,345000,1,0,,21.59,,1.32,,5.36,,2.97,,2.65,,3.92,,1.6,,4.87,,2.09,,4.81,,1.04,,4.08,,3.44,,1.94,,3.07,,3.72,,0.58,
SJ56-X-26,SJ56,Sample location delocated to a 10km square (see metadata),350000,360000,355000,365000,3,0,,21.97,,1.06,,4.38,,2.57,,1.64,,2.67,,1.44,,3.53,,1.58,,3.9,,0.88,,3.13,,2.93,,1.35,,2.13,,2.79,,0.53,
SJ68-X-80,SJ68,Sample location delocated to a 10km square (see metadata),360000,380000,365000,385000,1,0,,17.66,,0.51,,2.01,,1,,1.13,,1.21,,1.04,,2.05,,1.15,,2.18,,0.49,,1.29,,1.57,,0.74,,1.08,,2.04,,0.31,
SJ68-X-80,SJ68,Sample location delocated to a 10km square (see metadata),360000,380000,365000,385000,3,0,,16.52,,0.68,,3.05,,1.75,,1.1,,1.72,,1.14,,2.8,,1.11,,2.94,,0.53,,2.1,,1.89,,0.89,,1.27,,1.86,,0.38,
SJ68-X-80,SJ68,Sample location delocated to a 10km square (see metadata),360000,380000,365000,385000,4,0,,18.73,,0.65,,3.24,,1.72,,1.96,,2.22,,1.2,,3.2,,1.65,,3.52,,0.79,,1.79,,2.22,,1.44,,1.6,,2.36,,0.39,
SJ69-X-55,SJ69,Sample location delocated to a 10km square (see metadata),360000,390000,365000,395000,2,0,,16.07,,0.96,,2.94,,1.6,,0.89,,1.9,,1.24,,2.53,,0.92,,2.56,,0.55,,1.87,,1.48,,0.68,,1.53,,2.11,,0.34,
SJ69-X-55,SJ69,Sample location delocated to a 10km square (see metadata),360000,390000,365000,395000,4,0,,16.84,,0.83,,5.03,,1.45,,1.02,,2.76,,1.24,,1.92,,0.91,,2.08,,0.65,,1.91,,1.47,,1.14,,1.18,,1.58,,0.39,
SJ69-X-65,SJ69,Sample location delocated to a 10km square (see metadata),360000,390000,365000,395000,1,0,,17.26,,0.65,,5.44,,1.73,,1.53,,3.77,,0.93,,2.17,,0.89,,2.41,,0.6,,2.19,,1.64,,1.18,,1.38,,2.03,,0.32,
SJ69-X-65,SJ69,Sample location delocated to a 10km square (see metadata),360000,390000,365000,395000,3,0,,19.69,,0.93,,4.54,,2.21,,2.37,,2.29,,1.29,,3.43,,1.47,,3.95,,0.76,,2.97,,3.05,,1.08,,2.65,,3.05,,0.46,
SJ97-X-25,SJ97,Sample location delocated to a 10km square (see metadata),390000,370000,395000,375000,3,0,,37.02,,2.38,,7.89,,6.51,,5.42,,4.81,,3.92,,9.19,,4.57,,10.1,,2.85,,8.48,,6.56,,3.74,,5.82,,7.66,,1.53,
SJ97-X-25,SJ97,Sample location delocated to a 10km square (see metadata),390000,370000,395000,375000,4,0,,35.05,,1.47,,5.99,,3.56,,2.71,,3.71,,2.84,,5.48,,2.43,,5.74,,1.64,,6.94,,4.18,,2.89,,3.45,,4.75,,0.97,
SJ97-X-25,SJ97,Sample location delocated to a 10km square (see metadata),390000,370000,395000,375000,1,0,,38.17,,2,,7.68,,4.95,,3.19,,4.89,,3.01,,6.58,,3.47,,7.01,,2.19,,6.94,,4.23,,3.89,,3.59,,5.78,,1.51,
SJ97-X-25,SJ97,Sample location delocated to a 10km square (see metadata),390000,370000,395000,375000,2,0,,34.81,,1.57,,4.78,,3.43,,3.27,,2.88,,2.59,,4.13,,2.75,,5.1,,1.7,,5.41,,3.45,,2.76,,3.22,,3.81,,1.21,
SJ99-X-25,SJ99,Sample location delocated to a 10km square (see metadata),390000,390000,395000,395000,1,0,,27.06,,0.83,,5.78,,2.98,,1.63,,3.38,,1.81,,3.95,,1.6,,3.68,,1.02,,4.17,,2.8,,2.46,,2.25,,3.48,,0.59,
SJ99-X-25,SJ99,Sample location delocated to a 10km square (see metadata),390000,390000,395000,395000,2,0,,32.67,,1.65,,5.41,,4.11,,3.16,,3.2,,2.56,,5.56,,2.67,,5.84,,1.39,,5.75,,4.6,,2.52,,3.15,,4.75,,1.22,
SJ99-X-25,SJ99,Sample location delocated to a 10km square (see metadata),390000,390000,395000,395000,4,4,,15.67,,0.47,,4.22,,1.12,,0.33,,2.63,,1.08,,1.43,,0.52,,1.3,,0.57,,2.69,,0.81,,1.13,,0.58,,0.76,,0.34,
SJ99-X-25,SJ99,Sample location delocated to a 10km square (see metadata),390000,390000,395000,395000,5,0,,26.57,,1.41,,3.92,,3.37,,2.23,,2.53,,2.29,,4.76,,2.45,,4.28,,1.32,,4.36,,3.84,,2.33,,2.13,,3.78,,1.08,
SK06-X-62,SK06,Sample location delocated to a 10km square (see metadata),400000,360000,405000,365000,4,0,,34.98,,1.01,,4.01,,2.82,,1.88,,2.18,,2.36,,4.07,,1.96,,5.01,,1.03,,4.73,,3.15,,2.16,,2.71,,3.67,,0.72,
SK06-X-62,SK06,Sample location delocated to a 10km square (see metadata),400000,360000,405000,365000,1,0,,38.89,,1.97,,8.14,,4.96,,3.36,,4.49,,3.92,,6.31,,2.9,,6.78,,2.1,,5.82,,5.07,,3.09,,5.58,,5.45,,0.85,
SK06-X-62,SK06,Sample location delocated to a 10km square (see metadata),400000,360000,405000,365000,2,0,,33.59,,0.94,,4.65,,2.68,,2.71,,3.09,,2.45,,4.14,,2.26,,5.3,,1.01,,5.3,,3.22,,1.92,,2.96,,3.82,,0.6,
SK09-X-02,SK09,Sample location delocated to a 10km square (see metadata),400000,390000,405000,395000,1,0,,74.38,,6.78,,11.17,,10.31,,13.96,,11.42,,11.19,,11.98,,11.48,,14.05,,10.5,,15.75,,11.41,,10.11,,9.25,,14.57,,4.76,
SK09-X-02,SK09,Sample location delocated to a 10km square (see metadata),400000,390000,405000,395000,2,0,,79.5,,5.84,,9.3,,9.26,,11.7,,7.86,,8.55,,9.71,,7,,11.43,,8.93,,11.56,,10.76,,8.4,,9.15,,11.45,,5.14,
SK09-X-02,SK09,Sample location delocated to a 10km square (see metadata),400000,390000,405000,395000,3,0,,75.07,,4.68,,11.91,,9.51,,11.11,,10.81,,8.89,,12.54,,9.35,,14.5,,9.6,,17.03,,10.43,,8.65,,8.79,,13.92,,3.98,
SK09-X-02,SK09,Sample location delocated to a 10km square (see metadata),400000,390000,405000,395000,4,0,,80.45,,4.84,,8.44,,8.66,,10.26,,6.73,,7.24,,9.72,,8.13,,11.67,,6.92,,13,,12.45,,8.19,,9.2,,11.95,,4.75,
SK17-X-47,SK17,Sample location delocated to a 10km square (see metadata),410000,370000,415000,375000,4,0,,27.3,,1.46,,8.89,,3.15,,2.04,,4.9,,1.89,,4.4,,2.23,,4.4,,1.38,,4.16,,3.1,,2.47,,2.52,,4.28,,0.81,
SK17-X-47,SK17,Sample location delocated to a 10km square (see metadata),410000,370000,415000,375000,5,1,,32.08,,2.61,,13.16,,5.96,,4.05,,7.07,,2.99,,7.51,,3.77,,8.11,,2.12,,7.2,,5.6,,3.44,,4.06,,6.43,,1.32,
SK17-X-47,SK17,Sample location delocated to a 10km square (see metadata),410000,370000,415000,375000,2,0,,26.15,,0.79,,9.13,,2.72,,1.65,,6.44,,1.31,,3.86,,1.63,,3.76,,0.81,,4.35,,2.11,,2.34,,1.92,,2.89,,0.43,
SK25-X-16,SK25,Sample location delocated to a 10km square (see metadata),420000,350000,425000,355000,4,1,,37.01,,1.66,,9.54,,4.28,,3.07,,5.3,,2.73,,5.77,,2.97,,6.96,,1.75,,6.64,,4.11,,3.09,,3.86,,4.79,,0.91,
SK25-X-16,SK25,Sample location delocated to a 10km square (see metadata),420000,350000,425000,355000,5,0,,36.76,,1.6,,9.41,,4.74,,2.4,,5.4,,2.74,,5.7,,2.66,,6.99,,1.72,,6.37,,4.71,,2.85,,3.53,,4.69,,0.89,
SK25-X-16,SK25,Sample location delocated to a 10km square (see metadata),420000,350000,425000,355000,6,0,,37.83,,1.63,,5.18,,3.78,,2.79,,3.88,,2.11,,4.38,,2.62,,4.88,,1.4,,4.76,,3.63,,2.89,,3.08,,3.87,,0.92,
SK25-X-22,SK25,Sample location delocated to a 10km square (see metadata),420000,350000,425000,355000,1,0,,35.48,,1.89,,14.43,,5.39,,3.1,,12.47,,2.64,,6.56,,2.72,,7.03,,1.92,,8.16,,4.48,,4.06,,3.64,,5.19,,0.93,
SK25-X-22,SK25,Sample location delocated to a 10km square (see metadata),420000,350000,425000,355000,2,1,,37.27,,2.39,,12.89,,6.2,,2.29,,8.88,,4.16,,8.14,,3.05,,8.15,,2.03,,9.94,,5.43,,3.8,,6.37,,5.97,,0.78,
SK25-X-22,SK25,Sample location delocated to a 10km square (see metadata),420000,350000,425000,355000,4,0,,31.68,,1.74,,12.36,,5.45,,2.16,,9.49,,2.71,,5.99,,2.47,,6.31,,1.8,,7.13,,4.06,,3.16,,3.38,,4.38,,0.75,
SK25-X-84,SK25,Sample location delocated to a 10km square (see metadata),420000,350000,425000,355000,1,1,,39.08,,2.58,,12.99,,5.96,,5.05,,8.21,,3.55,,8.56,,3.71,,9.68,,2.13,,8.64,,6.89,,4.16,,5.19,,7.62,,1.41,
SK25-X-84,SK25,Sample location delocated to a 10km square (see metadata),420000,350000,425000,355000,2,1,,34.83,,2.23,,15.92,,5.94,,3.31,,11.35,,3.07,,7.32,,2.89,,7.64,,1.9,,9.03,,4.78,,4.42,,4.93,,5.35,,0.85,
SK25-X-84,SK25,Sample location delocated to a 10km square (see metadata),420000,350000,425000,355000,3,1,,39.97,,2.06,,9.96,,5.49,,4.03,,5.8,,3.39,,7.31,,2.96,,7.1,,2.09,,7.1,,4.99,,3.41,,4.37,,6.62,,0.88,
SK25-X-84,SK25,Sample location delocated to a 10km square (see metadata),420000,350000,425000,355000,4,0,,36.22,,1.94,,21.48,,6.85,,2.38,,17.05,,8.46,,9.49,,3.12,,9.87,,2.51,,13.48,,5.98,,11.59,,3.78,,6.65,,0.96,
SK34-X-40,SK34,Sample location delocated to a 10km square (see metadata),430000,340000,435000,345000,2,1,,24.89,,0.74,,4.23,,2.06,,1,,2.68,,1.11,,2.57,,1.37,,2.73,,0.72,,2.77,,1.83,,1.58,,1.47,,2.31,,0.48,
SK34-X-40,SK34,Sample location delocated to a 10km square (see metadata),430000,340000,435000,345000,5,0,,32.66,,0.84,,3.58,,3.12,,1.42,,2.17,,1.96,,3.32,,1.73,,3.91,,1.08,,3.32,,2.51,,1.77,,1.88,,3.35,,0.57,
SK36-X-38,SK36,Sample location delocated to a 10km square (see metadata),430000,360000,435000,365000,2,1,,24.87,,0.77,,5.12,,1.67,,1.1,,3.02,,1.51,,2.14,,0.98,,2.27,,0.62,,2.49,,1.59,,1.19,,1.69,,1.77,,0.41,
SK36-X-38,SK36,Sample location delocated to a 10km square (see metadata),430000,360000,435000,365000,4,0,,27.5,,1.44,,8.64,,3.51,,2.13,,4.43,,2.37,,4.65,,2.14,,4.86,,1.22,,4.8,,3.44,,1.89,,3.06,,3.79,,0.72,
SK46-X-54,SK46,Sample location delocated to a 10km square (see metadata),440000,360000,445000,365000,1,0,,20.09,,0.66,,9.36,,1.81,,0.33,,7.33,,2.58,,2.26,,0.82,,2.68,,0.86,,7.27,,1.18,,4.69,,0.64,,1.65,,0.4,
SK46-X-54,SK46,Sample location delocated to a 10km square (see metadata),440000,360000,445000,365000,2,0,,19.57,,0.54,,8.83,,1.63,,0.41,,7.07,,2.04,,2.1,,0.81,,2.45,,0.74,,5.78,,0.72,,4.94,,0.62,,1.4,,0.4,
SK46-X-54,SK46,Sample location delocated to a 10km square (see metadata),440000,360000,445000,365000,3,0,,32.62,,1.74,,14.64,,5.66,,1.4,,11.56,,6,,5.94,,2.69,,6.68,,2.51,,9.76,,3.85,,6.94,,2.37,,5.45,,0.97,
SK46-X-54,SK46,Sample location delocated to a 10km square (see metadata),440000,360000,445000,365000,4,1,,44.72,,2.09,,23.14,,6.18,,0.77,,19.66,,12.21,,7.86,,2.66,,8.5,,3.15,,19.47,,4.25,,14.43,,4.1,,6.38,,1.02,
SK65-X-89,SK65,Sample location delocated to a 10km square (see metadata),460000,350000,465000,355000,1,1,,20.9,,1.46,,8.44,,3.43,,1.51,,5.19,,3.08,,4.47,,1.57,,4.47,,1.34,,4.63,,3.04,,4.24,,2.89,,3.4,,0.55,
SK65-X-89,SK65,Sample location delocated to a 10km square (see metadata),460000,350000,465000,355000,2,0,,17.79,,0.69,,4.53,,1.45,,0.98,,3.25,,0.81,,1.6,,0.73,,1.63,,0.53,,1.62,,1.02,,0.87,,1.27,,1.19,,0.31,
SK65-X-89,SK65,Sample location delocated to a 10km square (see metadata),460000,350000,465000,355000,4,0,,20.63,,0.98,,4.55,,1.82,,1.15,,2.58,,1.32,,2.53,,1.1,,2.56,,0.75,,2.23,,1.65,,1.22,,1.89,,2.11,,0.49,
SK68-X-88,SK68,Sample location delocated to a 10km square (see metadata),460000,380000,465000,385000,1,0,,20.07,,1.05,,5.5,,2.45,,1.99,,3.05,,1.39,,3.47,,1.82,,4.05,,1.04,,3.3,,2.5,,1.67,,1.86,,3.22,,0.71,
SK68-X-88,SK68,Sample location delocated to a 10km square (see metadata),460000,380000,465000,385000,4,0,,11.69,,0.54,,5.35,,0.99,,0.74,,2.41,,0.63,,1.64,,0.64,,1.89,,0.38,,1.66,,1.08,,0.78,,0.84,,1.41,,0.28,
SK68-X-88,SK68,Sample location delocated to a 10km square (see metadata),460000,380000,465000,385000,2,0,,12.99,,0.98,,4.9,,1.56,,1.15,,2.41,,1.07,,2.21,,1.11,,2.17,,0.8,,2.06,,1.59,,1.41,,1.4,,1.96,,0.74,
SK68-X-88,SK68,Sample location delocated to a 10km square (see metadata),460000,380000,465000,385000,3,0,,20.66,,1.62,,6.59,,2.81,,2.2,,3.95,,1.54,,3.66,,2.12,,4.07,,1.36,,3.75,,2.75,,2.03,,2.29,,2.89,,1.29,
SK73-X-65,SK73,Sample location delocated to a 10km square (see metadata),470000,330000,475000,335000,1,2,,27.37,,1.73,,9.1,,4.11,,1.18,,7.34,,3.57,,5.42,,1.71,,6.41,,1.53,,7.67,,3.14,,4.12,,3.47,,4.98,,0.95,
SK73-X-65,SK73,Sample location delocated to a 10km square (see metadata),470000,330000,475000,335000,2,3,,19.48,,0.72,,3.31,,1.9,,0.63,,3.58,,0.95,,2.97,,0.75,,2.9,,0.72,,4.37,,1.08,,1.47,,1.54,,1.79,,0.5,
SK74-X-77,SK74,Sample location delocated to a 10km square (see metadata),470000,340000,475000,345000,2,1,,21.48,,2.07,,4.17,,2.85,,1.4,,2.65,,1.66,,4.14,,1.3,,3.75,,0.9,,2.62,,1.97,,1.39,,3.94,,4.29,,0.76,
SK87-X-82,SK87,Sample location delocated to a 10km square (see metadata),480000,370000,485000,375000,2,0,,13.76,,1.03,,5.32,,2.12,,0.48,,4.34,,2.63,,2.7,,0.97,,3.14,,0.9,,4.31,,1.94,,2.75,,1.85,,2.28,,0.56,
SK87-X-82,SK87,Sample location delocated to a 10km square (see metadata),480000,370000,485000,375000,3,0,,13.34,,0.59,,3.82,,1.09,,0.71,,1.97,,0.57,,1.34,,0.65,,1.5,,0.47,,1.15,,0.9,,0.95,,1.05,,1.05,,0.38,
SK87-X-82,SK87,Sample location delocated to a 10km square (see metadata),480000,370000,485000,375000,4,0,,12.44,,0.47,,3.96,,0.77,,0.74,,1.77,,0.6,,1.03,,0.62,,1.14,,0.39,,1.17,,0.82,,0.81,,0.59,,0.87,,0.41,
SK90-X-42,SK90,Sample location delocated to a 10km square (see metadata),490000,300000,495000,305000,2,1,,17.56,,0.87,,7.21,,2.3,,0.82,,4.05,,1.65,,3.19,,1.11,,3.62,,0.89,,4.06,,2.07,,1.54,,1.79,,3.14,,0.35,
SK95-X-68,SK95,Sample location delocated to a 10km square (see metadata),490000,350000,495000,355000,1,0,,15.22,,0.83,,2.57,,1.22,,0.51,,1.13,,0.86,,2.01,,0.65,,2.19,,0.38,,1.49,,1.06,,0.47,,1.06,,1.7,,0.4,
SK95-X-68,SK95,Sample location delocated to a 10km square (see metadata),490000,350000,495000,355000,2,1,,24.3,,1.63,,3.4,,2.54,,0.58,,1.83,,1.95,,3.62,,1.3,,3.79,,0.82,,2.95,,2.47,,0.89,,2.28,,3.27,,0.45,
SK95-X-68,SK95,Sample location delocated to a 10km square (see metadata),490000,350000,495000,355000,3,0,,18.37,,0.87,,2.63,,1.07,,0.76,,1.39,,0.94,,1.73,,0.72,,1.97,,0.42,,1.42,,1.25,,0.64,,0.92,,1.58,,0.28,
SO36-X-95,SO36,Sample location delocated to a 10km square (see metadata),330000,260000,335000,265000,5,0,,33.89,,1.65,,9.86,,5.18,,3.35,,6.48,,2.59,,7.63,,3.32,,7.45,,1.86,,6.76,,4.92,,3.58,,3.77,,5.98,,0.94,
SO39-X-62,SO39,Sample location delocated to a 10km square (see metadata),330000,290000,335000,295000,3,1,,33.27,,1.9,,10.74,,5.24,,2.21,,5.55,,2.71,,6.37,,2.47,,6.09,,1.65,,6.32,,4.39,,2.58,,3.35,,3.97,,0.66,
SO39-X-62,SO39,Sample location delocated to a 10km square (see metadata),330000,290000,335000,295000,6,1,,37.28,,2.32,,9.41,,4.6,,3.39,,4.74,,2.9,,7.4,,3.46,,8.5,,1.85,,7,,6.22,,2.75,,4.55,,5.59,,1.11,
SO52-X-37,SO52,Sample location delocated to a 10km square (see metadata),350000,220000,355000,225000,1,1,,13.02,,0.57,,7.94,,1.79,,0.86,,5.22,,0.71,,2.29,,0.77,,2.69,,0.44,,3.41,,1.38,,1.34,,1.1,,1.63,,0.26,
SO52-X-37,SO52,Sample location delocated to a 10km square (see metadata),350000,220000,355000,225000,3,0,,16.58,,1.76,,6.7,,3.15,,0.89,,3.65,,1.64,,4.7,,1.74,,4.95,,1.09,,4.56,,3.55,,2.12,,2.74,,4.1,,0.74,
SO52-X-37,SO52,Sample location delocated to a 10km square (see metadata),350000,220000,355000,225000,4,0,,13.89,,0.54,,9.32,,1.79,,0.92,,6.13,,0.82,,2.37,,0.75,,2.56,,0.62,,3.63,,1.62,,1.33,,1.09,,1.56,,0.29,
SO54-X-80,SO54,Sample location delocated to a 10km square (see metadata),350000,240000,355000,245000,1,0,,38.36,,3.09,,9.94,,6.17,,3.49,,5.27,,3.16,,7.72,,3.68,,9.37,,2.24,,7.75,,6.11,,2.81,,4.82,,7.24,,1.51,
SO54-X-80,SO54,Sample location delocated to a 10km square (see metadata),350000,240000,355000,245000,3,1,,33.87,,1.4,,8.23,,3.87,,2.72,,4.6,,2.18,,5.46,,2.18,,5.73,,1.17,,5.67,,3.98,,2.45,,3.3,,5.01,,0.67,
SO55-X-57,SO55,Sample location delocated to a 10km square (see metadata),350000,250000,355000,255000,1,1,,14.99,,0.91,,7.41,,2.57,,0.55,,5.69,,0.88,,2.64,,0.91,,3.3,,0.64,,3.62,,1.92,,1.45,,1.4,,2.16,,0.39,
SO55-X-57,SO55,Sample location delocated to a 10km square (see metadata),350000,250000,355000,255000,2,0,,15.77,,0.46,,6.53,,1.42,,0.94,,3.84,,0.58,,1.77,,0.75,,1.72,,0.48,,2.17,,1.11,,1.71,,0.82,,1.26,,0.34,
SO58-X-13,SO58,Sample location delocated to a 10km square (see metadata),350000,280000,355000,285000,2,0,,33.53,,1.44,,7.72,,3.96,,2.51,,6.04,,2.07,,4.59,,2.32,,5.44,,1.33,,3.03,,3.61,,3.49,,2.79,,3.93,,0.84,
SO58-X-13,SO58,Sample location delocated to a 10km square (see metadata),350000,280000,355000,285000,4,0,,18.54,,0.85,,6.98,,1.93,,1.01,,4.74,,0.91,,2.42,,0.99,,2.58,,0.63,,2.63,,1.39,,1.57,,1.72,,1.75,,0.38,
SO65-X-10,SO65,Sample location delocated to a 10km square (see metadata),360000,250000,365000,255000,2,0,,31.19,,1.81,,7.95,,3.88,,3.68,,4.72,,2.48,,5.87,,3.09,,5.94,,1.79,,5.36,,3.64,,2.8,,4.14,,4.93,,0.97,
SO65-X-10,SO65,Sample location delocated to a 10km square (see metadata),360000,250000,365000,255000,3,0,,29.24,,1.59,,11.79,,4.17,,2.95,,7.79,,2.2,,5.82,,3.04,,6.37,,1.73,,7.3,,3.98,,3.98,,3.84,,4.68,,0.92,
SO65-X-10,SO65,Sample location delocated to a 10km square (see metadata),360000,250000,365000,255000,4,0,,26.76,,1.12,,8.73,,3.55,,2.27,,5.92,,1.6,,4.12,,2.07,,4.65,,1.18,,5.43,,3.16,,3.09,,2.76,,4.13,,0.72,
SO66-X-60,SO66,Sample location delocated to a 10km square (see metadata),360000,260000,365000,265000,2,0,,19.88,,0.95,,7.87,,2.7,,0.31,,6.31,,1.58,,3.18,,0.87,,3.65,,0.79,,4.32,,1.81,,2.15,,1.85,,2.19,,0.32,
SO66-X-60,SO66,Sample location delocated to a 10km square (see metadata),360000,260000,365000,265000,3,0,,18.46,,0.74,,7.43,,2.44,,0.46,,6.32,,1.29,,2.84,,0.77,,2.64,,0.6,,3.93,,1.4,,2.12,,1.55,,1.64,,0.3,
SO66-X-60,SO66,Sample location delocated to a 10km square (see metadata),360000,260000,365000,265000,4,0,,17.65,,0.69,,7.2,,1.99,,0.77,,5.22,,0.76,,2.28,,0.82,,2.8,,0.49,,3.39,,1.71,,1.68,,1.3,,1.78,,0.28,
SO66-X-60,SO66,Sample location delocated to a 10km square (see metadata),360000,260000,365000,265000,5,0,,25.55,,1.68,,12.41,,4.81,,2.3,,9.75,,1.7,,5.68,,2.53,,5.69,,1.37,,7.03,,3.94,,4.66,,3.2,,5.55,,0.93,
SO72-X-39,SO72,Sample location delocated to a 10km square (see metadata),370000,220000,375000,225000,1,1,,21.95,,1.54,,9.76,,3.42,,0.94,,7.17,,3,,4.31,,1.44,,4.43,,1.08,,5.77,,2.5,,3.85,,3.02,,3.71,,0.63,
SO72-X-93,SO72,Sample location delocated to a 10km square (see metadata),370000,220000,375000,225000,1,1,,29.56,,2.61,,10.02,,4.92,,2.37,,7.7,,3.16,,6.99,,3.32,,7.76,,1.88,,7.92,,4.87,,2.76,,4.49,,5.69,,0.87,
SO72-X-93,SO72,Sample location delocated to a 10km square (see metadata),370000,220000,375000,225000,2,1,,29.7,,3.37,,9.73,,5.6,,3.9,,8.59,,3.14,,7.69,,3.28,,7.62,,2.43,,6.2,,4.47,,4.01,,4.57,,6.44,,1.35,
SO79-X-07,SO79,Sample location delocated to a 10km square (see metadata),370000,290000,375000,295000,1,0,,13.62,,0.76,,7.5,,1.78,,0.96,,3.31,,1.1,,2.82,,0.98,,3.11,,0.61,,2.93,,1.95,,1.05,,1.65,,1.91,,0.33,
SO79-X-07,SO79,Sample location delocated to a 10km square (see metadata),370000,290000,375000,295000,2,0,,18.42,,0.91,,6.68,,2.58,,1.48,,3.16,,1.31,,3.4,,1.38,,3.77,,0.86,,3.72,,2.46,,1.5,,2.19,,2.58,,0.47,
SO79-X-07,SO79,Sample location delocated to a 10km square (see metadata),370000,290000,375000,295000,3,0,,13.44,,0.41,,6.01,,0.81,,0.8,,2.66,,0.67,,1.18,,0.49,,1.37,,0.37,,1.34,,0.84,,0.73,,0.86,,0.85,,0.24,
SO85-X-16,SO85,Sample location delocated to a 10km square (see metadata),380000,250000,385000,255000,2,1,,24.21,,0.87,,9.78,,2.24,,1.3,,7.73,,1.29,,3.06,,1.04,,3.24,,0.7,,3.74,,1.82,,1.76,,1.58,,2.21,,0.38,
SO85-X-16,SO85,Sample location delocated to a 10km square (see metadata),380000,250000,385000,255000,3,1,,27.2,,1.56,,10.4,,3.99,,1.13,,7.69,,2.02,,4.7,,1.43,,4.54,,1.22,,5.47,,2.79,,2.42,,2.38,,3.64,,0.49,
SP00-X-85,SP00,Sample location delocated to a 10km square (see metadata),400000,200000,405000,205000,2,4,,23.66,,0.64,,8.3,,2.32,,0.42,,5.42,,1.37,,2.86,,0.67,,3.29,,0.72,,6.32,,1.12,,2.54,,0.74,,1.84,,0.36,
SP00-X-85,SP00,Sample location delocated to a 10km square (see metadata),400000,200000,405000,205000,3,4,,32.88,,2.19,,10.92,,4.69,,1.21,,8.75,,2.38,,5.95,,2.07,,7.13,,1.46,,10.28,,3.37,,3.53,,1.65,,4.87,,0.85,
SP00-X-85,SP00,Sample location delocated to a 10km square (see metadata),400000,200000,405000,205000,4,4,,30.67,,1.11,,6.32,,3.92,,0.79,,5.92,,1.13,,4.96,,1.42,,6.14,,1.25,,7.24,,2.28,,1.61,,1.06,,4.11,,0.6,
SP17-X-63,SP17,Sample location delocated to a 10km square (see metadata),410000,270000,415000,275000,1,0,,31.37,,1.68,,7.97,,4.3,,3.23,,5.35,,2.84,,5.43,,2.75,,5.73,,1.67,,6.4,,3.43,,3.55,,3.47,,4.82,,1.07,
SP17-X-63,SP17,Sample location delocated to a 10km square (see metadata),410000,270000,415000,275000,2,0,,17.34,,1.04,,4.79,,2.15,,0.84,,2.44,,1.51,,2.58,,1.05,,3.33,,0.76,,3.23,,1.86,,1,,2.08,,2.29,,0.39,
SP17-X-63,SP17,Sample location delocated to a 10km square (see metadata),410000,270000,415000,275000,3,0,,30.47,,1.87,,6.83,,4.43,,2.79,,4.51,,2.41,,5.54,,3.04,,5.73,,1.76,,5.73,,3.76,,3.8,,4.19,,5.11,,1.28,
SP17-X-63,SP17,Sample location delocated to a 10km square (see metadata),410000,270000,415000,275000,4,0,,18.27,,1.17,,7.24,,2.56,,0.97,,4.97,,1.39,,3.46,,1.19,,3.85,,0.73,,3.49,,2.32,,1.39,,1.9,,2.32,,0.43,
SP25-X-38,SP25,Sample location delocated to a 10km square (see metadata),420000,250000,425000,255000,3,1,,12.76,,0.45,,6.08,,1.44,,0.75,,4.81,,0.62,,1.67,,0.6,,1.81,,0.36,,2.81,,0.91,,1.41,,1.09,,1.16,,0.25,
SP25-X-38,SP25,Sample location delocated to a 10km square (see metadata),420000,250000,425000,255000,2,0,,13.6,,0.97,,7.76,,2.11,,0.7,,5.38,,1.18,,2.73,,0.87,,2.88,,0.58,,3.72,,1.56,,1.5,,1.46,,2.29,,0.35,
SP25-X-38,SP25,Sample location delocated to a 10km square (see metadata),420000,250000,425000,255000,4,1,,17.22,,1.57,,7.54,,3.15,,1.64,,6.62,,1.68,,4.15,,1.79,,4.25,,1,,4.6,,2.64,,2,,2.44,,3.65,,0.47,
SP29-X-46,SP29,Sample location delocated to a 10km square (see metadata),420000,290000,425000,295000,1,0,,16,,0.82,,5.93,,1.66,,0.92,,3.49,,0.95,,2.18,,0.94,,2.5,,0.58,,2.5,,1.65,,1.07,,1.16,,1.98,,0.33,
SP29-X-46,SP29,Sample location delocated to a 10km square (see metadata),420000,290000,425000,295000,3,0,,29.5,,1.73,,7.45,,3.92,,2.74,,4.71,,1.7,,4.61,,2.44,,5.55,,1.5,,5.07,,3.48,,2.8,,2.4,,4.65,,1.05,
SP42-X-16,SP42,Sample location delocated to a 10km square (see metadata),440000,220000,445000,225000,4,1,,24.11,,1.43,,9.91,,3.8,,0.71,,7.71,,2.18,,4.62,,1.56,,4.68,,1.19,,5.72,,2.43,,2.57,,1.67,,3.6,,0.6,
SP42-X-16,SP42,Sample location delocated to a 10km square (see metadata),440000,220000,445000,225000,5,0,,30.65,,2.46,,12.51,,5.58,,3.11,,8.58,,2.97,,7.12,,3.02,,7.39,,1.81,,7.01,,4.4,,3.56,,3.79,,5.81,,0.98,
SP42-X-16,SP42,Sample location delocated to a 10km square (see metadata),440000,220000,445000,225000,6,2,,37.82,,1.54,,12.32,,4.02,,1.32,,9.53,,3.97,,5.1,,1.8,,5.78,,1.73,,10.01,,2.54,,4.7,,2.58,,4.65,,0.81,
SP44-X-45,SP44,Sample location delocated to a 10km square (see metadata),440000,240000,445000,245000,1,0,,42.13,,2.77,,12.19,,5.89,,3.86,,8.68,,3.84,,6.95,,3.1,,8.03,,2.13,,8.6,,4.89,,3.47,,4.87,,6.32,,1.01,
SP44-X-45,SP44,Sample location delocated to a 10km square (see metadata),440000,240000,445000,245000,2,0,,37.4,,2.75,,10.11,,6.53,,3.35,,7.72,,3.56,,7.39,,3.23,,7.42,,2.06,,6.69,,4.54,,3.15,,4.3,,5.82,,1.1,
SP44-X-45,SP44,Sample location delocated to a 10km square (see metadata),440000,240000,445000,245000,3,0,,27.27,,1,,10.43,,3.41,,1.8,,9.67,,1.5,,3.79,,1.51,,4.37,,1.04,,5.42,,1.9,,4,,1.8,,2.6,,0.47,
SP44-X-45,SP44,Sample location delocated to a 10km square (see metadata),440000,240000,445000,245000,4,0,,38.91,,2.55,,10.28,,6.16,,2.44,,6.63,,3.91,,8.22,,3.32,,8.6,,1.95,,9.12,,4.92,,2.87,,5.59,,7,,0.94,
SP50-X-72,SP50,Sample location delocated to a 10km square (see metadata),450000,200000,455000,205000,2,0,,28.03,,1.46,,8.46,,3.14,,1.88,,4.69,,2,,4.84,,2.3,,4.96,,1.13,,4.56,,3.21,,2.26,,2.05,,4.38,,0.8,
SP62-X-33,SP62,Sample location delocated to a 10km square (see metadata),460000,220000,465000,225000,1,1,,23.45,,1.85,,2.46,,2.78,,1.16,,1.74,,2.29,,5.07,,1.66,,4.6,,1,,3.16,,2.99,,1.26,,3.28,,3.68,,0.48,
SP62-X-33,SP62,Sample location delocated to a 10km square (see metadata),460000,220000,465000,225000,2,0,,38.67,,2.87,,10.44,,5.8,,0.45,,5.4,,3.54,,7.24,,2.15,,7.93,,1.66,,7.41,,4.82,,2.14,,4.1,,7.16,,0.86,
SP73-X-31,SP73,Sample location delocated to a 10km square (see metadata),470000,230000,475000,235000,2,1,,28.38,,1.26,,15.1,,4.26,,0.57,,9.81,,2.88,,4.76,,1.72,,6.39,,1.41,,8.43,,2.99,,2.44,,2.23,,4.18,,0.53,
SP73-X-31,SP73,Sample location delocated to a 10km square (see metadata),470000,230000,475000,235000,3,2,,30.81,,2.17,,8.66,,4.44,,1.12,,6.87,,4.42,,5.97,,2,,6.65,,1.8,,9.78,,3.23,,3.3,,3.08,,5.02,,0.99,
SP73-X-31,SP73,Sample location delocated to a 10km square (see metadata),470000,230000,475000,235000,4,0,,26.11,,1.55,,3.75,,3.62,,2.73,,2.66,,2.55,,5.73,,2.9,,5.53,,1.53,,5.36,,4.04,,2.34,,4.2,,3.84,,0.88,
SP85-X-16,SP85,Sample location delocated to a 10km square (see metadata),480000,250000,485000,255000,2,0,,22.91,,1.77,,4.88,,2.36,,1.28,,3.05,,1.72,,3.78,,1.35,,4.38,,0.78,,3.22,,2.5,,1.23,,2.47,,3.85,,0.49,
SP85-X-16,SP85,Sample location delocated to a 10km square (see metadata),480000,250000,485000,255000,3,0,,22.43,,0.97,,3.48,,2.16,,1.16,,2.73,,1.49,,2.93,,0.93,,2.88,,0.51,,2.39,,1.58,,0.96,,1.91,,2.91,,0.38,
SP85-X-61,SP85,Sample location delocated to a 10km square (see metadata),480000,250000,485000,255000,1,1,,25.53,,1.98,,3.67,,3.11,,1.44,,2.34,,1.95,,4.46,,1.5,,4.82,,0.8,,3.63,,2.7,,1.26,,2.99,,3.69,,0.42,
SP85-X-61,SP85,Sample location delocated to a 10km square (see metadata),480000,250000,485000,255000,2,1,,20.95,,1.25,,4.42,,2.44,,0.83,,3.16,,1.48,,3.3,,0.96,,3.26,,0.56,,2.28,,1.72,,1.04,,2.42,,2.76,,0.36,
SP91-X-32,SP91,Sample location delocated to a 10km square (see metadata),490000,210000,495000,215000,3,4,,21.37,,0.57,,4,,2.37,,0.49,,4.25,,0.62,,3.57,,0.77,,4.36,,0.61,,5.63,,1.52,,0.75,,0.78,,2.37,,0.34,
SP98-X-56,SP98,Sample location delocated to a 10km square (see metadata),490000,280000,495000,285000,2,0,,24.39,,1.06,,5.76,,2.2,,0.56,,4.03,,1.82,,3.24,,1.31,,3.55,,0.92,,4.35,,2.19,,1.51,,2.5,,2.48,,0.38,
SP98-X-56,SP98,Sample location delocated to a 10km square (see metadata),490000,280000,495000,285000,4,1,,25.03,,1.14,,4.88,,2.23,,0.89,,3.4,,1.87,,3.22,,1.01,,3.5,,0.69,,3.15,,1.85,,1.05,,2.54,,2.55,,0.38,
SS14-X-12,SS14,Sample location delocated to a 10km square (see metadata),210000,140000,215000,145000,1,0,,33.37,,1.12,,3.8,,2.82,,3.9,,3.88,,2.63,,4.98,,2.75,,5.42,,1.87,,6.72,,3.8,,1.91,,2.73,,3.97,,0.97,
SS14-X-12,SS14,Sample location delocated to a 10km square (see metadata),210000,140000,215000,145000,4,0,,48.99,,2.49,,8.26,,4.75,,4.38,,7.4,,6.53,,10.21,,5.23,,9.76,,4.32,,11.71,,5.53,,5.66,,5.25,,9.47,,1.81,
SS14-X-12,SS14,Sample location delocated to a 10km square (see metadata),210000,140000,215000,145000,5,,NULL,,NULL,,NULL,,NULL,,NULL,,NULL,,NULL,,NULL,,NULL,,NULL,,NULL,,NULL,,NULL,,NULL,,NULL,,NULL,,NULL,,NULL
SS54-X-07,SS54,Sample location delocated to a 10km square (see metadata),250000,140000,255000,145000,1,0,,34.92,,1.62,,10.24,,4.13,,2.86,,5.21,,2.73,,5.7,,3.14,,6.19,,1.68,,6.46,,3.84,,3.56,,3.36,,4.69,,0.88,
SS64-X-33,SS64,Sample location delocated to a 10km square (see metadata),260000,140000,265000,145000,2,0,,36.67,,0.76,,2.45,,1.64,,1.93,,1.97,,2.27,,2.66,,1.68,,3.31,,1.09,,6.62,,1.64,,1.85,,3.46,,3.28,,0.54,
SS72-X-12,SS72,Sample location delocated to a 10km square (see metadata),270000,120000,275000,125000,1,0,,35.51,,2.07,,10.43,,5.2,,2.72,,7.64,,3.08,,6.56,,3.08,,7.07,,2.04,,7.44,,5.34,,4.4,,3.73,,5.41,,1.53,
SS72-X-12,SS72,Sample location delocated to a 10km square (see metadata),270000,120000,275000,125000,2,0,,32.43,,1.78,,11.04,,5.15,,2.49,,6.43,,2.68,,6.78,,2.47,,7.14,,1.8,,7.85,,4.79,,4.68,,4.08,,6.04,,0.95,
SS72-X-12,SS72,Sample location delocated to a 10km square (see metadata),270000,120000,275000,125000,4,0,,36.62,,1.76,,12.47,,5.74,,4.19,,8.64,,2.79,,6.44,,3.45,,7.23,,2.12,,8.58,,4.8,,4.79,,3.54,,5.13,,1.3,
SS72-X-80,SS72,Sample location delocated to a 10km square (see metadata),270000,120000,275000,125000,1,0,,23.78,,1.22,,10.8,,2.68,,2.15,,7.85,,1.51,,4.02,,1.73,,4.32,,0.95,,4.17,,2.41,,2.32,,2.35,,2.77,,0.45,
SS72-X-80,SS72,Sample location delocated to a 10km square (see metadata),270000,120000,275000,125000,2,0,,35.69,,1.96,,13.74,,5.94,,3.23,,7.85,,2.92,,7.95,,3.63,,7.99,,2.3,,7.69,,5.74,,5.26,,4.9,,5.85,,1.22,
SS72-X-80,SS72,Sample location delocated to a 10km square (see metadata),270000,120000,275000,125000,3,0,,44.88,,3.58,,12.21,,7.81,,6.92,,8.44,,4.36,,10.26,,5.63,,10.64,,3.79,,9.22,,8.83,,6.34,,6.87,,7.5,,2.75,
SS72-X-80,SS72,Sample location delocated to a 10km square (see metadata),270000,120000,275000,125000,4,0,,26.42,,1.31,,10.6,,3.75,,1.97,,7.27,,1.84,,4.53,,1.89,,5.14,,1.11,,5.17,,2.98,,2.85,,3.08,,3.52,,0.57,
SS74-X-05,SS74,Sample location delocated to a 10km square (see metadata),270000,140000,275000,145000,1,0,,33.48,,1.56,,10.49,,4.83,,3,,6.57,,2.42,,6.13,,3.51,,7.22,,1.79,,9.47,,4.37,,4.33,,3.45,,5.38,,1.07,
SS74-X-05,SS74,Sample location delocated to a 10km square (see metadata),270000,140000,275000,145000,3,0,,35.8,,1.78,,8.55,,4.51,,3.91,,5.41,,3.19,,5.77,,3.08,,6.32,,2.03,,7.49,,4.74,,4.71,,3.34,,5.73,,1.06,
SS74-X-05,SS74,Sample location delocated to a 10km square (see metadata),270000,140000,275000,145000,5,0,,31.2,,0.79,,7.43,,2.18,,2.05,,4.08,,1.72,,3.2,,1.85,,3.46,,1.19,,5.66,,1.99,,3.18,,2.28,,2.83,,0.59,
SS91-X-02,SS91,Sample location delocated to a 10km square (see metadata),290000,110000,295000,115000,1,0,,35.18,,1.64,,15.32,,5.19,,3.27,,10.8,,2.42,,6.55,,3.38,,6.8,,1.95,,10.57,,4.63,,6.47,,2.36,,4.61,,1.06,
SS91-X-02,SS91,Sample location delocated to a 10km square (see metadata),290000,110000,295000,115000,2,0,,24.8,,1.83,,9.31,,4.46,,2.03,,7.17,,2.05,,6.21,,2.69,,6.41,,1.45,,5.48,,4.67,,2.56,,2.98,,4.5,,0.81,
SS91-X-02,SS91,Sample location delocated to a 10km square (see metadata),290000,110000,295000,115000,3,1,,42.44,,2.08,,9.46,,5.47,,3.66,,5.63,,3.93,,7.69,,3.04,,7.07,,1.98,,8.83,,5.1,,3.27,,5.08,,5.97,,0.99,
SS91-X-02,SS91,Sample location delocated to a 10km square (see metadata),290000,110000,295000,115000,4,0,,28.91,,1.5,,8.61,,3.39,,1.82,,4.38,,2.32,,5.15,,1.89,,5.36,,1.13,,5,,3.08,,1.71,,2.77,,3.54,,0.63,
SS91-X-02,SS91,Sample location delocated to a 10km square (see metadata),290000,110000,295000,115000,5,0,,32.83,,1,,6.91,,3.24,,1.96,,3.62,,2.24,,4.45,,2.34,,4.58,,1.27,,5.59,,3.4,,2.83,,2.55,,3.51,,0.71,
SS92-X-58,SS92,Sample location delocated to a 10km square (see metadata),290000,120000,295000,125000,1,0,,41.94,,1.72,,3.73,,5.03,,2.55,,3.58,,2.59,,5.27,,2.74,,5.27,,1.64,,4.29,,2.67,,3.87,,3.33,,4.71,,1.08,
SS92-X-58,SS92,Sample location delocated to a 10km square (see metadata),290000,120000,295000,125000,2,0,,32.77,,1.51,,8.12,,3.34,,0.83,,8.23,,2.77,,4.3,,1.76,,4.87,,1.78,,7.09,,2.97,,3.24,,2.7,,3.04,,0.67,
ST02-X-95,ST02,Sample location delocated to a 10km square (see metadata),300000,120000,305000,125000,2,0,,34.69,,2.29,,17.19,,5.53,,3.36,,7.71,,3.27,,8.16,,3.43,,8.18,,2.19,,7.38,,4.88,,3.33,,4.43,,6.6,,1.01,
ST02-X-95,ST02,Sample location delocated to a 10km square (see metadata),300000,120000,305000,125000,3,0,,42.84,,2.94,,10.63,,6.76,,5.37,,6.63,,3.75,,9.26,,4.64,,10.75,,2.68,,9.87,,6.02,,3.67,,6.63,,6.65,,1.37,
ST10-X-03,ST10,Sample location delocated to a 10km square (see metadata),310000,100000,315000,105000,1,0,,35.89,,1.41,,9.25,,4.96,,3.92,,5.95,,2.73,,7.9,,3.28,,7.99,,1.51,,6.93,,4.64,,3.09,,4.32,,5.82,,0.89,
ST10-X-03,ST10,Sample location delocated to a 10km square (see metadata),310000,100000,315000,105000,2,1,,38.8,,1.75,,8.55,,4.87,,3.44,,4.51,,2.52,,6.59,,3.07,,6.62,,1.97,,7.75,,4.82,,2.75,,3.8,,6.02,,1.16,
ST10-X-73,ST10,Sample location delocated to a 10km square (see metadata),310000,100000,315000,105000,1,0,,27.64,,0.94,,5.79,,2.31,,2.21,,3.33,,1.44,,4.09,,2.23,,4.17,,1.09,,3.61,,2.73,,1.91,,2.02,,3.54,,0.68,
ST10-X-73,ST10,Sample location delocated to a 10km square (see metadata),310000,100000,315000,105000,2,1,,27.01,,1.6,,8.19,,3.06,,3.29,,5.35,,2.18,,5.7,,2.67,,6.28,,1.19,,5.02,,4.7,,2.65,,3.65,,5,,0.81,
ST10-X-73,ST10,Sample location delocated to a 10km square (see metadata),310000,100000,315000,105000,3,0,,26.53,,1.58,,6.39,,3.47,,2.34,,4.04,,2.01,,5.52,,2.18,,5.42,,1.17,,4.48,,4.44,,2.01,,2.97,,4.29,,0.64,
ST10-X-73,ST10,Sample location delocated to a 10km square (see metadata),310000,100000,315000,105000,4,0,,21.89,,0.89,,9.25,,2.73,,1.67,,5.99,,1.24,,3.32,,1.44,,4.04,,0.8,,4.34,,3.13,,2.04,,2.2,,2.87,,0.4,
ST32-X-87,ST32,Sample location delocated to a 10km square (see metadata),330000,120000,335000,125000,5,0,,24.18,,1.82,,5.1,,3.59,,2.14,,3.38,,2.05,,4.6,,2.53,,4.32,,1.58,,3.92,,3.36,,2.38,,2.59,,3.62,,1.15,
ST56-X-83,ST56,Sample location delocated to a 10km square (see metadata),350000,160000,355000,165000,2,1,,26.53,,1.06,,3.44,,2.06,,1.21,,2.65,,1.58,,3.35,,1.24,,3.74,,0.79,,2.97,,2.54,,0.92,,1.83,,2.81,,0.42,
ST56-X-83,ST56,Sample location delocated to a 10km square (see metadata),350000,160000,355000,165000,5,0,,14.68,,1.72,,5.41,,3.49,,2.17,,3.1,,1.98,,4.94,,1.86,,5.26,,0.97,,4.88,,3.38,,1.21,,3.89,,4.09,,0.53,
ST58-X-97,ST58,Sample location delocated to a 10km square (see metadata),350000,180000,355000,185000,1,1,,32.45,,2.42,,8.24,,5.63,,3.14,,5.74,,2.65,,7.56,,2.95,,7.34,,1.73,,6.39,,4.83,,2.93,,4.7,,6.45,,0.8,
ST58-X-97,ST58,Sample location delocated to a 10km square (see metadata),350000,180000,355000,185000,2,0,,29.21,,1.93,,5.65,,4.27,,2.91,,3.3,,2.26,,6.24,,2.43,,5.83,,1.23,,5.98,,3.8,,1.98,,4.1,,4.8,,0.72,
ST58-X-97,ST58,Sample location delocated to a 10km square (see metadata),350000,180000,355000,185000,3,0,,22.83,,0.96,,4.87,,2.9,,1.81,,2.94,,1.38,,4.25,,1.78,,4.22,,0.84,,3.75,,2.41,,1.42,,2.17,,2.87,,0.5,
ST58-X-97,ST58,Sample location delocated to a 10km square (see metadata),350000,180000,355000,185000,4,1,,21,,1.34,,8.99,,3.2,,0.85,,6.03,,2.62,,4.15,,1.17,,4.58,,0.9,,6.6,,2.21,,3.01,,3.12,,2.46,,0.46,
ST64-X-50,ST64,Sample location delocated to a 10km square (see metadata),360000,140000,365000,145000,1,0,,31.21,,1.31,,9.1,,2.94,,2.97,,7.02,,1.71,,3.51,,2.1,,3.96,,1.26,,4.67,,2.53,,3.07,,2.55,,3.29,,0.82,
ST64-X-50,ST64,Sample location delocated to a 10km square (see metadata),360000,140000,365000,145000,2,0,,33.36,,2.39,,12.39,,5.96,,3.52,,10.61,,2.77,,6.57,,2.95,,6.83,,2.13,,7.59,,3.99,,4.3,,4.89,,5.18,,1.02,
ST64-X-50,ST64,Sample location delocated to a 10km square (see metadata),360000,140000,365000,145000,3,0,,30.63,,2.07,,9.11,,4.17,,3.95,,6.73,,2.52,,6.01,,3.23,,6.18,,1.99,,5.01,,4.33,,2.88,,2.98,,4.96,,1.29,
ST65-X-52,ST65,Sample location delocated to a 10km square (see metadata),360000,150000,365000,155000,1,0,,21.28,,0.81,,5.73,,2.33,,1.45,,4.9,,1.22,,2.6,,1.25,,2.67,,0.75,,3.09,,1.71,,2.07,,1.37,,1.86,,0.48,
ST65-X-52,ST65,Sample location delocated to a 10km square (see metadata),360000,150000,365000,155000,2,0,,22.01,,1.16,,7.09,,2.58,,1.29,,4.53,,1.42,,3.37,,1.42,,3.33,,0.93,,3.62,,2.39,,1.87,,1.96,,2.47,,0.55,
ST65-X-52,ST65,Sample location delocated to a 10km square (see metadata),360000,150000,365000,155000,3,1,,32.33,,1.98,,6.74,,3.83,,3.11,,4.3,,2.7,,5.74,,3.21,,6,,1.76,,5.12,,4.33,,2.7,,2.87,,4.49,,1.3,
ST65-X-52,ST65,Sample location delocated to a 10km square (see metadata),360000,150000,365000,155000,4,0,,29.26,,1.94,,9.35,,3.51,,0.83,,6.42,,3.37,,5.52,,2.21,,5.52,,1.77,,8.33,,3.75,,3.42,,3.48,,3.25,,0.82,
ST69-X-45,ST69,Sample location delocated to a 10km square (see metadata),360000,190000,365000,195000,2,0,,36.78,,2.82,,6.01,,5.57,,3.45,,4.76,,3.07,,7.35,,3.25,,7.14,,1.83,,6.74,,4.39,,3.55,,4.72,,6.29,,0.96,
ST69-X-45,ST69,Sample location delocated to a 10km square (see metadata),360000,190000,365000,195000,3,1,,40.38,,2.42,,3.98,,4.82,,3.53,,3.92,,3.1,,7,,3.37,,7.15,,1.57,,7.1,,4.38,,2.63,,4.83,,6.88,,1.6,
ST77-X-18,ST77,Sample location delocated to a 10km square (see metadata),370000,170000,375000,175000,1,4,,24.23,,1.22,,3.99,,3.12,,1.17,,3.7,,1,,3.58,,1.45,,5,,1.31,,4.55,,2.52,,1.04,,1.31,,2.9,,0.61,
ST77-X-18,ST77,Sample location delocated to a 10km square (see metadata),370000,170000,375000,175000,3,4,,30.53,,1.69,,5.92,,4.3,,1.35,,5.43,,1.66,,5.4,,1.74,,5.72,,1.49,,5.43,,2.72,,1.45,,2.44,,5.31,,0.86,
ST77-X-18,ST77,Sample location delocated to a 10km square (see metadata),370000,170000,375000,175000,4,4,,24.61,,1.15,,3.89,,3.01,,1.07,,3.76,,1.38,,4.4,,1.26,,4.73,,1.15,,4.94,,2.11,,1.02,,2.01,,3.72,,0.61,
ST77-X-79,ST77,Sample location delocated to a 10km square (see metadata),370000,170000,375000,175000,3,3,,40.68,,1.88,,16.23,,4.73,,1,,12.78,,4.02,,6.62,,2.44,,7.55,,1.97,,12.58,,4.47,,5.17,,2.55,,5.49,,0.95,
ST77-X-79,ST77,Sample location delocated to a 10km square (see metadata),370000,170000,375000,175000,6,4,,41.05,,1.66,,7.93,,6.65,,1.14,,6.93,,2.18,,8.31,,1.99,,8.1,,2.06,,9.18,,3.83,,1.62,,2.34,,8.46,,0.77,
ST83-X-06,ST83,Sample location delocated to a 10km square (see metadata),380000,130000,385000,135000,1,0,,24.63,,0.83,,2.52,,1.71,,1.4,,1.59,,1.6,,3.23,,1.32,,3.58,,0.73,,3.63,,2.14,,1.12,,1.74,,2.3,,0.48,
ST83-X-06,ST83,Sample location delocated to a 10km square (see metadata),380000,130000,385000,135000,2,0,,34.35,,2.3,,5.81,,4.61,,2.05,,4.03,,3.23,,6.77,,2.67,,7.38,,1.4,,7.07,,5,,1.66,,5.37,,5.07,,0.77,
ST83-X-06,ST83,Sample location delocated to a 10km square (see metadata),380000,130000,385000,135000,3,0,,29.42,,1.19,,3.19,,2.64,,1.91,,2.16,,2.28,,4.34,,1.96,,5.17,,1.09,,3.95,,3.87,,1.43,,2.36,,3.92,,0.75,
ST83-X-06,ST83,Sample location delocated to a 10km square (see metadata),380000,130000,385000,135000,4,0,,35.51,,2.12,,4.86,,4.72,,2.09,,3.32,,3.09,,6.66,,2.74,,7.29,,1.65,,6.94,,4.65,,2.05,,4.29,,6.06,,0.94,
ST83-X-06,ST83,Sample location delocated to a 10km square (see metadata),380000,130000,385000,135000,5,0,,36.35,,1.65,,5.35,,4.47,,2.37,,4.03,,2.82,,5.49,,2.83,,6.65,,1.52,,8.18,,5.09,,3.29,,3.24,,5.37,,1.06,
ST83-X-06,ST83,Sample location delocated to a 10km square (see metadata),380000,130000,385000,135000,6,0,,32.89,,1.12,,3.6,,3.38,,2.04,,2.45,,2.17,,4.64,,2.48,,5.26,,1.34,,6.28,,3.39,,2.99,,3.03,,4.45,,0.67,
SU10-X-40,SU10,Sample location delocated to a 10km square (see metadata),410000,100000,415000,105000,1,1,,12.04,,0.44,,3.57,,0.88,,0.32,,3.07,,2.32,,1.42,,0.64,,1.51,,0.43,,3.37,,1.08,,2.18,,0.97,,1.49,,0.28,
SU10-X-40,SU10,Sample location delocated to a 10km square (see metadata),410000,100000,415000,105000,2,0,,16,,1.23,,3.42,,2.37,,2.16,,1.9,,1.45,,3.56,,1.67,,3.65,,1.15,,3.86,,2.56,,1.21,,2.4,,3.83,,0.71,
SU10-X-40,SU10,Sample location delocated to a 10km square (see metadata),410000,100000,415000,105000,3,0,,12.87,,0.61,,2.94,,1.16,,0.94,,1.15,,0.96,,1.79,,0.78,,2.11,,0.56,,1.9,,1.55,,0.61,,1.08,,1.62,,0.33,
SU10-X-40,SU10,Sample location delocated to a 10km square (see metadata),410000,100000,415000,105000,4,0,,12.17,,0.49,,1.01,,0.8,,0.73,,0.63,,0.76,,1.6,,0.74,,1.78,,0.32,,1.29,,1.54,,0.35,,0.83,,1.84,,0.28,
SU10-X-40,SU10,Sample location delocated to a 10km square (see metadata),410000,100000,415000,105000,6,0,,27.17,,0.68,,1.68,,1.79,,1.81,,1.42,,0.33,,1.72,,1.29,,3.14,,0.9,,2.43,,1.78,,0.93,,1.84,,2.8,,0.55,
SU26-X-21,SU26,Sample location delocated to a 10km square (see metadata),420000,160000,425000,165000,2,0,,20.27,,1.08,,5.22,,1.96,,1.16,,4.54,,1.4,,2.71,,1.15,,2.83,,0.73,,3.35,,1.79,,1.85,,1.98,,2.15,,0.54,
SU26-X-21,SU26,Sample location delocated to a 10km square (see metadata),420000,160000,425000,165000,3,3,,17.62,,0.49,,5.67,,1.73,,0.45,,3.31,,0.93,,2.46,,0.67,,2.48,,0.62,,3.99,,1.1,,1.13,,0.8,,1.54,,0.3,
SU29-X-51,SU29,Sample location delocated to a 10km square (see metadata),420000,190000,425000,195000,3,4,,22.76,,0.84,,5.51,,2.56,,0.89,,3.87,,0.97,,3.49,,1.12,,3.52,,1.05,,4.92,,1.69,,1.31,,1.05,,2.26,,0.52,
SU29-X-51,SU29,Sample location delocated to a 10km square (see metadata),420000,190000,425000,195000,4,4,,26.77,,1.12,,6.65,,3.61,,1.07,,5.69,,1.53,,4.51,,1.54,,5.22,,1.21,,7.18,,2.5,,1.73,,1.95,,3.4,,0.7,
SU38-X-26,SU38,Sample location delocated to a 10km square (see metadata),430000,180000,435000,185000,1,4,,40.07,,2.04,,5.65,,5.34,,1.2,,5.78,,2.32,,7.07,,2.79,,7.99,,2.34,,7.67,,4.22,,1.28,,3.11,,7.32,,0.84,
SU38-X-26,SU38,Sample location delocated to a 10km square (see metadata),430000,180000,435000,185000,2,4,,25.65,,0.76,,3.68,,2.89,,0.72,,3.16,,1.1,,3.98,,1.22,,4.5,,1.11,,4.59,,2.08,,0.66,,0.96,,3.18,,0.49,
SU50-X-83,SU50,Sample location delocated to a 10km square (see metadata),450000,100000,455000,105000,1,0,,26.44,,0.73,,7.5,,1.9,,1.65,,3.95,,1.44,,2.45,,1.42,,2.46,,0.82,,3.3,,1.73,,2.87,,1.47,,2.26,,0.49,
SU50-X-83,SU50,Sample location delocated to a 10km square (see metadata),450000,100000,455000,105000,2,1,,25.29,,1.54,,8.02,,2.8,,0.5,,6.46,,3.72,,4.02,,1.4,,4.29,,1.12,,7.28,,2.46,,3.52,,3.08,,3.87,,0.56,
SU50-X-83,SU50,Sample location delocated to a 10km square (see metadata),450000,100000,455000,105000,4,1,,24.7,,1.09,,10.61,,3.19,,0.4,,7.42,,3.66,,4.06,,1.32,,5.12,,1.42,,8.58,,2.69,,4.74,,3.19,,3.9,,0.53,
SU58-X-30,SU58,Sample location delocated to a 10km square (see metadata),450000,180000,455000,185000,3,4,,20.65,,0.61,,4.25,,2.04,,0.41,,2.97,,0.65,,2.72,,0.74,,3.41,,0.7,,3.89,,1.23,,0.79,,0.64,,1.62,,0.39,
SU62-X-52,SU62,Sample location delocated to a 10km square (see metadata),460000,120000,465000,125000,5,4,,24.83,,0.94,,3.19,,2.8,,0.91,,2.42,,0.84,,3.31,,1.45,,4.03,,1.34,,3.4,,2.12,,0.77,,0.75,,3.09,,0.65,
SU63-X-94,SU63,Sample location delocated to a 10km square (see metadata),460000,130000,465000,135000,1,0,,25.1,,1.25,,8.27,,3.38,,2.69,,5.69,,1.83,,4.63,,2.31,,5.02,,1.38,,5.03,,3.21,,3.41,,2.65,,3.62,,0.68,
SU63-X-94,SU63,Sample location delocated to a 10km square (see metadata),460000,130000,465000,135000,2,0,,24.81,,1.6,,11.19,,4.65,,2.08,,9.11,,1.91,,5.15,,2.45,,5.42,,1.45,,5.91,,3.56,,5.48,,2.85,,4.55,,0.78,
SU63-X-94,SU63,Sample location delocated to a 10km square (see metadata),460000,130000,465000,135000,3,1,,22,,1.28,,9.9,,3.11,,1.36,,7.78,,1.71,,3.88,,1.68,,4.65,,0.98,,5.08,,3.2,,3,,1.98,,2.71,,0.52,
SU63-X-94,SU63,Sample location delocated to a 10km square (see metadata),460000,130000,465000,135000,4,0,,25.83,,1.54,,9.47,,4.77,,3.06,,7.09,,2.47,,5.39,,2.77,,4.83,,1.99,,5.69,,4.69,,3.94,,2.88,,4.97,,1.09,
SU92-X-21,SU92,Sample location delocated to a 10km square (see metadata),490000,120000,495000,125000,2,1,,15.77,,0.77,,6.87,,1.63,,1.07,,4.02,,1.72,,2.44,,1.45,,2.54,,0.81,,2.75,,1.63,,2.19,,1.36,,2.19,,0.41,
SU92-X-21,SU92,Sample location delocated to a 10km square (see metadata),490000,120000,495000,125000,3,1,,15.41,,0.62,,7.83,,1.43,,1.12,,4.65,,0.94,,1.98,,1.1,,2.36,,0.56,,2.62,,1.49,,1.47,,0.9,,1.45,,0.38,
SW72-X-01,SW72,Sample location delocated to a 10km square (see metadata),170000,20000,175000,25000,1,0,,24.27,,0.95,,5.03,,2.17,,1.78,,2.81,,1.57,,3.43,,1.71,,3.48,,0.94,,3.04,,2.82,,1.31,,1.78,,2.77,,0.55,
SW72-X-01,SW72,Sample location delocated to a 10km square (see metadata),170000,20000,175000,25000,2,0,,25.64,,0.67,,4.45,,1.61,,1.43,,2.17,,1.4,,2.58,,1.32,,2.77,,0.75,,2.34,,1.98,,1.25,,1.69,,2.19,,0.47,
SW72-X-01,SW72,Sample location delocated to a 10km square (see metadata),170000,20000,175000,25000,3,0,,28.28,,1.16,,4.64,,2.7,,2.23,,2.95,,1.85,,4.08,,2.34,,4.56,,1.14,,3.72,,3.45,,1.65,,1.96,,3.01,,0.73,
SW72-X-01,SW72,Sample location delocated to a 10km square (see metadata),170000,20000,175000,25000,4,0,,28.82,,0.71,,8.68,,2.92,,1.56,,6.7,,1.27,,3.59,,1.52,,4.03,,0.81,,5.5,,2.36,,2.46,,2.14,,2.44,,0.48,
SW72-X-48,SW72,Sample location delocated to a 10km square (see metadata),170000,20000,175000,25000,1,0,,25.8,,0.87,,6.74,,2.38,,1.61,,4.81,,1.37,,3.05,,1.53,,2.93,,0.87,,3.28,,2,,2.24,,1.5,,2.48,,0.52,
SW72-X-48,SW72,Sample location delocated to a 10km square (see metadata),170000,20000,175000,25000,3,0,,22.56,,0.57,,6.51,,2.16,,1.27,,4.21,,0.99,,2.58,,1.06,,2.62,,0.69,,3.34,,1.69,,1.8,,1.28,,2.2,,0.38,
SW72-X-48,SW72,Sample location delocated to a 10km square (see metadata),170000,20000,175000,25000,4,0,,26.7,,0.7,,7.18,,1.86,,1.58,,5.14,,1.14,,2.9,,1.28,,2.97,,0.73,,3.31,,2.14,,1.95,,1.49,,1.83,,0.49,
SW72-X-48,SW72,Sample location delocated to a 10km square (see metadata),170000,20000,175000,25000,6,0,,31.73,,0.97,,7.46,,3.16,,1.71,,5.41,,1.82,,4.02,,1.82,,3.85,,1.17,,4.47,,2.86,,2.56,,2.02,,3.07,,0.6,
SW83-X-65,SW83,Sample location delocated to a 10km square (see metadata),180000,30000,185000,35000,1,0,,27.93,,1.44,,8.75,,2.8,,1.91,,6.24,,1.54,,3.38,,1.9,,3.32,,1.39,,3.34,,1.98,,2.06,,2.78,,2.93,,0.92,
SW83-X-65,SW83,Sample location delocated to a 10km square (see metadata),180000,30000,185000,35000,2,0,,24.86,,1.62,,9.65,,2.99,,3.04,,6.52,,1.78,,3.68,,2.23,,5.01,,1.5,,4.69,,3.23,,2.16,,3.1,,3.95,,1.42,
SW83-X-65,SW83,Sample location delocated to a 10km square (see metadata),180000,30000,185000,35000,3,0,,32.44,,2.38,,10.63,,4.19,,2.77,,6.24,,2.51,,4.96,,2.94,,4.96,,1.99,,4.52,,3.35,,2.95,,2.85,,4.7,,1.61,
SW83-X-65,SW83,Sample location delocated to a 10km square (see metadata),180000,30000,185000,35000,4,0,,25.2,,1.68,,8.71,,3.3,,2.81,,5.9,,1.81,,4.1,,2.49,,4.68,,1.87,,4.42,,3.27,,2.11,,2.7,,3.83,,1.13,
SW84-X-14,SW84,Sample location delocated to a 10km square (see metadata),180000,40000,185000,45000,1,0,,31.92,,1.8,,10.99,,4.13,,2.77,,6.53,,2.52,,5.04,,3.05,,5.34,,1.8,,5.58,,3.37,,3.68,,3.23,,4.88,,1.34,
SW84-X-14,SW84,Sample location delocated to a 10km square (see metadata),180000,40000,185000,45000,2,0,,41.9,,3.14,,12.66,,6.39,,6.87,,8.68,,4.4,,8.98,,4.86,,9.84,,3.06,,8.86,,6.27,,4.08,,7.04,,7.69,,1.95,
SW84-X-14,SW84,Sample location delocated to a 10km square (see metadata),180000,40000,185000,45000,3,0,,39.83,,3.02,,12.43,,7.15,,5.35,,8.73,,3.83,,8.72,,4.62,,8.52,,2.93,,8.37,,5.83,,4.2,,5.32,,6.98,,1.86,
SW84-X-14,SW84,Sample location delocated to a 10km square (see metadata),180000,40000,185000,45000,4,0,,29.86,,1.32,,8.86,,2.83,,2.76,,5.97,,1.87,,3.64,,2.01,,3.94,,1.3,,3.84,,2.38,,2.16,,3,,3.11,,0.76,
SX06-X-23,SX06,Sample location delocated to a 10km square (see metadata),200000,60000,205000,65000,1,2,,27.88,,0.73,,10.94,,2.04,,0.93,,7.06,,2.36,,3.25,,1.13,,3.63,,1.18,,7.1,,1.76,,2.11,,1.56,,2.03,,0.51,
SX06-X-23,SX06,Sample location delocated to a 10km square (see metadata),200000,60000,205000,65000,2,1,,39.15,,2.93,,18.21,,6.44,,2.91,,14.39,,6.28,,9.56,,3.77,,10.24,,3.17,,14.45,,7.86,,6.11,,7.3,,5.5,,1.2,
SX06-X-23,SX06,Sample location delocated to a 10km square (see metadata),200000,60000,205000,65000,3,1,,33.28,,2.25,,10.99,,4.68,,2.99,,7.76,,4.44,,7.23,,3.27,,6.39,,1.98,,8.46,,5.53,,3.84,,4.36,,5.28,,1.02,
SX06-X-23,SX06,Sample location delocated to a 10km square (see metadata),200000,60000,205000,65000,4,1,,27.76,,0.84,,13.22,,2.54,,0.73,,6.48,,2.51,,3.8,,1.31,,4.17,,1.22,,7.84,,2.99,,2.36,,2.5,,2.73,,0.43,
SX07-X-56,SX07,Sample location delocated to a 10km square (see metadata),200000,70000,205000,75000,3,0,,25.52,,0.95,,11.26,,2.12,,1.06,,8.15,,1.88,,2.26,,1.24,,3.06,,1.36,,7.17,,1.6,,2.69,,1.78,,1.92,,0.58,
SX16-X-83,SX16,Sample location delocated to a 10km square (see metadata),210000,60000,215000,65000,1,0,,39.34,,1.47,,7.49,,3.51,,2.45,,4.2,,2.24,,4.48,,2.63,,5.39,,1.59,,5.26,,3.43,,2.46,,2.62,,4.11,,0.8,
SX16-X-83,SX16,Sample location delocated to a 10km square (see metadata),210000,60000,215000,65000,3,0,,38.48,,1.4,,7.13,,3.93,,2.8,,3.56,,2.47,,5.38,,2.95,,5.7,,1.73,,5.44,,3.55,,2.75,,3.1,,5.29,,0.93,
SX16-X-83,SX16,Sample location delocated to a 10km square (see metadata),210000,60000,215000,65000,4,0,,36.34,,1.69,,8.04,,4.31,,2.5,,4.1,,2.24,,5.3,,2.66,,5.94,,1.76,,5.77,,4.29,,3.1,,2.97,,4.66,,0.99,
SX26-X-02,SX26,Sample location delocated to a 10km square (see metadata),220000,60000,225000,65000,1,0,,36.23,,2.17,,10.69,,4.31,,3.31,,7.5,,2.17,,5.35,,3.05,,5.54,,1.95,,6.25,,3.67,,4.24,,3.42,,5.24,,1.23,
SX26-X-02,SX26,Sample location delocated to a 10km square (see metadata),220000,60000,225000,65000,4,0,,33.86,,1.16,,9.47,,2.29,,2.04,,5.94,,1.65,,2.85,,1.83,,3.14,,1.01,,4.73,,2.01,,3.94,,2.08,,2.43,,0.84,
SX47-X-43,SX47,Sample location delocated to a 10km square (see metadata),240000,70000,245000,75000,2,0,,45.62,,2.96,,15.29,,7.72,,6.68,,10.82,,4.17,,10.13,,5.16,,10.92,,2.86,,10.08,,7.55,,6.43,,6.65,,7.51,,1.86,
SX57-X-54,SX57,Sample location delocated to a 10km square (see metadata),250000,70000,255000,75000,1,0,,65.82,,3.14,,18.39,,10.79,,8.09,,8.25,,7,,12.6,,6.36,,13.19,,4.4,,12.06,,12.32,,7.59,,7.73,,9.03,,2.32,
SX57-X-54,SX57,Sample location delocated to a 10km square (see metadata),250000,70000,255000,75000,2,0,,44.84,,2.19,,7.76,,5.56,,5.93,,4.52,,4.12,,9.39,,4.54,,8.42,,2.61,,5.86,,6.48,,4.15,,6.08,,6.36,,1.3,
SX57-X-54,SX57,Sample location delocated to a 10km square (see metadata),250000,70000,255000,75000,3,0,,46.94,,1.99,,5.07,,3.67,,3.84,,2.42,,2.5,,4.75,,2.6,,4.5,,1.6,,4.32,,4.61,,4.2,,2.61,,4.29,,1.36,
SX57-X-54,SX57,Sample location delocated to a 10km square (see metadata),250000,70000,255000,75000,4,0,,42.24,,1.92,,6.74,,4.05,,3.47,,4.08,,2.9,,5.27,,2.87,,6.53,,2.3,,7.51,,5.17,,3.69,,3.93,,5.66,,1.33,
SX69-X-05,SX69,Sample location delocated to a 10km square (see metadata),260000,90000,265000,95000,2,0,,22.85,,0.75,,5.93,,1.69,,1.35,,4.15,,1.15,,2.6,,1.21,,2.81,,0.66,,2.86,,1.9,,1.32,,1.5,,2.04,,0.41,
SX69-X-05,SX69,Sample location delocated to a 10km square (see metadata),260000,90000,265000,95000,3,0,,28.62,,0.92,,5.21,,2.52,,1.63,,4.2,,1.6,,3.29,,1.6,,3.55,,0.79,,3.88,,2.12,,1.31,,1.87,,2.61,,0.56,
SX69-X-05,SX69,Sample location delocated to a 10km square (see metadata),260000,90000,265000,95000,4,0,,36.31,,1.46,,3.7,,3.13,,1.86,,2.67,,1.88,,3.71,,2.09,,4.03,,1.17,,3.82,,3.19,,1.67,,2.77,,3.16,,0.75,
SX69-X-05,SX69,Sample location delocated to a 10km square (see metadata),260000,90000,265000,95000,5,0,,36.14,,2.46,,6.27,,4.26,,3.14,,4.04,,2.64,,6.17,,2.67,,5.88,,1.76,,5.51,,4.31,,2.49,,3.93,,4.32,,0.92,
SX73-X-00,SX73,Sample location delocated to a 10km square (see metadata),270000,30000,275000,35000,1,0,,22.51,,0.97,,6.18,,2.18,,1.45,,2.97,,1.37,,3.2,,1.7,,3.13,,1,,2.95,,2.06,,1.86,,1.81,,2.67,,0.64,
SX73-X-00,SX73,Sample location delocated to a 10km square (see metadata),270000,30000,275000,35000,3,0,,23.45,,0.95,,6.29,,1.88,,1.6,,3.19,,1.24,,2.96,,1.66,,3.27,,0.96,,2.93,,2.48,,1.6,,1.65,,2.77,,0.72,
SX74-X-66,SX74,Sample location delocated to a 10km square (see metadata),270000,40000,275000,45000,3,1,,33.92,,2.83,,12.12,,5.69,,2.99,,6.45,,2.82,,7.53,,3.36,,7.77,,2.17,,7.94,,5.06,,3.1,,3.56,,5.77,,0.98,
SX74-X-66,SX74,Sample location delocated to a 10km square (see metadata),270000,40000,275000,45000,4,0,,30.35,,1.24,,8.02,,3.28,,2.47,,3.92,,1.97,,5.6,,2.55,,5.75,,1.29,,4.71,,3.79,,2.15,,3.15,,4.46,,0.7,
SX74-X-66,SX74,Sample location delocated to a 10km square (see metadata),270000,40000,275000,45000,5,0,,29.06,,1.47,,10.45,,3.56,,1.15,,5.08,,2.03,,4.52,,1.82,,4.22,,1.31,,4.3,,2.81,,2.45,,2.48,,3.69,,0.65,
SX74-X-66,SX74,Sample location delocated to a 10km square (see metadata),270000,40000,275000,45000,6,0,,34.53,,1.97,,8.49,,4.67,,2.02,,4.12,,2.61,,6.58,,3.04,,6.38,,1.6,,5.68,,4.83,,2.19,,3.13,,5.13,,0.99,
SY08-X-14,SY08,Sample location delocated to a 10km square (see metadata),300000,80000,305000,85000,1,0,,24.06,,1.12,,8.04,,2.73,,2.99,,5.89,,1.4,,3.14,,2.13,,4.31,,1.16,,4.1,,2.92,,2.66,,2.13,,3.61,,0.64,
SY08-X-14,SY08,Sample location delocated to a 10km square (see metadata),300000,80000,305000,85000,2,1,,18.86,,1.04,,7.66,,3.27,,2.15,,7.2,,1.05,,4.09,,1.74,,4.26,,0.97,,4.37,,2.69,,2.49,,2.08,,3.56,,0.52,
SY08-X-14,SY08,Sample location delocated to a 10km square (see metadata),300000,80000,305000,85000,3,0,,17.07,,0.6,,8.61,,1.88,,1.24,,4.92,,0.77,,2.25,,1.28,,2.63,,0.65,,3.35,,1.77,,2.47,,1.23,,2.16,,0.41,
SY08-X-14,SY08,Sample location delocated to a 10km square (see metadata),300000,80000,305000,85000,4,0,,19.66,,0.68,,7.22,,1.97,,1.42,,5.26,,0.81,,2.25,,1.48,,2.85,,0.65,,3.41,,1.75,,2.23,,1.12,,1.97,,0.45,
TA10-X-85,TA10,Sample location delocated to a 10km square (see metadata),510000,400000,515000,405000,1,1,,18.71,,0.59,,9.54,,1.89,,0.3,,8.02,,2.5,,2.67,,0.97,,3.31,,0.88,,7.2,,1.39,,3.68,,0.9,,1.66,,0.33,
TA10-X-85,TA10,Sample location delocated to a 10km square (see metadata),510000,400000,515000,405000,3,1,,13.48,,0.46,,7.55,,1.39,,0.26,,4.72,,1.56,,2.03,,0.68,,2.35,,0.57,,4.73,,1.1,,1.88,,0.81,,1.28,,0.31,
TA10-X-85,TA10,Sample location delocated to a 10km square (see metadata),510000,400000,515000,405000,4,1,,14.91,,0.71,,8.78,,2.06,,0.38,,6.64,,1.75,,2.76,,0.91,,3.43,,0.84,,5.96,,1.51,,2.58,,0.78,,1.97,,0.36,
TA10-X-85,TA10,Sample location delocated to a 10km square (see metadata),510000,400000,515000,405000,2,0,,15.97,,0.48,,7.15,,1.58,,0.29,,4.03,,1.23,,2.06,,0.79,,2.37,,0.75,,4.01,,1.11,,1.88,,0.84,,1.29,,0.32,
TA12-X-94,TA12,Sample location delocated to a 10km square (see metadata),510000,420000,515000,425000,2,1,,24.16,,0.95,,6.45,,1.98,,0.7,,3.84,,1.65,,2.87,,0.85,,3.17,,0.71,,3.38,,1.55,,1.12,,2.5,,2.07,,0.4,
TA14-X-65,TA14,Sample location delocated to a 10km square (see metadata),510000,440000,515000,445000,2,0,,23.6,,1.28,,5.29,,2.91,,2.35,,3.29,,1.71,,3.5,,2.1,,4.23,,1.42,,3.62,,2.53,,1.87,,2.1,,2.92,,1.29,
TA20-X-79,TA20,Sample location delocated to a 10km square (see metadata),520000,400000,525000,405000,1,0,,15.23,,1.05,,4.95,,1.9,,0.81,,2.68,,1.21,,2.6,,1.1,,2.38,,0.72,,2.23,,1.58,,0.99,,1.62,,2.04,,0.58,
TA20-X-79,TA20,Sample location delocated to a 10km square (see metadata),520000,400000,525000,405000,2,1,,16.53,,0.68,,7.01,,1.55,,0.37,,4,,1.66,,2.48,,0.74,,2.57,,0.79,,3.12,,1.21,,1.46,,1.46,,1.58,,0.42,
TA23-X-87,TA23,Sample location delocated to a 10km square (see metadata),520000,430000,525000,435000,1,0,,16.64,,0.51,,5.88,,1.53,,0.44,,3.75,,0.94,,1.95,,0.58,,2.01,,0.46,,2.15,,1.06,,0.92,,1.05,,1.54,,0.26,
TA23-X-87,TA23,Sample location delocated to a 10km square (see metadata),520000,430000,525000,435000,2,0,,17.72,,0.64,,3.07,,1.47,,0.7,,2.47,,0.96,,2.08,,0.64,,2.2,,0.38,,1.77,,1.12,,0.69,,1.06,,1.69,,0.25,
TA23-X-87,TA23,Sample location delocated to a 10km square (see metadata),520000,430000,525000,435000,3,0,,18.05,,0.82,,4.12,,1.56,,0.53,,2.07,,1.17,,2.46,,0.73,,2.34,,0.51,,2.12,,1.25,,0.85,,1.43,,1.97,,0.28,
TA23-X-87,TA23,Sample location delocated to a 10km square (see metadata),520000,430000,525000,435000,4,3,,14.99,,0.58,,5.04,,1.05,,0.39,,3.24,,1.48,,1.66,,0.51,,1.65,,0.53,,3.22,,0.78,,1.91,,0.64,,1.03,,0.32,
TF12-X-73,TF12,Sample location delocated to a 10km square (see metadata),510000,320000,515000,325000,1,0,,38,,1.05,,4.73,,2.11,,0.46,,3.77,,3.72,,3.84,,1.34,,4.09,,1.09,,4.83,,2.48,,2.23,,2.5,,3.02,,0.58,
TF12-X-73,TF12,Sample location delocated to a 10km square (see metadata),510000,320000,515000,325000,4,1,,38.23,,3.18,,8.14,,5.94,,1.75,,5.02,,4.96,,8.05,,3.08,,8.46,,2.18,,7.73,,5.55,,2.59,,3.96,,7,,1.11,
TF15-X-76,TF15,Sample location delocated to a 10km square (see metadata),510000,350000,515000,355000,2,0,,15.93,,1.79,,5.88,,3.31,,1.96,,3.73,,1.94,,4.63,,1.93,,4.81,,1.32,,4.48,,2.84,,1.64,,2.72,,3.31,,0.92,
TF15-X-76,TF15,Sample location delocated to a 10km square (see metadata),510000,350000,515000,355000,3,0,,24.48,,1.91,,4.64,,3.48,,2.7,,2.79,,2.46,,5.28,,2.39,,4.82,,1.59,,4.13,,2.81,,1.68,,3.22,,3.72,,1.02,
TF16-X-56,TF16,Sample location delocated to a 10km square (see metadata),510000,360000,515000,365000,2,1,,25.5,,0.72,,10.06,,2.04,,0.36,,5.96,,4.69,,3.46,,0.73,,2.75,,0.89,,5.56,,1.52,,5.93,,1.52,,1.71,,0.41,
TF16-X-56,TF16,Sample location delocated to a 10km square (see metadata),510000,360000,515000,365000,3,0,,27.36,,1.21,,12.13,,2.68,,0.56,,5.89,,3.93,,4.06,,1.11,,4.7,,1.02,,5.83,,2.54,,3.81,,2.16,,2.99,,0.51,
TF22-X-99,TF22,Sample location delocated to a 10km square (see metadata),520000,320000,525000,325000,2,1,,16.34,,0.67,,7.34,,1.78,,0.25,,5.02,,2.83,,2.99,,0.71,,2.93,,0.82,,4.99,,1.26,,3.39,,0.8,,1.5,,0.33,
TF22-X-99,TF22,Sample location delocated to a 10km square (see metadata),520000,320000,525000,325000,3,1,,14.61,,0.41,,4.76,,1.02,,0.23,,3.05,,1.12,,1.7,,0.48,,1.47,,0.42,,2.2,,0.61,,0.92,,0.55,,0.7,,0.26,
TF22-X-99,TF22,Sample location delocated to a 10km square (see metadata),520000,320000,525000,325000,4,1,,15.99,,0.35,,4.45,,0.83,,0.15,,3.61,,1.74,,1.56,,0.44,,1.52,,0.45,,3.56,,0.69,,2.61,,0.54,,0.69,,0.22,
TF23-X-61,TF23,Sample location delocated to a 10km square (see metadata),520000,330000,525000,335000,1,1,,17.82,,0.45,,8.28,,1.09,,0.23,,5.94,,2.82,,2.19,,0.63,,2.19,,0.56,,4.7,,0.85,,4.26,,0.73,,0.94,,0.27,
TF23-X-61,TF23,Sample location delocated to a 10km square (see metadata),520000,330000,525000,335000,2,5,,17.83,,0.46,,6.16,,1.2,,0.36,,4.6,,1.67,,2.46,,0.7,,2.74,,0.63,,4.69,,1.14,,1.6,,0.74,,1.29,,0.27,
TF23-X-61,TF23,Sample location delocated to a 10km square (see metadata),520000,330000,525000,335000,3,5,,16.42,,0.31,,3.59,,0.75,,0.22,,2.91,,0.82,,1.59,,0.42,,1.52,,0.41,,2.86,,0.57,,0.96,,0.46,,0.83,,0.23,
TF23-X-61,TF23,Sample location delocated to a 10km square (see metadata),520000,330000,525000,335000,4,5,,18.42,,0.42,,6.68,,1.11,,0.36,,4.38,,1.53,,2.13,,0.51,,2.27,,0.55,,4.14,,1.07,,1.77,,0.53,,1.4,,0.32,
TF27-X-98,TF27,Sample location delocated to a 10km square (see metadata),520000,370000,525000,375000,1,2,,16.6,,1.07,,6.81,,1.8,,0.82,,4.61,,2.13,,2.76,,1.04,,2.91,,0.95,,4.78,,1.55,,2.02,,1.85,,1.92,,0.6,
TF27-X-98,TF27,Sample location delocated to a 10km square (see metadata),520000,370000,525000,375000,4,0,,23.47,,1.92,,6,,3.55,,1.86,,4.23,,2.07,,5.17,,2.01,,4.65,,1.32,,3.74,,2.85,,1.88,,3.01,,4.12,,0.94,
TF29-X-04,TF29,Sample location delocated to a 10km square (see metadata),520000,390000,525000,395000,1,4,,20.42,,0.45,,3.75,,1.98,,0.51,,3.79,,0.41,,3.04,,1.38,,4.37,,0.64,,4.97,,1.57,,0.4,,0.41,,1.88,,0.28,
TF29-X-04,TF29,Sample location delocated to a 10km square (see metadata),520000,390000,525000,395000,2,4,,20.61,,0.46,,2.56,,1.77,,0.34,,2.14,,0.44,,2.33,,0.61,,3.33,,0.52,,3.15,,1.1,,0.43,,0.43,,1.61,,0.27,
TF29-X-04,TF29,Sample location delocated to a 10km square (see metadata),520000,390000,525000,395000,3,4,,20.05,,0.46,,2.95,,1.48,,0.38,,2.21,,0.47,,2.33,,0.63,,2.58,,0.49,,2.98,,1.16,,0.43,,0.44,,1.24,,0.28,
TF29-X-04,TF29,Sample location delocated to a 10km square (see metadata),520000,390000,525000,395000,4,0,,21.93,,0.73,,9.22,,2.14,,0.6,,7.24,,1.97,,2.86,,0.95,,3.16,,0.72,,5.52,,1.56,,1.95,,1.85,,2.05,,0.36,
TF29-X-04,TF29,Sample location delocated to a 10km square (see metadata),520000,390000,525000,395000,5,4,,20.98,,0.49,,2.46,,2.02,,0.79,,2.35,,0.46,,2.59,,1.53,,3.32,,0.71,,3.36,,1.86,,0.43,,0.5,,1.98,,0.33,
TF30-X-14,TF30,Sample location delocated to a 10km square (see metadata),530000,300000,535000,305000,4,0,,17.97,,0.69,,9.32,,1.9,,0.27,,6.9,,4.84,,2.98,,0.74,,2.91,,0.74,,6.18,,1.44,,5.73,,1.3,,1.55,,0.31,
TF30-X-14,TF30,Sample location delocated to a 10km square (see metadata),530000,300000,535000,305000,3,1,,24.02,,1.24,,7.18,,2.63,,0.67,,4.78,,2.81,,3.01,,1.02,,3.04,,0.81,,4.29,,1.73,,2.92,,2.2,,2.33,,0.48,
TF32-X-48,TF32,Sample location delocated to a 10km square (see metadata),530000,320000,535000,325000,1,2,,15.27,,0.31,,5.64,,0.62,,0.25,,3.36,,2.43,,1.13,,0.38,,1.1,,0.41,,3.56,,0.5,,2.41,,0.38,,0.56,,0.23,
TF35-X-06,TF35,Sample location delocated to a 10km square (see metadata),530000,350000,535000,355000,4,1,,17.08,,0.62,,7.68,,1.43,,0.33,,5.19,,2.73,,2.5,,0.73,,2.71,,0.74,,5.84,,1.21,,3.95,,1.28,,1.57,,0.33,
TF35-X-23,TF35,Sample location delocated to a 10km square (see metadata),530000,350000,535000,355000,2,1,,15.71,,0.59,,2.32,,0.82,,0.4,,1.02,,0.92,,1.53,,0.48,,1.61,,0.36,,1.16,,0.84,,0.47,,0.85,,1.15,,0.27,
TF35-X-23,TF35,Sample location delocated to a 10km square (see metadata),530000,350000,535000,355000,3,0,,36.82,,2.37,,4.62,,3.84,,2.99,,3.49,,2.89,,5.71,,3.24,,6.7,,1.71,,5.03,,4.6,,1.9,,3.28,,4.95,,1.32,
TF35-X-23,TF35,Sample location delocated to a 10km square (see metadata),530000,350000,535000,355000,4,1,,24.39,,0.99,,3.2,,1.73,,0.86,,1.77,,1.39,,3.06,,0.87,,2.88,,0.56,,1.96,,1.8,,0.76,,1.71,,2.43,,0.4,
TF40-X-88,TF40,Sample location delocated to a 10km square (see metadata),540000,300000,545000,305000,1,3,,16.17,,0.44,,5.19,,0.81,,0.42,,4.49,,1.5,,1.56,,1.15,,1.83,,0.56,,4.55,,1.08,,1.72,,0.7,,0.77,,0.3,
TF40-X-88,TF40,Sample location delocated to a 10km square (see metadata),540000,300000,545000,305000,2,3,,21.1,,0.38,,5.69,,0.74,,0.27,,4.37,,2.18,,1.4,,0.54,,1.2,,0.55,,4.79,,0.79,,2.78,,0.96,,0.78,,0.28,
TF40-X-88,TF40,Sample location delocated to a 10km square (see metadata),540000,300000,545000,305000,3,2,,18.11,,0.49,,5.89,,0.94,,0.39,,3.86,,1.99,,1.5,,0.56,,1.79,,0.53,,4.41,,0.8,,2.17,,0.59,,0.85,,0.3,
TF40-X-88,TF40,Sample location delocated to a 10km square (see metadata),540000,300000,545000,305000,4,1,,18.77,,0.35,,8.56,,0.7,,0.12,,6.68,,3.71,,1.35,,0.49,,1.37,,0.51,,6.59,,0.73,,5.09,,0.96,,0.63,,0.28,
TF41-X-84,TF41,Sample location delocated to a 10km square (see metadata),540000,310000,545000,315000,1,4,,18.28,,0.6,,4.56,,1.59,,0.43,,3.29,,1.03,,2.43,,0.81,,2.54,,0.76,,3.77,,1.29,,1.09,,0.8,,1.41,,0.31,
TF41-X-84,TF41,Sample location delocated to a 10km square (see metadata),540000,310000,545000,315000,2,4,,18.16,,0.4,,4.6,,0.84,,0.31,,3.14,,1.07,,1.42,,0.48,,1.38,,0.57,,3.35,,0.71,,1.33,,0.61,,0.72,,0.28,
TF41-X-84,TF41,Sample location delocated to a 10km square (see metadata),540000,310000,545000,315000,4,4,,18.98,,0.46,,3.22,,1.14,,0.25,,3.15,,1.05,,1.71,,0.62,,1.9,,0.64,,3.14,,0.92,,1.07,,0.76,,0.86,,0.32,
TF42-X-59,TF42,Sample location delocated to a 10km square (see metadata),540000,320000,545000,325000,2,1,,15.34,,0.68,,9.02,,1.87,,0.26,,6.27,,3.56,,2.71,,0.75,,2.95,,0.74,,6.31,,1.47,,4.65,,1.12,,2.15,,0.36,
TF42-X-59,TF42,Sample location delocated to a 10km square (see metadata),540000,320000,545000,325000,3,1,,16.42,,0.46,,9.48,,1.14,,0.23,,6.47,,3.63,,1.61,,0.58,,1.7,,0.57,,6.23,,0.83,,5.29,,0.84,,1.02,,0.35,
TF42-X-59,TF42,Sample location delocated to a 10km square (see metadata),540000,320000,545000,325000,4,0,,17.8,,0.45,,10.34,,1.02,,0.24,,8.55,,3.74,,1.73,,0.58,,1.43,,0.58,,7,,0.79,,6.11,,0.64,,0.89,,0.33,
TF50-X-06,TF50,Sample location delocated to a 10km square (see metadata),550000,300000,555000,305000,1,0,,29.56,,0.77,,6.57,,1.33,,0.37,,4.02,,2.82,,1.95,,0.85,,2.05,,0.88,,4.56,,1.08,,3.34,,1.94,,1.41,,0.44,
TF50-X-06,TF50,Sample location delocated to a 10km square (see metadata),550000,300000,555000,305000,3,3,,30.33,,0.66,,8.32,,1.16,,0.52,,5.45,,2.68,,1.91,,0.76,,1.91,,0.82,,5.82,,1.01,,2.96,,0.99,,1.04,,0.56,
TF55-X-05,TF55,Sample location delocated to a 10km square (see metadata),550000,350000,555000,355000,1,4,,20.23,,0.54,,3.36,,1.96,,0.42,,3.66,,0.66,,3.33,,1.1,,3.64,,0.58,,4.1,,1.82,,0.67,,0.74,,1.74,,0.3,
TF55-X-05,TF55,Sample location delocated to a 10km square (see metadata),550000,350000,555000,355000,2,4,,18.99,,0.38,,3.35,,1.31,,0.38,,2.74,,0.5,,2.47,,0.81,,2.68,,0.48,,3.43,,0.99,,0.49,,0.52,,1.02,,0.26,
TL01-X-11,TL01,Sample location delocated to a 10km square (see metadata),500000,210000,505000,215000,3,0,,16.75,,0.69,,6.94,,2.32,,0.8,,6.46,,0.97,,2.61,,1,,2.99,,0.68,,3.98,,1.51,,1.64,,0.87,,2.24,,0.33,
TL04-X-14,TL04,Sample location delocated to a 10km square (see metadata),500000,240000,505000,245000,2,0,,10.45,,0.44,,4.45,,0.8,,0.43,,3.35,,0.63,,0.98,,0.43,,1.1,,0.31,,1.5,,0.62,,0.71,,0.56,,0.78,,0.23,
TL12-X-01,TL12,Sample location delocated to a 10km square (see metadata),510000,220000,515000,225000,2,4,,20.75,,0.45,,2.11,,1.32,,0.32,,1.68,,0.46,,1.68,,0.54,,2.14,,0.55,,2.48,,0.84,,0.43,,0.44,,1.22,,0.33,
TL12-X-01,TL12,Sample location delocated to a 10km square (see metadata),510000,220000,515000,225000,3,4,,21.21,,0.62,,2.99,,1.93,,0.42,,2.46,,0.53,,2.43,,0.69,,3.16,,0.57,,3.49,,1.19,,0.61,,0.57,,1.56,,0.39,
TL12-X-01,TL12,Sample location delocated to a 10km square (see metadata),510000,220000,515000,225000,5,4,,21.25,,0.49,,2.54,,1.36,,0.36,,1.72,,0.45,,1.83,,0.58,,2.35,,0.59,,2.47,,0.82,,0.48,,0.42,,1.53,,0.33,
TL14-X-57,TL14,Sample location delocated to a 10km square (see metadata),510000,240000,515000,245000,1,0,,16.76,,1.36,,6.18,,2.64,,1.9,,4.07,,1.54,,3.34,,1.84,,3.76,,1.11,,3.47,,2.71,,1.77,,2.04,,3.69,,1.07,
TL14-X-57,TL14,Sample location delocated to a 10km square (see metadata),510000,240000,515000,245000,2,0,,11.36,,0.62,,4.92,,1.16,,0.44,,3.17,,1.31,,1.5,,0.85,,1.53,,0.91,,2.38,,1.05,,1.64,,1.08,,0.97,,0.45,
TL14-X-57,TL14,Sample location delocated to a 10km square (see metadata),510000,240000,515000,245000,3,1,,12.22,,0.47,,6,,0.88,,0.26,,4.28,,1.45,,1.27,,0.6,,1.35,,0.63,,3.76,,0.76,,1.53,,0.97,,0.8,,0.34,
TL14-X-57,TL14,Sample location delocated to a 10km square (see metadata),510000,240000,515000,245000,4,1,,13.53,,0.57,,7.39,,1.12,,0.32,,5.3,,2.25,,1.77,,0.68,,1.55,,0.78,,4.22,,0.9,,2.96,,0.87,,0.94,,0.45,
TL17-X-00,TL17,Sample location delocated to a 10km square (see metadata),510000,270000,515000,275000,3,0,,16.02,,0.68,,6.72,,1.91,,0.58,,4.24,,1.38,,2.81,,0.86,,3.01,,0.6,,4.06,,1.56,,1.27,,1.85,,2.44,,0.33,
TL17-X-00,TL17,Sample location delocated to a 10km square (see metadata),510000,270000,515000,275000,4,4,,18.34,,0.65,,2.56,,2.32,,0.49,,3.37,,0.79,,3.45,,0.68,,3.29,,0.61,,4.39,,1.3,,1.06,,1.74,,1.65,,0.43,
TL23-X-84,TL23,Sample location delocated to a 10km square (see metadata),520000,230000,525000,235000,1,4,,18.09,,0.65,,3.24,,2.02,,0.47,,2.87,,0.6,,3.6,,0.79,,4.03,,0.62,,4.56,,1.39,,0.64,,0.94,,2.14,,0.36,
TL23-X-84,TL23,Sample location delocated to a 10km square (see metadata),520000,230000,525000,235000,2,4,,15.72,,0.55,,2.96,,1.71,,0.39,,2.29,,0.53,,2.42,,0.78,,2.89,,0.6,,3.3,,1.06,,0.56,,0.55,,1.45,,0.34,
TL26-X-45,TL26,Sample location delocated to a 10km square (see metadata),520000,260000,525000,265000,2,4,,14.46,,0.61,,3.23,,1.39,,0.38,,3.15,,0.69,,2.19,,0.53,,2.41,,0.52,,3.34,,0.89,,1.03,,0.79,,1.35,,0.36,
TL26-X-45,TL26,Sample location delocated to a 10km square (see metadata),520000,260000,525000,265000,4,0,,13.59,,0.64,,3.68,,1.09,,0.7,,1.97,,0.79,,2.54,,0.68,,1.71,,0.4,,1.43,,1.15,,0.77,,0.84,,1.78,,0.33,
TL28-X-35,TL28,Sample location delocated to a 10km square (see metadata),520000,280000,525000,285000,2,4,,19.55,,1.15,,5.38,,2.68,,0.76,,5.02,,2.19,,4.05,,1.2,,4.77,,0.86,,5.66,,2.24,,2.35,,2.08,,3.39,,0.55,
TL28-X-35,TL28,Sample location delocated to a 10km square (see metadata),520000,280000,525000,285000,4,1,,33.06,,2.19,,4.79,,3.95,,1.63,,2.99,,3.46,,6.86,,2.48,,6.81,,1.13,,5.67,,3.76,,1.29,,3.89,,6.58,,0.61,
TL28-X-35,TL28,Sample location delocated to a 10km square (see metadata),520000,280000,525000,285000,1,0,,20.37,,0.92,,2.84,,1.47,,0.56,,2.33,,1.47,,2.78,,0.86,,3.11,,0.65,,2.73,,1.63,,0.85,,1.86,,2.13,,0.32,
TL35-X-92,TL35,Sample location delocated to a 10km square (see metadata),530000,250000,535000,255000,1,0,,22.87,,1.03,,8.26,,2.31,,0.62,,5.15,,2.55,,3.61,,1.15,,3.92,,1.05,,5.12,,1.8,,2.07,,3.03,,2.93,,0.55,
TL35-X-92,TL35,Sample location delocated to a 10km square (see metadata),530000,250000,535000,255000,2,4,,21.28,,0.76,,3.22,,2.27,,0.48,,2.61,,0.89,,3.03,,0.81,,3.27,,0.84,,4.08,,1.24,,0.8,,1.31,,1.69,,0.43,
TL35-X-92,TL35,Sample location delocated to a 10km square (see metadata),530000,250000,535000,255000,4,4,,15.06,,0.62,,3.22,,1.8,,0.51,,2.08,,0.79,,2.62,,0.68,,2.55,,0.63,,3.21,,0.89,,0.72,,0.97,,1.33,,0.48,
TL41-X-81,TL41,Sample location delocated to a 10km square (see metadata),540000,210000,545000,215000,4,1,,24.63,,1.3,,10.3,,3.08,,0.37,,8.51,,4.48,,4.6,,1.44,,5.1,,1.38,,8.65,,2.75,,4.82,,3.11,,3.71,,0.59,
TL41-X-81,TL41,Sample location delocated to a 10km square (see metadata),540000,210000,545000,215000,6,0,,16.58,,1.34,,5.69,,2.21,,1.35,,3.4,,1.12,,2.94,,1.38,,3.56,,0.65,,2.5,,2.16,,1.31,,1.94,,2.55,,0.5,
TL47-X-92,TL47,Sample location delocated to a 10km square (see metadata),540000,270000,545000,275000,1,2,,25.07,,0.84,,4.42,,1.98,,0.72,,3.21,,2.69,,3.11,,0.9,,2.81,,0.79,,4.44,,1.38,,1.67,,1.5,,2.11,,0.61,
TL47-X-92,TL47,Sample location delocated to a 10km square (see metadata),540000,270000,545000,275000,2,4,,28.01,,1.01,,3.32,,2.13,,0.76,,4.52,,1.32,,2.95,,1,,3.57,,1,,4.69,,1.67,,1.58,,1.55,,2.37,,0.66,
TL47-X-92,TL47,Sample location delocated to a 10km square (see metadata),540000,270000,545000,275000,3,2,,35.56,,1.05,,4.85,,1.86,,0.73,,3.15,,2.43,,4.01,,1.14,,4.3,,0.95,,4.59,,1.67,,1.28,,1.8,,2.1,,0.66,
TL47-X-92,TL47,Sample location delocated to a 10km square (see metadata),540000,270000,545000,275000,5,1,,37.75,,2.07,,3.18,,3.24,,1.2,,2.38,,3.76,,4.92,,2.03,,4.43,,1.4,,4.31,,3.23,,1.46,,2.52,,4.72,,0.86,
TL54-X-92,TL54,Sample location delocated to a 10km square (see metadata),550000,240000,555000,245000,3,4,,14.44,,0.49,,2.38,,1.37,,0.37,,1.64,,0.46,,1.89,,0.62,,2.41,,0.55,,2.75,,0.94,,0.43,,0.5,,1.11,,0.3,
TL68-X-72,TL68,Sample location delocated to a 10km square (see metadata),560000,280000,565000,285000,1,0,,25.16,,0.86,,4.86,,1.64,,0.5,,3.75,,2.73,,3.14,,1.29,,3.99,,0.85,,5.28,,2.06,,1.25,,1.73,,2.14,,0.44,
TL68-X-72,TL68,Sample location delocated to a 10km square (see metadata),560000,280000,565000,285000,2,1,,36.3,,1.13,,8.87,,1.96,,0.59,,6.07,,6.44,,3.78,,1.47,,4.16,,1.27,,6.88,,2.58,,6.21,,2.15,,2.72,,0.59,
TL68-X-72,TL68,Sample location delocated to a 10km square (see metadata),560000,280000,565000,285000,3,0,,35.6,,1.51,,3.79,,2.69,,1.41,,2.18,,3.44,,5.25,,1.74,,4.84,,1.06,,3.8,,3.14,,1.32,,1.93,,4.57,,0.62,
TL68-X-72,TL68,Sample location delocated to a 10km square (see metadata),560000,280000,565000,285000,4,0,,38.26,,1.02,,2.64,,1.93,,1.58,,1.77,,3.35,,2.99,,1.49,,3.14,,0.98,,2.58,,2.3,,1.23,,1.34,,2.85,,0.61,
TL69-X-41,TL69,Sample location delocated to a 10km square (see metadata),560000,290000,565000,295000,1,4,,23.23,,0.59,,5.38,,1.71,,0.54,,5.05,,1.64,,2.47,,0.9,,3.04,,0.85,,4.97,,1.47,,1.95,,1.05,,1.52,,0.38,
TL69-X-41,TL69,Sample location delocated to a 10km square (see metadata),560000,290000,565000,295000,2,0,,40.14,,1.02,,8.97,,1.95,,0.53,,5.82,,5.22,,3.42,,1.39,,3.44,,1.43,,7.27,,1.96,,4.63,,2.88,,2.71,,0.61,
TL70-X-76,TL70,Sample location delocated to a 10km square (see metadata),570000,200000,575000,205000,3,1,,21.21,,1.11,,5.96,,2.08,,0.5,,4.14,,1.92,,2.98,,1.16,,3.25,,0.79,,4.47,,1.8,,2.11,,1.71,,2.58,,0.45,
TL70-X-76,TL70,Sample location delocated to a 10km square (see metadata),570000,200000,575000,205000,5,0,,23.55,,1.78,,6.42,,3.39,,1.18,,4.49,,1.81,,4.27,,1.94,,4.74,,0.98,,4.79,,3.36,,1.47,,2.36,,3.55,,0.66,
TL71-X-34,TL71,Sample location delocated to a 10km square (see metadata),570000,210000,575000,215000,1,1,,13.99,,1.04,,6.87,,2.42,,0.81,,4.25,,1.42,,3.5,,1.73,,4.15,,0.87,,4.23,,2.42,,1.47,,1.63,,3.08,,0.41,
TL71-X-34,TL71,Sample location delocated to a 10km square (see metadata),570000,210000,575000,215000,2,1,,14.76,,0.72,,7.49,,2.01,,0.39,,5.42,,2.29,,3.19,,0.91,,3.64,,0.64,,5.12,,1.51,,2.35,,1.33,,2.19,,0.39,
TL71-X-34,TL71,Sample location delocated to a 10km square (see metadata),570000,210000,575000,215000,3,1,,16.63,,0.51,,7.96,,1.51,,0.25,,4.39,,1.64,,2.66,,0.57,,2.77,,0.61,,3.55,,1.06,,1.73,,1.58,,1.19,,0.31,
TL71-X-34,TL71,Sample location delocated to a 10km square (see metadata),570000,210000,575000,215000,4,1,,15.49,,0.61,,6.18,,1.98,,0.39,,4.4,,1.22,,2.5,,0.52,,2.13,,0.51,,2.52,,0.98,,1,,1.45,,1.53,,0.29,
TL72-X-29,TL72,Sample location delocated to a 10km square (see metadata),570000,220000,575000,225000,2,1,,14.84,,0.44,,5.7,,0.86,,0.21,,4.07,,2.12,,1.22,,0.46,,1.36,,0.55,,4.08,,0.64,,2.1,,0.87,,0.78,,0.27,
TL72-X-29,TL72,Sample location delocated to a 10km square (see metadata),570000,220000,575000,225000,4,2,,12.93,,0.49,,4.25,,1,,0.45,,2.96,,0.83,,1.47,,0.64,,1.7,,0.47,,3.19,,0.86,,1.06,,0.67,,0.93,,0.32,
TL72-X-94,TL72,Sample location delocated to a 10km square (see metadata),570000,220000,575000,225000,1,1,,14.43,,0.68,,7.47,,1.68,,0.43,,4.02,,1.16,,2.63,,0.63,,2.79,,0.57,,2.95,,1.14,,1.13,,1.28,,1.87,,0.36,
TL72-X-94,TL72,Sample location delocated to a 10km square (see metadata),570000,220000,575000,225000,2,1,,14.42,,0.54,,8.4,,1.72,,0.32,,6.31,,1.45,,2.17,,0.69,,2.51,,0.58,,4.65,,1.08,,1.95,,0.78,,1.41,,0.32,
TL72-X-94,TL72,Sample location delocated to a 10km square (see metadata),570000,220000,575000,225000,3,1,,15.93,,1.41,,8.73,,2.57,,1.03,,7.3,,1.09,,3.21,,1.04,,3.26,,0.57,,3.77,,1.64,,1.72,,1.25,,2.3,,0.37,
TL72-X-94,TL72,Sample location delocated to a 10km square (see metadata),570000,220000,575000,225000,4,1,,13.87,,0.98,,5.37,,2.1,,0.8,,2.89,,1.3,,2.74,,0.89,,2.98,,0.59,,2.43,,1.42,,0.85,,1.72,,2.15,,0.42,
TL79-X-71,TL79,Sample location delocated to a 10km square (see metadata),570000,290000,575000,295000,2,3,,18.4,,0.75,,3.02,,1.59,,0.58,,3.15,,1.36,,2.17,,0.88,,2.44,,1.05,,3.76,,1.23,,1.17,,1.55,,1.43,,0.44,
TL79-X-71,TL79,Sample location delocated to a 10km square (see metadata),570000,290000,575000,295000,3,4,,17.95,,0.48,,2.61,,1.66,,0.45,,2.44,,0.6,,2.94,,0.77,,3.34,,0.66,,3.15,,1.35,,0.5,,0.52,,2.03,,0.37,
TL90-X-27,TL90,Sample location delocated to a 10km square (see metadata),590000,200000,595000,205000,1,1,,18.76,,0.63,,4.44,,1.32,,0.24,,2.1,,1.79,,2.01,,0.63,,1.67,,0.63,,3.52,,1.14,,1.6,,1.73,,1.17,,0.31,
TL90-X-27,TL90,Sample location delocated to a 10km square (see metadata),590000,200000,595000,205000,2,1,,25.62,,0.78,,7.79,,1.51,,0.26,,6.62,,4.14,,2.7,,0.68,,2.53,,0.65,,5.97,,1.28,,3.95,,1.95,,2.07,,0.39,
TL90-X-27,TL90,Sample location delocated to a 10km square (see metadata),590000,200000,595000,205000,3,1,,23.3,,1.36,,5.46,,3.03,,0.85,,3.73,,2.03,,4.54,,0.9,,5.05,,0.82,,3.62,,2.63,,1.63,,2.47,,3.89,,0.47,
TL90-X-27,TL90,Sample location delocated to a 10km square (see metadata),590000,200000,595000,205000,4,1,,16.46,,0.96,,4.61,,1.74,,0.51,,2.33,,1.44,,2.49,,0.8,,2.43,,0.65,,2.2,,1.32,,0.96,,1.71,,2.43,,0.41,
TL97-X-69,TL97,Sample location delocated to a 10km square (see metadata),590000,270000,595000,275000,2,1,,11.71,,0.45,,5.69,,1.63,,0.25,,3.92,,1.79,,2.55,,0.61,,2.71,,0.52,,4.04,,1.05,,1.85,,0.97,,1.51,,0.26,
TL97-X-69,TL97,Sample location delocated to a 10km square (see metadata),590000,270000,595000,275000,3,1,,14.46,,0.43,,6.56,,1.09,,0.29,,5.07,,2.58,,1.87,,0.57,,1.55,,0.57,,5.12,,0.79,,2.36,,1.49,,1.04,,0.24,
TL97-X-69,TL97,Sample location delocated to a 10km square (see metadata),590000,270000,595000,275000,4,1,,12.07,,0.55,,6.93,,1.5,,0.36,,4.81,,1.53,,2.41,,0.75,,2.63,,0.59,,4.25,,1.3,,1.61,,0.86,,1.82,,0.29,
TM01-X-15,TM01,Sample location delocated to a 10km square (see metadata),600000,210000,605000,215000,1,0,,32.19,,1.44,,3.05,,3.07,,0.93,,2.59,,2.23,,3.76,,1.63,,4.1,,1.39,,3.62,,3.57,,2.18,,2.88,,2.99,,0.99,
TM17-X-85,TM17,Sample location delocated to a 10km square (see metadata),610000,270000,615000,275000,1,0,,11.92,,0.56,,5.53,,1.5,,0.38,,3.07,,1.16,,2.6,,0.72,,2.72,,0.54,,3.42,,1.43,,0.96,,1.46,,1.36,,0.26,
TM17-X-85,TM17,Sample location delocated to a 10km square (see metadata),610000,270000,615000,275000,3,0,,11.59,,0.37,,6.02,,0.87,,0.19,,2.93,,1.33,,1.25,,0.65,,1.64,,0.5,,2.6,,0.68,,1.28,,1.06,,0.82,,0.25,
TM17-X-85,TM17,Sample location delocated to a 10km square (see metadata),610000,270000,615000,275000,4,0,,12.46,,0.51,,3.22,,1.16,,0.33,,1.58,,0.97,,1.47,,0.65,,1.9,,0.46,,1.92,,1.14,,0.75,,1.38,,1.26,,0.22,
TM21-X-33,TM21,Sample location delocated to a 10km square (see metadata),620000,210000,625000,215000,2,0,,15.15,,1.66,,4.08,,2.16,,1.18,,2.48,,1.21,,2.86,,1.56,,2.93,,0.82,,2.21,,1.75,,1.19,,2,,2.92,,0.81,
TM21-X-33,TM21,Sample location delocated to a 10km square (see metadata),620000,210000,625000,215000,4,0,,34.97,,4.58,,5.07,,5.3,,3.01,,3.78,,3.41,,6.63,,3.11,,6.23,,2.2,,4.5,,3.63,,2.68,,4.43,,6.03,,1.67,
TM35-X-24,TM35,Sample location delocated to a 10km square (see metadata),630000,250000,635000,255000,4,0,,12.02,,0.47,,3.73,,0.99,,0.56,,1.95,,0.78,,1.18,,0.47,,1.25,,0.37,,1.42,,0.92,,0.73,,0.73,,0.95,,0.22,
TM37-X-59,TM37,Sample location delocated to a 10km square (see metadata),630000,270000,635000,275000,2,0,,17.82,,0.65,,4.3,,1.45,,0.4,,2.71,,1.3,,2.43,,0.66,,2.68,,0.54,,2.79,,1.16,,0.79,,1.93,,2.03,,0.27,
TQ21-X-12,TQ21,Sample location delocated to a 10km square (see metadata),520000,110000,525000,115000,1,1,,24.15,,1.02,,5.88,,2.66,,1.36,,3.25,,1.8,,3.52,,1.54,,3.68,,1.08,,4.01,,2.94,,1.85,,2.09,,2.86,,0.7,
TQ21-X-12,TQ21,Sample location delocated to a 10km square (see metadata),520000,110000,525000,115000,4,1,,23.23,,0.96,,8.16,,2.44,,1.13,,4.66,,1.54,,3.15,,1.34,,3.32,,0.78,,3.28,,1.92,,1.57,,1.6,,2.15,,0.52,
TQ21-X-14,TQ21,Sample location delocated to a 10km square (see metadata),520000,110000,525000,115000,1,0,,28.79,,1.63,,7.18,,3.55,,3.38,,4.85,,2.38,,5.55,,2.69,,6,,1.55,,6.01,,3.37,,2.76,,3.21,,4.95,,0.92,
TQ21-X-14,TQ21,Sample location delocated to a 10km square (see metadata),520000,110000,525000,115000,2,0,,22.99,,1.15,,8.53,,3.64,,2.23,,6.93,,1.71,,4.39,,1.72,,4.15,,1.16,,4.37,,2.32,,3.07,,2.08,,2.93,,0.65,
TQ21-X-14,TQ21,Sample location delocated to a 10km square (see metadata),520000,110000,525000,115000,3,0,,22.96,,1.63,,2.84,,2.21,,1.1,,2.04,,1.83,,2.6,,1.43,,3.35,,0.94,,2.29,,1.94,,1.09,,2.03,,2.46,,0.63,
TQ34-X-47,TQ34,Sample location delocated to a 10km square (see metadata),530000,140000,535000,145000,2,0,,21.85,,1.1,,5.1,,2.6,,1.27,,2.91,,1.28,,3.25,,1.4,,3.3,,0.89,,2.88,,2.54,,1.43,,1.58,,2.57,,0.59,
TQ35-X-64,TQ35,Sample location delocated to a 10km square (see metadata),530000,150000,535000,155000,1,0,,17.13,,0.83,,8.48,,1.68,,1.51,,6.5,,0.93,,2.2,,1.4,,2.58,,0.85,,3.32,,1.45,,2.34,,1.31,,1.91,,0.66,
TQ35-X-64,TQ35,Sample location delocated to a 10km square (see metadata),530000,150000,535000,155000,3,0,,16.23,,1.09,,7.29,,2.3,,1.55,,5.35,,1.06,,2.71,,1.25,,2.87,,0.87,,3.27,,1.66,,1.64,,1.55,,2.28,,0.67,
TQ35-X-64,TQ35,Sample location delocated to a 10km square (see metadata),530000,150000,535000,155000,4,0,,16.67,,0.82,,5.25,,1.89,,1.26,,3.98,,1.06,,2.11,,1.23,,2.3,,0.76,,2.43,,1.37,,1.38,,1.18,,1.95,,0.63,
TQ43-X-43,TQ43,Sample location delocated to a 10km square (see metadata),540000,130000,545000,135000,1,0,,21.33,,0.75,,6.17,,1.99,,0.77,,3.88,,1.28,,2.53,,0.97,,2.96,,0.7,,3.16,,1.86,,1.47,,1.58,,1.94,,0.32,
TQ43-X-43,TQ43,Sample location delocated to a 10km square (see metadata),540000,130000,545000,135000,2,0,,20.38,,0.85,,5.89,,3.02,,1.08,,3.92,,1.23,,3.12,,1.16,,3.13,,0.94,,3.13,,1.91,,1.81,,1.43,,2.14,,0.4,
TQ43-X-43,TQ43,Sample location delocated to a 10km square (see metadata),540000,130000,545000,135000,3,0,,20.02,,0.69,,6.21,,1.96,,0.59,,4.9,,1.33,,2.23,,0.83,,2.55,,0.65,,3.8,,1.38,,1.48,,1.74,,1.65,,0.29,
TQ43-X-43,TQ43,Sample location delocated to a 10km square (see metadata),540000,130000,545000,135000,4,0,,20.7,,0.48,,2.13,,1.16,,0.55,,1.22,,1.3,,1.72,,0.62,,1.68,,0.46,,1.67,,1.18,,0.58,,1.09,,1.24,,0.27,
TQ59-X-57,TQ59,Sample location delocated to a 10km square (see metadata),550000,190000,555000,195000,1,0,,23.71,,1.29,,2.91,,2.35,,0.61,,2.39,,1.62,,3.16,,1.22,,3.02,,0.77,,2.37,,1.76,,0.95,,3.01,,2.64,,0.39,
TQ59-X-57,TQ59,Sample location delocated to a 10km square (see metadata),550000,190000,555000,195000,2,0,,22.45,,1.16,,2.9,,2.39,,1.73,,1.83,,1.74,,3.16,,1.42,,3.48,,0.85,,2.6,,2.39,,0.96,,2.28,,2.68,,0.47,
TQ59-X-57,TQ59,Sample location delocated to a 10km square (see metadata),550000,190000,555000,195000,3,0,,21.17,,0.76,,3.24,,1.91,,0.74,,1.98,,1.15,,2.45,,0.9,,1.96,,0.59,,2.21,,1.47,,0.94,,1.63,,2,,0.38,
TQ59-X-57,TQ59,Sample location delocated to a 10km square (see metadata),550000,190000,555000,195000,4,0,,26.53,,1.87,,4.64,,3.15,,0.49,,4.16,,2.26,,3.9,,1.46,,4.27,,1.12,,4,,2.27,,1.74,,2.9,,3.3,,0.71,
TQ60-X-20,TQ60,Sample location delocated to a 10km square (see metadata),560000,100000,565000,105000,4,1,,33.37,,1.53,,3.27,,2.64,,1.6,,2.54,,2.11,,3.65,,1.76,,4.64,,1.26,,4.2,,3.15,,1.91,,2.25,,3.74,,0.89,
TQ86-X-90,TQ86,Sample location delocated to a 10km square (see metadata),580000,160000,585000,165000,1,3,,20.73,,1.16,,7.06,,2.91,,0.88,,4.64,,2.2,,4.01,,1.55,,4.44,,1.08,,5.45,,2.84,,1.89,,2.62,,2.66,,0.49,
TQ86-X-90,TQ86,Sample location delocated to a 10km square (see metadata),580000,160000,585000,165000,2,0,,18.41,,0.95,,4.14,,2.07,,1.33,,2.35,,1.3,,2.98,,1.29,,2.95,,0.68,,2.69,,2.33,,1.28,,1.77,,2.56,,0.46,
TQ86-X-90,TQ86,Sample location delocated to a 10km square (see metadata),580000,160000,585000,165000,3,2,,20.11,,0.94,,7.32,,1.96,,0.57,,3.73,,2.5,,3.31,,1.12,,3.47,,0.86,,3.83,,1.84,,1.86,,1.61,,2.17,,0.37,
TQ86-X-90,TQ86,Sample location delocated to a 10km square (see metadata),580000,160000,585000,165000,4,0,,19.5,,1.49,,5.95,,2.89,,1.74,,3.64,,1.47,,4.39,,1.74,,3.97,,0.86,,3.67,,2.59,,1.77,,2.48,,3.35,,0.48,
TQ93-X-13,TQ93,Sample location delocated to a 10km square (see metadata),590000,130000,595000,135000,1,1,,21.68,,1.21,,6.15,,2.89,,1.81,,4.77,,1.74,,3.85,,1.59,,4.06,,1.02,,3.67,,2.53,,2.1,,2.15,,3.16,,0.53,
TQ93-X-13,TQ93,Sample location delocated to a 10km square (see metadata),590000,130000,595000,135000,3,1,,18.44,,1.21,,5.4,,2.53,,1.68,,3.42,,1.52,,3.53,,1.61,,3.63,,0.92,,3.05,,2.37,,1.57,,1.76,,3.09,,0.59,
TQ93-X-13,TQ93,Sample location delocated to a 10km square (see metadata),590000,130000,595000,135000,2,0,,16.75,,0.69,,5.68,,1.59,,1.03,,3.93,,0.97,,2.19,,0.8,,2.5,,0.52,,2.22,,1.35,,1.09,,1.14,,1.89,,0.3,
TQ95-X-51,TQ95,Sample location delocated to a 10km square (see metadata),590000,150000,595000,155000,2,2,,20.18,,0.99,,8.06,,2.65,,0.89,,5.62,,2.53,,3.56,,1.2,,3.76,,1.04,,5.31,,1.9,,2.37,,1.29,,2.41,,0.46,
TQ95-X-51,TQ95,Sample location delocated to a 10km square (see metadata),590000,150000,595000,155000,4,1,,18.55,,0.63,,9.84,,1.77,,0.37,,6.35,,2.64,,2.45,,0.73,,2.83,,0.85,,5.2,,1.33,,2.95,,1.13,,1.4,,0.37,
TQ96-X-49,TQ96,Sample location delocated to a 10km square (see metadata),590000,160000,595000,165000,4,4,,15.09,,0.45,,1.41,,0.72,,0.35,,1.22,,0.53,,1,,0.52,,1.16,,0.54,,1.43,,0.75,,0.51,,0.55,,0.78,,0.36,
TR04-X-20,TR04,Sample location delocated to a 10km square (see metadata),600000,140000,605000,145000,1,4,,22.65,,0.69,,3.69,,2.58,,0.57,,2.9,,0.67,,3.42,,0.99,,4.24,,0.83,,4.67,,1.69,,0.62,,0.7,,2.83,,0.41,
TR04-X-20,TR04,Sample location delocated to a 10km square (see metadata),600000,140000,605000,145000,3,4,,21.95,,0.63,,3.22,,2.22,,0.6,,2.59,,0.65,,2.81,,0.96,,3.84,,0.77,,3.81,,1.46,,0.57,,0.57,,2.29,,0.42,
TR04-X-20,TR04,Sample location delocated to a 10km square (see metadata),600000,140000,605000,145000,4,4,,22.9,,0.61,,3.88,,2.19,,0.54,,2.26,,0.67,,2.89,,0.9,,3.68,,0.8,,3.57,,1.45,,0.55,,0.57,,2.27,,0.4,
TR04-X-20,TR04,Sample location delocated to a 10km square (see metadata),600000,140000,605000,145000,5,4,,26.2,,0.96,,4.63,,3.52,,0.84,,3.41,,0.89,,4.32,,1.39,,5.88,,1.28,,4.69,,2.43,,0.76,,0.93,,4.16,,0.61,
TR15-X-65,TR15,Sample location delocated to a 10km square (see metadata),610000,150000,615000,155000,4,4,,24.63,,0.8,,2.95,,3.11,,0.32,,3.35,,0.9,,4.2,,1.35,,4.85,,1.42,,4.96,,2.73,,0.75,,1.56,,3.59,,0.51,
TR25-X-88,TR25,Sample location delocated to a 10km square (see metadata),620000,150000,625000,155000,3,4,,25.74,,0.79,,3.92,,2.82,,0.73,,3.09,,0.81,,3.6,,1.21,,4.82,,0.99,,4.85,,1.94,,0.69,,0.82,,3.32,,0.48,
TR25-X-88,TR25,Sample location delocated to a 10km square (see metadata),620000,150000,625000,155000,4,4,,25.75,,1.02,,4.52,,3.77,,0.79,,4.13,,0.81,,4.43,,1.3,,6.06,,1.1,,5.5,,2.38,,0.98,,1.21,,3.22,,0.53,
TR25-X-88,TR25,Sample location delocated to a 10km square (see metadata),620000,150000,625000,155000,1,4,,28.24,,0.8,,3.8,,2.82,,0.7,,4.04,,0.8,,3.97,,1.36,,5.01,,1.07,,5.69,,2.25,,0.85,,0.8,,3.17,,0.49,
TR25-X-88,TR25,Sample location delocated to a 10km square (see metadata),620000,150000,625000,155000,5,4,,27.64,,0.8,,3.35,,2.72,,0.64,,2.97,,0.81,,3.51,,1.12,,4.23,,1.03,,4.4,,1.92,,0.76,,0.78,,3.05,,0.51,
TR36-X-15,TR36,Sample location delocated to a 10km square (see metadata),630000,160000,635000,165000,1,0,,26.61,,1.59,,8.46,,3.66,,0.95,,5.58,,2.04,,4.17,,2.07,,4.94,,1.18,,4.86,,3.05,,1.92,,2.68,,3.71,,0.55,
TR36-X-15,TR36,Sample location delocated to a 10km square (see metadata),630000,160000,635000,165000,3,3,,18.1,,0.63,,5.99,,1.68,,0.41,,4.14,,1.69,,2.25,,0.71,,2.45,,0.69,,4.39,,1.21,,2.37,,0.84,,1.49,,0.4,
TR36-X-15,TR36,Sample location delocated to a 10km square (see metadata),630000,160000,635000,165000,4,3,,17.02,,0.7,,5.4,,1.86,,0.51,,3.92,,0.97,,2.58,,1.07,,3.38,,0.7,,4.49,,1.49,,1.33,,0.71,,1.83,,0.36,
