date,delocated_monad,10km_location,location_qualifier,easting_sw_delocated,northing_sw_delocated,easting_centroid_delocated,northing_centroid_delocated,plot_number,plot_option_number,sampling_point,vertical_channels,casts,middens,middens_qualifier,earthworm_num_5min,earthworm_num_5min_qualifier,earthworm_additional,earthworm_additional_qualifier,soil_temperature,soil_temperature_qualifier,vess,reason_no_VESS,tillage_pan,tillage_pan_qualifier,layer_depth_1,layer_depth_1_qualifier,vess_score_1,vess_score_1_qualifier,layer_depth_2,layer_depth_2_qualifier,vess_score_2,vess_score_2_qualifier,layer_depth_3,layer_depth_3_qualifier,vess_score_3,vess_score_3_qualifier,layer_depth_4,layer_depth_4_qualifier,vess_score_4,vess_score_4_qualifier,layer_depth_5,layer_depth_5_qualifier,vess_score_5,vess_score_5_qualifier,vess_total_depth,vess_total_depth_qualifier,vess_block_score,vess_block_score_qualifier,sampleZ,core_tip_Z,core_tip_ABC,litter_thickness,litter_thickness_qualifier,sample_ABC_hole_depth,sample_ABC_hole_depth_qualifier,depth_to_rock_ABC,depth_to_rock_ABC_qualifier,core_extraction_method_ABC,sampleA,reason_no_A,sampleB,reason_no_B,sampleC,reason_no_C,kew_corer,kew_rA,reason_no_rA,kew_rB,reason_no_rB,sampleM,core_tip_M,sample_M_hole_depth,sample_M_hole_depth_qualifier,depth_to_rock_M,depth_to_rock_M_qualifier,core_extraction_method_M,peat_present,peat_depth,peat_depth_qualifier,bottom_reached,probe,probe_length,probe_length_qualifier,depth_resolution,depth_resolution_qualifier
28/11/2023,NT91-X-85,NT91,Sample location delocated to a 10km square (see metadata),390000,610000,395000,615000,4,72,11,no,no,0,,0,,0,,7,,yes,NA,,NULL,30,,4,,,NA,,NA,,NA,,NA,,NA,,NA,,NA,,NA,30,,4,,yes,serrated,serrated,0,,45,,,NA,dig and tip,yes,NA,yes,NA,yes,NA,small corer,yes,NA,yes,NA,yes,serrated,18,,18,,dig and tip,no,,NA,NA,NA,,NA,1,
28/11/2023,NT91-X-85,NT91,Sample location delocated to a 10km square (see metadata),390000,610000,395000,615000,4,72,28,no,no,0,,0,,0,,7,,yes,NA,2,,30,,4,,,NA,,NA,,NA,,NA,,NA,,NA,,NA,,NA,30,,4,,yes,serrated,serrated,2,,46,,,NA,dig and tip,yes,NA,yes,NA,yes,NA,small corer,yes,NA,yes,NA,yes,serrated,20,,,NA,dig and tip,yes,99,,yes,Hisco,,NULL,1,
28/11/2023,NT91-X-85,NT91,Sample location delocated to a 10km square (see metadata),390000,610000,395000,615000,4,72,59,no,no,0,,0,,0,,7,,yes,NA,,NULL,30,,4,,,NA,,NA,,NA,,NA,,NA,,NA,,NA,,NA,30,,4,,yes,serrated,serrated,0,,47,,,NA,turn and lift,yes,NA,yes,NA,yes,NA,small corer,yes,NA,yes,NA,yes,serrated,18,,,NA,turn and lift,no,,NA,NA,NA,,NA,1,
28/11/2023,NT91-X-85,NT91,Sample location delocated to a 10km square (see metadata),390000,610000,395000,615000,4,72,46,no,no,0,,0,,0,,7,,yes,NA,,NULL,14,,3.5,,30,,4,,,NA,,NA,,NA,,NA,,NA,,NA,30,,3.8,,yes,serrated,serrated,0,,46,,,NA,dig and tip,yes,NA,yes,NA,yes,NA,small corer,yes,NA,yes,NA,yes,serrated,20,,,NA,turn and lift,yes,,NULL,no,Hisco,125,,1,
31/05/2023,NT94-X-59,NT94,Sample location delocated to a 10km square (see metadata),390000,640000,395000,645000,4,73,59,no,no,0,,0,,0,,18.2,,yes,NA,2,,30,,1.5,,,NA,,NA,,NA,,NA,,NA,,NA,,NA,,NA,30,,1.5,,yes,normal,normal,0,,42.5,,42.5,,turn and lift,yes,NA,yes,NA,yes,NA,small corer,yes,NA,yes,partial - hit rock,yes,normal,18.5,,18.5,,turn and lift,NULL,,NULL,NULL,NULL,,NULL,,NULL
31/05/2023,NT94-X-59,NT94,Sample location delocated to a 10km square (see metadata),390000,640000,395000,645000,4,73,46,no,no,0,,0,,0,,18.2,,yes,NA,2,,30,,1.5,,,NA,,NA,,NA,,NA,,NA,,NA,,NA,,NA,30,,1.5,,yes,normal,normal,0,,42,,42,,turn and lift,yes,NA,yes,NA,yes,NA,small corer,yes,NA,yes,partial - hit rock,yes,normal,18.5,,18.5,,turn and lift,NULL,,NULL,NULL,NULL,,NULL,,NULL
31/05/2023,NT94-X-59,NT94,Sample location delocated to a 10km square (see metadata),390000,640000,395000,645000,4,73,11,no,no,0,,0,,0,,18.1,,yes,NA,2,,15,,2,,30,,1.5,,,NA,,NA,,NA,,NA,,NA,,NA,30,,1.8,,yes,normal,normal,0,,43,,43,,turn and lift,yes,NA,yes,NA,yes,NA,small corer,yes,NA,yes,partial - hit rock,yes,normal,18,,18,,turn and lift,NULL,,NULL,NULL,NULL,,NULL,,NULL
31/05/2023,NT94-X-59,NT94,Sample location delocated to a 10km square (see metadata),390000,640000,395000,645000,4,73,28,no,no,0,,0,,0,,17.9,,yes,NA,2,,30,,1.5,,,NA,,NA,,NA,,NA,,NA,,NA,,NA,,NA,30,,1.5,,yes,normal,normal,0,,42,,42,,turn and lift,yes,NA,yes,NA,yes,NA,small corer,yes,NA,yes,NA,yes,normal,18,,18,,turn and lift,NULL,,NULL,NULL,NULL,,NULL,,NULL
01/06/2023,NT94-X-59,NT94,Sample location delocated to a 10km square (see metadata),390000,640000,395000,645000,3,85,11,no,no,0,,2,,0,,15.3,,yes,NA,1,,10,,2,,30,,2.5,,,NA,,NA,,NA,,NA,,NA,,NA,30,,2.3,,yes,normal,normal,0,,45,,45,,turn and lift,yes,NA,yes,NA,yes,NA,small corer,yes,NA,yes,NA,yes,normal,20,,20,,turn and lift,NULL,,NULL,NULL,NULL,,NULL,,NULL
01/06/2023,NT94-X-59,NT94,Sample location delocated to a 10km square (see metadata),390000,640000,395000,645000,3,85,28,no,no,0,,0,,0,,13.4,,yes,NA,1,,30,,2,,,NA,,NA,,NA,,NA,,NA,,NA,,NA,,NA,30,,2,,yes,normal,normal,0,,46,,46,,turn and lift,yes,NA,yes,NA,yes,NA,small corer,yes,NA,yes,NA,yes,normal,19,,19,,turn and lift,NULL,,NULL,NULL,NULL,,NULL,,NULL
01/06/2023,NT94-X-59,NT94,Sample location delocated to a 10km square (see metadata),390000,640000,395000,645000,3,85,59,no,no,0,,0,,0,,15.5,,yes,NA,1,,30,,2,,,NA,,NA,,NA,,NA,,NA,,NA,,NA,,NA,30,,2,,yes,normal,normal,0,,45.5,,45.5,,turn and lift,yes,NA,yes,NA,yes,NA,small corer,yes,NA,yes,NA,yes,normal,19.5,,19.5,,turn and lift,NULL,,NULL,NULL,NULL,,NULL,,NULL
01/06/2023,NT94-X-59,NT94,Sample location delocated to a 10km square (see metadata),390000,640000,395000,645000,3,85,46,no,no,0,,2,,0,,15.2,,yes,NA,1,,30,,3,,,NA,,NA,,NA,,NA,,NA,,NA,,NA,,NA,30,,3,,yes,normal,normal,0,,45,,45,,turn and lift,yes,NA,yes,NA,yes,NA,small corer,yes,NA,yes,NA,yes,normal,18,,18,,turn and lift,NULL,,NULL,NULL,NULL,,NULL,,NULL
01/06/2023,NT94-X-59,NT94,Sample location delocated to a 10km square (see metadata),390000,640000,395000,645000,1,85,11,no,no,0,,0,,0,,14.9,,yes,NA,1,,30,,2.5,,,NA,,NA,,NA,,NA,,NA,,NA,,NA,,NA,30,,2.5,,yes,normal,normal,0,,45,,45,,turn and lift,yes,NA,yes,NA,yes,NA,small corer,yes,NA,yes,NA,yes,normal,19,,19,,turn and lift,NULL,,NULL,NULL,NULL,,NULL,,NULL
01/06/2023,NT94-X-59,NT94,Sample location delocated to a 10km square (see metadata),390000,640000,395000,645000,1,85,28,no,no,0,,0,,0,,15.1,,yes,NA,1,,30,,2,,,NA,,NA,,NA,,NA,,NA,,NA,,NA,,NA,30,,2,,yes,normal,normal,0,,45,,45,,turn and lift,yes,NA,yes,NA,yes,NA,small corer,yes,NA,no,hit rock,yes,normal,19,,19,,turn and lift,NULL,,NULL,NULL,NULL,,NULL,,NULL
01/06/2023,NT94-X-59,NT94,Sample location delocated to a 10km square (see metadata),390000,640000,395000,645000,1,85,59,no,no,0,,0,,0,,14.9,,yes,NA,2,,30,,1.5,,,NA,,NA,,NA,,NA,,NA,,NA,,NA,,NA,30,,1.5,,yes,normal,normal,0,,43.5,,43.5,,turn and lift,yes,NA,yes,NA,yes,NA,small corer,yes,NA,yes,NA,yes,normal,19,,19,,turn and lift,NULL,,NULL,NULL,NULL,,NULL,,NULL
01/06/2023,NT94-X-59,NT94,Sample location delocated to a 10km square (see metadata),390000,640000,395000,645000,1,85,46,no,no,0,,0,,0,,14.8,,yes,NA,1,,20,,2,,,NA,,NA,,NA,,NA,,NA,,NA,,NA,,NA,20,,2,,yes,normal,normal,0,,46,,46,,turn and lift,yes,NA,yes,NA,yes,NA,small corer,yes,NA,yes,NA,yes,normal,20,,20,,turn and lift,NULL,,NULL,NULL,NULL,,NULL,,NULL
26/02/2024,NU02-X-18,NU02,Sample location delocated to a 10km square (see metadata),400000,620000,405000,625000,2,72,11,yes,no,0,,5,,0,,5.6,,yes,NA,3,,30,,4,,,NA,,NA,,NA,,NA,,NA,,NA,,NA,,NA,30,,4,,yes,serrated,serrated,0,,45,,,NA,turn and lift,yes,NA,yes,NA,yes,NA,small corer,yes,NA,yes,NA,yes,serrated,20,,20,,turn and lift,no,,NA,NA,NA,,NA,1,
26/02/2024,NU02-X-18,NU02,Sample location delocated to a 10km square (see metadata),400000,620000,405000,625000,2,72,28,no,no,0,,2,,1,,5.7,,yes,NA,3,,30,,4,,,NA,,NA,,NA,,NA,,NA,,NA,,NA,,NA,30,,4,,yes,serrated,serrated,0,,44,,,NA,turn and lift,yes,NA,yes,NA,yes,NA,small corer,yes,NA,yes,partial - NULL,yes,serrated,19,,,NA,turn and lift,no,,NA,NA,NA,,NA,1,
26/02/2024,NU02-X-18,NU02,Sample location delocated to a 10km square (see metadata),400000,620000,405000,625000,2,72,59,yes,no,0,,0,,0,,5.7,,yes,NA,3,,30,,4,,,NA,,NA,,NA,,NA,,NA,,NA,,NA,,NA,30,,4,,yes,serrated,serrated,0,,44,,,NA,turn and lift,yes,NA,yes,NA,yes,NA,small corer,yes,NA,yes,NA,yes,serrated,19,,,NA,turn and lift,no,,NA,NA,NA,,NA,1,
26/02/2024,NU02-X-18,NU02,Sample location delocated to a 10km square (see metadata),400000,620000,405000,625000,2,72,46,no,no,0,,2,,0,,5.6,,yes,NA,3,,30,,4.5,,,NA,,NA,,NA,,NA,,NA,,NA,,NA,,NA,30,,4.5,,yes,serrated,serrated,0,,43,,,NA,turn and lift,yes,NA,yes,NA,yes,NA,small corer,yes,NA,yes,NA,yes,serrated,17,,,NA,turn and lift,no,,NA,NA,NA,,NA,1,
27/02/2024,NU02-X-18,NU02,Sample location delocated to a 10km square (see metadata),400000,620000,405000,625000,3,19,11,yes,yes,2,,4,,2,,3.7,,yes,NA,2,,19,,3,,30,,3.5,,,NA,,NA,,NA,,NA,,NA,,NA,30,,3.2,,yes,serrated,serrated,0,,43,,,NA,turn and lift,yes,NA,yes,NA,yes,NA,small corer,yes,NA,yes,partial - stones,yes,serrated,20,,20,,turn and lift,no,,NA,NA,NA,,NA,1,
27/02/2024,NU02-X-18,NU02,Sample location delocated to a 10km square (see metadata),400000,620000,405000,625000,3,19,28,yes,yes,0,,1,,1,,4.2,,yes,NA,2,,12,,3.5,,30,,4,,,NA,,NA,,NA,,NA,,NA,,NA,30,,3.8,,yes,serrated,serrated,0,,40,,,NA,turn and lift,yes,NA,yes,NA,yes,NA,small corer,yes,NA,no,stones,yes,serrated,19,,,NA,turn and lift,no,,NA,NA,NA,,NA,1,
27/02/2024,NU02-X-18,NU02,Sample location delocated to a 10km square (see metadata),400000,620000,405000,625000,3,19,59,no,yes,2,,0,,0,,5.8,,yes,NA,2,,30,,3.5,,,NA,,NA,,NA,,NA,,NA,,NA,,NA,,NA,30,,3.5,,yes,serrated,serrated,0,,43,,,NA,turn and lift,yes,NA,yes,NA,yes,NA,small corer,yes,NA,yes,NA,yes,serrated,19,,19,,turn and lift,no,,NA,NA,NA,,NA,1,
27/02/2024,NU02-X-18,NU02,Sample location delocated to a 10km square (see metadata),400000,620000,405000,625000,3,19,46,no,no,0,,24,,0,,4.7,,yes,NA,3,,6,,2,,21,,2.5,,30,,3.5,,,NA,,NA,,NA,,NA,30,,2.7,,yes,serrated,serrated,0,,43,,,NA,turn and lift,yes,NA,yes,NA,yes,NA,small corer,yes,NA,yes,NA,yes,serrated,19,,,NA,turn and lift,no,,NA,NA,NA,,NA,1,
27/02/2024,NU02-X-18,NU02,Sample location delocated to a 10km square (see metadata),400000,620000,405000,625000,4,85,11,yes,no,0,,6,,0,,4.1,,yes,NA,,NULL,16,,4,,30,,5,,,NA,,NA,,NA,,NA,,NA,,NA,30,,4.5,,yes,serrated,serrated,0,,43,,,NA,turn and lift,yes,NA,yes,NA,yes,NA,small corer,yes,NA,yes,NA,yes,serrated,20,,20,,turn and lift,no,,NA,NA,NA,,NA,1,
27/02/2024,NU02-X-18,NU02,Sample location delocated to a 10km square (see metadata),400000,620000,405000,625000,4,85,28,no,no,0,,7,,0,,4.1,,yes,NA,3,,11,,4,,30,,5,,,NA,,NA,,NA,,NA,,NA,,NA,30,,4.6,,yes,serrated,serrated,0,,41,,,NA,turn and lift,yes,NA,yes,NA,yes,NA,small corer,yes,NA,yes,NA,yes,serrated,19,,,NA,turn and lift,no,,NA,NA,NA,,NA,1,
27/02/2024,NU02-X-18,NU02,Sample location delocated to a 10km square (see metadata),400000,620000,405000,625000,4,85,59,no,no,0,,8,,1,,4.9,,yes,NA,,NULL,12,,3.5,,30,,5,,,NA,,NA,,NA,,NA,,NA,,NA,30,,4.4,,yes,serrated,serrated,0,,43,,,NA,turn and lift,yes,NA,yes,NA,yes,NA,small corer,yes,NA,yes,NA,yes,serrated,18,,,NA,turn and lift,no,,NA,NA,NA,,NA,1,
27/02/2024,NU02-X-18,NU02,Sample location delocated to a 10km square (see metadata),400000,620000,405000,625000,4,85,46,no,no,0,,6,,1,,4.9,,yes,NA,3,,7,,4,,30,,5,,,NA,,NA,,NA,,NA,,NA,,NA,30,,4.8,,yes,serrated,serrated,0,,42,,,NA,turn and lift,yes,NA,yes,NA,yes,NA,small corer,yes,NA,yes,NA,yes,serrated,20,,20,,turn and lift,no,,NA,NA,NA,,NA,1,
28/02/2024,NU02-X-18,NU02,Sample location delocated to a 10km square (see metadata),400000,620000,405000,625000,1,85,11,yes,yes,0,,2,,0,,3.7,,yes,NA,1,,30,,4.5,,,NA,,NA,,NA,,NA,,NA,,NA,,NA,,NA,30,,4.5,,yes,serrated,serrated,0,,42,,,NA,turn and lift,yes,NA,yes,NA,yes,NA,small corer,yes,NA,yes,NA,yes,serrated,19,,19,,turn and lift,no,,NA,NA,NA,,NA,1,
28/02/2024,NU02-X-18,NU02,Sample location delocated to a 10km square (see metadata),400000,620000,405000,625000,1,85,28,no,no,0,,5,,0,,4,,yes,NA,3,,30,,4,,,NA,,NA,,NA,,NA,,NA,,NA,,NA,,NA,30,,4,,yes,serrated,serrated,0,,41,,,NA,turn and lift,yes,NA,yes,NA,yes,NA,small corer,yes,NA,yes,NA,yes,serrated,19,,,NA,turn and lift,no,,NA,NA,NA,,NA,1,
28/02/2024,NU02-X-18,NU02,Sample location delocated to a 10km square (see metadata),400000,620000,405000,625000,1,85,59,no,no,0,,1,,1,,4,,yes,NA,1,,10,,4,,30,,4.5,,,NA,,NA,,NA,,NA,,NA,,NA,30,,4.3,,yes,serrated,serrated,0,,43,,,NA,turn and lift,yes,NA,yes,NA,yes,NA,small corer,yes,NA,yes,NA,yes,serrated,19,,,NA,turn and lift,no,,NA,NA,NA,,NA,1,
28/02/2024,NU02-X-18,NU02,Sample location delocated to a 10km square (see metadata),400000,620000,405000,625000,1,85,46,no,no,0,,2,,2,,4.3,,yes,NA,3,,30,,4.5,,,NA,,NA,,NA,,NA,,NA,,NA,,NA,,NA,30,,4.5,,yes,serrated,serrated,0,,43,,,NA,turn and lift,yes,NA,yes,NA,yes,NA,small corer,yes,NA,yes,NA,yes,serrated,19,,,NA,turn and lift,no,,NA,NA,NA,,NA,1,
04/03/2024,NU12-X-33,NU12,Sample location delocated to a 10km square (see metadata),410000,620000,415000,625000,3,85,11,no,no,0,,4,,0,,5.7,,no,Too rocky,,NA,,NA,,NA,,NA,,NA,,NA,,NA,,NA,,NA,,NA,,NA,,NA,,NA,yes,serrated,serrated,0,,43,,,NA,turn and lift,yes,NA,yes,NA,no,big_stones,small corer,yes,partial - hit rock,no,hit rock,yes,normal,18,,18,,turn and lift,no,,NA,NA,NA,,NA,1,
04/03/2024,NU12-X-33,NU12,Sample location delocated to a 10km square (see metadata),410000,620000,415000,625000,3,85,28,no,no,0,,8,,0,,5.7,,yes,NA,,NULL,20,,3,,30,,2,,,NA,,NA,,NA,,NA,,NA,,NA,30,,2.7,,yes,normal,normal,0,,44,,,NA,turn and lift,yes,NA,yes,NA,yes,NA,small corer,yes,NA,yes,NA,yes,normal,18,,,NA,turn and lift,no,,NA,NA,NA,,NA,1,
04/03/2024,NU12-X-33,NU12,Sample location delocated to a 10km square (see metadata),410000,620000,415000,625000,3,85,59,no,no,0,,3,,0,,5.6,,yes,NA,,NULL,20,,3,,30,,2.5,,,NA,,NA,,NA,,NA,,NA,,NA,30,,2.8,,yes,normal,normal,0,,43,,,NA,turn and lift,yes,NA,yes,NA,yes,NA,small corer,yes,NA,yes,NA,yes,normal,21,,21,,turn and lift,no,,NA,NA,NA,,NA,1,
04/03/2024,NU12-X-33,NU12,Sample location delocated to a 10km square (see metadata),410000,620000,415000,625000,3,85,46,no,no,0,,4,,0,,5.4,,yes,NA,,NULL,15,,3,,30,,2,,,NA,,NA,,NA,,NA,,NA,,NA,30,,2.5,,yes,normal,normal,0,,44,,,NA,turn and lift,yes,NA,yes,NA,yes,NA,small corer,yes,NA,yes,NA,yes,normal,17,,17,,turn and lift,no,,NA,NA,NA,,NA,1,
05/03/2024,NU12-X-33,NU12,Sample location delocated to a 10km square (see metadata),410000,620000,415000,625000,4,84,11,no,no,0,,2,,0,,6.3,,yes,NA,,NULL,15,,3.5,,30,,2,,,NA,,NA,,NA,,NA,,NA,,NA,30,,2.8,,yes,normal,normal,0,,44,,,NA,turn and lift,yes,NA,yes,NA,yes,NA,small corer,yes,NA,yes,NA,yes,normal,20,,20,,turn and lift,no,,NA,NA,NA,,NA,1,
05/03/2024,NU12-X-33,NU12,Sample location delocated to a 10km square (see metadata),410000,620000,415000,625000,4,84,28,no,no,0,,2,,0,,6.2,,yes,NA,,NULL,10,,2.5,,25,,3.5,,30,,2,,,NA,,NA,,NA,,NA,30,,2.9,,yes,normal,normal,0,,45,,,NA,turn and lift,yes,NA,yes,NA,yes,NA,small corer,yes,NA,yes,NA,yes,normal,20,,,NA,turn and lift,no,,NA,NA,NA,,NA,1,
05/03/2024,NU12-X-33,NU12,Sample location delocated to a 10km square (see metadata),410000,620000,415000,625000,4,84,46,no,no,0,,2,,0,,6.4,,yes,NA,,NULL,20,,3.5,,30,,2.5,,,NA,,NA,,NA,,NA,,NA,,NA,30,,3.2,,yes,normal,normal,0,,44,,,NA,turn and lift,yes,NA,yes,NA,yes,NA,small corer,yes,NA,yes,NA,yes,normal,20,,20,,turn and lift,no,,NA,NA,NA,,NA,1,
05/03/2024,NU12-X-33,NU12,Sample location delocated to a 10km square (see metadata),410000,620000,415000,625000,4,84,59,no,no,0,,8,,0,,6.5,,yes,NA,,NULL,25,,3,,30,,2,,,NA,,NA,,NA,,NA,,NA,,NA,30,,2.8,,yes,normal,normal,0,,43,,,NA,turn and lift,yes,NA,yes,NA,yes,NA,small corer,yes,NA,yes,partial - hit rock,yes,normal,17,,17,,turn and lift,no,,NA,NA,NA,,NA,1,
05/03/2024,NU12-X-33,NU12,Sample location delocated to a 10km square (see metadata),410000,620000,415000,625000,1,85,11,no,no,0,,5,,0,,6.4,,yes,NA,,NULL,20,,2.5,,30,,2,,,NA,,NA,,NA,,NA,,NA,,NA,30,,2.3,,yes,normal,normal,0,,44,,,NA,turn and lift,yes,NA,yes,NA,yes,NA,small corer,yes,NA,yes,partial - hit rock,yes,normal,19,,19,,turn and lift,no,,NA,NA,NA,,NA,1,
05/03/2024,NU12-X-33,NU12,Sample location delocated to a 10km square (see metadata),410000,620000,415000,625000,1,85,28,no,no,0,,9,,0,,6.4,,yes,NA,,NULL,25,,2.5,,30,,1.5,,,NA,,NA,,NA,,NA,,NA,,NA,30,,2.3,,yes,normal,normal,0,,35,,34,,turn and lift,yes,NA,yes,NA,no,big_stones,small corer,yes,NA,yes,partial - hit rock,yes,normal,18,,18,,turn and lift,no,,NA,NA,NA,,NA,1,
05/03/2024,NU12-X-33,NU12,Sample location delocated to a 10km square (see metadata),410000,620000,415000,625000,1,85,46,no,no,0,,9,,0,,6.4,,no,"Too rocky, no room in plot",,NA,,NA,,NA,,NA,,NA,,NA,,NA,,NA,,NA,,NA,,NA,,NA,,NA,yes,normal,normal,0,,42,,,NA,turn and lift,yes,NA,yes,NA,yes,NA,repacked (no tip),yes,partial - hit rock,no,hit rock,yes,normal,18,,18,,turn and lift,no,,NA,NA,NA,,NA,1,
05/03/2024,NU12-X-33,NU12,Sample location delocated to a 10km square (see metadata),410000,620000,415000,625000,1,85,59,no,no,,NULL,12,,0,,6.5,,yes,NA,,NULL,20,,3,,30,,2.5,,,NA,,NA,,NA,,NA,,NA,,NA,30,,2.8,,yes,normal,normal,0,,42,,,NA,turn and lift,yes,NA,yes,NA,yes,NA,repacked (no tip),yes,NA,yes,NA,yes,normal,19,,19,,turn and lift,no,,NA,NA,NA,,NA,1,
06/03/2024,NU12-X-33,NU12,Sample location delocated to a 10km square (see metadata),410000,620000,415000,625000,2,85,11,no,no,0,,5,,0,,6.2,,yes,NA,,NULL,12,,3.5,,30,,2.5,,,NA,,NA,,NA,,NA,,NA,,NA,30,,2.9,,yes,normal,normal,0,,43,,,NA,turn and lift,yes,NA,yes,NA,yes,NA,small corer,yes,NA,yes,NA,yes,normal,18,,18,,turn and lift,no,,NA,NA,NA,,NA,1,
06/03/2024,NU12-X-33,NU12,Sample location delocated to a 10km square (see metadata),410000,620000,415000,625000,2,85,28,no,no,0,,1,,0,,5.7,,yes,NA,,NULL,30,,4,,,NA,,NA,,NA,,NA,,NA,,NA,,NA,,NA,30,,4,,yes,normal,normal,0,,43,,,NA,turn and lift,yes,NA,yes,NA,yes,NA,small corer,yes,NA,yes,partial - too wet,yes,normal,18,,18,,turn and lift,no,,NA,NA,NA,,NA,1,
06/03/2024,NU12-X-33,NU12,Sample location delocated to a 10km square (see metadata),410000,620000,415000,625000,2,85,48,yes,no,0,,10,,1,,5.7,,yes,NA,,NULL,30,,3.5,,,NA,,NA,,NA,,NA,,NA,,NA,,NA,,NA,30,,3.5,,yes,normal,normal,0,,44,,,NA,turn and lift,yes,NA,yes,NA,yes,NA,small corer,yes,NA,yes,partial - hit rock,yes,normal,19,,19,,turn and lift,no,,NA,NA,NA,,NA,1,
06/03/2024,NU12-X-33,NU12,Sample location delocated to a 10km square (see metadata),410000,620000,415000,625000,2,85,59,no,no,0,,7,,0,,5.6,,yes,NA,,NULL,10,,3.5,,30,,3,,,NA,,NA,,NA,,NA,,NA,,NA,30,,3.2,,yes,normal,normal,0,,41,,,NA,turn and lift,yes,NA,yes,NA,yes,NA,small corer,yes,NA,yes,NA,yes,normal,17,,17,,turn and lift,no,,NA,NA,NA,,NA,1,
07/02/2024,NY22-X-66,NY22,Sample location delocated to a 10km square (see metadata),320000,520000,325000,525000,4,55,11,yes,yes,0,,11,,9,,5.4,,yes,NA,2,,5,,2,,30,,3,,,NA,,NA,,NA,,NA,,NA,,NA,30,,2.8,,yes,normal,normal,0,,46,,,NA,turn and lift,yes,NA,yes,NA,yes,NA,small corer,yes,NA,no,NULL,yes,normal,18,,18,,turn and lift,no,,NA,NA,NA,,NA,1,
07/02/2024,NY22-X-66,NY22,Sample location delocated to a 10km square (see metadata),320000,520000,325000,525000,4,55,28,no,yes,0,,10,,1,,5.4,,yes,NA,2,,6,,2,,30,,2.5,,,NA,,NA,,NA,,NA,,NA,,NA,30,,2.4,,yes,normal,normal,0,,46,,,NA,turn and lift,yes,NA,yes,NA,yes,NA,small corer,yes,NA,yes,NA,yes,normal,19,,19,,turn and lift,no,,NA,NA,NA,,NA,1,
07/02/2024,NY22-X-66,NY22,Sample location delocated to a 10km square (see metadata),320000,520000,325000,525000,4,55,59,no,yes,,NULL,17,,1,,4.9,,yes,NA,2,,5,,2,,30,,3,,,NA,,NA,,NA,,NA,,NA,,NA,30,,2.8,,yes,normal,normal,0,,46,,,NA,turn and lift,yes,NA,yes,NA,yes,NA,small corer,yes,NA,yes,NA,yes,normal,19,,19,,turn and lift,no,,NA,NA,NA,,NA,1,
07/02/2024,NY22-X-66,NY22,Sample location delocated to a 10km square (see metadata),320000,520000,325000,525000,4,55,46,yes,yes,0,,13,,5,,4.9,,yes,NA,,NULL,5,,2,,30,,3,,,NA,,NA,,NA,,NA,,NA,,NA,30,,2.8,,yes,normal,normal,0,,45,,,NA,turn and lift,yes,NA,yes,NA,yes,NA,small corer,yes,NA,yes,partial - stones,yes,normal,18,,,NA,turn and lift,no,,NA,NA,NA,,NA,1,
07/02/2024,NY22-X-66,NY22,Sample location delocated to a 10km square (see metadata),320000,520000,325000,525000,2,84,11,yes,yes,0,,12,,6,,4.7,,yes,NA,2,,2,,2,,9,,3,,30,,2.5,,,NA,,NA,,NA,,NA,30,,2.6,,yes,normal,normal,0,,47,,,NA,turn and lift,yes,NA,yes,NA,yes,NA,small corer,yes,partial - stones,no,stones,yes,normal,19,,19,,turn and lift,no,,NA,NA,NA,,NA,1,
07/02/2024,NY22-X-66,NY22,Sample location delocated to a 10km square (see metadata),320000,520000,325000,525000,2,84,28,yes,yes,0,,16,,3,,4.7,,yes,NA,2,,2,,2,,7.3,,3,,30,,3.5,,,NA,,NA,,NA,,NA,30,,3.3,,yes,normal,normal,0,,46,,,NA,turn and lift,yes,NA,yes,NA,yes,NA,small corer,yes,partial - stones,no,stones,yes,normal,19,,19,,turn and lift,no,,NA,NA,NA,,NA,1,
07/02/2024,NY22-X-66,NY22,Sample location delocated to a 10km square (see metadata),320000,520000,325000,525000,2,84,59,yes,yes,0,,9,,7,,5.1,,yes,NA,2,,11,,2,,30,,3,,,NA,,NA,,NA,,NA,,NA,,NA,30,,2.6,,yes,normal,normal,0,,47,,,NA,turn and lift,yes,NA,yes,NA,yes,NA,small corer,yes,NA,yes,NA,yes,normal,19,,,NA,turn and lift,no,,NA,NA,NA,,NA,1,
07/02/2024,NY22-X-66,NY22,Sample location delocated to a 10km square (see metadata),320000,520000,325000,525000,2,84,46,yes,yes,0,,13,,2,,5.1,,yes,NA,2,,5,,2.5,,30,,3.5,,,NA,,NA,,NA,,NA,,NA,,NA,30,,3.3,,yes,normal,normal,0,,45,,,NA,turn and lift,yes,NA,yes,NA,yes,NA,small corer,yes,NA,yes,partial - stones,yes,normal,19,,19,,turn and lift,no,,NA,NA,NA,,NA,1,
08/02/2024,NY22-X-66,NY22,Sample location delocated to a 10km square (see metadata),320000,520000,325000,525000,3,85,11,yes,yes,2,,16,,2,,3.7,,yes,NA,2,,7,,2,,30,,3,,,NA,,NA,,NA,,NA,,NA,,NA,30,,2.8,,yes,normal,normal,0,,46,,,NA,turn and lift,yes,NA,yes,NA,yes,NA,small corer,yes,partial - stones,no,stones,yes,normal,18,,18,,turn and lift,no,,NA,NA,NA,,NA,1,
08/02/2024,NY22-X-66,NY22,Sample location delocated to a 10km square (see metadata),320000,520000,325000,525000,3,85,28,yes,yes,2,,17,,10,,3.5,,yes,NA,2,,3,,2,,18,,3,,30,,3.5,,,NA,,NA,,NA,,NA,30,,3.1,,yes,normal,normal,0,,46,,,NA,turn and lift,yes,NA,yes,NA,yes,NA,small corer,yes,NA,yes,NA,yes,normal,18,,18,,turn and lift,no,,NA,NA,NA,,NA,1,
08/02/2024,NY22-X-66,NY22,Sample location delocated to a 10km square (see metadata),320000,520000,325000,525000,3,85,59,yes,yes,1,,26,,11,,3.7,,yes,NA,2,,4,,2,,15,,3,,30,,4,,,NA,,NA,,NA,,NA,30,,3.4,,yes,normal,normal,0,,46,,,NA,turn and lift,yes,NA,yes,NA,yes,NA,small corer,yes,NA,yes,NA,yes,normal,19,,19,,turn and lift,no,,NA,NA,NA,,NA,1,
08/02/2024,NY22-X-66,NY22,Sample location delocated to a 10km square (see metadata),320000,520000,325000,525000,3,85,46,yes,yes,2,,17,,2,,3.6,,yes,NA,,NULL,5,,1.5,,30,,3,,,NA,,NA,,NA,,NA,,NA,,NA,30,,2.8,,yes,normal,normal,0,,46,,,NA,turn and lift,yes,NA,yes,NA,yes,NA,small corer,yes,partial - stones,no,stones,yes,normal,20,,,NA,turn and lift,no,,NA,NA,NA,,NA,1,
26/06/2023,NY22-X-70,NY22,Sample location delocated to a 10km square (see metadata),320000,520000,325000,525000,1,85,28,no,no,0,,0,,0,,14.5,,yes,NA,2,,2,,1,,6,,1,,30,,1,,,NA,,NA,,NA,,NA,30,,1,,yes,normal,normal,5,,44,,44,,dig and tip,yes,NA,yes,NA,yes,NA,small corer,yes,NA,yes,partial - stones,yes,normal,21,,21,,turn and lift,NULL,,NULL,NULL,NULL,,NULL,,NULL
26/06/2023,NY22-X-70,NY22,Sample location delocated to a 10km square (see metadata),320000,520000,325000,525000,1,85,11,no,no,0,,0,,0,,14.7,,yes,NA,2,,2,,1,,10,,1,,16,,1,,,NA,,NA,,NA,,NA,16,,1,,yes,normal,normal,2,,42,,42,,dig and tip,yes,NA,yes,NA,yes,NA,small corer,yes,partial - compaction,no,hit rock,yes,normal,20,,20,,turn and lift,NULL,,NULL,NULL,NULL,,NULL,,NULL
26/06/2023,NY22-X-70,NY22,Sample location delocated to a 10km square (see metadata),320000,520000,325000,525000,1,85,59,no,no,0,,0,,0,,14.8,,yes,NA,2,,3,,1,,12,,1.5,,30,,1,,,NA,,NA,,NA,,NA,30,,1.2,,yes,normal,normal,2,,41,,41,,turn and lift,yes,NA,yes,NA,yes,NA,small corer,yes,NA,yes,partial - stones,yes,normal,18,,18,,turn and lift,NULL,,NULL,NULL,NULL,,NULL,,NULL
26/06/2023,NY22-X-70,NY22,Sample location delocated to a 10km square (see metadata),320000,520000,325000,525000,1,85,46,no,no,0,,0,,0,,15.5,,yes,NA,2,,2,,1,,7,,1,,25,,1,,,NA,,NA,,NA,,NA,25,,1,,yes,normal,normal,0,,45,,45,,turn and lift,yes,NA,yes,NA,yes,NA,small corer,yes,partial - hit rock,no,hit rock,yes,normal,19,,19,,turn and lift,NULL,,NULL,NULL,NULL,,NULL,,NULL
27/06/2023,NY22-X-70,NY22,Sample location delocated to a 10km square (see metadata),320000,520000,325000,525000,2,72,59,no,no,0,,0,,0,,11.4,,yes,NA,2,,18,,1,,30,,1,,,NA,,NA,,NA,,NA,,NA,,NA,30,,1,,yes,serrated,serrated,0,,30,,30,,dig and tip,yes,NA,yes,NA,no,shallow_soil,small corer,yes,NA,yes,NA,yes,serrated,18,,,NA,turn and lift,NULL,,NULL,NULL,NULL,,NULL,,NULL
27/06/2023,NY22-X-70,NY22,Sample location delocated to a 10km square (see metadata),320000,520000,325000,525000,2,72,46,no,no,0,,0,,0,,11.9,,yes,NA,2,,25,,1,,30,,2,,,NA,,NA,,NA,,NA,,NA,,NA,30,,1.2,,yes,serrated,serrated,4,,44,,44,,dig and tip,yes,NA,yes,NA,yes,NA,small corer,yes,NULL,yes,NA,yes,serrated,18,,18,,turn and lift,NULL,,NULL,NULL,NULL,,NULL,,NULL
27/06/2023,NY22-X-70,NY22,Sample location delocated to a 10km square (see metadata),320000,520000,325000,525000,2,72,11,no,no,0,,0,,0,,11.9,,yes,NA,2,,30,,1,,,NA,,NA,,NA,,NA,,NA,,NA,,NA,,NA,30,,1,,yes,serrated,serrated,8,,47,,47,,dig and tip,yes,NA,yes,NA,yes,NA,small corer,yes,NULL,yes,NA,yes,serrated,22,,22,,turn and lift,NULL,,NULL,NULL,NULL,,NULL,,NULL
27/06/2023,NY22-X-70,NY22,Sample location delocated to a 10km square (see metadata),320000,520000,325000,525000,2,72,34,no,no,0,,0,,0,,11.5,,yes,NA,,NULL,25,,1,,,NA,,NA,,NA,,NA,,NA,,NA,,NA,,NA,25,,1,,yes,serrated,serrated,9,,25,,25,,dig and tip,yes,NA,no,shallow_soil,no,NULL,small corer,yes,NA,yes,NA,yes,serrated,17,,17,,turn and lift,NULL,,NULL,NULL,NULL,,NULL,,NULL
27/06/2023,NY22-X-70,NY22,Sample location delocated to a 10km square (see metadata),320000,520000,325000,525000,5,85,11,no,no,0,,0,,0,,15,,yes,NA,2,,30,,1,,,NA,,NA,,NA,,NA,,NA,,NA,,NA,,NA,30,,1,,yes,serrated,normal,2,,47,,47,,turn and lift,yes,NA,yes,NA,yes,NA,small corer,yes,NA,yes,NA,yes,serrated,37,,37,,turn and lift,NULL,,NULL,NULL,NULL,,NULL,,NULL
27/06/2023,NY22-X-70,NY22,Sample location delocated to a 10km square (see metadata),320000,520000,325000,525000,5,85,28,no,no,0,,0,,0,,14.5,,yes,NA,2,,11,,1,,30,,1,,,NA,,NA,,NA,,NA,,NA,,NA,30,,1,,yes,serrated,serrated,0,,46,,46,,turn and lift,yes,NA,yes,NA,yes,NA,small corer,yes,NA,yes,NA,yes,serrated,31,,31,,turn and lift,NULL,,NULL,NULL,NULL,,NULL,,NULL
27/06/2023,NY22-X-70,NY22,Sample location delocated to a 10km square (see metadata),320000,520000,325000,525000,5,85,59,no,no,0,,0,,0,,15.1,,yes,NA,2,,30,,1,,,NA,,NA,,NA,,NA,,NA,,NA,,NA,,NA,30,,1,,yes,serrated,serrated,2,,46,,46,,turn and lift,yes,NA,yes,NA,yes,NA,small corer,yes,NA,yes,NA,yes,serrated,33,,33,,turn and lift,NULL,,NULL,NULL,NULL,,NULL,,NULL
27/06/2023,NY22-X-70,NY22,Sample location delocated to a 10km square (see metadata),320000,520000,325000,525000,5,85,46,no,no,0,,0,,0,,14.1,,yes,NA,2,,30,,1,,,NA,,NA,,NA,,NA,,NA,,NA,,NA,,NA,30,,1,,yes,serrated,serrated,4,,46,,46,,dig and tip,yes,NA,yes,NA,yes,NA,small corer,yes,NA,yes,NA,yes,serrated,33,,33,,dig and tip,NULL,,NULL,NULL,NULL,,NULL,,NULL
28/06/2023,NY22-X-70,NY22,Sample location delocated to a 10km square (see metadata),320000,520000,325000,525000,6,85,59,no,no,0,,0,,0,,11.5,,yes,NA,2,,20,,2.5,,30,,3.5,,,NA,,NA,,NA,,NA,,NA,,NA,30,,2.8,,yes,serrated,serrated,2,,49,,49,,turn and lift,yes,NA,yes,NA,yes,NA,small corer,yes,NA,yes,NA,yes,serrated,30,,30,,turn and lift,NULL,,NULL,NULL,NULL,,NULL,,NULL
28/06/2023,NY22-X-70,NY22,Sample location delocated to a 10km square (see metadata),320000,520000,325000,525000,6,85,46,no,no,0,,0,,0,,11.2,,yes,NA,2,,16,,2,,30,,3,,,NA,,NA,,NA,,NA,,NA,,NA,30,,2.5,,yes,serrated,serrated,3,,41,,,NA,turn and lift,yes,NA,yes,NA,yes,NA,small corer,yes,NA,yes,partial - stones,yes,serrated,34,,34,,turn and lift,NULL,,NULL,NULL,NULL,,NULL,,NULL
28/06/2023,NY22-X-70,NY22,Sample location delocated to a 10km square (see metadata),320000,520000,325000,525000,6,85,28,no,no,0,,0,,0,,11.7,,yes,NA,2,,20,,2,,30,,3,,,NA,,NA,,NA,,NA,,NA,,NA,30,,2.3,,yes,serrated,serrated,1,,45,,45,,turn and lift,yes,NA,yes,NA,yes,NA,small corer,yes,NA,yes,NA,yes,serrated,30,,,NA,turn and lift,NULL,,NULL,NULL,NULL,,NULL,,NULL
28/06/2023,NY22-X-70,NY22,Sample location delocated to a 10km square (see metadata),320000,520000,325000,525000,6,85,11,no,no,0,,0,,0,,11.1,,yes,NA,2,,15,,2,,30,,3,,,NA,,NA,,NA,,NA,,NA,,NA,30,,2.5,,yes,serrated,serrated,6,,32,,32,,turn and lift,yes,NA,yes,NA,no,shallow_soil,small corer,yes,NA,yes,partial - stones,yes,serrated,26,,26,,turn and lift,NULL,,NULL,NULL,NULL,,NULL,,NULL
28/06/2023,NY22-X-70,NY22,Sample location delocated to a 10km square (see metadata),320000,520000,325000,525000,3,85,59,no,no,0,,0,,0,,12.8,,yes,NA,2,,4,,2,,11,,3,,22,,1,,,NA,,NA,,NA,,NA,22,,1.8,,yes,serrated,serrated,2,,45,,45,,turn and lift,yes,NA,yes,NA,yes,NA,small corer,yes,NA,yes,partial - hit rock,yes,serrated,30,,30,,turn and lift,NULL,,NULL,NULL,NULL,,NULL,,NULL
28/06/2023,NY22-X-70,NY22,Sample location delocated to a 10km square (see metadata),320000,520000,325000,525000,3,85,28,no,no,0,,0,,0,,12.5,,yes,NA,2,,3,,2,,11,,3,,26,,1,,,NA,,NA,,NA,,NA,26,,1.7,,yes,serrated,serrated,5,,47,,47,,turn and lift,yes,NA,yes,NA,yes,NA,small corer,yes,partial - hit rock,no,NULL,yes,serrated,30,,30,,turn and lift,NULL,,NULL,NULL,NULL,,NULL,,NULL
28/06/2023,NY22-X-70,NY22,Sample location delocated to a 10km square (see metadata),320000,520000,325000,525000,3,85,11,no,no,0,,0,,0,,13.1,,yes,NA,,NULL,4,,2.5,,11,,3,,24,,1,,,NA,,NA,,NA,,NA,24,,1.8,,yes,serrated,serrated,2,,45,,45,,turn and lift,yes,NA,yes,NA,yes,NA,small corer,yes,partial - hit rock,no,NULL,yes,serrated,20,,20,,turn and lift,NULL,,NULL,NULL,NULL,,NULL,,NULL
28/06/2023,NY22-X-70,NY22,Sample location delocated to a 10km square (see metadata),320000,520000,325000,525000,3,85,46,no,no,0,,0,,0,,14.8,,yes,NA,2,,3,,2,,9,,3,,25,,1,,,NA,,NA,,NA,,NA,25,,1.6,,yes,serrated,serrated,1,,21,,21,,turn and lift,yes,NA,no,shallow_soil,no,shallow_soil,small corer,yes,NA,yes,partial - hit rock,yes,serrated,18,,18,,turn and lift,NULL,,NULL,NULL,NULL,,NULL,,NULL
28/06/2023,NY22-X-70,NY22,Sample location delocated to a 10km square (see metadata),320000,520000,325000,525000,4,97,11,no,no,0,,2,,0,,16.4,,yes,NA,2,,20,,1,,,NA,,NA,,NA,,NA,,NA,,NA,,NA,,NA,20,,1,,yes,normal,normal,3,,46,,46,,dig and tip,yes,NA,yes,NA,yes,NA,small corer,yes,NA,no,hit rock,yes,normal,20,,20,,turn and lift,NULL,,NULL,NULL,NULL,,NULL,,NULL
28/06/2023,NY22-X-70,NY22,Sample location delocated to a 10km square (see metadata),320000,520000,325000,525000,4,97,28,no,no,0,,2,,0,,15.7,,yes,NA,2,,20,,1,,,NA,,NA,,NA,,NA,,NA,,NA,,NA,,NA,20,,1,,yes,normal,normal,2,,36,,36,,dig and tip,yes,NA,yes,NA,no,shallow_soil,small corer,yes,partial - hit rock,no,hit rock,yes,normal,19,,19,,turn and lift,NULL,,NULL,NULL,NULL,,NULL,,NULL
28/06/2023,NY22-X-70,NY22,Sample location delocated to a 10km square (see metadata),320000,520000,325000,525000,4,97,59,no,no,0,,0,,0,,15.6,,yes,NA,2,,20,,1,,,NA,,NA,,NA,,NA,,NA,,NA,,NA,,NA,20,,1,,yes,normal,normal,0,,41,,41,,dig and tip,yes,NA,yes,NA,yes,NA,small corer,yes,partial - hit rock,no,hit rock,yes,normal,18,,18,,turn and lift,NULL,,NULL,NULL,NULL,,NULL,,NULL
28/06/2023,NY22-X-70,NY22,Sample location delocated to a 10km square (see metadata),320000,520000,325000,525000,4,97,46,no,no,0,,0,,0,,15.7,,yes,NA,2,,20,,1,,,NA,,NA,,NA,,NA,,NA,,NA,,NA,,NA,20,,1,,yes,normal,normal,0,,34,,34,,dig and tip,yes,NA,yes,NA,yes,NA,small corer,yes,partial - hit rock,no,hit rock,yes,normal,17,,17,,turn and lift,NULL,,NULL,NULL,NULL,,NULL,,NULL
09/10/2023,NY32-X-19,NY32,Sample location delocated to a 10km square (see metadata),330000,520000,335000,525000,4,85,11,no,no,0,,0,,0,,12.4,,yes,NA,2,,30,,5,,,NA,,NA,,NA,,NA,,NA,,NA,,NA,,NA,30,,5,,yes,normal,normal,0,,48,,,NA,dig and tip,yes,NA,yes,NA,yes,NA,small corer,yes,NA,yes,NA,yes,normal,34,,34,,dig and tip,yes,58,,yes,Hisco,,NULL,1,
09/10/2023,NY32-X-19,NY32,Sample location delocated to a 10km square (see metadata),330000,520000,335000,525000,4,85,28,no,no,0,,0,,0,,12.8,,yes,NA,3,,30,,5,,,NA,,NA,,NA,,NA,,NA,,NA,,NA,,NA,30,,5,,yes,normal,normal,0,,50,,,NA,dig and tip,yes,NA,yes,NA,yes,NA,small corer,yes,NA,yes,NA,yes,normal,29,,,NA,dig and tip,yes,43,,yes,Hisco,,NULL,1,
09/10/2023,NY32-X-19,NY32,Sample location delocated to a 10km square (see metadata),330000,520000,335000,525000,4,85,59,no,no,0,,0,,0,,13.4,,yes,NA,2,,30,,5,,,NA,,NA,,NA,,NA,,NA,,NA,,NA,,NA,30,,5,,yes,normal,normal,0,,47,,,NA,dig and tip,yes,NA,yes,NA,yes,NA,small corer,no,too wet ,no,too wet,yes,normal,45,,,NA,dig and tip,yes,112,,yes,Hisco,,NULL,1,
09/10/2023,NY32-X-19,NY32,Sample location delocated to a 10km square (see metadata),330000,520000,335000,525000,4,85,46,no,no,0,,0,,0,,13.1,,yes,NA,2,,25,,5,,,NA,,NA,,NA,,NA,,NA,,NA,,NA,,NA,25,,5,,yes,normal,normal,0,,50,,,NA,dig and tip,yes,NA,yes,NA,yes,NA,small corer,yes,NA,yes,NA,yes,normal,29,,,NA,turn and lift,yes,63,,yes,Hisco,,NULL,1,
09/10/2023,NY32-X-19,NY32,Sample location delocated to a 10km square (see metadata),330000,520000,335000,525000,2,85,11,no,no,0,,0,,0,,12.3,,yes,NA,2,,30,,5,,,NA,,NA,,NA,,NA,,NA,,NA,,NA,,NA,30,,5,,yes,serrated,serrated,0,,48,,,NA,dig and tip,yes,NA,yes,NA,yes,NA,small corer,yes,NA,yes,NA,yes,serrated,22,,22,,dig and tip,yes,127,,yes,Hisco,,NULL,1,
09/10/2023,NY32-X-19,NY32,Sample location delocated to a 10km square (see metadata),330000,520000,335000,525000,2,85,28,no,no,0,,0,,0,,12.4,,yes,NA,2,,30,,5,,,NA,,NA,,NA,,NA,,NA,,NA,,NA,,NA,30,,5,,yes,serrated,serrated,0,,47,,,NA,dig and tip,yes,NA,yes,NA,yes,NA,small corer,yes,NA,yes,NA,yes,serrated,21,,21,,dig and tip,yes,148,,yes,Hisco,,NULL,1,
09/10/2023,NY32-X-19,NY32,Sample location delocated to a 10km square (see metadata),330000,520000,335000,525000,2,85,59,no,no,0,,0,,0,,12.2,,yes,NA,2,,30,,5,,,NA,,NA,,NA,,NA,,NA,,NA,,NA,,NA,30,,5,,yes,serrated,serrated,0,,44,,,NA,dig and tip,yes,NA,yes,NA,yes,NA,small corer,yes,NA,yes,NA,yes,serrated,19,,19,,dig and tip,yes,183,,yes,Hisco,,NULL,1,
09/10/2023,NY32-X-19,NY32,Sample location delocated to a 10km square (see metadata),330000,520000,335000,525000,2,85,46,no,no,0,,0,,0,,12.3,,yes,NA,2,,20,,5,,30,,5,,,NA,,NA,,NA,,NA,,NA,,NA,30,,5,,yes,serrated,serrated,0,,45,,,NA,dig and tip,yes,NA,yes,NA,no,too_wet,small corer,yes,NA,yes,NA,yes,serrated,21,,21,,dig and tip,yes,155,,yes,Hisco,,NULL,1,
09/10/2023,NY32-X-19,NY32,Sample location delocated to a 10km square (see metadata),330000,520000,335000,525000,3,85,11,no,no,0,,0,,0,,12.2,,yes,NA,2,,30,,5,,,NA,,NA,,NA,,NA,,NA,,NA,,NA,,NA,30,,5,,yes,serrated,serrated,0,,47,,,NA,dig and tip,yes,NA,yes,NA,yes,NA,small corer,no,too wet ,no,NULL,yes,serrated,22,,22,,dig and tip,yes,72,,yes,Hisco,,NULL,1,
09/10/2023,NY32-X-19,NY32,Sample location delocated to a 10km square (see metadata),330000,520000,335000,525000,3,85,28,no,no,0,,0,,0,,12.1,,yes,NA,2,,5,,5,,15,,5,,20,,5,,30,,5,,,NA,,NA,30,,5,,yes,serrated,serrated,0,,42,,,NA,dig and tip,yes,NA,yes,NA,yes,NA,small corer,yes,NA,yes,NA,yes,serrated,21,,21,,dig and tip,yes,79,,yes,Hisco,,NULL,1,
09/10/2023,NY32-X-19,NY32,Sample location delocated to a 10km square (see metadata),330000,520000,335000,525000,3,85,59,no,no,0,,0,,0,,11.9,,yes,NA,2,,14,,5,,26,,5,,30,,5,,,NA,,NA,,NA,,NA,30,,5,,yes,serrated,serrated,0,,47,,,NA,dig and tip,yes,NA,yes,NA,no,too_wet,small corer,yes,NA,yes,NA,yes,serrated,22,,22,,dig and tip,yes,54,,yes,Hisco,,NULL,1,
09/10/2023,NY32-X-19,NY32,Sample location delocated to a 10km square (see metadata),330000,520000,335000,525000,3,85,46,no,no,0,,0,,0,,11.9,,yes,NA,2,,12,,5,,17,,5,,30,,5,,,NA,,NA,,NA,,NA,30,,5,,yes,serrated,serrated,0,,40,,,NA,dig and tip,yes,NA,yes,NA,yes,NA,small corer,yes,NA,yes,NA,yes,serrated,24,,24,,dig and tip,yes,55,,yes,Hisco,,NULL,1,
05/02/2024,NY47-X-95,NY47,Sample location delocated to a 10km square (see metadata),340000,570000,345000,575000,2,134,11,no,no,0,,5,,2,,6.8,,yes,NA,,NULL,30,,2.5,,,NA,,NA,,NA,,NA,,NA,,NA,,NA,,NA,30,,2.5,,yes,normal,normal,0,,44,,,NA,turn and lift,yes,NA,yes,NA,yes,NA,small corer,yes,NA,yes,NA,yes,normal,19,,19,,turn and lift,no,,NA,NA,NA,,NA,1,
05/02/2024,NY47-X-95,NY47,Sample location delocated to a 10km square (see metadata),340000,570000,345000,575000,2,134,28,no,no,0,,12,,5,,6.8,,yes,NA,2,,30,,2,,,NA,,NA,,NA,,NA,,NA,,NA,,NA,,NA,30,,2,,yes,normal,normal,0,,47,,,NA,turn and lift,yes,NA,yes,NA,yes,NA,small corer,yes,NA,yes,partial - hit rock,yes,normal,18,,18,,turn and lift,no,,NA,NA,NA,,NA,1,
05/02/2024,NY47-X-95,NY47,Sample location delocated to a 10km square (see metadata),340000,570000,345000,575000,2,134,59,no,no,0,,4,,4,,6.7,,yes,NA,,NULL,21,,2,,30,,2.5,,,NA,,NA,,NA,,NA,,NA,,NA,30,,2.2,,yes,normal,normal,0,,46,,,NA,turn and lift,yes,NA,yes,NA,yes,NA,small corer,yes,NA,no,hit rock,yes,normal,19,,,NA,turn and lift,no,,NA,NA,NA,,NA,1,
05/02/2024,NY47-X-95,NY47,Sample location delocated to a 10km square (see metadata),340000,570000,345000,575000,2,134,46,no,no,1,,8,,4,,6.8,,yes,NA,2,,23,,2,,30,,2.5,,,NA,,NA,,NA,,NA,,NA,,NA,30,,2.1,,yes,normal,normal,0,,45,,,NA,turn and lift,yes,NA,yes,NA,yes,NA,small corer,no,NULL,no,hit rock,yes,normal,19,,,NA,turn and lift,no,,NA,NA,NA,,NA,1,
06/02/2024,NY47-X-95,NY47,Sample location delocated to a 10km square (see metadata),340000,570000,345000,575000,4,85,11,no,no,0,,17,,15,,7,,yes,NA,2,,11,,2,,30,,2.5,,,NA,,NA,,NA,,NA,,NA,,NA,30,,2.3,,yes,normal,normal,0,,32,,,NULL,turn and lift,yes,NA,yes,NA,no,too_hard,small corer,yes,partial - stones,no,NULL,yes,normal,19,,19,,turn and lift,no,,NA,NA,NA,,NA,1,
06/02/2024,NY47-X-95,NY47,Sample location delocated to a 10km square (see metadata),340000,570000,345000,575000,4,85,28,no,no,0,,10,,14,,7.1,,yes,NA,2,,30,,2,,,NA,,NA,,NA,,NA,,NA,,NA,,NA,,NA,30,,2,,yes,normal,normal,0,,45,,,NA,turn and lift,yes,NA,yes,NA,yes,NA,small corer,yes,partial - stones,no,stones,yes,normal,18,,18,,turn and lift,no,,NA,NA,NA,,NA,1,
06/02/2024,NY47-X-95,NY47,Sample location delocated to a 10km square (see metadata),340000,570000,345000,575000,4,85,59,no,no,0,,11,,5,,7,,yes,NA,,NULL,13,,1.5,,30,,2.5,,,NA,,NA,,NA,,NA,,NA,,NA,30,,2.1,,yes,normal,normal,0,,22,,,NULL,turn and lift,yes,NA,yes,NA,no,too_hard,small corer,yes,NA,no,stones,yes,normal,19,,,NA,turn and lift,no,,NA,NA,NA,,NA,1,
06/02/2024,NY47-X-95,NY47,Sample location delocated to a 10km square (see metadata),340000,570000,345000,575000,4,85,46,no,no,0,,10,,7,,6.8,,yes,NA,,NULL,30,,2,,,NA,,NA,,NA,,NA,,NA,,NA,,NA,,NA,30,,2,,yes,normal,normal,0,,46,,,NA,turn and lift,yes,NA,yes,NA,yes,NA,small corer,yes,partial - stones,no,stones,yes,normal,19,,,NA,turn and lift,no,,NA,NA,NA,,NA,1,
31/05/2023,NY50-X-38,NY50,Sample location delocated to a 10km square (see metadata),350000,500000,355000,505000,1,85,11,no,no,0,,0,,0,,13.2,,yes,NA,2,,30,,1,,,NA,,NA,,NA,,NA,,NA,,NA,,NA,,NA,30,,1,,yes,normal,normal,0,,35,,35,,dig and tip,yes,NA,yes,NA,no,shallow_soil,small corer,yes,partial - thick root mat,yes,partial - shallow soil,yes,normal,26,,26,,dig and tip,NULL,,NULL,NULL,NULL,,NULL,,NULL
31/05/2023,NY50-X-38,NY50,Sample location delocated to a 10km square (see metadata),350000,500000,355000,505000,1,85,28,no,no,0,,0,,0,,13.3,,yes,NA,2,,30,,1,,,NA,,NA,,NA,,NA,,NA,,NA,,NA,,NA,30,,1,,yes,normal,normal,3,,46,,46,,dig and tip,yes,NA,yes,NA,yes,NA,small corer,yes,partial - thick root mat,yes,NA,yes,normal,31,,31,,dig and tip,NULL,,NULL,NULL,NULL,,NULL,,NULL
31/05/2023,NY50-X-38,NY50,Sample location delocated to a 10km square (see metadata),350000,500000,355000,505000,1,85,59,no,no,1,,0,,0,,13.9,,yes,NA,2,,30,,1,,,NA,,NA,,NA,,NA,,NA,,NA,,NA,,NA,30,,1,,yes,normal,normal,0,,42,,42,,turn and lift,yes,NA,yes,NA,yes,NA,small corer,yes,partial - thick root mat,yes,partial - thick root mat,yes,normal,32,,32,,dig and tip,NULL,,NULL,NULL,NULL,,NULL,,NULL
31/05/2023,NY50-X-38,NY50,Sample location delocated to a 10km square (see metadata),350000,500000,355000,505000,1,85,46,no,no,0,,0,,0,,12.3,,yes,NA,2,,30,,1,,,NA,,NA,,NA,,NA,,NA,,NA,,NA,,NA,30,,1,,yes,normal,normal,0,,46,,46,,dig and tip,yes,NA,yes,NA,yes,NA,small corer,yes,partial - thick root mat,yes,NA,yes,normal,29,,29,,dig and tip,NULL,,NULL,NULL,NULL,,NULL,,NULL
01/06/2023,NY50-X-38,NY50,Sample location delocated to a 10km square (see metadata),350000,500000,355000,505000,2,127,11,no,no,0,,10,,1,,15,,yes,NA,2,,20,,1.5,,30,,1,,,NA,,NA,,NA,,NA,,NA,,NA,30,,1.3,,yes,normal,catcher,0,,46,,46,,turn and lift,yes,NA,yes,NA,yes,NA,small corer,yes,NA,no,shallow and stones,yes,catcher,19,,19,,turn and lift,NULL,,NULL,NULL,NULL,,NULL,,NULL
01/06/2023,NY50-X-38,NY50,Sample location delocated to a 10km square (see metadata),350000,500000,355000,505000,2,127,28,no,no,0,,8,,1,,14.4,,yes,NA,2,,20,,1.5,,30,,1,,,NA,,NA,,NA,,NA,,NA,,NA,30,,1.3,,yes,normal,catcher,0,,44,,44,,turn and lift,yes,NA,yes,NA,yes,NA,small corer,yes,NA,no,shallow and stones,yes,catcher,19,,19,,turn and lift,NULL,,NULL,NULL,NULL,,NULL,,NULL
01/06/2023,NY50-X-38,NY50,Sample location delocated to a 10km square (see metadata),350000,500000,355000,505000,2,127,57,no,no,0,,8,,0,,14.6,,yes,NA,2,,20,,1,,30,,1,,,NA,,NA,,NA,,NA,,NA,,NA,30,,1,,yes,normal,catcher,0,,42,,42,,turn and lift,yes,NA,yes,NA,yes,NA,small corer,yes,partial - stones,no,stones,yes,catcher,18,,18,,turn and lift,NULL,,NULL,NULL,NULL,,NULL,,NULL
01/06/2023,NY50-X-38,NY50,Sample location delocated to a 10km square (see metadata),350000,500000,355000,505000,2,127,46,no,no,0,,2,,0,,15.4,,yes,NA,2,,20,,1.5,,30,,1,,,NA,,NA,,NA,,NA,,NA,,NA,30,,1.3,,yes,normal,catcher,0,,46,,46,,turn and lift,yes,NA,yes,NA,yes,NA,small corer,yes,NA,yes,partial - hit rock and stones ,yes,catcher,18,,18,,turn and lift,NULL,,NULL,NULL,NULL,,NULL,,NULL
02/06/2023,NY50-X-38,NY50,Sample location delocated to a 10km square (see metadata),350000,500000,355000,505000,4,57,11,no,no,0,,4,,2,,13.9,,yes,NA,2,,30,,1.5,,,NA,,NA,,NA,,NA,,NA,,NA,,NA,,NA,30,,1.5,,yes,normal,normal,0,,44,,44,,turn and lift,yes,NA,yes,NA,yes,NA,small corer,yes,NA,yes,partial - stones,yes,normal,19,,19,,turn and lift,NULL,,NULL,NULL,NULL,,NULL,,NULL
02/06/2023,NY50-X-38,NY50,Sample location delocated to a 10km square (see metadata),350000,500000,355000,505000,4,57,28,no,no,0,,10,,4,,13.6,,yes,NA,,NULL,30,,1.5,,,NA,,NA,,NA,,NA,,NA,,NA,,NA,,NA,30,,1.5,,yes,normal,normal,0,,44,,44,,turn and lift,yes,NA,yes,NA,yes,NA,small corer,yes,NA,yes,NA,yes,normal,19,,19,,turn and lift,NULL,,NULL,NULL,NULL,,NULL,,NULL
02/06/2023,NY50-X-38,NY50,Sample location delocated to a 10km square (see metadata),350000,500000,355000,505000,4,57,59,no,no,0,,1,,4,,13.9,,yes,NA,2,,30,,1.5,,,NA,,NA,,NA,,NA,,NA,,NA,,NA,,NA,30,,1.5,,yes,normal,normal,0,,20,,20,,turn and lift,yes,NA,no,shallow_soil,no,shallow_soil,small corer,yes,NA,no,stones,yes,normal,18,,18,,turn and lift,NULL,,NULL,NULL,NULL,,NULL,,NULL
02/06/2023,NY50-X-38,NY50,Sample location delocated to a 10km square (see metadata),350000,500000,355000,505000,4,57,46,no,no,0,,8,,0,,15.8,,yes,NA,,NULL,30,,1.5,,,NA,,NA,,NA,,NA,,NA,,NA,,NA,,NA,30,,1.5,,yes,normal,normal,0,,45,,45,,turn and lift,yes,NA,yes,NA,yes,NA,small corer,yes,partial - stones,no,stones,yes,normal,19,,19,,turn and lift,NULL,,NULL,NULL,NULL,,NULL,,NULL
14/02/2024,NY54-X-44,NY54,Sample location delocated to a 10km square (see metadata),350000,540000,355000,545000,3,85,11,yes,yes,0,,5,,1,,,NULL,yes,NA,1,,30,,4.5,,,NA,,NA,,NA,,NA,,NA,,NA,,NA,,NA,30,,4.5,,yes,normal,normal,0,,45,,,NA,turn and lift,yes,NA,yes,NA,yes,NA,small corer,yes,NA,yes,partial - stones,yes,normal,18,,18,,turn and lift,no,,NA,NA,NA,,NA,1,
14/02/2024,NY54-X-44,NY54,Sample location delocated to a 10km square (see metadata),350000,540000,355000,545000,3,85,28,no,no,0,,1,,0,,,NULL,yes,NA,,NULL,30,,4,,,NA,,NA,,NA,,NA,,NA,,NA,,NA,,NA,30,,4,,yes,normal,normal,0,,44,,,NA,turn and lift,yes,NA,yes,NA,yes,NA,repacked (no tip),yes,NA,yes,partial - stones,yes,normal,17,,,NA,turn and lift,no,,NA,NA,NA,,NA,1,
14/02/2024,NY54-X-44,NY54,Sample location delocated to a 10km square (see metadata),350000,540000,355000,545000,3,85,59,yes,yes,2,,4,,0,,,NULL,yes,NA,2,,30,,4.5,,,NA,,NA,,NA,,NA,,NA,,NA,,NA,,NA,30,,4.5,,yes,normal,normal,0,,43,,,NA,turn and lift,yes,NA,yes,NA,yes,NA,small corer,yes,partial - stones,no,stones,yes,normal,18,,,NA,turn and lift,no,,NA,NA,NA,,NA,1,
14/02/2024,NY54-X-44,NY54,Sample location delocated to a 10km square (see metadata),350000,540000,355000,545000,3,85,46,yes,yes,1,,1,,0,,,NULL,yes,NA,2,,30,,4.5,,,NA,,NA,,NA,,NA,,NA,,NA,,NA,,NA,30,,4.5,,yes,normal,normal,0,,45,,,NA,turn and lift,yes,NA,yes,NA,yes,NA,small corer,yes,NA,yes,NA,yes,normal,18,,,NA,turn and lift,no,,NA,NA,NA,,NA,1,
21/11/2023,NY55-X-94,NY55,Sample location delocated to a 10km square (see metadata),350000,550000,355000,555000,2,98,11,no,no,0,,0,,0,,7.3,,yes,NA,,NULL,30,,5,,,NA,,NA,,NA,,NA,,NA,,NA,,NA,,NA,30,,5,,yes,serrated,serrated,0,,45,,,NA,turn and lift,yes,NA,yes,NA,yes,NA,small corer,yes,partial - too wet,yes,NA,yes,serrated,24,,24,,turn and lift,no,,NA,NA,NA,,NA,1,
21/11/2023,NY55-X-94,NY55,Sample location delocated to a 10km square (see metadata),350000,550000,355000,555000,2,98,28,no,no,0,,0,,0,,7.3,,yes,NA,,NULL,30,,4.5,,,NA,,NA,,NA,,NA,,NA,,NA,,NA,,NA,30,,4.5,,yes,serrated,serrated,0,,45,,,NA,dig and tip,yes,NA,yes,NA,yes,NA,small corer,yes,partial - thick root mat,yes,partial - too wet,yes,serrated,20,,,NA,turn and lift,no,,NA,NA,NA,,NA,1,
21/11/2023,NY55-X-94,NY55,Sample location delocated to a 10km square (see metadata),350000,550000,355000,555000,2,98,59,no,no,0,,0,,0,,7.2,,yes,NA,,NULL,30,,5,,,NA,,NA,,NA,,NA,,NA,,NA,,NA,,NA,30,,5,,yes,serrated,serrated,3,,49,,,NA,turn and lift,yes,NA,yes,NA,yes,NA,small corer,yes,NA,yes,NA,yes,serrated,19,,,NA,turn and lift,no,,NA,NA,NA,,NA,1,
21/11/2023,NY55-X-94,NY55,Sample location delocated to a 10km square (see metadata),350000,550000,355000,555000,2,98,46,no,no,0,,0,,0,,7.5,,yes,NA,,NULL,30,,5,,,NA,,NA,,NA,,NA,,NA,,NA,,NA,,NA,30,,5,,yes,serrated,serrated,0,,45,,,NA,dig and tip,yes,NA,yes,NA,yes,NA,small corer,yes,partial - too wet,yes,NA,yes,serrated,21,,21,,dig and tip,no,,NA,NA,NA,,NA,1,
22/11/2023,NY55-X-94,NY55,Sample location delocated to a 10km square (see metadata),350000,550000,355000,555000,6,85,46,no,no,0,,0,,0,,7.6,,yes,NA,2,,30,,4,,,NA,,NA,,NA,,NA,,NA,,NA,,NA,,NA,30,,4,,yes,serrated,serrated,0,,45,,,NA,turn and lift,yes,NA,yes,NA,yes,NA,small corer,yes,partial - thick root mat,yes,NA,yes,serrated,20,,20,,turn and lift,yes,26,,yes,Hisco,,NULL,1,
22/11/2023,NY55-X-94,NY55,Sample location delocated to a 10km square (see metadata),350000,550000,355000,555000,6,85,11,no,no,0,,0,,0,,7.2,,yes,NA,,NULL,30,,4.5,,,NA,,NA,,NA,,NA,,NA,,NA,,NA,,NA,30,,4.5,,yes,serrated,serrated,0,,48,,,NA,dig and tip,yes,NA,yes,NA,yes,NA,small corer,yes,NA,yes,NA,yes,serrated,18,,,NA,turn and lift,yes,40,,no,Hisco,6,,1,
22/11/2023,NY55-X-94,NY55,Sample location delocated to a 10km square (see metadata),350000,550000,355000,555000,6,85,28,no,no,0,,0,,0,,6.8,,yes,NA,,NULL,30,,4.5,,,NA,,NA,,NA,,NA,,NA,,NA,,NA,,NA,30,,4.5,,yes,serrated,serrated,0,,27,,,NULL,turn and lift,yes,NA,no,shallow_soil,no,shallow_soil,small corer,yes,NA,yes,partial -hit rock,yes,serrated,20,,,NA,turn and lift,yes,12,,yes,Hisco,6,,1,
22/11/2023,NY55-X-94,NY55,Sample location delocated to a 10km square (see metadata),350000,550000,355000,555000,6,85,59,no,no,0,,0,,0,,7.6,,yes,NA,,NULL,30,,5,,,NA,,NA,,NA,,NA,,NA,,NA,,NA,,NA,30,,5,,yes,serrated,serrated,0,,25,,,NULL,turn and lift,yes,NA,yes,NA,no,big_stones,small corer,yes,partial - stones,no,stones,yes,serrated,17,,17,,turn and lift,yes,18,,yes,Hisco,,NULL,1,
23/11/2023,NY55-X-94,NY55,Sample location delocated to a 10km square (see metadata),350000,550000,355000,555000,3,85,11,no,no,0,,0,,0,,7.4,,yes,NA,,NULL,30,,5,,,NA,,NA,,NA,,NA,,NA,,NA,,NA,,NA,30,,5,,yes,serrated,serrated,0,,44,,,NA,turn and lift,yes,NA,yes,NA,yes,NA,small corer,yes,NA,yes,NA,yes,serrated,22,,22,,turn and lift,no,,NA,NA,NA,,NA,1,
23/11/2023,NY55-X-94,NY55,Sample location delocated to a 10km square (see metadata),350000,550000,355000,555000,3,85,28,no,no,0,,0,,0,,7.3,,yes,NA,,NULL,30,,5,,,NA,,NA,,NA,,NA,,NA,,NA,,NA,,NA,30,,5,,yes,serrated,serrated,0,,42,,,NA,turn and lift,yes,NA,yes,NA,yes,NA,small corer,yes,NA,yes,partial - too wet,yes,serrated,21,,,NA,turn and lift,no,,NA,NA,NA,,NA,1,
23/11/2023,NY55-X-94,NY55,Sample location delocated to a 10km square (see metadata),350000,550000,355000,555000,3,85,59,no,no,0,,0,,0,,7.2,,yes,NA,,NULL,30,,4.5,,,NA,,NA,,NA,,NA,,NA,,NA,,NA,,NA,30,,4.5,,yes,serrated,serrated,0,,40,,,NA,turn and lift,yes,NA,yes,NA,yes,NA,small corer,yes,NA,yes,NA,yes,normal,22,,22,,turn and lift,no,,NA,NA,NA,,NA,1,
23/11/2023,NY55-X-94,NY55,Sample location delocated to a 10km square (see metadata),350000,550000,355000,555000,3,85,46,no,no,0,,0,,0,,7.5,,yes,NA,,NULL,30,,5,,,NA,,NA,,NA,,NA,,NA,,NA,,NA,,NA,30,,5,,yes,serrated,serrated,0,,40,,,NA,dig and tip,yes,NA,yes,NA,yes,NA,small corer,yes,partial - too wet,yes,NA,yes,serrated,,NULL,,NA,dig and tip,no,,NA,NA,NA,,NA,1,
10/01/2024,NY56-X-21,NY56,Sample location delocated to a 10km square (see metadata),350000,560000,355000,565000,4,85,11,no,no,5,,7,,3,,3.2,,yes,NA,2,,10,,2.5,,30,,4,,,NA,,NA,,NA,,NA,,NA,,NA,30,,3.5,,yes,serrated,serrated,0,,40,,,NA,turn and lift,yes,NA,yes,NA,yes,NA,small corer,yes,NA,yes,NA,yes,serrated,18,,18,,turn and lift,no,,NA,NA,NA,,NA,1,
10/01/2024,NY56-X-21,NY56,Sample location delocated to a 10km square (see metadata),350000,560000,355000,565000,4,85,46,no,no,0,,11,,0,,3.1,,yes,NA,2,,9,,2.5,,30,,3,,,NA,,NA,,NA,,NA,,NA,,NA,30,,2.9,,yes,serrated,serrated,0,,41,,,NA,turn and lift,yes,NA,yes,NA,no,other,small corer,yes,NA,yes,NA,yes,serrated,16,,16,,turn and lift,no,,NA,NA,NA,,NA,1,
10/01/2024,NY56-X-21,NY56,Sample location delocated to a 10km square (see metadata),350000,560000,355000,565000,4,85,59,yes,no,1,,13,,4,,3.2,,yes,NA,2,,11,,2,,30,,3,,,NA,,NA,,NA,,NA,,NA,,NA,30,,2.6,,yes,serrated,serrated,0,,42,,,NA,turn and lift,yes,NA,yes,NA,yes,NA,small corer,yes,NA,yes,NA,yes,serrated,19,,19,,turn and lift,no,,NA,NA,NA,,NA,1,
10/01/2024,NY56-X-21,NY56,Sample location delocated to a 10km square (see metadata),350000,560000,355000,565000,4,85,28,yes,yes,2,,11,,2,,3.2,,yes,NA,2,,11,,1.5,,30,,2,,,NA,,NA,,NA,,NA,,NA,,NA,30,,1.8,,yes,serrated,serrated,0,,44,,,NA,turn and lift,yes,NA,yes,NA,yes,NA,small corer,yes,NA,yes,NA,yes,serrated,18,,18,,turn and lift,no,,NA,NA,NA,,NA,1,
11/01/2024,NY56-X-21,NY56,Sample location delocated to a 10km square (see metadata),350000,560000,355000,565000,1,85,11,yes,yes,0,,16,,1,,4.5,,yes,NA,2,,12,,2,,30,,2.5,,,NA,,NA,,NA,,NA,,NA,,NA,30,,2.3,,yes,serrated,serrated,0,,41,,,NA,turn and lift,yes,NA,yes,NA,yes,NA,small corer,yes,NA,yes,NA,yes,serrated,16.5,,16.5,,turn and lift,no,,NA,NA,NA,,NA,1,
11/01/2024,NY56-X-21,NY56,Sample location delocated to a 10km square (see metadata),350000,560000,355000,565000,1,85,28,no,no,0,,16,,4,,4.5,,yes,NA,2,,10,,2,,30,,2.5,,,NA,,NA,,NA,,NA,,NA,,NA,30,,2.3,,yes,serrated,serrated,0,,41,,,NA,turn and lift,yes,NA,yes,NA,yes,NA,small corer,yes,NA,yes,NA,yes,serrated,20,,20,,turn and lift,no,,NA,NA,NA,,NA,1,
11/01/2024,NY56-X-21,NY56,Sample location delocated to a 10km square (see metadata),350000,560000,355000,565000,1,85,59,no,yes,0,,12,,5,,4.6,,yes,NA,2,,10,,3,,30,,3.5,,,NA,,NA,,NA,,NA,,NA,,NA,30,,3.3,,yes,serrated,serrated,0,,45,,,NA,turn and lift,yes,NA,yes,NA,yes,NA,small corer,yes,NA,yes,NA,yes,serrated,19,,19,,turn and lift,no,,NA,NA,NA,,NA,1,
11/01/2024,NY56-X-21,NY56,Sample location delocated to a 10km square (see metadata),350000,560000,355000,565000,1,85,46,yes,yes,,NULL,16,,10,,4.9,,yes,NA,2,,10,,2.5,,30,,3,,,NA,,NA,,NA,,NA,,NA,,NA,30,,2.8,,yes,serrated,serrated,0,,43,,,NA,turn and lift,yes,NA,yes,NA,yes,NA,small corer,yes,NA,yes,NA,yes,serrated,19,,19,,turn and lift,no,,NA,NA,NA,,NA,1,
13/02/2024,NY56-X-21,NY56,Sample location delocated to a 10km square (see metadata),350000,560000,355000,565000,5,96,11,yes,no,0,,17,,5,,,NULL,yes,NA,2,,3,,1.5,,30,,3,,,NA,,NA,,NA,,NA,,NA,,NA,30,,2.9,,yes,normal,normal,0,,43,,,NA,turn and lift,yes,NA,yes,NA,yes,NA,small corer,yes,NA,yes,NA,yes,normal,20,,20,,turn and lift,no,,NA,NA,NA,,NA,1,
13/02/2024,NY56-X-21,NY56,Sample location delocated to a 10km square (see metadata),350000,560000,355000,565000,5,96,28,no,no,0,,30,,8,,,NULL,yes,NA,2,,13,,1.5,,30,,3,,,NA,,NA,,NA,,NA,,NA,,NA,30,,2.4,,yes,normal,normal,0,,46,,,NA,turn and lift,yes,NA,yes,NA,yes,NA,small corer,yes,NA,yes,NA,yes,normal,18,,18,,turn and lift,no,,NA,NA,NA,,NA,1,
13/02/2024,NY56-X-21,NY56,Sample location delocated to a 10km square (see metadata),350000,560000,355000,565000,5,96,59,no,yes,0,,16,,13,,,NULL,yes,NA,2,,7,,2,,30,,3.5,,,NA,,NA,,NA,,NA,,NA,,NA,30,,3.2,,yes,normal,normal,0,,44,,,NA,turn and lift,yes,NA,yes,NA,yes,NA,small corer,yes,NA,yes,NA,yes,normal,16,,16,,turn and lift,no,,NA,NA,NA,,NA,1,
13/02/2024,NY56-X-21,NY56,Sample location delocated to a 10km square (see metadata),350000,560000,355000,565000,5,96,46,no,yes,0,,22,,7,,,NULL,yes,NA,2,,6,,2,,30,,3,,,NA,,NA,,NA,,NA,,NA,,NA,30,,2.8,,yes,normal,normal,0,,44,,,NA,turn and lift,yes,NA,yes,NA,yes,NA,small corer,yes,NA,yes,NA,yes,normal,17,,17,,turn and lift,no,,NA,NA,NA,,NA,1,
13/02/2024,NY56-X-21,NY56,Sample location delocated to a 10km square (see metadata),350000,560000,355000,565000,3,85,11,no,no,0,,0,,0,,,NULL,yes,NA,2,,30,,4,,,NA,,NA,,NA,,NA,,NA,,NA,,NA,,NA,30,,4,,yes,normal,normal,0,,39,,,NULL,turn and lift,yes,NA,yes,NA,no,too_hard,small corer,yes,partial - stones,no,stones,yes,normal,18,,18,,turn and lift,no,,NA,NA,NA,,NA,1,
13/02/2024,NY56-X-21,NY56,Sample location delocated to a 10km square (see metadata),350000,560000,355000,565000,3,85,28,no,no,0,,0,,0,,,NULL,yes,NA,2,,29,,3.5,,,NA,,NA,,NA,,NA,,NA,,NA,,NA,,NA,29,,3.5,,yes,normal,normal,0,,46,,,NA,turn and lift,yes,NA,yes,NA,yes,NA,small corer,yes,partial - stones,no,stones,yes,normal,19,,19,,turn and lift,no,,NA,NA,NA,,NA,1,
13/02/2024,NY56-X-21,NY56,Sample location delocated to a 10km square (see metadata),350000,560000,355000,565000,3,85,59,yes,no,0,,2,,0,,,NULL,yes,NA,2,,6,,2,,30,,3.5,,,NA,,NA,,NA,,NA,,NA,,NA,30,,3.2,,yes,normal,normal,0,,43,,,NA,turn and lift,yes,NA,yes,NA,yes,NA,repacked (no tip),yes,NA,yes,NA,yes,normal,19,,,NA,turn and lift,no,,NA,NA,NA,,NA,1,
13/02/2024,NY56-X-21,NY56,Sample location delocated to a 10km square (see metadata),350000,560000,355000,565000,3,85,46,yes,no,0,,2,,0,,,NULL,yes,NA,2,,5,,2,,30,,3.5,,,NA,,NA,,NA,,NA,,NA,,NA,30,,3.3,,yes,normal,normal,0,,44,,,NA,turn and lift,yes,NA,yes,NA,yes,NA,small corer,yes,NA,yes,partial - stones,yes,normal,18,,,NA,turn and lift,no,,NA,NA,NA,,NA,1,
18/10/2023,NY62-X-90,NY62,Sample location delocated to a 10km square (see metadata),360000,520000,365000,525000,1,109,11,yes,yes,1,,9,,0,,10,,yes,NA,2,,30,,2,,,NA,,NA,,NA,,NA,,NA,,NA,,NA,,NA,30,,2,,yes,normal,normal,0,,46,,,NA,turn and lift,yes,NA,yes,NA,yes,NA,small corer,yes,NA,yes,partial - hit rock,yes,normal,20,,20,,turn and lift,no,,NA,NA,NA,,NA,,NA
18/10/2023,NY62-X-90,NY62,Sample location delocated to a 10km square (see metadata),360000,520000,365000,525000,1,109,28,yes,yes,0,,22,,0,,10.1,,yes,NA,2,,25,,2,,30,,2.5,,,NA,,NA,,NA,,NA,,NA,,NA,30,,2.1,,yes,normal,normal,0,,42,,,NA,turn and lift,yes,NA,yes,NA,yes,NA,small corer,yes,NA,yes,NA,yes,normal,17,,,NA,turn and lift,no,,NA,NA,NA,,NA,1,
18/10/2023,NY62-X-90,NY62,Sample location delocated to a 10km square (see metadata),360000,520000,365000,525000,1,109,59,yes,yes,1,,16,,0,,10.1,,yes,NA,2,,25,,2,,30,,1.5,,,NA,,NA,,NA,,NA,,NA,,NA,30,,1.9,,yes,normal,normal,0,,41,,,NA,turn and lift,yes,NA,yes,NA,yes,NA,small corer,yes,NA,no,hit rock,yes,normal,19,,,NA,turn and lift,no,,NA,NA,NA,,NA,1,
18/10/2023,NY62-X-90,NY62,Sample location delocated to a 10km square (see metadata),360000,520000,365000,525000,1,109,46,yes,yes,0,,18,,0,,10.1,,yes,NA,2,,25,,1.5,,30,,2,,,NA,,NA,,NA,,NA,,NA,,NA,30,,1.6,,yes,normal,normal,0,,44,,,NA,turn and lift,yes,NA,yes,NA,yes,NA,small corer,yes,NA,yes,NA,yes,normal,17,,17,,turn and lift,no,,NA,NA,NA,,NA,1,
19/10/2023,NY62-X-90,NY62,Sample location delocated to a 10km square (see metadata),360000,520000,365000,525000,2,85,11,yes,yes,0,,15,,0,,10.5,,yes,NA,2,,30,,3,,,NA,,NA,,NA,,NA,,NA,,NA,,NA,,NA,30,,3,,yes,normal,normal,0,,44,,,NA,turn and lift,yes,NA,yes,NA,yes,NA,small corer,yes,NA,yes,partial - hit rock,yes,normal,18,,18,,turn and lift,no,,NA,NA,NA,,NA,,NA
19/10/2023,NY62-X-90,NY62,Sample location delocated to a 10km square (see metadata),360000,520000,365000,525000,2,85,28,yes,yes,0,,11,,0,,10.5,,yes,NA,2,,30,,2.5,,,NA,,NA,,NA,,NA,,NA,,NA,,NA,,NA,30,,2.5,,yes,normal,normal,0,,45,,,NA,turn and lift,yes,NA,yes,NA,yes,NA,small corer,yes,NA,yes,NA,yes,normal,18,,18,,turn and lift,no,,NA,NA,NA,,NA,,NA
19/10/2023,NY62-X-90,NY62,Sample location delocated to a 10km square (see metadata),360000,520000,365000,525000,2,85,59,yes,yes,0,,3,,0,,10.5,,yes,NA,2,,30,,2.5,,,NA,,NA,,NA,,NA,,NA,,NA,,NA,,NA,30,,2.5,,yes,normal,normal,0,,45,,,NA,turn and lift,yes,NA,yes,NA,yes,NA,small corer,yes,NA,yes,partial - hit rock,yes,normal,20,,20,,turn and lift,no,,NA,NA,NA,,NA,,NA
19/10/2023,NY62-X-90,NY62,Sample location delocated to a 10km square (see metadata),360000,520000,365000,525000,2,85,46,yes,yes,0,,7,,0,,10.4,,yes,NA,2,,25,,3,,30,,3,,,NA,,NA,,NA,,NA,,NA,,NA,30,,3,,yes,normal,normal,0,,41,,,NA,turn and lift,yes,NA,yes,NA,yes,NA,small corer,yes,partial - hit rock,no,hit rock,yes,normal,20,,20,,turn and lift,no,,NA,NA,NA,,NA,,NA
26/06/2023,NY63-X-26,NY63,Sample location delocated to a 10km square (see metadata),360000,530000,365000,535000,1,85,11,no,no,0,,6,,0,,18.6,,yes,NA,2,,30,,1.5,,,NA,,NA,,NA,,NA,,NA,,NA,,NA,,NA,30,,1.5,,yes,normal,normal,0,,45,,45,,dig and tip,yes,NA,yes,NA,yes,NA,small corer,yes,NA,yes,NA,yes,normal,19.5,,19.5,,turn and lift,NULL,,NULL,NULL,NULL,,NULL,,NULL
26/06/2023,NY63-X-26,NY63,Sample location delocated to a 10km square (see metadata),360000,530000,365000,535000,1,85,28,no,no,0,,2,,0,,19.9,,yes,NA,2,,30,,1.5,,,NA,,NA,,NA,,NA,,NA,,NA,,NA,,NA,30,,1.5,,yes,normal,normal,0,,47.5,,47.5,,dig and tip,yes,NA,yes,NA,yes,NA,small corer,yes,NA,yes,NA,yes,normal,20,,20,,turn and lift,NULL,,NULL,NULL,NULL,,NULL,,NULL
26/06/2023,NY63-X-26,NY63,Sample location delocated to a 10km square (see metadata),360000,530000,365000,535000,1,85,59,no,yes,0,,2,,0,,21.6,,yes,NA,2,,30,,1.5,,,NA,,NA,,NA,,NA,,NA,,NA,,NA,,NA,30,,1.5,,yes,normal,normal,0,,42,,42,,dig and tip,yes,NA,yes,NA,yes,NA,small corer,yes,NA,no,hit rock,yes,normal,19,,19,,turn and lift,NULL,,NULL,NULL,NULL,,NULL,,NULL
26/06/2023,NY63-X-26,NY63,Sample location delocated to a 10km square (see metadata),360000,530000,365000,535000,1,85,46,no,no,0,,2,,0,,22.4,,yes,NA,2,,30,,1.5,,,NA,,NA,,NA,,NA,,NA,,NA,,NA,,NA,30,,1.5,,yes,normal,normal,0,,46,,46,,dig and tip,yes,NA,yes,NA,yes,NA,small corer,yes,NA,yes,NA,yes,normal,17,,17,,turn and lift,NULL,,NULL,NULL,NULL,,NULL,,NULL
27/06/2023,NY63-X-26,NY63,Sample location delocated to a 10km square (see metadata),360000,530000,365000,535000,4,127,11,no,yes,0,,2,,0,,16.2,,yes,NA,2,,20,,1.5,,,NA,,NA,,NA,,NA,,NA,,NA,,NA,,NA,20,,1.5,,yes,normal,normal,0,,43,,43,,turn and lift,yes,NA,yes,NA,yes,NA,small corer,yes,NA,no,hit rock,yes,normal,18.5,,18.5,,turn and lift,NULL,,NULL,NULL,NULL,,NULL,,NULL
27/06/2023,NY63-X-26,NY63,Sample location delocated to a 10km square (see metadata),360000,530000,365000,535000,4,127,28,no,yes,0,,4,,0,,16,,yes,NA,2,,20,,1,,,NA,,NA,,NA,,NA,,NA,,NA,,NA,,NA,20,,1,,yes,normal,normal,0,,33,,33,,turn and lift,yes,NA,yes,NA,no,shallow_soil,small corer,yes,NA,no,hit rock,yes,normal,19.5,,19.5,,turn and lift,NULL,,NULL,NULL,NULL,,NULL,,NULL
27/06/2023,NY63-X-26,NY63,Sample location delocated to a 10km square (see metadata),360000,530000,365000,535000,4,127,59,no,yes,0,,7,,0,,15.9,,yes,NA,2,,20,,1,,,NA,,NA,,NA,,NA,,NA,,NA,,NA,,NA,20,,1,,yes,normal,normal,0,,48,,48,,turn and lift,yes,NA,yes,NA,yes,NA,small corer,yes,NA,no,hit rock,yes,normal,19,,19,,turn and lift,NULL,,NULL,NULL,NULL,,NULL,,NULL
27/06/2023,NY63-X-26,NY63,Sample location delocated to a 10km square (see metadata),360000,530000,365000,535000,4,127,46,no,no,0,,2,,0,,15.8,,yes,NA,2,,20,,1,,,NA,,NA,,NA,,NA,,NA,,NA,,NA,,NA,20,,1,,yes,normal,normal,0,,29.5,,29.5,,turn and lift,yes,NA,yes,NA,no,shallow_soil,small corer,yes,NA,no,hit rock,yes,normal,18.5,,18.5,,turn and lift,NULL,,NULL,NULL,NULL,,NULL,,NULL
20/06/2023,NY73-X-32,NY73,Sample location delocated to a 10km square (see metadata),370000,530000,375000,535000,6,97,46,no,no,0,,0,,0,,9.7,,yes,NA,2,,30,,1,,,NA,,NA,,NA,,NA,,NA,,NA,,NA,,NA,30,,1,,yes,serrated,serrated,0,,46,,46,,turn and lift,yes,NA,yes,NA,yes,NA,small corer,yes,NA,yes,NA,yes,serrated,22,,22,,turn and lift,NULL,,NULL,NULL,NULL,,NULL,,NULL
20/06/2023,NY73-X-32,NY73,Sample location delocated to a 10km square (see metadata),370000,530000,375000,535000,6,97,11,no,no,0,,0,,0,,10.3,,yes,NA,2,,10,,1,,30,,1.5,,,NA,,NA,,NA,,NA,,NA,,NA,30,,1.3,,yes,serrated,serrated,0,,45,,45,,turn and lift,yes,NA,yes,NA,yes,NA,small corer,yes,NA,yes,NA,yes,serrated,18,,18,,turn and lift,NULL,,NULL,NULL,NULL,,NULL,,NULL
20/06/2023,NY73-X-32,NY73,Sample location delocated to a 10km square (see metadata),370000,530000,375000,535000,6,97,28,no,no,0,,0,,0,,11,,yes,NA,2,,8,,1,,30,,1,,,NA,,NA,,NA,,NA,,NA,,NA,30,,1,,yes,serrated,serrated,0,,48,,48,,turn and lift,yes,NA,yes,NA,yes,NA,small corer,yes,NA,yes,partial - hit rock,yes,serrated,25,,25,,turn and lift,NULL,,NULL,NULL,NULL,,NULL,,NULL
19/06/2023,NY73-X-32,NY73,Sample location delocated to a 10km square (see metadata),370000,530000,375000,535000,1,97,11,no,no,0,,0,,0,,10.6,,yes,NA,2,,29,,1,,,NA,,NA,,NA,,NA,,NA,,NA,,NA,,NA,29,,1,,yes,serrated,serrated,0,,44,,44,,dig and tip,yes,NA,yes,NA,yes,NA,small corer,yes,NA,yes,NA,yes,serrated,20,,20,,dig and tip,NULL,,NULL,NULL,NULL,,NULL,,NULL
19/06/2023,NY73-X-32,NY73,Sample location delocated to a 10km square (see metadata),370000,530000,375000,535000,1,97,28,no,no,0,,0,,0,,11.1,,yes,NA,2,,30,,1,,,NA,,NA,,NA,,NA,,NA,,NA,,NA,,NA,30,,1,,yes,serrated,serrated,0,,45,,45,,dig and tip,yes,NA,yes,NA,yes,NA,small corer,yes,NA,yes,NA,yes,serrated,19,,19,,dig and tip,NULL,,NULL,NULL,NULL,,NULL,,NULL
19/06/2023,NY73-X-32,NY73,Sample location delocated to a 10km square (see metadata),370000,530000,375000,535000,1,97,59,no,no,0,,0,,0,,10.8,,yes,NA,2,,29,,1,,,NA,,NA,,NA,,NA,,NA,,NA,,NA,,NA,29,,1,,yes,serrated,serrated,0,,46,,46,,dig and tip,yes,NA,yes,NA,yes,NA,small corer,yes,NA,yes,NA,yes,serrated,19,,19,,dig and tip,NULL,,NULL,NULL,NULL,,NULL,,NULL
19/06/2023,NY73-X-32,NY73,Sample location delocated to a 10km square (see metadata),370000,530000,375000,535000,1,97,46,no,no,0,,0,,0,,9.8,,yes,NA,2,,16,,1,,30,,1,,,NA,,NA,,NA,,NA,,NA,,NA,30,,1,,yes,serrated,serrated,0,,46,,46,,dig and tip,yes,NA,yes,NA,yes,NA,small corer,yes,NA,yes,NA,yes,serrated,26,,26,,dig and tip,NULL,,NULL,NULL,NULL,,NULL,,NULL
20/06/2023,NY73-X-32,NY73,Sample location delocated to a 10km square (see metadata),370000,530000,375000,535000,6,97,59,no,no,0,,0,,0,,10.2,,yes,NA,2,,30,,1,,,NA,,NA,,NA,,NA,,NA,,NA,,NA,,NA,30,,1,,yes,serrated,serrated,0,,27,,27,,turn and lift,yes,NA,no,NULL,no,NULL,small corer,yes,partial - stones,no,NULL,yes,serrated,22,,22,,turn and lift,NULL,,NULL,NULL,NULL,,NULL,,NULL
20/06/2023,NY73-X-32,NY73,Sample location delocated to a 10km square (see metadata),370000,530000,375000,535000,3,85,11,no,no,0,,0,,0,,9.1,,yes,NA,2,,29,,1,,,NA,,NA,,NA,,NA,,NA,,NA,,NA,,NA,29,,1,,yes,serrated,serrated,4,,31,,31,,dig and tip,yes,NA,yes,NA,no,shallow_soil,repacked (no tip),yes,NA,yes,partial - hit rock,yes,serrated,26,,26,,dig and tip,NULL,,NULL,NULL,NULL,,NULL,,NULL
20/06/2023,NY73-X-32,NY73,Sample location delocated to a 10km square (see metadata),370000,530000,375000,535000,3,85,28,no,no,0,,0,,0,,9.2,,yes,NA,2,,28,,1,,,NA,,NA,,NA,,NA,,NA,,NA,,NA,,NA,28,,1,,yes,serrated,serrated,7,,8,,8,,dig and tip,yes,NA,no,shallow_soil,no,shallow_soil,small corer,yes,NA,yes,partial - stones,yes,serrated,10,,10,,dig and tip,NULL,,NULL,NULL,NULL,,NULL,,NULL
20/06/2023,NY73-X-32,NY73,Sample location delocated to a 10km square (see metadata),370000,530000,375000,535000,3,85,59,no,no,0,,0,,0,,9.3,,yes,NA,2,,17,,1,,,NA,,NA,,NA,,NA,,NA,,NA,,NA,,NA,17,,1,,yes,serrated,serrated,0,,31,,31,,dig and tip,yes,NA,yes,NA,no,shallow_soil,small corer,yes,NA,yes,NA,yes,serrated,23,,23,,dig and tip,NULL,,NULL,NULL,NULL,,NULL,,NULL
20/06/2023,NY73-X-32,NY73,Sample location delocated to a 10km square (see metadata),370000,530000,375000,535000,3,85,46,no,no,0,,0,,0,,9.3,,yes,NA,2,,18,,1,,,NA,,NA,,NA,,NA,,NA,,NA,,NA,,NA,18,,1,,yes,serrated,serrated,0,,22,,22,,turn and lift,yes,NA,no,shallow_soil,no,shallow_soil,small corer,yes,partial - compaction ,no,hit rock,yes,serrated,20,,20,,dig and tip,NULL,,NULL,NULL,NULL,,NULL,,NULL
20/06/2023,NY73-X-32,NY73,Sample location delocated to a 10km square (see metadata),370000,530000,375000,535000,5,82,28,no,no,0,,0,,0,,11.7,,yes,NA,2,,28,,1,,,NA,,NA,,NA,,NA,,NA,,NA,,NA,,NA,28,,1,,yes,serrated,serrated,0,,45,,45,,dig and tip,yes,NA,yes,NA,yes,NA,small corer,yes,NA,yes,NA,yes,serrated,21,,21,,dig and tip,NULL,,NULL,NULL,NULL,,NULL,,NULL
20/06/2023,NY73-X-32,NY73,Sample location delocated to a 10km square (see metadata),370000,530000,375000,535000,5,82,59,no,no,0,,0,,0,,9.5,,yes,NA,2,,19,,1,,30,,1.5,,,NA,,NA,,NA,,NA,,NA,,NA,30,,1.2,,yes,serrated,serrated,0,,45,,45,,dig and tip,yes,NA,yes,NA,yes,NA,small corer,yes,NA,yes,NA,yes,serrated,15,,15,,dig and tip,NULL,,NULL,NULL,NULL,,NULL,,NULL
20/06/2023,NY73-X-32,NY73,Sample location delocated to a 10km square (see metadata),370000,530000,375000,535000,5,82,46,no,no,0,,0,,0,,11.3,,yes,NA,,NULL,30,,1,,,NA,,NA,,NA,,NA,,NA,,NA,,NA,,NA,30,,1,,yes,serrated,serrated,0,,49,,49,,turn and lift,yes,NA,yes,NA,yes,NA,small corer,yes,NA,yes,NA,yes,serrated,19,,19,,dig and tip,NULL,,NULL,NULL,NULL,,NULL,,NULL
20/06/2023,NY73-X-32,NY73,Sample location delocated to a 10km square (see metadata),370000,530000,375000,535000,5,82,11,no,no,0,,0,,0,,10.7,,yes,NA,2,,29,,1,,,NA,,NA,,NA,,NA,,NA,,NA,,NA,,NA,29,,1,,yes,serrated,serrated,0,,50,,50,,dig and tip,yes,NA,yes,NA,yes,NA,small corer,yes,NA,yes,NA,yes,serrated,24,,24,,dig and tip,NULL,,NULL,NULL,NULL,,NULL,,NULL
21/06/2023,NY73-X-32,NY73,Sample location delocated to a 10km square (see metadata),370000,530000,375000,535000,2,113,11,no,no,0,,0,,0,,10.3,,yes,NA,2,,17,,1,,,NA,,NA,,NA,,NA,,NA,,NA,,NA,,NA,17,,1,,yes,serrated,serrated,0,,45,,45,,dig and tip,yes,NA,yes,NA,yes,NA,small corer,yes,partial - hit rock and compaction ,no,hit rock,yes,serrated,22,,22,,dig and tip,NULL,,NULL,NULL,NULL,,NULL,,NULL
21/06/2023,NY73-X-32,NY73,Sample location delocated to a 10km square (see metadata),370000,530000,375000,535000,2,113,28,no,no,0,,0,,0,,10.4,,yes,NA,2,,16,,1,,,NA,,NA,,NA,,NA,,NA,,NA,,NA,,NA,16,,1,,yes,serrated,serrated,0,,21,,21,,dig and tip,yes,NA,no,shallow_soil,no,shallow_soil,small corer,yes,partial - hit rock,no,hit rock,yes,serrated,18,,,NA,dig and tip,NULL,,NULL,NULL,NULL,,NULL,,NULL
21/06/2023,NY73-X-32,NY73,Sample location delocated to a 10km square (see metadata),370000,530000,375000,535000,2,113,59,no,no,0,,0,,0,,10.8,,yes,NA,2,,29,,1,,,NA,,NA,,NA,,NA,,NA,,NA,,NA,,NA,29,,1,,yes,serrated,serrated,0,,19,,19,,turn and lift,yes,NA,no,shallow_soil,no,shallow_soil,small corer,yes,NA,yes,NA,yes,serrated,21,,21,,dig and tip,NULL,,NULL,NULL,NULL,,NULL,,NULL
21/06/2023,NY73-X-32,NY73,Sample location delocated to a 10km square (see metadata),370000,530000,375000,535000,2,113,46,no,no,0,,0,,0,,10.5,,yes,NA,2,,17,,1,,,NA,,NA,,NA,,NA,,NA,,NA,,NA,,NA,17,,1,,yes,serrated,serrated,0,,36,,36,,dig and tip,yes,NA,yes,NA,no,shallow_soil,small corer,yes,partial - hit rock,no,hit rock,yes,serrated,16,,16,,dig and tip,NULL,,NULL,NULL,NULL,,NULL,,NULL
24/05/2023,NY75-X-14,NY75,Sample location delocated to a 10km square (see metadata),370000,550000,375000,555000,3,63,11,no,no,0,,12,,7,,13.3,,yes,NA,2,,30,,1,,,NA,,NA,,NA,,NA,,NA,,NA,,NA,,NA,30,,1,,yes,normal,normal,0,,46,,46,,turn and lift,yes,NA,yes,NA,yes,NA,small corer,yes,NA,yes,NA,yes,normal,19,,19,,turn and lift,NULL,,NULL,NULL,NULL,,NULL,,NULL
24/05/2023,NY75-X-14,NY75,Sample location delocated to a 10km square (see metadata),370000,550000,375000,555000,3,63,28,no,no,0,,15,,4,,13.2,,yes,NA,2,,30,,1,,,NA,,NA,,NA,,NA,,NA,,NA,,NA,,NA,30,,1,,yes,normal,normal,0,,46,,46,,turn and lift,yes,NA,yes,NA,yes,NA,small corer,yes,NA,yes,NA,yes,normal,18,,18,,turn and lift,NULL,,NULL,NULL,NULL,,NULL,,NULL
24/05/2023,NY75-X-14,NY75,Sample location delocated to a 10km square (see metadata),370000,550000,375000,555000,3,63,46,no,no,0,,10,,3,,13.1,,yes,NA,2,,30,,1,,,NA,,NA,,NA,,NA,,NA,,NA,,NA,,NA,30,,1,,yes,normal,normal,1,,46,,46,,turn and lift,yes,NA,yes,NA,yes,NA,small corer,yes,NA,yes,NA,yes,normal,18,,18,,turn and lift,NULL,,NULL,NULL,NULL,,NULL,,NULL
24/05/2023,NY75-X-14,NY75,Sample location delocated to a 10km square (see metadata),370000,550000,375000,555000,3,63,59,no,no,0,,16,,5,,13.3,,yes,NA,2,,30,,1,,,NA,,NA,,NA,,NA,,NA,,NA,,NA,,NA,30,,1,,yes,normal,normal,1,,45,,45,,turn and lift,yes,NA,yes,NA,yes,NA,small corer,yes,NA,yes,NA,yes,normal,17,,17,,turn and lift,NULL,,NULL,NULL,NULL,,NULL,,NULL
24/05/2023,NY75-X-14,NY75,Sample location delocated to a 10km square (see metadata),370000,550000,375000,555000,2,70,11,no,no,0,,8,,3,,13.1,,yes,NA,2,,30,,1,,,NA,,NA,,NA,,NA,,NA,,NA,,NA,,NA,30,,1,,yes,normal,normal,1,,46,,46,,turn and lift,yes,NA,yes,NA,yes,NA,small corer,yes,NA,yes,NA,yes,normal,19,,19,,turn and lift,NULL,,NULL,NULL,NULL,,NULL,,NULL
24/05/2023,NY75-X-14,NY75,Sample location delocated to a 10km square (see metadata),370000,550000,375000,555000,2,70,28,yes,yes,0,,13,,5,,13.5,,yes,NA,2,,30,,1,,,NA,,NA,,NA,,NA,,NA,,NA,,NA,,NA,30,,1,,yes,normal,normal,0,,45,,45,,turn and lift,yes,NA,yes,NA,yes,NA,small corer,yes,NA,yes,NA,yes,normal,18,,18,,turn and lift,NULL,,NULL,NULL,NULL,,NULL,,NULL
24/05/2023,NY75-X-14,NY75,Sample location delocated to a 10km square (see metadata),370000,550000,375000,555000,2,70,46,no,no,0,,12,,11,,15.7,,yes,NA,2,,30,,1,,,NA,,NA,,NA,,NA,,NA,,NA,,NA,,NA,30,,1,,yes,normal,normal,1,,45,,45,,turn and lift,yes,NA,yes,NA,yes,NA,small corer,yes,NA,yes,NA,yes,normal,18,,18,,turn and lift,NULL,,NULL,NULL,NULL,,NULL,,NULL
24/05/2023,NY75-X-14,NY75,Sample location delocated to a 10km square (see metadata),370000,550000,375000,555000,2,70,59,no,no,0,,10,,2,,15.1,,yes,NA,2,,30,,1,,,NA,,NA,,NA,,NA,,NA,,NA,,NA,,NA,30,,1,,yes,normal,normal,0,,45,,45,,turn and lift,yes,NA,yes,NA,yes,NA,small corer,yes,NA,yes,NA,yes,normal,19,,19,,turn and lift,NULL,,NULL,NULL,NULL,,NULL,,NULL
25/05/2023,NY75-X-14,NY75,Sample location delocated to a 10km square (see metadata),370000,550000,375000,555000,1,98,11,yes,no,0,,12,,4,,13,,yes,NA,2,,30,,1.5,,,NA,,NA,,NA,,NA,,NA,,NA,,NA,,NA,30,,1.5,,yes,normal,normal,0,,45,,45,,turn and lift,yes,NA,yes,NA,yes,NA,small corer,yes,NA,yes,NA,yes,normal,18,,18,,turn and lift,NULL,,NULL,NULL,NULL,,NULL,,NULL
25/05/2023,NY75-X-14,NY75,Sample location delocated to a 10km square (see metadata),370000,550000,375000,555000,1,98,28,no,no,0,,11,,4,,13.9,,yes,NA,2,,30,,1.5,,,NA,,NA,,NA,,NA,,NA,,NA,,NA,,NA,30,,1.5,,yes,normal,normal,0,,46,,46,,turn and lift,yes,NA,yes,NA,yes,NA,small corer,yes,NA,yes,NA,yes,normal,19,,19,,turn and lift,NULL,,NULL,NULL,NULL,,NULL,,NULL
25/05/2023,NY75-X-14,NY75,Sample location delocated to a 10km square (see metadata),370000,550000,375000,555000,1,98,59,no,no,0,,12,,3,,15.1,,yes,NA,2,,30,,1,,,NA,,NA,,NA,,NA,,NA,,NA,,NA,,NA,30,,1,,yes,normal,normal,0,,47,,47,,turn and lift,yes,NA,yes,NA,yes,NA,small corer,yes,NA,yes,NA,yes,normal,19,,19,,turn and lift,NULL,,NULL,NULL,NULL,,NULL,,NULL
25/05/2023,NY75-X-14,NY75,Sample location delocated to a 10km square (see metadata),370000,550000,375000,555000,1,98,46,no,no,0,,22,,4,,14.8,,yes,NA,2,,30,,1,,,NA,,NA,,NA,,NA,,NA,,NA,,NA,,NA,30,,1,,yes,normal,normal,0,,47,,47,,turn and lift,yes,NA,yes,NA,yes,NA,small corer,yes,NA,yes,NA,yes,normal,18,,18,,turn and lift,NULL,,NULL,NULL,NULL,,NULL,,NULL
27/03/2023,NY82-X-38,NY82,Sample location delocated to a 10km square (see metadata),380000,520000,385000,525000,2,85,11,no,no,0,,0,,0,,3.9,,yes,NA,2,,30,,4,,,NA,,NA,,NA,,NA,,NA,,NA,,NA,,NA,30,,4,,yes,normal,normal,0,,40,,40,,turn and lift,yes,NA,yes,NA,yes,NA,small corer,yes,NA,no,soft ground,yes,normal,17,,17,,turn and lift,NULL,,NULL,NULL,NULL,,NULL,,NULL
27/03/2023,NY82-X-38,NY82,Sample location delocated to a 10km square (see metadata),380000,520000,385000,525000,2,85,28,no,no,0,,0,,0,,3.5,,yes,NA,2,,30,,4,,,NA,,NA,,NA,,NA,,NA,,NA,,NA,,NA,30,,4,,yes,normal,normal,0,,40,,40,,dig and tip,yes,NA,no,NULL,no,NULL,small corer,yes,NA,yes,partial - loose soil,yes,normal,18,,18,,turn and lift,NULL,,NULL,NULL,NULL,,NULL,,NULL
28/03/2023,NY82-X-38,NY82,Sample location delocated to a 10km square (see metadata),380000,520000,385000,525000,3,98,11,no,no,0,,0,,0,,3.3,,yes,NA,2,,25,,4,,,NA,,NA,,NA,,NA,,NA,,NA,,NA,,NA,25,,4,,yes,normal,normal,0,,0,,0,,turn and lift,yes,NA,no,NULL,no,NULL,small corer,yes,NA,yes,partial - loose soil,yes,normal,18,,18,,dig and tip,NULL,,NULL,NULL,NULL,,NULL,,NULL
28/03/2023,NY82-X-38,NY82,Sample location delocated to a 10km square (see metadata),380000,520000,385000,525000,3,98,28,no,no,0,,0,,0,,3.8,,yes,NA,2,,20,,4,,,NA,,NA,,NA,,NA,,NA,,NA,,NA,,NA,20,,4,,yes,normal,normal,0,,42,,42,,turn and lift,yes,NA,yes,NA,no,NULL,small corer,yes,NA,yes,partial - too wet,yes,normal,15,,15,,turn and lift,NULL,,NULL,NULL,NULL,,NULL,,NULL
28/03/2023,NY82-X-38,NY82,Sample location delocated to a 10km square (see metadata),380000,520000,385000,525000,3,98,59,no,no,0,,0,,0,,3.1,,yes,NA,2,,30,,4,,,NA,,NA,,NA,,NA,,NA,,NA,,NA,,NA,30,,4,,yes,normal,normal,0,,40,,40,,turn and lift,yes,NA,yes,NA,yes,NA,small corer,yes,NA,yes,partial - hit rock,yes,serrated,25,,25,,turn and lift,NULL,,NULL,NULL,NULL,,NULL,,NULL
28/03/2023,NY82-X-38,NY82,Sample location delocated to a 10km square (see metadata),380000,520000,385000,525000,3,98,46,no,no,0,,0,,0,,3.4,,yes,NA,2,,12,,4,,,NA,,NA,,NA,,NA,,NA,,NA,,NA,,NA,12,,4,,yes,serrated,serrated,0,,42,,42,,turn and lift,yes,NA,yes,NA,yes,NA,small corer,yes,NA,yes,partial - hit rock,yes,serrated,23,,23,,turn and lift,NULL,,NULL,NULL,NULL,,NULL,,NULL
29/03/2023,NY82-X-38,NY82,Sample location delocated to a 10km square (see metadata),380000,520000,385000,525000,1,85,11,no,no,0,,0,,0,,4.8,,yes,NA,2,,22,,4,,,NA,,NA,,NA,,NA,,NA,,NA,,NA,,NA,22,,4,,yes,normal,normal,0,,44,,44,,turn and lift,yes,NA,yes,NA,yes,NA,small corer,yes,partial - hit rock,no,hit rock,yes,normal,21,,,NA,turn and lift,NULL,,NULL,NULL,NULL,,NULL,,NULL
29/03/2023,NY82-X-38,NY82,Sample location delocated to a 10km square (see metadata),380000,520000,385000,525000,1,85,28,no,no,0,,0,,0,,5,,yes,NA,2,,30,,4,,,NA,,NA,,NA,,NA,,NA,,NA,,NA,,NA,30,,4,,yes,normal,normal,0,,41,,40,,turn and lift,yes,NA,yes,NA,yes,NA,small corer,yes,NA,no,hit rock,yes,normal,17,,17,,turn and lift,NULL,,NULL,NULL,NULL,,NULL,,NULL
29/03/2023,NY82-X-38,NY82,Sample location delocated to a 10km square (see metadata),380000,520000,385000,525000,1,85,59,no,no,0,,0,,0,,4.1,,yes,NA,2,,30,,4,,,NA,,NA,,NA,,NA,,NA,,NA,,NA,,NA,30,,4,,yes,normal,normal,0,,45,,45,,turn and lift,yes,NA,yes,NA,no,NULL,small corer,yes,NA,yes,partial - thick root mat,yes,normal,16,,16,,turn and lift,NULL,,NULL,NULL,NULL,,NULL,,NULL
29/03/2023,NY82-X-38,NY82,Sample location delocated to a 10km square (see metadata),380000,520000,385000,525000,1,85,46,no,no,0,,0,,0,,4.9,,yes,NA,2,,30,,4,,,NA,,NA,,NA,,NA,,NA,,NA,,NA,,NA,30,,4,,yes,normal,normal,0,,46,,46,,turn and lift,yes,NA,yes,NA,yes,NA,small corer,yes,NA,yes,NA,yes,normal,19,,19,,turn and lift,NULL,,NULL,NULL,NULL,,NULL,,NULL
29/03/2023,NY82-X-38,NY82,Sample location delocated to a 10km square (see metadata),380000,520000,385000,525000,2,85,59,no,no,0,,0,,0,,4.1,,yes,NA,2,,30,,4,,,NA,,NA,,NA,,NA,,NA,,NA,,NA,,NA,30,,4,,yes,normal,normal,0,,41,,47,,turn and lift,yes,NA,no,NULL,no,NULL,small corer,yes,NA,no,soft ground,yes,normal,19,,19,,turn and lift,NULL,,NULL,NULL,NULL,,NULL,,NULL
29/03/2023,NY82-X-38,NY82,Sample location delocated to a 10km square (see metadata),380000,520000,385000,525000,2,85,46,no,no,0,,0,,0,,4,,yes,NA,2,,30,,4,,,NA,,NA,,NA,,NA,,NA,,NA,,NA,,NA,30,,4,,yes,normal,normal,0,,40,,40,,turn and lift,yes,NA,yes,NA,no,NULL,small corer,yes,NA,yes,partial - too wet,yes,normal,18,,18,,turn and lift,NULL,,NULL,NULL,NULL,,NULL,,NULL
02/10/2023,NY89-X-97,NY89,Sample location delocated to a 10km square (see metadata),380000,590000,385000,595000,4,85,11,no,no,0,,9,,6,,12.8,,yes,NA,2,,30,,2,,,NA,,NA,,NA,,NA,,NA,,NA,,NA,,NA,30,,2,,yes,normal,normal,0,,46,,,NA,turn and lift,yes,NA,yes,NA,yes,NA,small corer,yes,NA,yes,NA,yes,normal,19.5,,19.5,,turn and lift,no,,NA,NA,NA,,NA,1,
02/10/2023,NY89-X-97,NY89,Sample location delocated to a 10km square (see metadata),380000,590000,385000,595000,4,85,28,yes,no,0,,8,,0,,12.8,,yes,NA,2,,30,,2,,,NA,,NA,,NA,,NA,,NA,,NA,,NA,,NA,30,,2,,yes,normal,normal,0,,46.5,,,NA,turn and lift,yes,NA,yes,NA,yes,NA,small corer,yes,NA,yes,NA,yes,normal,19.5,,19.5,,turn and lift,no,,NA,NA,NA,,NA,1,
02/10/2023,NY89-X-97,NY89,Sample location delocated to a 10km square (see metadata),380000,590000,385000,595000,4,85,59,no,no,0,,6,,2,,12.8,,yes,NA,2,,30,,1.5,,,NA,,NA,,NA,,NA,,NA,,NA,,NA,,NA,30,,1.5,,yes,normal,normal,1,,46,,,NA,turn and lift,yes,NA,yes,NA,yes,NA,small corer,yes,NA,yes,NA,yes,normal,19.5,,19.5,,turn and lift,no,,NA,NA,NA,,NA,1,
02/10/2023,NY89-X-97,NY89,Sample location delocated to a 10km square (see metadata),380000,590000,385000,595000,4,85,46,no,no,0,,7,,0,,12.7,,yes,NA,2,,30,,2,,,NA,,NA,,NA,,NA,,NA,,NA,,NA,,NA,30,,2,,yes,normal,normal,0,,48.5,,,NA,turn and lift,yes,NA,yes,NA,yes,NA,small corer,yes,NA,yes,NA,yes,normal,19.5,,19.5,,turn and lift,no,,NA,NA,NA,,NA,1,
03/10/2023,NY89-X-97,NY89,Sample location delocated to a 10km square (see metadata),380000,590000,385000,595000,2,59,11,no,no,0,,11,,0,,12.4,,yes,NA,1,,30,,1.5,,,NA,,NA,,NA,,NA,,NA,,NA,,NA,,NA,30,,1.5,,yes,normal,normal,0,,47.5,,,NA,turn and lift,yes,NA,yes,NA,yes,NA,small corer,yes,NA,yes,NA,yes,normal,19,,19,,turn and lift,no,,NA,NA,NA,,NA,1,
03/10/2023,NY89-X-97,NY89,Sample location delocated to a 10km square (see metadata),380000,590000,385000,595000,2,59,28,no,no,0,,14,,0,,12.6,,yes,NA,2,,30,,2,,,NA,,NA,,NA,,NA,,NA,,NA,,NA,,NA,30,,2,,yes,normal,normal,0,,47,,,NA,turn and lift,yes,NA,yes,NA,yes,NA,small corer,yes,NA,yes,NA,yes,normal,19.5,,19.5,,turn and lift,no,,NA,NA,NA,,NA,1,
03/10/2023,NY89-X-97,NY89,Sample location delocated to a 10km square (see metadata),380000,590000,385000,595000,2,59,59,no,no,0,,12,,0,,12.6,,yes,NA,2,,30,,2,,,NA,,NA,,NA,,NA,,NA,,NA,,NA,,NA,30,,2,,yes,normal,normal,0,,47.5,,,NA,turn and lift,yes,NA,yes,NA,yes,NA,small corer,yes,NA,yes,NA,yes,normal,18.5,,18.5,,turn and lift,no,,NA,NA,NA,,NA,1,
03/10/2023,NY89-X-97,NY89,Sample location delocated to a 10km square (see metadata),380000,590000,385000,595000,2,59,46,no,no,0,,6,,0,,12.6,,yes,NA,2,,30,,2,,,NA,,NA,,NA,,NA,,NA,,NA,,NA,,NA,30,,2,,yes,normal,normal,0,,46.5,,,NA,turn and lift,yes,NA,yes,NA,yes,NA,small corer,yes,NA,yes,NA,yes,normal,19.5,,19.5,,turn and lift,no,,NA,NA,NA,,NA,1,
04/10/2023,NY89-X-97,NY89,Sample location delocated to a 10km square (see metadata),380000,590000,385000,595000,1,99,11,no,yes,0,,17,,0,,12.5,,yes,NA,2,,28,,1.5,,,NA,,NA,,NA,,NA,,NA,,NA,,NA,,NA,28,,1.5,,yes,normal,normal,0,,48,,,NA,turn and lift,yes,NA,yes,NA,yes,NA,small corer,yes,NA,yes,NA,yes,normal,20,,20,,turn and lift,no,,NA,NA,NA,,NA,1,
04/10/2023,NY89-X-97,NY89,Sample location delocated to a 10km square (see metadata),380000,590000,385000,595000,1,99,28,no,no,0,,16,,0,,12.6,,yes,NA,2,,30,,1.5,,,NA,,NA,,NA,,NA,,NA,,NA,,NA,,NA,30,,1.5,,yes,normal,normal,0,,47,,,NA,turn and lift,yes,NA,yes,NA,yes,NA,small corer,yes,NA,yes,NA,yes,normal,19.5,,19.5,,turn and lift,no,,NA,NA,NA,,NA,1,
04/10/2023,NY89-X-97,NY89,Sample location delocated to a 10km square (see metadata),380000,590000,385000,595000,1,99,58,no,no,0,,10,,0,,12.5,,yes,NA,2,,30,,2,,,NA,,NA,,NA,,NA,,NA,,NA,,NA,,NA,30,,2,,yes,normal,normal,0,,47,,,NA,turn and lift,yes,NA,yes,NA,yes,NA,small corer,yes,NA,yes,NA,yes,normal,19,,19,,turn and lift,no,,NA,NA,NA,,NA,1,
04/10/2023,NY89-X-97,NY89,Sample location delocated to a 10km square (see metadata),380000,590000,385000,595000,1,99,46,no,no,0,,10,,0,,12.8,,yes,NA,2,,30,,1.5,,,NA,,NA,,NA,,NA,,NA,,NA,,NA,,NA,30,,1.5,,yes,normal,normal,0,,47,,,NA,turn and lift,yes,NA,yes,NA,yes,NA,small corer,yes,partial - hit rock,no,hit rock ,yes,normal,19,,19,,turn and lift,no,,NA,NA,NA,,NA,1,
05/10/2023,NY89-X-97,NY89,Sample location delocated to a 10km square (see metadata),380000,590000,385000,595000,3,29,11,no,no,0,,11,,0,,12.8,,yes,NA,2,,30,,2.5,,,NA,,NA,,NA,,NA,,NA,,NA,,NA,,NA,30,,2.5,,yes,normal,normal,0,,47,,,NA,turn and lift,yes,NA,yes,NA,yes,NA,small corer,yes,NA,yes,NA,yes,normal,18.5,,18.5,,turn and lift,no,,NA,NA,NA,,NA,1,
05/10/2023,NY89-X-97,NY89,Sample location delocated to a 10km square (see metadata),380000,590000,385000,595000,3,29,28,no,no,0,,15,,0,,12.6,,yes,NA,2,,30,,2.5,,,NA,,NA,,NA,,NA,,NA,,NA,,NA,,NA,30,,2.5,,yes,normal,normal,0,,45,,,NA,turn and lift,yes,NA,yes,NA,yes,NA,small corer,yes,NA,yes,NA,yes,normal,18.5,,18.5,,turn and lift,no,,NA,NA,NA,,NA,1,
05/10/2023,NY89-X-97,NY89,Sample location delocated to a 10km square (see metadata),380000,590000,385000,595000,3,29,59,no,no,0,,8,,0,,13.1,,yes,NA,2,,30,,2,,,NA,,NA,,NA,,NA,,NA,,NA,,NA,,NA,30,,2,,yes,normal,normal,0,,44.5,,,NA,turn and lift,yes,NA,yes,NA,yes,NA,small corer,yes,NA,yes,NA,yes,normal,18.5,,18.5,,turn and lift,no,,NA,NA,NA,,NA,1,
05/10/2023,NY89-X-97,NY89,Sample location delocated to a 10km square (see metadata),380000,590000,385000,595000,3,29,46,no,no,0,,10,,0,,13,,yes,NA,2,,30,,2,,,NA,,NA,,NA,,NA,,NA,,NA,,NA,,NA,30,,2,,yes,normal,normal,0,,47,,,NA,turn and lift,yes,NA,yes,NA,yes,NA,small corer,yes,NA,yes,NA,yes,normal,20,,20,,turn and lift,no,,NA,NA,NA,,NA,1,
13/06/2023,NY90-X-38,NY90,Sample location delocated to a 10km square (see metadata),390000,500000,395000,505000,4,71,11,no,no,0,,0,,0,,12.9,,yes,NA,2,,30,,1,,,NA,,NA,,NA,,NA,,NA,,NA,,NA,,NA,30,,1,,yes,serrated,normal,0,,43,,43,,dig and tip,yes,NA,yes,NA,yes,NA,small corer,yes,NA,yes,NA,yes,serrated,19,,19,,turn and lift,NULL,,NULL,NULL,NULL,,NULL,,NULL
13/06/2023,NY90-X-38,NY90,Sample location delocated to a 10km square (see metadata),390000,500000,395000,505000,4,71,46,no,no,0,,0,,0,,12.2,,yes,NA,2,,30,,1,,,NA,,NA,,NA,,NA,,NA,,NA,,NA,,NA,30,,1,,yes,serrated,serrated,0,,47,,47,,dig and tip,yes,NA,yes,NA,yes,NA,small corer,yes,NA,yes,NA,yes,serrated,17,,17,,turn and lift,NULL,,NULL,NULL,NULL,,NULL,,NULL
13/06/2023,NY90-X-38,NY90,Sample location delocated to a 10km square (see metadata),390000,500000,395000,505000,4,71,59,no,no,0,,0,,0,,10.9,,yes,NA,2,,30,,1,,,NA,,NA,,NA,,NA,,NA,,NA,,NA,,NA,30,,1,,yes,serrated,serrated,5,,46,,46,,dig and tip,yes,NA,yes,NA,yes,NA,small corer,yes,NA,yes,NA,yes,serrated,17,,17,,turn and lift,NULL,,NULL,NULL,NULL,,NULL,,NULL
13/06/2023,NY90-X-38,NY90,Sample location delocated to a 10km square (see metadata),390000,500000,395000,505000,4,71,28,no,no,0,,0,,0,,9.4,,yes,NA,2,,30,,1,,,NA,,NA,,NA,,NA,,NA,,NA,,NA,,NA,30,,1,,yes,serrated,serrated,5,,43,,43,,dig and tip,yes,NA,yes,NA,yes,NA,small corer,yes,NA,yes,NA,yes,serrated,17,,17,,turn and lift,NULL,,NULL,NULL,NULL,,NULL,,NULL
13/06/2023,NY90-X-38,NY90,Sample location delocated to a 10km square (see metadata),390000,500000,395000,505000,6,85,11,no,no,0,,0,,0,,10.3,,yes,NA,2,,30,,1,,,NA,,NA,,NA,,NA,,NA,,NA,,NA,,NA,30,,1,,yes,serrated,serrated,5,,48,,48,,dig and tip,yes,NA,yes,NA,yes,NA,small corer,yes,NA,yes,NA,yes,serrated,19,,19,,turn and lift,NULL,,NULL,NULL,NULL,,NULL,,NULL
13/06/2023,NY90-X-38,NY90,Sample location delocated to a 10km square (see metadata),390000,500000,395000,505000,6,85,46,no,no,0,,0,,0,,10.2,,yes,NA,2,,30,,3,,,NA,,NA,,NA,,NA,,NA,,NA,,NA,,NA,30,,3,,yes,serrated,serrated,5,,49,,49,,dig and tip,yes,NA,yes,NA,yes,NA,small corer,yes,NA,yes,NA,yes,serrated,17,,17,,dig and tip,NULL,,NULL,NULL,NULL,,NULL,,NULL
13/06/2023,NY90-X-38,NY90,Sample location delocated to a 10km square (see metadata),390000,500000,395000,505000,6,85,59,no,no,0,,0,,0,,11.1,,yes,NA,2,,30,,3,,,NA,,NA,,NA,,NA,,NA,,NA,,NA,,NA,30,,3,,yes,serrated,serrated,5,,43,,43,,dig and tip,yes,NA,yes,NA,yes,NA,small corer,yes,NA,yes,NA,yes,serrated,17,,17,,dig and tip,NULL,,NULL,NULL,NULL,,NULL,,NULL
13/06/2023,NY90-X-38,NY90,Sample location delocated to a 10km square (see metadata),390000,500000,395000,505000,6,85,28,no,no,0,,0,,0,,10.2,,yes,NA,2,,30,,3,,,NA,,NA,,NA,,NA,,NA,,NA,,NA,,NA,30,,3,,yes,serrated,serrated,5,,47,,47,,dig and tip,yes,NA,yes,NA,yes,NA,small corer,yes,NA,yes,NA,yes,serrated,17,,17,,turn and lift,NULL,,NULL,NULL,NULL,,NULL,,NULL
14/06/2023,NY90-X-38,NY90,Sample location delocated to a 10km square (see metadata),390000,500000,395000,505000,3,86,11,no,no,0,,0,,0,,11.2,,yes,NA,2,,30,,2,,,NA,,NA,,NA,,NA,,NA,,NA,,NA,,NA,30,,2,,yes,serrated,serrated,0,,48,,48,,turn and lift,yes,NA,yes,NA,yes,NA,small corer,yes,NA,yes,NA,yes,serrated,17,,17,,dig and tip,NULL,,NULL,NULL,NULL,,NULL,,NULL
14/06/2023,NY90-X-38,NY90,Sample location delocated to a 10km square (see metadata),390000,500000,395000,505000,3,86,46,no,no,0,,0,,0,,9.1,,yes,NA,2,,30,,2,,,NA,,NA,,NA,,NA,,NA,,NA,,NA,,NA,30,,2,,yes,serrated,serrated,5,,48,,48,,turn and lift,yes,NA,yes,NA,yes,NA,small corer,yes,NA,yes,NA,yes,serrated,18,,18,,dig and tip,NULL,,NULL,NULL,NULL,,NULL,,NULL
14/06/2023,NY90-X-38,NY90,Sample location delocated to a 10km square (see metadata),390000,500000,395000,505000,3,86,60,no,no,0,,0,,0,,9,,yes,NA,2,,30,,1.5,,,NA,,NA,,NA,,NA,,NA,,NA,,NA,,NA,30,,1.5,,yes,serrated,serrated,5,,48,,48,,turn and lift,yes,NA,yes,NA,yes,NA,small corer,yes,NA,yes,NA,yes,serrated,17,,17,,dig and tip,NULL,,NULL,NULL,NULL,,NULL,,NULL
14/06/2023,NY90-X-38,NY90,Sample location delocated to a 10km square (see metadata),390000,500000,395000,505000,3,86,28,no,no,0,,0,,0,,7.6,,yes,NA,2,,25,,1.5,,,NA,,NA,,NA,,NA,,NA,,NA,,NA,,NA,25,,1.5,,yes,serrated,serrated,5,,23,,23,,turn and lift,yes,NA,yes,NA,yes,NA,small corer,yes,NA,yes,NA,yes,serrated,17,,17,,dig and tip,NULL,,NULL,NULL,NULL,,NULL,,NULL
14/06/2023,NY90-X-38,NY90,Sample location delocated to a 10km square (see metadata),390000,500000,395000,505000,2,85,11,no,no,0,,0,,0,,9.6,,yes,NA,2,,30,,1.5,,,NA,,NA,,NA,,NA,,NA,,NA,,NA,,NA,30,,1.5,,yes,serrated,serrated,5,,48,,48,,turn and lift,yes,NA,yes,NA,yes,NA,small corer,yes,NA,yes,NA,yes,serrated,18,,18,,turn and lift,NULL,,NULL,NULL,NULL,,NULL,,NULL
14/06/2023,NY90-X-38,NY90,Sample location delocated to a 10km square (see metadata),390000,500000,395000,505000,2,85,46,no,no,0,,0,,0,,9.5,,yes,NA,2,,30,,1.5,,,NA,,NA,,NA,,NA,,NA,,NA,,NA,,NA,30,,1.5,,yes,serrated,serrated,5,,49,,49,,turn and lift,yes,NA,yes,NA,yes,NA,small corer,yes,NA,yes,NA,yes,serrated,18,,18,,turn and lift,NULL,,NULL,NULL,NULL,,NULL,,NULL
14/06/2023,NY90-X-38,NY90,Sample location delocated to a 10km square (see metadata),390000,500000,395000,505000,2,85,59,no,no,0,,0,,0,,11.4,,yes,NA,2,,30,,1.5,,,NA,,NA,,NA,,NA,,NA,,NA,,NA,,NA,30,,1.5,,yes,serrated,serrated,0,,45,,45,,turn and lift,yes,NA,yes,NA,yes,NA,small corer,yes,NA,yes,NA,yes,serrated,17,,17,,turn and lift,NULL,,NULL,NULL,NULL,,NULL,,NULL
14/06/2023,NY90-X-38,NY90,Sample location delocated to a 10km square (see metadata),390000,500000,395000,505000,2,85,28,no,no,0,,0,,0,,10.7,,yes,NA,2,,30,,1.5,,,NA,,NA,,NA,,NA,,NA,,NA,,NA,,NA,30,,1.5,,yes,serrated,serrated,5,,41,,41,,turn and lift,yes,NA,yes,NA,yes,NA,small corer,yes,NA,yes,NA,yes,serrated,17,,17,,turn and lift,NULL,,NULL,NULL,NULL,,NULL,,NULL
15/06/2023,NY90-X-38,NY90,Sample location delocated to a 10km square (see metadata),390000,500000,395000,505000,1,98,11,no,no,0,,0,,0,,10.7,,yes,NA,2,,30,,2.5,,,NA,,NA,,NA,,NA,,NA,,NA,,NA,,NA,30,,2.5,,yes,serrated,serrated,5,,41,,41,,turn and lift,yes,NA,yes,NA,yes,NA,small corer,yes,NA,yes,NA,yes,serrated,21,,21,,turn and lift,NULL,,NULL,NULL,NULL,,NULL,,NULL
15/06/2023,NY90-X-38,NY90,Sample location delocated to a 10km square (see metadata),390000,500000,395000,505000,1,98,46,no,no,0,,0,,0,,9.1,,yes,NA,2,,6,,2,,30,,4,,,NA,,NA,,NA,,NA,,NA,,NA,30,,3.6,,yes,serrated,serrated,5,,47,,47,,turn and lift,yes,NA,yes,NA,yes,NA,small corer,yes,NA,yes,NA,yes,serrated,17,,17,,dig and tip,NULL,,NULL,NULL,NULL,,NULL,,NULL
15/06/2023,NY90-X-38,NY90,Sample location delocated to a 10km square (see metadata),390000,500000,395000,505000,1,98,59,no,no,0,,0,,0,,10.8,,yes,NA,2,,30,,3.5,,,NA,,NA,,NA,,NA,,NA,,NA,,NA,,NA,30,,3.5,,yes,serrated,serrated,5,,40,,40,,turn and lift,yes,NA,yes,NA,yes,NA,small corer,yes,NA,yes,NA,yes,serrated,18,,18,,turn and lift,NULL,,NULL,NULL,NULL,,NULL,,NULL
15/06/2023,NY90-X-38,NY90,Sample location delocated to a 10km square (see metadata),390000,500000,395000,505000,1,98,28,no,no,0,,0,,0,,9.5,,yes,NA,2,,3,,2.5,,30,,3.5,,,NA,,NA,,NA,,NA,,NA,,NA,30,,3.4,,yes,serrated,serrated,5,,43,,43,,turn and lift,yes,NA,yes,NA,yes,NA,small corer,yes,NA,yes,NA,yes,serrated,18,,18,,turn and lift,NULL,,NULL,NULL,NULL,,NULL,,NULL
18/03/2024,NY90-X-69,NY90,Sample location delocated to a 10km square (see metadata),390000,500000,395000,505000,3,83,11,no,yes,0,,7,,0,,6.9,,yes,NA,2,,25,,2.5,,,NA,,NA,,NA,,NA,,NA,,NA,,NA,,NA,25,,2.5,,yes,normal,serrated,0,,44,,,NA,turn and lift,yes,NA,yes,NA,yes,NA,small corer,yes,NA,yes,NA,yes,normal,17,,17,,turn and lift,no,,NA,NA,NA,,NA,1,
18/03/2024,NY90-X-69,NY90,Sample location delocated to a 10km square (see metadata),390000,500000,395000,505000,3,83,46,yes,yes,0,,9,,0,,7.3,,yes,NA,2,,25,,2.5,,30,,3,,,NA,,NA,,NA,,NA,,NA,,NA,30,,2.6,,yes,normal,normal,0,,44,,,NA,turn and lift,yes,NA,yes,NA,yes,NA,small corer,yes,NA,yes,NA,yes,normal,17,,17,,turn and lift,no,,NA,NA,NA,,NA,1,
18/03/2024,NY90-X-69,NY90,Sample location delocated to a 10km square (see metadata),390000,500000,395000,505000,3,83,59,no,no,2,,7,,0,,7,,yes,NA,2,,14,,2.5,,30,,3.5,,,NA,,NA,,NA,,NA,,NA,,NA,30,,3,,yes,normal,normal,0,,44,,,NA,turn and lift,yes,NA,yes,NA,yes,NA,small corer,yes,NA,yes,NA,yes,normal,20,,20,,turn and lift,no,,NA,NA,NA,,NA,1,
18/03/2024,NY90-X-69,NY90,Sample location delocated to a 10km square (see metadata),390000,500000,395000,505000,3,83,28,no,yes,0,,17,,0,,7.3,,yes,NA,2,,20,,2.5,,,NA,,NA,,NA,,NA,,NA,,NA,,NA,,NA,20,,2.5,,yes,normal,normal,0,,44,,,NA,turn and lift,yes,NA,yes,NA,yes,NA,small corer,yes,NA,yes,NA,yes,normal,20,,20,,turn and lift,no,,NA,NA,NA,,NA,1,
18/03/2024,NY90-X-69,NY90,Sample location delocated to a 10km square (see metadata),390000,500000,395000,505000,2,85,11,yes,yes,0,,12,,0,,7.1,,yes,NA,2,,6,,1,,30,,2.5,,,NA,,NA,,NA,,NA,,NA,,NA,30,,2.2,,yes,normal,normal,0,,42,,,NA,turn and lift,yes,NA,yes,NA,yes,NA,small corer,yes,NA,yes,NA,yes,normal,19,,19,,turn and lift,no,,NA,NA,NA,,NA,1,
18/03/2024,NY90-X-69,NY90,Sample location delocated to a 10km square (see metadata),390000,500000,395000,505000,2,85,46,yes,yes,0,,12,,1,,7.5,,yes,NA,2,,7,,1,,28,,2,,,NA,,NA,,NA,,NA,,NA,,NA,28,,1.8,,yes,normal,normal,0,,44,,,NA,turn and lift,yes,NA,yes,NA,yes,NA,small corer,yes,NA,yes,NA,yes,normal,18,,18,,turn and lift,no,,NA,NA,NA,,NA,1,
18/03/2024,NY90-X-69,NY90,Sample location delocated to a 10km square (see metadata),390000,500000,395000,505000,2,85,28,no,no,0,,14,,0,,7.1,,yes,NA,2,,5,,1,,25,,2,,,NA,,NA,,NA,,NA,,NA,,NA,25,,1.8,,yes,normal,normal,0,,43,,,NA,turn and lift,yes,NA,yes,NA,yes,NA,small corer,yes,NA,no,hit rock,yes,normal,17,,17,,turn and lift,no,,NA,NA,NA,,NA,1,
18/03/2024,NY90-X-69,NY90,Sample location delocated to a 10km square (see metadata),390000,500000,395000,505000,2,85,59,no,no,0,,17,,0,,7.1,,yes,NA,2,,5,,1,,28,,1.5,,,NA,,NA,,NA,,NA,,NA,,NA,28,,1.4,,yes,normal,normal,0,,40,,,NA,turn and lift,yes,NA,yes,NA,yes,NA,small corer,yes,NA,yes,NA,yes,normal,17,,17,,turn and lift,no,,NA,NA,NA,,NA,1,
19/03/2024,NY90-X-69,NY90,Sample location delocated to a 10km square (see metadata),390000,500000,395000,505000,4,49,11,yes,no,0,,7,,0,,7.4,,yes,NA,,NULL,25,,1.5,,,NA,,NA,,NA,,NA,,NA,,NA,,NA,,NA,25,,1.5,,yes,normal,normal,0,,43,,,NA,turn and lift,no,big_stones,yes,NA,yes,NA,small corer,yes,NA,yes,NA,yes,normal,20,,20,,turn and lift,no,,NA,NA,NA,,NA,1,
19/03/2024,NY90-X-69,NY90,Sample location delocated to a 10km square (see metadata),390000,500000,395000,505000,4,49,46,no,no,0,,2,,0,,7.5,,yes,NA,2,,20,,1,,,NA,,NA,,NA,,NA,,NA,,NA,,NA,,NA,20,,1,,yes,normal,normal,0,,40,,,NA,turn and lift,yes,NA,yes,NA,yes,NA,small corer,yes,NA,yes,NA,yes,normal,20,,20,,turn and lift,no,,NA,NA,NA,,NA,1,
19/03/2024,NY90-X-69,NY90,Sample location delocated to a 10km square (see metadata),390000,500000,395000,505000,4,49,59,no,no,0,,4,,0,,7.5,,yes,NA,2,,29,,2.5,,,NA,,NA,,NA,,NA,,NA,,NA,,NA,,NA,29,,2.5,,yes,normal,normal,0,,46,,,NA,turn and lift,yes,NA,yes,NA,yes,NA,small corer,yes,NA,no,dry and hard soil,yes,normal,20,,20,,turn and lift,no,,NA,NA,NA,,NA,1,
19/03/2024,NY90-X-69,NY90,Sample location delocated to a 10km square (see metadata),390000,500000,395000,505000,4,49,28,no,yes,0,,4,,0,,7.4,,yes,NA,2,,20,,2,,,NA,,NA,,NA,,NA,,NA,,NA,,NA,,NA,20,,2,,yes,normal,normal,0,,44,,,NA,turn and lift,yes,NA,yes,NA,yes,NA,small corer,yes,NA,yes,NA,yes,normal,20,,20,,turn and lift,no,,NA,NA,NA,,NA,1,
20/03/2024,NY90-X-69,NY90,Sample location delocated to a 10km square (see metadata),390000,500000,395000,505000,1,85,11,no,no,0,,0,,0,,6.8,,yes,NA,2,,27,,1,,,NA,,NA,,NA,,NA,,NA,,NA,,NA,,NA,27,,1,,yes,normal,normal,0,,30,,30,,turn and lift,yes,NA,yes,NA,no,shallow_soil,small corer,yes,NA,yes,NA,yes,normal,18,,18,,turn and lift,no,,NA,NA,NA,,NA,1,
20/03/2024,NY90-X-69,NY90,Sample location delocated to a 10km square (see metadata),390000,500000,395000,505000,1,85,46,no,no,0,,0,,0,,6.7,,yes,NA,2,,20,,1,,,NA,,NA,,NA,,NA,,NA,,NA,,NA,,NA,20,,1,,yes,normal,normal,0,,20,,20,,turn and lift,yes,NA,no,shallow_soil,no,shallow_soil,small corer,yes,NA,no,shallow soil over rock ,yes,normal,17,,17,,turn and lift,no,,NA,NA,NA,,NA,1,
20/03/2024,NY90-X-69,NY90,Sample location delocated to a 10km square (see metadata),390000,500000,395000,505000,1,85,59,no,no,0,,1,,0,,6.8,,yes,NA,2,,10,,1,,30,,1.5,,,NA,,NA,,NA,,NA,,NA,,NA,30,,1.3,,yes,normal,normal,0,,26,,26,,turn and lift,yes,NA,yes,NA,no,shallow_soil,small corer,yes,NA,no,shallow soil over rock ,yes,normal,17,,17,,turn and lift,no,,NA,NA,NA,,NA,1,
20/03/2024,NY90-X-69,NY90,Sample location delocated to a 10km square (see metadata),390000,500000,395000,505000,1,85,28,no,no,0,,0,,0,,6.7,,yes,NA,2,,13,,1,,30,,1.5,,,NA,,NA,,NA,,NA,,NA,,NA,30,,1.3,,yes,serrated,serrated,0,,26,,26,,turn and lift,yes,NA,yes,NA,no,shallow_soil,small corer,yes,NA,no,shallow soil over rock ,yes,normal,17,,17,,turn and lift,no,,NA,NA,NA,,NA,1,
24/10/2023,NY99-X-69,NY99,Sample location delocated to a 10km square (see metadata),390000,590000,395000,595000,4,85,11,no,no,0,,0,,0,,8.4,,yes,NA,2,,10,,4,,30,,4.5,,,NA,,NA,,NA,,NA,,NA,,NA,30,,4.3,,yes,serrated,serrated,0,,46,,,NA,turn and lift,yes,NA,yes,NA,yes,NA,small corer,yes,NA,yes,partial - stones,yes,serrated,20,,20,,turn and lift,yes,26,,yes,Hisco,,NULL,1,
24/10/2023,NY99-X-69,NY99,Sample location delocated to a 10km square (see metadata),390000,590000,395000,595000,4,85,28,no,no,0,,0,,0,,7.9,,yes,NA,2,,30,,4.5,,,NA,,NA,,NA,,NA,,NA,,NA,,NA,,NA,30,,4.5,,yes,normal,serrated,0,,24,,,NULL,turn and lift,yes,NA,no,big_stones,no,big_stones,small corer,yes,NA,yes,partial - stones,yes,normal,18,,18,,turn and lift,yes,25,,yes,Hisco,,NULL,1,
24/10/2023,NY99-X-69,NY99,Sample location delocated to a 10km square (see metadata),390000,590000,395000,595000,4,85,59,no,yes,0,,0,,0,,8.1,,yes,NA,2,,10,,4.5,,,NA,,NA,,NA,,NA,,NA,,NA,,NA,,NA,10,,4.5,,yes,serrated,serrated,1,,48,,,NA,turn and lift,yes,NA,yes,NA,yes,NA,small corer,yes,partial - stones,no,shallow ,yes,serrated,18,,,NA,turn and lift,yes,13,,no,Hisco,6,,1,
24/10/2023,NY99-X-69,NY99,Sample location delocated to a 10km square (see metadata),390000,590000,395000,595000,4,85,46,no,no,0,,0,,0,,8.4,,yes,NA,,NULL,30,,4.5,,,NA,,NA,,NA,,NA,,NA,,NA,,NA,,NA,30,,4.5,,yes,serrated,serrated,4,,46,,,NA,turn and lift,yes,NA,yes,NA,yes,NA,small corer,yes,NA,yes,NA,yes,serrated,19,,19,,turn and lift,yes,23,,NULL,Hisco,6,,1,
25/10/2023,NY99-X-69,NY99,Sample location delocated to a 10km square (see metadata),390000,590000,395000,595000,3,98,11,no,no,0,,0,,0,,8.2,,yes,NA,,NULL,15,,4.5,,30,,1,,,NA,,NA,,NA,,NA,,NA,,NA,30,,2.8,,yes,serrated,serrated,0,,38,,,NULL,turn and lift,yes,NA,yes,NA,yes,NA,small corer,yes,partial - stones,yes,NA,yes,catcher,19,,19,,turn and lift,yes,9,,yes,Hisco,,NULL,1,
25/10/2023,NY99-X-69,NY99,Sample location delocated to a 10km square (see metadata),390000,590000,395000,595000,3,98,28,no,no,0,,0,,7,,8.5,,yes,NA,2,,30,,4,,,NA,,NA,,NA,,NA,,NA,,NA,,NA,,NA,30,,4,,yes,serrated,serrated,5,,38,,,NULL,turn and lift,yes,NA,yes,NA,yes,NA,small corer,yes,NA,no,stones,yes,serrated,18,,18,,turn and lift,yes,21,,yes,Hisco,,NULL,1,
25/10/2023,NY99-X-69,NY99,Sample location delocated to a 10km square (see metadata),390000,590000,395000,595000,3,98,59,no,no,0,,0,,0,,8.5,,yes,NA,,NULL,20,,4.5,,30,,1,,,NA,,NA,,NA,,NA,,NA,,NA,30,,3.3,,yes,serrated,serrated,0,,48,,,NA,turn and lift,yes,NA,yes,NA,yes,NA,small corer,yes,NA,yes,partial - stones,yes,serrated,19,,19,,turn and lift,yes,10,,yes,Hisco,,NULL,1,
25/10/2023,NY99-X-69,NY99,Sample location delocated to a 10km square (see metadata),390000,590000,395000,595000,3,98,46,no,no,0,,0,,0,,8.3,,yes,NA,,NULL,25,,3.5,,30,,1.5,,,NA,,NA,,NA,,NA,,NA,,NA,30,,3.2,,yes,serrated,serrated,0,,44,,,NA,turn and lift,yes,NA,yes,NA,yes,NA,small corer,yes,NA,yes,NA,yes,serrated,17,,17,,turn and lift,yes,26,,yes,Hisco,,NULL,1,
25/10/2023,NY99-X-69,NY99,Sample location delocated to a 10km square (see metadata),390000,590000,395000,595000,5,87,11,no,no,0,,0,,0,,8.3,,yes,NA,2,,28,,4.5,,30,,1,,,NA,,NA,,NA,,NA,,NA,,NA,30,,4.3,,yes,serrated,serrated,4,,47,,,NA,dig and tip,yes,NA,yes,NA,yes,NA,small corer,yes,NA,yes,partial - stones,yes,serrated,18,,18,,turn and lift,yes,30,,yes,Hisco,,NULL,1,
25/10/2023,NY99-X-69,NY99,Sample location delocated to a 10km square (see metadata),390000,590000,395000,595000,5,87,28,no,no,0,,0,,0,,8.4,,yes,NA,2,,30,,4.5,,,NA,,NA,,NA,,NA,,NA,,NA,,NA,,NA,30,,4.5,,yes,serrated,serrated,0,,46,,,NA,turn and lift,yes,NA,yes,NA,yes,NA,small corer,yes,NA,yes,partial - stones,yes,repacked (no tip),20,,20,,turn and lift,yes,30,,yes,Hisco,,NULL,1,
25/10/2023,NY99-X-69,NY99,Sample location delocated to a 10km square (see metadata),390000,590000,395000,595000,5,87,59,no,no,0,,0,,0,,8.3,,yes,NA,,NULL,19,,4.5,,30,,1,,,NA,,NA,,NA,,NA,,NA,,NA,30,,3.2,,yes,serrated,serrated,0,,43,,,NA,turn and lift,yes,NA,yes,NA,yes,NA,small corer,yes,NA,no,hit rock,yes,serrated,18,,18,,turn and lift,yes,23,,yes,Hisco,,NULL,1,
25/10/2023,NY99-X-69,NY99,Sample location delocated to a 10km square (see metadata),390000,590000,395000,595000,5,87,46,no,no,0,,0,,0,,8.1,,yes,NA,,NULL,20,,3.5,,30,,1,,,NA,,NA,,NA,,NA,,NA,,NA,30,,2.7,,yes,serrated,serrated,0,,44,,,NA,turn and lift,yes,NA,yes,NA,yes,NA,small corer,yes,NA,no,hit rock,yes,serrated,18,,18,,turn and lift,yes,20,,yes,Hisco,,NULL,1,
26/10/2023,NY99-X-69,NY99,Sample location delocated to a 10km square (see metadata),390000,590000,395000,595000,2,97,11,no,no,0,,0,,0,,8.3,,yes,NA,,NULL,30,,4.5,,,NA,,NA,,NA,,NA,,NA,,NA,,NA,,NA,30,,4.5,,yes,serrated,serrated,1,,46,,,NA,turn and lift,yes,NA,yes,NA,yes,NA,small corer,yes,NA,yes,NA,yes,serrated,20,,20,,turn and lift,yes,25,,yes,Hisco,,NULL,1,
26/10/2023,NY99-X-69,NY99,Sample location delocated to a 10km square (see metadata),390000,590000,395000,595000,2,97,28,no,no,0,,0,,0,,8,,yes,NA,,NULL,30,,4.5,,,NA,,NA,,NA,,NA,,NA,,NA,,NA,,NA,30,,4.5,,yes,serrated,serrated,1,,44,,,NA,turn and lift,yes,NA,yes,NA,yes,NA,small corer,yes,NULL,yes,NA,yes,serrated,18,,18,,turn and lift,yes,29,,yes,Hisco,,NULL,1,
26/10/2023,NY99-X-69,NY99,Sample location delocated to a 10km square (see metadata),390000,590000,395000,595000,2,97,59,no,no,0,,0,,0,,7.8,,yes,NA,2,,30,,5,,,NA,,NA,,NA,,NA,,NA,,NA,,NA,,NA,30,,5,,yes,serrated,serrated,0,,48,,,NA,turn and lift,yes,NA,yes,NA,yes,NA,small corer,yes,NA,yes,NA,yes,serrated,21,,21,,turn and lift,yes,54,,yes,Hisco,,NULL,1,
26/10/2023,NY99-X-69,NY99,Sample location delocated to a 10km square (see metadata),390000,590000,395000,595000,2,97,46,no,no,0,,0,,0,,8,,yes,NA,2,,30,,4.5,,,NA,,NA,,NA,,NA,,NA,,NA,,NA,,NA,30,,4.5,,yes,serrated,serrated,,NULL,46,,,NA,dig and tip,yes,NA,yes,NA,yes,NA,small corer,yes,NA,yes,partial - too wet,yes,normal,18,,18,,turn and lift,yes,49,,yes,Hisco,,NULL,1,
27/10/2023,NY99-X-69,NY99,Sample location delocated to a 10km square (see metadata),390000,590000,395000,595000,1,85,11,no,no,0,,0,,0,,8.3,,yes,NA,,NULL,30,,4.5,,,NA,,NA,,NA,,NA,,NA,,NA,,NA,,NA,30,,4.5,,yes,serrated,serrated,2,,48,,,NA,turn and lift,yes,NA,yes,NA,yes,NA,small corer,yes,partial - stones,no,stones,yes,serrated,18,,18,,turn and lift,yes,31,,yes,Hisco,,NULL,1,
27/10/2023,NY99-X-69,NY99,Sample location delocated to a 10km square (see metadata),390000,590000,395000,595000,1,85,28,no,no,0,,0,,0,,8.3,,yes,NA,,NULL,18,,4.5,,30,,1.5,,,NA,,NA,,NA,,NA,,NA,,NA,30,,3.3,,yes,serrated,serrated,2,,46,,,NA,turn and lift,yes,NA,yes,NA,yes,NA,small corer,yes,partial - thick root mat,no,thick root mat,yes,serrated,20,,20,,turn and lift,yes,15,,yes,Hisco,,NULL,1,
27/10/2023,NY99-X-69,NY99,Sample location delocated to a 10km square (see metadata),390000,590000,395000,595000,1,85,59,no,no,0,,0,,0,,8.4,,yes,NA,,NULL,20,,4.5,,30,,1.5,,,NA,,NA,,NA,,NA,,NA,,NA,30,,3.5,,yes,serrated,serrated,5,,45,,,NA,turn and lift,yes,NA,yes,NA,yes,NA,small corer,yes,partial - stones,no,stones,yes,serrated,18,,18,,turn and lift,yes,24,,yes,Hisco,,NULL,1,
27/10/2023,NY99-X-69,NY99,Sample location delocated to a 10km square (see metadata),390000,590000,395000,595000,1,85,46,no,no,0,,0,,0,,8.4,,yes,NA,2,,20,,4.5,,30,,1,,,NA,,NA,,NA,,NA,,NA,,NA,30,,3.3,,yes,serrated,serrated,5,,46,,,NA,turn and lift,yes,NA,yes,NA,yes,NA,small corer,yes,NA,yes,partial - stones,yes,serrated,21,,21,,turn and lift,yes,19,,yes,Hisco,,NULL,1,
14/11/2023,NZ03-X-23,NZ03,Sample location delocated to a 10km square (see metadata),400000,530000,405000,535000,1,85,11,no,no,0,,0,,0,,7.8,,yes,NA,,NULL,15,,3,,30,,4,,,NA,,NA,,NA,,NA,,NA,,NA,30,,3.5,,yes,serrated,serrated,5,,40,,,NA,turn and lift,yes,NA,yes,NA,no,too_hard,small corer,yes,NA,no,hit rock,yes,serrated,,NULL,,NA,turn and lift,yes,17,,yes,Hisco,,NULL,1,
14/11/2023,NZ03-X-23,NZ03,Sample location delocated to a 10km square (see metadata),400000,530000,405000,535000,1,85,28,no,no,0,,0,,0,,7.6,,yes,NA,,NULL,15,,2.5,,28,,3.5,,,NA,,NA,,NA,,NA,,NA,,NA,28,,3,,yes,serrated,catcher,2,,42,,,NA,dig and tip,yes,NA,yes,NA,yes,NA,small corer,yes,partial - hit rock,no,hit rock,yes,serrated,20,,,NA,turn and lift,yes,17,,yes,Hisco,,NULL,1,
15/11/2023,NZ03-X-23,NZ03,Sample location delocated to a 10km square (see metadata),400000,530000,405000,535000,2,86,11,no,no,0,,0,,0,,8,,no,Rock,,NA,,NA,,NA,,NA,,NA,,NA,,NA,,NA,,NA,,NA,,NA,,NA,,NA,yes,serrated,serrated,0,,45,,,NA,turn and lift,yes,NA,yes,NA,yes,NA,small corer,yes,NA,yes,NA,yes,serrated,21,,21,,turn and lift,yes,31,,yes,Hisco,,NULL,1,
14/11/2023,NZ03-X-23,NZ03,Sample location delocated to a 10km square (see metadata),400000,530000,405000,535000,1,85,59,no,no,0,,0,,0,,7.8,,yes,NA,2,,9,,3,,30,,4,,,NA,,NA,,NA,,NA,,NA,,NA,30,,3.7,,yes,serrated,serrated,1,,30,,,NULL,turn and lift,yes,NA,no,too_hard,no,too_hard,small corer,yes,partial - hit rock,no,hit rock,yes,serrated,21,,21,,turn and lift,yes,12,,yes,Hisco,,NULL,1,
14/11/2023,NZ03-X-23,NZ03,Sample location delocated to a 10km square (see metadata),400000,530000,405000,535000,1,85,46,no,no,0,,0,,0,,7.6,,yes,NA,,NULL,9,,3,,21,,4,,30,,4.5,,,NA,,NA,,NA,,NA,30,,3.9,,yes,serrated,serrated,1,,40,,,NA,dig and tip,yes,NA,yes,NA,yes,NA,small corer,yes,partial - hit rock,yes,NA,yes,serrated,23,,,NA,turn and lift,yes,33,,yes,Hisco,,NULL,1,
15/11/2023,NZ03-X-23,NZ03,Sample location delocated to a 10km square (see metadata),400000,530000,405000,535000,2,86,46,no,no,0,,0,,0,,7.8,,yes,NA,2,,8,,4,,12,,4.5,,28,,5,,,NA,,NA,,NA,,NA,28,,4.6,,yes,serrated,serrated,1,,20,,,NULL,turn and lift,yes,NA,no,too_hard,no,too_hard,small corer,yes,NA,yes,partial - hit rock,yes,serrated,18,,,NA,turn and lift,yes,19,,yes,Hisco,,NULL,1,
15/11/2023,NZ03-X-23,NZ03,Sample location delocated to a 10km square (see metadata),400000,530000,405000,535000,2,86,28,no,no,0,,0,,0,,7.9,,yes,NA,2,,12,,4,,25,,4.5,,30,,5,,,NA,,NA,,NA,,NA,30,,4.4,,yes,serrated,serrated,0,,28,,,NULL,turn and lift,yes,NA,no,too_hard,no,too_hard,small corer,yes,partial - hit rock,no,hit rock,yes,serrated,27,,,NA,turn and lift,yes,20,,yes,Hisco,,NULL,1,
15/11/2023,NZ03-X-23,NZ03,Sample location delocated to a 10km square (see metadata),400000,530000,405000,535000,2,86,59,no,no,0,,0,,0,,7.9,,yes,NA,2,,10,,4,,25,,4.5,,30,,5,,,NA,,NA,,NA,,NA,30,,4.4,,yes,serrated,serrated,0,,22,,,NULL,turn and lift,yes,NA,no,too_hard,no,too_hard,small corer,yes,partial - hit rock,yes,partial - hit rock,yes,serrated,27,,,NA,turn and lift,yes,19,,yes,Hisco,,NULL,1,
16/11/2023,NZ03-X-23,NZ03,Sample location delocated to a 10km square (see metadata),400000,530000,405000,535000,4,85,11,no,no,0,,0,,0,,7.7,,yes,NA,2,,8,,2.5,,12,,3,,20,,2.5,,,NA,,NA,,NA,,NA,20,,2.6,,yes,serrated,serrated,0,,46,,,NA,turn and lift,yes,NA,yes,NA,yes,NA,small corer,yes,partial - thick root mat,yes,NA,yes,serrated,20,,20,,turn and lift,yes,29,,yes,Hisco,,NULL,1,
16/11/2023,NZ03-X-23,NZ03,Sample location delocated to a 10km square (see metadata),400000,530000,405000,535000,4,85,28,no,no,0,,0,,0,,7.7,,yes,NA,,NULL,8,,2,,23,,2.5,,30,,3,,,NA,,NA,,NA,,NA,30,,2.5,,yes,serrated,serrated,0,,50,,,NA,dig and tip,yes,NA,yes,NA,yes,NA,small corer,yes,partial - too wet,yes,NA,yes,serrated,20,,,NA,dig and tip,yes,25,,yes,Hisco,,NULL,1,
16/11/2023,NZ03-X-23,NZ03,Sample location delocated to a 10km square (see metadata),400000,530000,405000,535000,4,85,59,no,no,0,,0,,0,,7.7,,yes,NA,2,,10,,2.5,,22,,2,,30,,3,,,NA,,NA,,NA,,NA,30,,2.4,,yes,serrated,serrated,0,,49,,,NA,dig and tip,yes,NA,yes,NA,yes,NA,small corer,yes,partial - too wet,yes,partial - too wet,yes,serrated,20,,,NA,dig and tip,yes,32,,yes,Hisco,,NULL,1,
16/11/2023,NZ03-X-23,NZ03,Sample location delocated to a 10km square (see metadata),400000,530000,405000,535000,4,85,46,no,no,0,,0,,0,,7.8,,yes,NA,2,,15,,2,,21,,3,,30,,2.5,,,NA,,NA,,NA,,NA,30,,2.4,,yes,serrated,serrated,0,,46,,,NA,dig and tip,yes,NA,yes,NA,yes,NA,small corer,yes,partial - too wet,yes,NA,yes,serrated,22,,,NA,dig and tip,yes,40,,yes,Hisco,,NULL,1,
17/11/2023,NZ03-X-23,NZ03,Sample location delocated to a 10km square (see metadata),400000,530000,405000,535000,5,85,11,no,no,0,,2,,0,,7.4,,yes,NA,2,,12,,3.5,,30,,2.5,,,NA,,NA,,NA,,NA,,NA,,NA,30,,2.9,,yes,serrated,serrated,0,,46,,,NA,dig and tip,yes,NA,yes,NA,yes,NA,small corer,yes,NA,yes,partial - hit rock,yes,serrated,16,,16,,dig and tip,no,,NA,NA,NA,,NA,1,
17/11/2023,NZ03-X-23,NZ03,Sample location delocated to a 10km square (see metadata),400000,530000,405000,535000,5,85,46,no,no,0,,1,,0,,7.1,,yes,NA,2,,30,,3.5,,,NA,,NA,,NA,,NA,,NA,,NA,,NA,,NA,30,,3.5,,yes,serrated,serrated,1,,40,,,NA,turn and lift,yes,NA,yes,NA,yes,NA,small corer,yes,NA,yes,partial - hit rock,yes,serrated,19,,19,,turn and lift,no,,NA,NA,NA,,NA,1,
17/11/2023,NZ03-X-23,NZ03,Sample location delocated to a 10km square (see metadata),400000,530000,405000,535000,5,85,28,no,no,0,,1,,0,,7.5,,yes,NA,2,,10,,2.5,,22,,3,,30,,4,,,NA,,NA,,NA,,NA,30,,3.1,,yes,serrated,serrated,1,,47,,,NA,turn and lift,yes,NA,yes,NA,yes,NA,small corer,yes,partial - too wet,yes,partial - hit rock,yes,serrated,19,,19,,turn and lift,no,,NA,NA,NA,,NA,1,
17/11/2023,NZ03-X-23,NZ03,Sample location delocated to a 10km square (see metadata),400000,530000,405000,535000,5,85,59,no,no,0,,0,,0,,7.3,,yes,NA,2,,12,,3.5,,30,,3,,,NA,,NA,,NA,,NA,,NA,,NA,30,,3.2,,yes,serrated,serrated,0,,44,,,NA,dig and tip,yes,NA,yes,NA,yes,NA,small corer,yes,partial - too wet,yes,NA,yes,serrated,18,,18,,dig and tip,no,,NA,NA,NA,,NA,1,
19/03/2024,NZ05-X-58,NZ05,Sample location delocated to a 10km square (see metadata),400000,550000,405000,555000,2,85,11,no,no,0,,3,,0,,8.4,,yes,NA,,NULL,30,,2,,,NA,,NA,,NA,,NA,,NA,,NA,,NA,,NA,30,,2,,yes,serrated,serrated,0,,43,,,NA,turn and lift,yes,NA,yes,NA,yes,NA,small corer,yes,NA,yes,NA,yes,serrated,19,,19,,turn and lift,no,,NA,NA,NA,,NA,1,
19/03/2024,NZ05-X-58,NZ05,Sample location delocated to a 10km square (see metadata),400000,550000,405000,555000,2,85,28,no,no,0,,2,,0,,8.3,,yes,NA,,NULL,30,,1.5,,,NA,,NA,,NA,,NA,,NA,,NA,,NA,,NA,30,,1.5,,yes,serrated,serrated,0,,44,,,NA,turn and lift,yes,NA,yes,NA,yes,NA,small corer,yes,NA,yes,NA,yes,serrated,19,,,NA,turn and lift,no,,NA,NA,NA,,NA,1,
19/03/2024,NZ05-X-58,NZ05,Sample location delocated to a 10km square (see metadata),400000,550000,405000,555000,2,85,59,no,no,0,,2,,0,,8.3,,yes,NA,,NULL,30,,1.5,,,NA,,NA,,NA,,NA,,NA,,NA,,NA,,NA,30,,1.5,,yes,serrated,normal,0,,44,,,NA,turn and lift,yes,NA,yes,NA,yes,NA,small corer,yes,NA,yes,NA,yes,serrated,19,,,NA,turn and lift,no,,NA,NA,NA,,NA,1,
19/03/2024,NZ05-X-58,NZ05,Sample location delocated to a 10km square (see metadata),400000,550000,405000,555000,2,85,46,no,no,0,,8,,0,,8.3,,yes,NA,,NULL,30,,1.5,,,NA,,NA,,NA,,NA,,NA,,NA,,NA,,NA,30,,1.5,,yes,serrated,normal,0,,44,,,NA,turn and lift,yes,NA,yes,NA,yes,NA,small corer,yes,NA,yes,NA,yes,serrated,18,,18,,turn and lift,no,,NA,NA,NA,,NA,1,
20/03/2024,NZ05-X-58,NZ05,Sample location delocated to a 10km square (see metadata),400000,550000,405000,555000,4,85,11,no,no,0,,2,,0,,7.6,,yes,NA,,NULL,25,,4,,30,,2,,,NA,,NA,,NA,,NA,,NA,,NA,30,,3.7,,yes,serrated,serrated,0,,43,,,NA,turn and lift,yes,NA,yes,NA,yes,NA,small corer,yes,partial - too wet,yes,NA,yes,serrated,18,,18,,turn and lift,no,,NA,NA,NA,,NA,1,
20/03/2024,NZ05-X-58,NZ05,Sample location delocated to a 10km square (see metadata),400000,550000,405000,555000,4,85,28,no,no,0,,2,,0,,7.6,,yes,NA,,NULL,26,,4,,30,,2,,,NA,,NA,,NA,,NA,,NA,,NA,30,,3.7,,yes,normal,serrated,0,,43,,,NA,turn and lift,yes,NA,yes,NA,yes,NA,small corer,yes,partial - too wet,yes,partial - too wet,yes,serrated,19,,,NA,turn and lift,no,,NA,NA,NA,,NA,1,
20/03/2024,NZ05-X-58,NZ05,Sample location delocated to a 10km square (see metadata),400000,550000,405000,555000,4,85,59,no,no,0,,15,,0,,7.8,,yes,NA,,NULL,30,,4,,,NA,,NA,,NA,,NA,,NA,,NA,,NA,,NA,30,,4,,yes,serrated,serrated,0,,42,,,NA,turn and lift,yes,NA,yes,NA,yes,NA,small corer,yes,partial - too wet,yes,NA,yes,serrated,18,,,NA,turn and lift,no,,NA,NA,NA,,NA,1,
20/03/2024,NZ05-X-58,NZ05,Sample location delocated to a 10km square (see metadata),400000,550000,405000,555000,4,85,46,no,no,0,,12,,0,,7.9,,yes,NA,,NULL,30,,4,,,NA,,NA,,NA,,NA,,NA,,NA,,NA,,NA,30,,4,,yes,serrated,serrated,0,,41,,,NA,turn and lift,yes,NA,yes,NA,yes,NA,small corer,yes,partial - too wet,yes,NA,yes,serrated,19,,,NA,turn and lift,no,,NA,NA,NA,,NA,1,
21/03/2024,NZ05-X-58,NZ05,Sample location delocated to a 10km square (see metadata),400000,550000,405000,555000,1,97,59,no,no,0,,9,,0,,7.6,,yes,NA,,NULL,26,,4,,30,,2,,,NA,,NA,,NA,,NA,,NA,,NA,30,,3.7,,yes,serrated,serrated,0,,44,,,NA,turn and lift,yes,NA,yes,NA,yes,NA,small corer,yes,NA,yes,NA,yes,serrated,20,,,NA,turn and lift,no,,NA,NA,NA,,NA,1,
21/03/2024,NZ05-X-58,NZ05,Sample location delocated to a 10km square (see metadata),400000,550000,405000,555000,1,97,11,no,no,0,,1,,0,,7.6,,yes,NA,,NULL,26,,4,,30,,2,,,NA,,NA,,NA,,NA,,NA,,NA,30,,3.7,,yes,serrated,serrated,0,,43,,,NA,turn and lift,yes,NA,yes,NA,yes,NA,small corer,yes,partial - too wet,yes,partial - too wet,yes,serrated,19,,19,,turn and lift,no,,NA,NA,NA,,NA,1,
21/03/2024,NZ05-X-58,NZ05,Sample location delocated to a 10km square (see metadata),400000,550000,405000,555000,1,97,28,no,no,0,,5,,0,,7.6,,yes,NA,,NULL,26,,4,,30,,2,,,NA,,NA,,NA,,NA,,NA,,NA,30,,3.7,,yes,serrated,serrated,0,,43,,,NA,turn and lift,yes,NA,yes,NA,yes,NA,small corer,yes,NULL,yes,NA,yes,serrated,19,,19,,turn and lift,no,,NA,NA,NA,,NA,1,
21/03/2024,NZ05-X-58,NZ05,Sample location delocated to a 10km square (see metadata),400000,550000,405000,555000,1,97,46,no,no,0,,5,,0,,7.6,,yes,NA,,NULL,27,,4,,30,,2,,,NA,,NA,,NA,,NA,,NA,,NA,30,,3.8,,yes,serrated,serrated,0,,42,,,NA,turn and lift,yes,NA,yes,NA,yes,NA,small corer,yes,partial - too wet,yes,partial - too wet,yes,serrated,19,,,NA,turn and lift,no,,NA,NA,NA,,NA,1,
07/06/2023,NZ15-X-39,NZ15,Sample location delocated to a 10km square (see metadata),410000,550000,415000,555000,2,86,11,no,no,0,,2,,0,,14.8,,yes,NA,2,,25,,2,,30,,3,,,NA,,NA,,NA,,NA,,NA,,NA,30,,2.2,,yes,normal,normal,0,,45.5,,45.5,,turn and lift,yes,NA,yes,NA,yes,NA,small corer,yes,NA,yes,NA,yes,normal,18.5,,18.5,,turn and lift,NULL,,NULL,NULL,NULL,,NULL,,NULL
07/06/2023,NZ15-X-39,NZ15,Sample location delocated to a 10km square (see metadata),410000,550000,415000,555000,2,86,28,yes,yes,2,,12,,1,,15.2,,yes,NA,2,,10,,1.5,,20,,2,,30,,3,,,NA,,NA,,NA,,NA,30,,2.2,,yes,normal,normal,0,,46,,,NA,turn and lift,yes,NA,yes,NA,yes,NA,small corer,yes,NA,yes,NA,yes,normal,18.5,,18.5,,turn and lift,NULL,,NULL,NULL,NULL,,NULL,,NULL
07/06/2023,NZ15-X-39,NZ15,Sample location delocated to a 10km square (see metadata),410000,550000,415000,555000,2,86,59,no,yes,1,,8,,16,,15.1,,yes,NA,2,,10,,1.5,,25,,2,,30,,3,,,NA,,NA,,NA,,NA,30,,2,,yes,normal,normal,0,,45.5,,45.5,,turn and lift,yes,NA,yes,NA,yes,NA,small corer,yes,NA,yes,NA,yes,normal,18.5,,18.5,,turn and lift,NULL,,NULL,NULL,NULL,,NULL,,NULL
07/06/2023,NZ15-X-39,NZ15,Sample location delocated to a 10km square (see metadata),410000,550000,415000,555000,2,86,46,no,no,4,,9,,3,,15.2,,yes,NA,2,,10,,1.5,,20,,2,,30,,3,,,NA,,NA,,NA,,NA,30,,2.2,,yes,normal,normal,0,,44.5,,44.5,,turn and lift,yes,NA,yes,NA,yes,NA,small corer,yes,NA,yes,NA,yes,normal,18.5,,18.5,,turn and lift,NULL,,NULL,NULL,NULL,,NULL,,NULL
22/05/2023,NZ17-X-89,NZ17,Sample location delocated to a 10km square (see metadata),410000,570000,415000,575000,2,85,11,no,no,0,,0,,0,,16.1,,yes,NA,2,,30,,1,,,NA,,NA,,NA,,NA,,NA,,NA,,NA,,NA,30,,1,,yes,normal,normal,2,,41,,41,,turn and lift,yes,NA,yes,NA,yes,NA,small corer,yes,NA,yes,NA,yes,normal,17,,17,,turn and lift,NULL,,NULL,NULL,NULL,,NULL,,NULL
22/05/2023,NZ17-X-89,NZ17,Sample location delocated to a 10km square (see metadata),410000,570000,415000,575000,2,85,28,no,no,0,,0,,0,,14.8,,yes,NA,2,,30,,1,,,NA,,NA,,NA,,NA,,NA,,NA,,NA,,NA,30,,1,,yes,normal,normal,2,,42,,42,,turn and lift,yes,NA,yes,NA,yes,NA,small corer,yes,NA,yes,NA,yes,normal,18,,18,,turn and lift,NULL,,NULL,NULL,NULL,,NULL,,NULL
22/05/2023,NZ17-X-89,NZ17,Sample location delocated to a 10km square (see metadata),410000,570000,415000,575000,2,85,59,no,no,0,,4,,0,,15.7,,yes,NA,2,,30,,1,,,NA,,NA,,NA,,NA,,NA,,NA,,NA,,NA,30,,1,,yes,normal,normal,2,,44,,44,,turn and lift,yes,NA,yes,NA,yes,NA,small corer,yes,NA,yes,NA,yes,normal,17,,17,,turn and lift,NULL,,NULL,NULL,NULL,,NULL,,NULL
22/05/2023,NZ17-X-89,NZ17,Sample location delocated to a 10km square (see metadata),410000,570000,415000,575000,2,85,46,no,no,0,,0,,0,,15.6,,yes,NA,2,,30,,1,,,NA,,NA,,NA,,NA,,NA,,NA,,NA,,NA,30,,1,,yes,normal,normal,3,,47,,47,,turn and lift,yes,NA,yes,NA,yes,NA,small corer,yes,NA,yes,NA,yes,normal,17,,17,,turn and lift,NULL,,NULL,NULL,NULL,,NULL,,NULL
23/05/2023,NZ17-X-89,NZ17,Sample location delocated to a 10km square (see metadata),410000,570000,415000,575000,4,127,59,yes,yes,0,,9,,6,,10.6,,yes,NA,2,,30,,2,,,NA,,NA,,NA,,NA,,NA,,NA,,NA,,NA,30,,2,,yes,normal,normal,0,,44,,44,,turn and lift,yes,NA,yes,NA,yes,NA,small corer,yes,NA,yes,NA,yes,normal,17,,17,,turn and lift,NULL,,NULL,NULL,NULL,,NULL,,NULL
23/05/2023,NZ17-X-89,NZ17,Sample location delocated to a 10km square (see metadata),410000,570000,415000,575000,4,127,46,yes,yes,0,,6,,8,,10.2,,yes,NA,2,,30,,2,,,NA,,NA,,NA,,NA,,NA,,NA,,NA,,NA,30,,2,,yes,normal,normal,0,,44,,44,,turn and lift,yes,NA,yes,NA,yes,NA,small corer,yes,NA,yes,NA,yes,normal,18,,18,,turn and lift,NULL,,NULL,NULL,NULL,,NULL,,NULL
23/05/2023,NZ17-X-89,NZ17,Sample location delocated to a 10km square (see metadata),410000,570000,415000,575000,4,127,11,yes,yes,0,,9,,9,,10.2,,yes,NA,2,,30,,2,,,NA,,NA,,NA,,NA,,NA,,NA,,NA,,NA,30,,2,,yes,normal,normal,0,,45,,45,,turn and lift,yes,NA,yes,NA,yes,NA,small corer,yes,NA,yes,NA,yes,normal,16,,16,,turn and lift,NULL,,NULL,NULL,NULL,,NULL,,NULL
23/05/2023,NZ17-X-89,NZ17,Sample location delocated to a 10km square (see metadata),410000,570000,415000,575000,4,127,28,yes,yes,0,,10,,18,,10.4,,yes,NA,2,,30,,2,,,NA,,NA,,NA,,NA,,NA,,NA,,NA,,NA,30,,2,,yes,normal,normal,0,,44,,44,,turn and lift,yes,NA,yes,NA,yes,NA,small corer,yes,NA,yes,NA,yes,normal,18,,18,,turn and lift,NULL,,NULL,NULL,NULL,,NULL,,NULL
23/05/2023,NZ17-X-89,NZ17,Sample location delocated to a 10km square (see metadata),410000,570000,415000,575000,1,85,11,no,no,0,,7,,5,,16.2,,yes,NA,2,,30,,1,,,NA,,NA,,NA,,NA,,NA,,NA,,NA,,NA,30,,1,,yes,normal,normal,0,,46,,46,,turn and lift,yes,NA,yes,NA,yes,NA,small corer,yes,NA,yes,NA,yes,normal,18,,18,,turn and lift,NULL,,NULL,NULL,NULL,,NULL,,NULL
23/05/2023,NZ17-X-89,NZ17,Sample location delocated to a 10km square (see metadata),410000,570000,415000,575000,1,85,28,no,no,0,,7,,4,,16.3,,yes,NA,2,,30,,1,,,NA,,NA,,NA,,NA,,NA,,NA,,NA,,NA,30,,1,,yes,normal,normal,1,,49,,49,,turn and lift,yes,NA,yes,NA,yes,NA,small corer,yes,NA,yes,NA,yes,normal,21,,21,,turn and lift,NULL,,NULL,NULL,NULL,,NULL,,NULL
23/05/2023,NZ17-X-89,NZ17,Sample location delocated to a 10km square (see metadata),410000,570000,415000,575000,1,85,59,no,no,0,,10,,3,,14.6,,yes,NA,2,,30,,1,,,NA,,NA,,NA,,NA,,NA,,NA,,NA,,NA,30,,1,,yes,normal,normal,1,,46,,46,,turn and lift,yes,NA,yes,NA,yes,NA,small corer,yes,NA,yes,NA,yes,normal,19,,19,,turn and lift,NULL,,NULL,NULL,NULL,,NULL,,NULL
23/05/2023,NZ17-X-89,NZ17,Sample location delocated to a 10km square (see metadata),410000,570000,415000,575000,1,85,46,no,no,0,,0,,0,,15.5,,yes,NA,2,,30,,1,,,NA,,NA,,NA,,NA,,NA,,NA,,NA,,NA,30,,1,,yes,normal,normal,2,,45,,45,,turn and lift,yes,NA,yes,NA,yes,NA,small corer,yes,NA,yes,NA,yes,normal,18,,18,,turn and lift,NULL,,NULL,NULL,NULL,,NULL,,NULL
18/03/2024,NZ42-X-86,NZ42,Sample location delocated to a 10km square (see metadata),440000,520000,445000,525000,4,86,11,yes,no,0,,5,,0,,10,,yes,NA,,NULL,15,,3.5,,30,,3,,,NA,,NA,,NA,,NA,,NA,,NA,30,,3.3,,yes,normal,normal,0,,44,,,NA,turn and lift,yes,NA,yes,NA,yes,NA,small corer,yes,NA,yes,NA,yes,normal,15,,15,,turn and lift,no,,NA,NA,NA,,NA,1,
18/03/2024,NZ42-X-86,NZ42,Sample location delocated to a 10km square (see metadata),440000,520000,445000,525000,4,86,28,yes,no,0,,13,,4,,11.7,,yes,NA,,NULL,30,,3.5,,,NA,,NA,,NA,,NA,,NA,,NA,,NA,,NA,30,,3.5,,yes,normal,normal,0,,46,,,NA,turn and lift,yes,NA,yes,NA,yes,NA,small corer,yes,NA,yes,NA,yes,normal,18,,,NA,turn and lift,no,,NA,NA,NA,,NA,1,
18/03/2024,NZ42-X-86,NZ42,Sample location delocated to a 10km square (see metadata),440000,520000,445000,525000,4,86,59,yes,no,0,,13,,1,,10.9,,yes,NA,,NULL,30,,3.5,,,NA,,NA,,NA,,NA,,NA,,NA,,NA,,NA,30,,3.5,,yes,normal,normal,0,,46,,,NA,turn and lift,yes,NA,yes,NA,yes,NA,small corer,yes,NA,yes,NA,yes,normal,18,,,NA,turn and lift,no,,NA,NA,NA,,NA,1,
18/03/2024,NZ42-X-86,NZ42,Sample location delocated to a 10km square (see metadata),440000,520000,445000,525000,4,86,46,no,no,0,,27,,4,,10.6,,yes,NA,,NULL,15,,2.5,,30,,3.5,,,NA,,NA,,NA,,NA,,NA,,NA,30,,3,,yes,normal,normal,0,,46,,,NA,turn and lift,yes,NA,yes,NA,yes,NA,small corer,yes,NA,yes,NA,yes,normal,20,,,NA,turn and lift,no,,NA,NA,NA,,NA,1,
19/03/2024,NZ42-X-86,NZ42,Sample location delocated to a 10km square (see metadata),440000,520000,445000,525000,3,85,11,no,no,0,,6,,0,,9.6,,yes,NA,,NULL,5,,2,,30,,4,,,NA,,NA,,NA,,NA,,NA,,NA,30,,3.7,,yes,normal,normal,0,,46,,,NA,turn and lift,yes,NA,yes,NA,yes,NA,small corer,yes,NA,yes,NA,yes,normal,18,,18,,turn and lift,no,,NA,NA,NA,,NA,1,
19/03/2024,NZ42-X-86,NZ42,Sample location delocated to a 10km square (see metadata),440000,520000,445000,525000,3,85,28,yes,no,0,,10,,2,,9.4,,yes,NA,,NULL,30,,4,,,NA,,NA,,NA,,NA,,NA,,NA,,NA,,NA,30,,4,,yes,normal,normal,0,,46,,,NA,turn and lift,yes,NA,yes,NA,yes,NA,small corer,yes,NA,yes,NA,yes,normal,20,,,NA,dig and tip,no,,NA,NA,NA,,NA,1,
19/03/2024,NZ42-X-86,NZ42,Sample location delocated to a 10km square (see metadata),440000,520000,445000,525000,3,85,59,no,no,0,,6,,0,,10.1,,yes,NA,,NULL,30,,4,,,NA,,NA,,NA,,NA,,NA,,NA,,NA,,NA,30,,4,,yes,normal,normal,0,,45,,,NA,turn and lift,yes,NA,yes,NA,yes,NA,small corer,yes,NA,yes,NA,yes,normal,19,,,NA,dig and tip,no,,NA,NA,NA,,NA,1,
19/03/2024,NZ42-X-86,NZ42,Sample location delocated to a 10km square (see metadata),440000,520000,445000,525000,3,85,46,no,no,0,,7,,0,,10.3,,yes,NA,,NULL,5,,2,,30,,4,,,NA,,NA,,NA,,NA,,NA,,NA,30,,3.7,,yes,normal,normal,0,,46,,,NA,dig and tip,yes,NA,yes,NA,yes,NA,small corer,yes,NA,yes,partial - dry and hard soil,yes,normal,19,,,NA,dig and tip,no,,NA,NA,NA,,NA,1,
19/03/2024,NZ42-X-86,NZ42,Sample location delocated to a 10km square (see metadata),440000,520000,445000,525000,2,46,11,yes,no,0,,9,,2,,10.2,,yes,NA,,NULL,30,,4,,,NA,,NA,,NA,,NA,,NA,,NA,,NA,,NA,30,,4,,yes,normal,normal,0,,45,,,NA,turn and lift,yes,NA,yes,NA,yes,NA,small corer,yes,NA,yes,NA,yes,normal,18,,18,,turn and lift,no,,NA,NA,NA,,NA,1,
19/03/2024,NZ42-X-86,NZ42,Sample location delocated to a 10km square (see metadata),440000,520000,445000,525000,2,46,28,no,no,0,,3,,0,,10.2,,yes,NA,,NULL,12,,3,,30,,4,,,NA,,NA,,NA,,NA,,NA,,NA,30,,3.6,,yes,normal,normal,0,,41,,,NA,turn and lift,yes,NA,yes,NA,yes,NA,small corer,yes,NA,yes,NA,yes,normal,19,,,NA,turn and lift,no,,NA,NA,NA,,NA,1,
19/03/2024,NZ42-X-86,NZ42,Sample location delocated to a 10km square (see metadata),440000,520000,445000,525000,2,46,59,yes,no,0,,6,,1,,10.9,,yes,NA,,NULL,10,,3.5,,30,,4,,,NA,,NA,,NA,,NA,,NA,,NA,30,,3.8,,yes,normal,normal,0,,44,,,NA,turn and lift,yes,NA,yes,NA,yes,NA,small corer,yes,NA,yes,partial - hit rock,yes,normal,16,,16,,turn and lift,no,,NA,NA,NA,,NA,1,
19/03/2024,NZ42-X-86,NZ42,Sample location delocated to a 10km square (see metadata),440000,520000,445000,525000,2,46,46,no,no,0,,2,,2,,19,,yes,NA,,NULL,10,,3.5,,25,,4,,30,,3.5,,,NA,,NA,,NA,,NA,30,,3.8,,yes,normal,normal,0,,46,,,NA,turn and lift,yes,NA,yes,NA,yes,NA,small corer,yes,NA,yes,NA,yes,normal,18,,,NA,turn and lift,no,,NA,NA,NA,,NA,1,
26/10/2023,NZ51-X-74,NZ51,Sample location delocated to a 10km square (see metadata),450000,510000,455000,515000,4,85,11,no,no,0,,15,,0,,9.2,,yes,NA,2,,30,,3.5,,,NA,,NA,,NA,,NA,,NA,,NA,,NA,,NA,30,,3.5,,yes,normal,normal,0,,43,,,NA,turn and lift,yes,NA,yes,NA,yes,NA,small corer,yes,NA,yes,NA,yes,normal,16,,16,,turn and lift,no,,NA,NA,NA,,NA,1,
26/10/2023,NZ51-X-74,NZ51,Sample location delocated to a 10km square (see metadata),450000,510000,455000,515000,4,85,46,no,no,0,,2,,0,,9.4,,yes,NA,3,,25,,4.5,,,NA,,NA,,NA,,NA,,NA,,NA,,NA,,NA,25,,4.5,,yes,normal,normal,0,,40,,,NA,turn and lift,yes,NA,yes,NA,yes,NA,small corer,yes,NA,yes,NA,yes,normal,18,,18,,turn and lift,no,,NA,NA,NA,,NA,1,
26/10/2023,NZ51-X-74,NZ51,Sample location delocated to a 10km square (see metadata),450000,510000,455000,515000,4,85,59,yes,no,0,,5,,0,,9.4,,yes,NA,1,,30,,4,,,NA,,NA,,NA,,NA,,NA,,NA,,NA,,NA,30,,4,,yes,normal,normal,0,,44,,,NA,turn and lift,yes,NA,yes,NA,yes,NA,small corer,yes,NA,yes,NA,yes,normal,18,,18,,turn and lift,no,,NA,NA,NA,,NA,1,
26/10/2023,NZ51-X-74,NZ51,Sample location delocated to a 10km square (see metadata),450000,510000,455000,515000,4,85,28,no,no,0,,5,,0,,9.5,,yes,NA,1,,25,,4,,,NA,,NA,,NA,,NA,,NA,,NA,,NA,,NA,25,,4,,yes,normal,normal,0,,44,,,NA,turn and lift,yes,NA,yes,NA,yes,NA,small corer,yes,NA,yes,NA,yes,normal,20,,20,,turn and lift,no,,NA,NA,NA,,NA,1,
26/10/2023,NZ51-X-74,NZ51,Sample location delocated to a 10km square (see metadata),450000,510000,455000,515000,2,85,11,yes,no,0,,8,,1,,9.5,,yes,NA,1,,25,,4,,,NA,,NA,,NA,,NA,,NA,,NA,,NA,,NA,25,,4,,yes,normal,normal,0,,41,,,NA,turn and lift,yes,NA,yes,NA,yes,NA,small corer,yes,NA,yes,NA,yes,normal,17,,17,,turn and lift,no,,NA,NA,NA,,NA,1,
26/10/2023,NZ51-X-74,NZ51,Sample location delocated to a 10km square (see metadata),450000,510000,455000,515000,2,85,46,yes,no,0,,3,,0,,9.6,,yes,NA,1,,30,,3,,,NA,,NA,,NA,,NA,,NA,,NA,,NA,,NA,30,,3,,yes,normal,normal,0,,42,,,NA,turn and lift,yes,NA,yes,NA,yes,NA,small corer,yes,NA,yes,NA,yes,normal,18,,18,,turn and lift,no,,NA,NA,NA,,NA,1,
26/10/2023,NZ51-X-74,NZ51,Sample location delocated to a 10km square (see metadata),450000,510000,455000,515000,2,85,59,no,no,0,,6,,0,,9.8,,yes,NA,,NULL,30,,3,,,NA,,NA,,NA,,NA,,NA,,NA,,NA,,NA,30,,3,,yes,normal,normal,0,,45,,,NA,turn and lift,yes,NA,yes,NA,yes,NA,small corer,yes,NA,yes,NA,yes,normal,18,,18,,turn and lift,no,,NA,NA,NA,,NA,1,
26/10/2023,NZ51-X-74,NZ51,Sample location delocated to a 10km square (see metadata),450000,510000,455000,515000,2,85,28,yes,no,0,,11,,0,,9.8,,yes,NA,1,,30,,3,,,NA,,NA,,NA,,NA,,NA,,NA,,NA,,NA,30,,3,,yes,normal,normal,0,,42,,,NA,turn and lift,yes,NA,yes,NA,yes,NA,small corer,yes,NA,yes,NA,yes,normal,18,,18,,turn and lift,no,,NA,NA,NA,,NA,1,
24/01/2024,NZ80-X-17,NZ80,Sample location delocated to a 10km square (see metadata),480000,500000,485000,505000,2,98,11,no,yes,2,,6,,0,,5.3,,yes,NA,2,,30,,1.5,,,NA,,NA,,NA,,NA,,NA,,NA,,NA,,NA,30,,1.5,,yes,normal,normal,0,,45,,,NA,turn and lift,yes,NA,yes,NA,yes,NA,small corer,yes,NA,yes,NA,yes,normal,21,,21,,turn and lift,no,,NA,NA,NA,,NA,1,
24/01/2024,NZ80-X-17,NZ80,Sample location delocated to a 10km square (see metadata),480000,500000,485000,505000,2,98,28,no,yes,1,,8,,0,,5.3,,yes,NA,2,,20,,1.5,,30,,1,,,NA,,NA,,NA,,NA,,NA,,NA,30,,1.3,,yes,normal,normal,0,,45,,,NA,turn and lift,yes,NA,yes,NA,yes,NA,small corer,yes,NA,yes,NA,yes,normal,21,,21,,turn and lift,no,,NA,NA,NA,,NA,1,
24/01/2024,NZ80-X-17,NZ80,Sample location delocated to a 10km square (see metadata),480000,500000,485000,505000,2,98,46,yes,no,0,,19,,0,,5.3,,yes,NA,2,,30,,1.5,,,NA,,NA,,NA,,NA,,NA,,NA,,NA,,NA,30,,1.5,,yes,normal,normal,0,,44,,,NA,dig and tip,yes,NA,yes,NA,yes,NA,small corer,yes,NA,yes,NA,yes,normal,21,,21,,turn and lift,no,,NA,NA,NA,,NA,1,
24/01/2024,NZ80-X-17,NZ80,Sample location delocated to a 10km square (see metadata),480000,500000,485000,505000,2,98,59,yes,yes,1,,9,,0,,5.3,,yes,NA,2,,30,,1.5,,,NA,,NA,,NA,,NA,,NA,,NA,,NA,,NA,30,,1.5,,yes,normal,normal,0,,48,,,NA,turn and lift,yes,NA,yes,NA,yes,NA,small corer,yes,NA,yes,NA,yes,normal,20,,20,,turn and lift,no,,NA,NA,NA,,NA,1,
24/01/2024,NZ80-X-17,NZ80,Sample location delocated to a 10km square (see metadata),480000,500000,485000,505000,4,85,11,yes,yes,2,,18,,0,,5.5,,yes,NA,2,,20,,2,,30,,1.5,,,NA,,NA,,NA,,NA,,NA,,NA,30,,1.8,,yes,normal,normal,0,,48,,,NA,turn and lift,yes,NA,yes,NA,yes,NA,small corer,yes,NA,yes,NA,yes,normal,19,,,NA,turn and lift,no,,NA,NA,NA,,NA,1,
24/01/2024,NZ80-X-17,NZ80,Sample location delocated to a 10km square (see metadata),480000,500000,485000,505000,4,85,28,yes,yes,2,,7,,0,,5.5,,yes,NA,2,,30,,1.5,,,NA,,NA,,NA,,NA,,NA,,NA,,NA,,NA,30,,1.5,,yes,normal,normal,0,,45,,,NA,turn and lift,yes,NA,yes,NA,yes,NA,small corer,yes,NA,yes,NA,yes,normal,19,,19,,turn and lift,no,,NA,NA,NA,,NA,1,
24/01/2024,NZ80-X-17,NZ80,Sample location delocated to a 10km square (see metadata),480000,500000,485000,505000,4,85,59,yes,yes,2,,11,,0,,5.5,,yes,NA,2,,10,,1.5,,30,,2.5,,,NA,,NA,,NA,,NA,,NA,,NA,30,,2.2,,yes,normal,normal,0,,47,,,NA,turn and lift,yes,NA,yes,NA,yes,NA,small corer,yes,NA,yes,NA,yes,normal,20,,20,,turn and lift,no,,NA,NA,NA,,NA,1,
24/01/2024,NZ80-X-17,NZ80,Sample location delocated to a 10km square (see metadata),480000,500000,485000,505000,4,85,46,yes,yes,3,,5,,0,,5.5,,yes,NA,2,,30,,1,,,NA,,NA,,NA,,NA,,NA,,NA,,NA,,NA,30,,1,,yes,normal,normal,0,,45,,,NA,turn and lift,yes,NA,yes,NA,yes,NA,small corer,yes,NA,yes,NA,yes,normal,20,,20,,turn and lift,no,,NA,NA,NA,,NA,1,
25/01/2024,NZ80-X-17,NZ80,Sample location delocated to a 10km square (see metadata),480000,500000,485000,505000,1,16,11,no,yes,2,,7,,3,,5.3,,yes,NA,2,,12,,2,,30,,1.5,,,NA,,NA,,NA,,NA,,NA,,NA,30,,1.7,,yes,normal,normal,0,,48.5,,,NA,turn and lift,yes,NA,yes,NA,yes,NA,small corer,yes,NA,yes,NA,yes,normal,19,,19,,turn and lift,no,,NA,NA,NA,,NA,1,
25/01/2024,NZ80-X-17,NZ80,Sample location delocated to a 10km square (see metadata),480000,500000,485000,505000,1,16,28,no,no,0,,10,,0,,5.3,,yes,NA,2,,30,,1.5,,,NA,,NA,,NA,,NA,,NA,,NA,,NA,,NA,30,,1.5,,yes,normal,catcher,0,,40,,,NA,turn and lift,yes,NA,yes,NA,yes,NA,small corer,yes,NA,yes,NA,yes,normal,20,,20,,turn and lift,no,,NA,NA,NA,,NA,1,
25/01/2024,NZ80-X-17,NZ80,Sample location delocated to a 10km square (see metadata),480000,500000,485000,505000,1,16,46,yes,yes,3,,12,,2,,5.3,,yes,NA,2,,10,,2,,30,,1.5,,,NA,,NA,,NA,,NA,,NA,,NA,30,,1.7,,yes,normal,normal,0,,47.5,,,NA,turn and lift,yes,NA,yes,NA,yes,NA,small corer,yes,NA,yes,NA,yes,normal,19,,19,,turn and lift,no,,NA,NA,NA,,NA,1,
25/01/2024,NZ80-X-17,NZ80,Sample location delocated to a 10km square (see metadata),480000,500000,485000,505000,1,16,59,yes,yes,2,,15,,0,,5.4,,yes,NA,2,,30,,1.5,,,NA,,NA,,NA,,NA,,NA,,NA,,NA,,NA,30,,1.5,,yes,normal,normal,0,,40,,,NA,turn and lift,yes,NA,yes,NA,yes,NA,small corer,yes,NA,yes,NA,yes,normal,19,,19,,turn and lift,no,,NA,NA,NA,,NA,1,
30/01/2024,NZ80-X-17,NZ80,Sample location delocated to a 10km square (see metadata),480000,500000,485000,505000,3,85,11,yes,yes,3,,5,,0,,6.2,,yes,NA,2,,30,,1.5,,,NA,,NA,,NA,,NA,,NA,,NA,,NA,,NA,30,,1.5,,yes,normal,normal,0,,46,,,NA,turn and lift,yes,NA,yes,NA,yes,NA,small corer,yes,NA,yes,NA,yes,normal,20,,20,,turn and lift,no,,NA,NA,NA,,NA,1,
30/01/2024,NZ80-X-17,NZ80,Sample location delocated to a 10km square (see metadata),480000,500000,485000,505000,3,85,28,yes,yes,1,,5,,0,,6.2,,yes,NA,2,,15,,1.5,,25,,2,,30,,1.5,,,NA,,NA,,NA,,NA,30,,1.7,,yes,normal,normal,0,,48,,,NA,turn and lift,yes,NA,yes,NA,yes,NA,small corer,yes,NA,yes,NA,yes,normal,20,,20,,turn and lift,no,,NA,NA,NA,,NA,1,
30/01/2024,NZ80-X-17,NZ80,Sample location delocated to a 10km square (see metadata),480000,500000,485000,505000,3,85,46,no,yes,1,,8,,0,,6.2,,yes,NA,2,,15,,1.5,,25,,2,,30,,1.5,,,NA,,NA,,NA,,NA,30,,1.7,,yes,normal,normal,0,,46,,,NA,turn and lift,yes,NA,yes,NA,yes,NA,small corer,yes,NA,yes,NA,yes,normal,19.5,,19.5,,turn and lift,no,,NA,NA,NA,,NA,1,
30/01/2024,NZ80-X-17,NZ80,Sample location delocated to a 10km square (see metadata),480000,500000,485000,505000,3,85,59,no,yes,3,,3,,0,,6.3,,yes,NA,,NULL,15,,2,,25,,2.5,,30,,2,,,NA,,NA,,NA,,NA,30,,2.2,,yes,normal,normal,0,,47,,,NA,turn and lift,yes,NA,yes,NA,yes,NA,small corer,yes,NA,yes,NA,yes,normal,20,,20,,turn and lift,no,,NA,NA,NA,,NA,1,
15/01/2024,NZ90-X-49,NZ90,Sample location delocated to a 10km square (see metadata),490000,500000,495000,505000,3,85,11,no,no,0,,1,,0,,2.2,,yes,NA,2,,25,,1.5,,30,,2,,,NA,,NA,,NA,,NA,,NA,,NA,30,,1.6,,yes,normal,normal,0,,49,,,NA,turn and lift,yes,NA,yes,NA,yes,NA,large corer (tip same as ABC),yes,NA,yes,NA,yes,normal,26,,,NA,turn and lift,no,,NA,NA,NA,,NA,1,
15/01/2024,NZ90-X-49,NZ90,Sample location delocated to a 10km square (see metadata),490000,500000,495000,505000,3,85,28,no,no,0,,5,,0,,2.2,,yes,NA,2,,30,,1.5,,,NA,,NA,,NA,,NA,,NA,,NA,,NA,,NA,30,,1.5,,yes,normal,normal,0,,47.5,,,NA,turn and lift,yes,NA,yes,NA,yes,NA,large corer (tip same as ABC),yes,NA,yes,NA,yes,normal,22,,22,,turn and lift,no,,NA,NA,NA,,NA,1,
15/01/2024,NZ90-X-49,NZ90,Sample location delocated to a 10km square (see metadata),490000,500000,495000,505000,3,85,46,no,no,0,,4,,0,,2.2,,yes,NA,2,,10,,2.5,,30,,1.5,,,NA,,NA,,NA,,NA,,NA,,NA,30,,1.8,,yes,normal,normal,0,,50,,,NA,turn and lift,yes,NA,yes,NA,yes,NA,large corer (tip same as ABC),yes,NA,yes,NA,yes,normal,20,,20,,turn and lift,no,,NA,NA,NA,,NA,1,
15/01/2024,NZ90-X-49,NZ90,Sample location delocated to a 10km square (see metadata),490000,500000,495000,505000,3,85,59,no,no,0,,17,,2,,2.2,,yes,NA,2,,30,,1.5,,,NA,,NA,,NA,,NA,,NA,,NA,,NA,,NA,30,,1.5,,yes,normal,normal,0,,45.6,,,NA,turn and lift,yes,NA,yes,NA,yes,NA,large corer (tip same as ABC),yes,NA,yes,NA,yes,normal,22.5,,22.5,,turn and lift,no,,NA,NA,NA,,NA,1,
16/01/2024,NZ90-X-49,NZ90,Sample location delocated to a 10km square (see metadata),490000,500000,495000,505000,1,111,11,no,no,0,,1,,0,,1.5,,yes,NA,2,,30,,2,,,NA,,NA,,NA,,NA,,NA,,NA,,NA,,NA,30,,2,,yes,normal,normal,0,,48,,,NA,turn and lift,yes,NA,yes,NA,yes,NA,small corer,yes,NA,yes,NA,yes,normal,21,,21,,turn and lift,no,,NA,NA,NA,,NA,1,
16/01/2024,NZ90-X-49,NZ90,Sample location delocated to a 10km square (see metadata),490000,500000,495000,505000,1,111,28,no,no,0,,16,,10,,1.5,,yes,NA,2,,30,,1.5,,,NA,,NA,,NA,,NA,,NA,,NA,,NA,,NA,30,,1.5,,yes,normal,normal,0,,47,,,NA,turn and lift,yes,NA,yes,NA,yes,NA,small corer,yes,NA,yes,NA,yes,normal,20,,20,,turn and lift,no,,NA,NA,NA,,NA,1,
16/01/2024,NZ90-X-49,NZ90,Sample location delocated to a 10km square (see metadata),490000,500000,495000,505000,1,111,46,no,no,0,,8,,0,,1.5,,yes,NA,2,,30,,1.5,,,NA,,NA,,NA,,NA,,NA,,NA,,NA,,NA,30,,1.5,,yes,normal,normal,0,,47,,,NA,turn and lift,yes,NA,yes,NA,yes,NA,small corer,yes,NA,yes,NA,yes,normal,21,,,NA,turn and lift,no,,NA,NA,NA,,NA,1,
16/01/2024,NZ90-X-49,NZ90,Sample location delocated to a 10km square (see metadata),490000,500000,495000,505000,1,111,59,no,no,0,,9,,0,,1.5,,yes,NA,2,,30,,1.5,,,NA,,NA,,NA,,NA,,NA,,NA,,NA,,NA,30,,1.5,,yes,normal,normal,0,,47,,,NA,turn and lift,yes,NA,yes,NA,yes,NA,small corer,yes,NA,yes,NA,yes,normal,21,,21,,turn and lift,no,,NA,NA,NA,,NA,1,
16/01/2024,NZ90-X-49,NZ90,Sample location delocated to a 10km square (see metadata),490000,500000,495000,505000,4,85,11,no,no,0,,12,,4,,1.5,,yes,NA,2,,8,,1.5,,30,,2.5,,,NA,,NA,,NA,,NA,,NA,,NA,30,,2.2,,yes,normal,normal,0,,48,,,NA,turn and lift,yes,NA,yes,NA,yes,NA,small corer,yes,NA,yes,NA,yes,normal,20,,20,,turn and lift,no,,NA,NA,NA,,NA,1,
16/01/2024,NZ90-X-49,NZ90,Sample location delocated to a 10km square (see metadata),490000,500000,495000,505000,4,85,28,no,no,0,,0,,0,,1.5,,yes,NA,1,,15,,3,,30,,2.5,,,NA,,NA,,NA,,NA,,NA,,NA,30,,2.8,,yes,normal,normal,0,,46,,,NA,turn and lift,yes,NA,yes,NA,yes,NA,small corer,yes,NA,yes,NA,yes,normal,21,,21,,turn and lift,no,,NA,NA,NA,,NA,1,
16/01/2024,NZ90-X-49,NZ90,Sample location delocated to a 10km square (see metadata),490000,500000,495000,505000,4,85,46,no,no,0,,0,,0,,1.5,,yes,NA,1,,8,,2.5,,30,,3,,,NA,,NA,,NA,,NA,,NA,,NA,30,,2.9,,yes,normal,normal,0,,48,,,NA,turn and lift,yes,NA,yes,NA,yes,NA,small corer,yes,NA,yes,NA,yes,normal,20,,20,,turn and lift,no,,NA,NA,NA,,NA,1,
16/01/2024,NZ90-X-49,NZ90,Sample location delocated to a 10km square (see metadata),490000,500000,495000,505000,4,85,59,no,no,0,,0,,0,,1.5,,yes,NA,1,,10,,2.5,,30,,3,,,NA,,NA,,NA,,NA,,NA,,NA,30,,2.8,,yes,normal,normal,0,,48,,,NA,turn and lift,yes,NA,yes,NA,yes,NA,small corer,yes,NA,yes,NA,yes,normal,21.5,,21.5,,turn and lift,no,,NA,NA,NA,,NA,1,
22/01/2024,NZ90-X-49,NZ90,Sample location delocated to a 10km square (see metadata),490000,500000,495000,505000,6,61,11,no,no,0,,14,,0,,4.1,,yes,NA,2,,20,,1.5,,30,,2,,,NA,,NA,,NA,,NA,,NA,,NA,30,,1.7,,yes,normal,normal,0,,49,,,NA,turn and lift,yes,NA,yes,NA,yes,NA,small corer,yes,NA,yes,NA,yes,normal,20,,20,,turn and lift,no,,NA,NA,NA,,NA,1,
22/01/2024,NZ90-X-49,NZ90,Sample location delocated to a 10km square (see metadata),490000,500000,495000,505000,6,61,28,no,no,0,,10,,1,,4.1,,yes,NA,2,,20,,1.5,,30,,2,,,NA,,NA,,NA,,NA,,NA,,NA,30,,1.7,,yes,normal,normal,0,,48,,,NA,turn and lift,yes,NA,yes,NA,yes,NA,small corer,yes,NA,yes,NA,yes,normal,21,,21,,turn and lift,no,,NA,NA,NA,,NA,1,
22/01/2024,NZ90-X-49,NZ90,Sample location delocated to a 10km square (see metadata),490000,500000,495000,505000,6,61,46,no,no,0,,15,,5,,4.1,,yes,NA,2,,20,,1.5,,30,,2,,,NA,,NA,,NA,,NA,,NA,,NA,30,,1.7,,yes,normal,normal,0,,45.5,,,NA,turn and lift,yes,NA,yes,NA,yes,NA,small corer,yes,NA,yes,NA,yes,normal,22,,22,,turn and lift,no,,NA,NA,NA,,NA,1,
22/01/2024,NZ90-X-49,NZ90,Sample location delocated to a 10km square (see metadata),490000,500000,495000,505000,6,61,59,no,no,0,,14,,0,,4.1,,yes,NA,2,,20,,1.5,,30,,2,,,NA,,NA,,NA,,NA,,NA,,NA,30,,1.7,,yes,normal,normal,0,,41,,,NA,turn and lift,yes,NA,yes,NA,yes,NA,small corer,yes,NA,yes,NA,yes,normal,20.5,,20.5,,turn and lift,no,,NA,NA,NA,,NA,1,
23/01/2024,NZ90-X-49,NZ90,Sample location delocated to a 10km square (see metadata),490000,500000,495000,505000,5,73,11,no,no,0,,0,,0,,5,,yes,NA,2,,15,,1.5,,30,,1,,,NA,,NA,,NA,,NA,,NA,,NA,30,,1.3,,yes,serrated,serrated,3,,46,,,NA,turn and lift,yes,NA,yes,NA,yes,NA,small corer,yes,NA,yes,NA,yes,serrated,20,,,NA,turn and lift,yes,15,,yes,Hisco,,NULL,1,
23/01/2024,NZ90-X-49,NZ90,Sample location delocated to a 10km square (see metadata),490000,500000,495000,505000,5,73,28,no,no,0,,0,,0,,5,,yes,NA,2,,13,,1.5,,30,,1.5,,,NA,,NA,,NA,,NA,,NA,,NA,30,,1.5,,yes,serrated,serrated,3,,45.7,,,NA,turn and lift,yes,NA,yes,NA,yes,NA,small corer,yes,NA,yes,NA,yes,serrated,20,,20,,turn and lift,yes,13,,yes,Hisco,,NULL,1,
23/01/2024,NZ90-X-49,NZ90,Sample location delocated to a 10km square (see metadata),490000,500000,495000,505000,5,73,46,no,no,0,,0,,0,,5,,yes,NA,2,,15,,1.5,,30,,1.5,,,NA,,NA,,NA,,NA,,NA,,NA,30,,1.5,,yes,serrated,serrated,3,,48,,,NA,dig and tip,yes,NA,yes,NA,yes,NA,small corer,yes,NA,yes,NA,yes,serrated,20,,,NA,turn and lift,yes,15,,yes,Hisco,,NULL,1,
23/01/2024,NZ90-X-49,NZ90,Sample location delocated to a 10km square (see metadata),490000,500000,495000,505000,5,73,59,no,no,0,,0,,0,,5,,yes,NA,2,,20,,1.5,,30,,1.5,,,NA,,NA,,NA,,NA,,NA,,NA,30,,1.5,,yes,serrated,serrated,3,,47,,,NA,dig and tip,yes,NA,yes,NA,yes,NA,small corer,yes,NA,yes,NA,yes,serrated,19.5,,,NA,turn and lift,yes,20,,yes,Hisco,,NULL,1,
12/06/2023,SD19-X-64,SD19,Sample location delocated to a 10km square (see metadata),310000,490000,315000,495000,4,85,11,no,no,0,,2,,0,,20.7,,yes,NA,2,,30,,1,,,NA,,NA,,NA,,NA,,NA,,NA,,NA,,NA,30,,1,,yes,normal,normal,0,,20,,20,,turn and lift,yes,NA,no,shallow_soil,no,shallow_soil,small corer,yes,partial - shallow and stones,no,NULL,yes,normal,17,,17,,turn and lift,NULL,,NULL,NULL,NULL,,NULL,,NULL
12/06/2023,SD19-X-64,SD19,Sample location delocated to a 10km square (see metadata),310000,490000,315000,495000,4,85,28,no,no,0,,0,,0,,18.7,,yes,NA,2,,30,,1,,,NA,,NA,,NA,,NA,,NA,,NA,,NA,,NA,30,,1,,yes,normal,normal,1,,40,,40,,turn and lift,yes,NA,yes,NA,yes,NA,small corer,yes,partial - shallow and stones,no,NULL,yes,normal,17,,17,,turn and lift,NULL,,NULL,NULL,NULL,,NULL,,NULL
13/06/2023,SD19-X-64,SD19,Sample location delocated to a 10km square (see metadata),310000,490000,315000,495000,1,113,11,no,no,0,,5,,0,,15.5,,yes,NA,2,,20,,1,,30,,2,,,NA,,NA,,NA,,NA,,NA,,NA,30,,1.3,,yes,serrated,serrated,0,,44,,44,,turn and lift,yes,NA,yes,NA,yes,NA,small corer,yes,NA,yes,NA,yes,serrated,22,,22,,turn and lift,NULL,,NULL,NULL,NULL,,NULL,,NULL
13/06/2023,SD19-X-64,SD19,Sample location delocated to a 10km square (see metadata),310000,490000,315000,495000,1,113,28,no,no,0,,2,,1,,15.3,,yes,NA,2,,30,,1,,,NA,,NA,,NA,,NA,,NA,,NA,,NA,,NA,30,,1,,yes,serrated,serrated,1,,25,,25,,turn and lift,yes,NA,no,NULL,no,NULL,small corer,yes,NA,yes,partial - stones,yes,serrated,17,,17,,turn and lift,NULL,,NULL,NULL,NULL,,NULL,,NULL
12/06/2023,SD19-X-64,SD19,Sample location delocated to a 10km square (see metadata),310000,490000,315000,495000,4,85,46,no,no,0,,2,,0,,18,,yes,NA,2,,30,,1,,,NA,,NA,,NA,,NA,,NA,,NA,,NA,,NA,30,,1,,yes,normal,normal,0,,43,,43,,turn and lift,yes,NA,yes,NA,yes,NA,small corer,yes,partial - shallow and stones,no,NULL,yes,normal,18,,18,,turn and lift,NULL,,NULL,NULL,NULL,,NULL,,NULL
13/06/2023,SD19-X-64,SD19,Sample location delocated to a 10km square (see metadata),310000,490000,315000,495000,1,113,54,no,no,0,,3,,0,,16.4,,yes,NA,2,,30,,1,,,NA,,NA,,NA,,NA,,NA,,NA,,NA,,NA,30,,1,,yes,normal,normal,0,,20,,20,,turn and lift,yes,NA,no,NULL,no,NULL,small corer,yes,NA,no,stones,yes,normal,20,,20,,turn and lift,NULL,,NULL,NULL,NULL,,NULL,,NULL
13/06/2023,SD19-X-64,SD19,Sample location delocated to a 10km square (see metadata),310000,490000,315000,495000,2,85,59,no,no,0,,0,,0,,16.4,,yes,NA,2,,30,,1,,,NA,,NA,,NA,,NA,,NA,,NA,,NA,,NA,30,,1,,yes,serrated,serrated,0,,45,,45,,turn and lift,yes,NA,yes,NA,yes,NA,small corer,yes,NA,yes,partial - hit rock,yes,serrated,19,,19,,turn and lift,NULL,,NULL,NULL,NULL,,NULL,,NULL
12/06/2023,SD19-X-64,SD19,Sample location delocated to a 10km square (see metadata),310000,490000,315000,495000,4,85,59,no,no,0,,0,,1,,21,,yes,NA,2,,30,,1,,,NA,,NA,,NA,,NA,,NA,,NA,,NA,,NA,30,,1,,yes,normal,normal,1,,45,,45,,turn and lift,yes,NA,yes,NA,yes,NA,small corer,yes,partial - shallow and stones,no,NULL,yes,normal,18,,18,,turn and lift,NULL,,NULL,NULL,NULL,,NULL,,NULL
13/06/2023,SD19-X-64,SD19,Sample location delocated to a 10km square (see metadata),310000,490000,315000,495000,2,85,11,no,no,0,,0,,0,,15.2,,yes,NA,2,,30,,1,,,NA,,NA,,NA,,NA,,NA,,NA,,NA,,NA,30,,1,,yes,serrated,serrated,1,,43,,43,,turn and lift,yes,NA,yes,NA,yes,NA,small corer,yes,NA,yes,NA,yes,serrated,28,,28,,turn and lift,NULL,,NULL,NULL,NULL,,NULL,,NULL
13/06/2023,SD19-X-64,SD19,Sample location delocated to a 10km square (see metadata),310000,490000,315000,495000,2,85,28,no,no,0,,0,,0,,15.3,,yes,NA,2,,30,,1,,,NA,,NA,,NA,,NA,,NA,,NA,,NA,,NA,30,,1,,yes,serrated,serrated,3,,44,,44,,turn and lift,yes,NA,yes,NA,yes,NA,small corer,yes,NA,yes,NA,yes,serrated,28,,28,,turn and lift,NULL,,NULL,NULL,NULL,,NULL,,NULL
13/06/2023,SD19-X-64,SD19,Sample location delocated to a 10km square (see metadata),310000,490000,315000,495000,1,113,59,no,no,0,,3,,0,,18.9,,yes,NA,2,,30,,1,,,NA,,NA,,NA,,NA,,NA,,NA,,NA,,NA,30,,1,,yes,serrated,normal,0,,19,,19,,turn and lift,yes,NA,no,shallow_soil,no,NULL,small corer,yes,partial - stones,no,NULL,yes,normal,12,,12,,turn and lift,NULL,,NULL,NULL,NULL,,NULL,,NULL
13/06/2023,SD19-X-64,SD19,Sample location delocated to a 10km square (see metadata),310000,490000,315000,495000,2,85,46,no,no,0,,0,,0,,13,,yes,NA,2,,30,,1,,,NA,,NA,,NA,,NA,,NA,,NA,,NA,,NA,30,,1,,yes,serrated,serrated,2,,23,,23,,turn and lift,yes,NA,no,shallow_soil,no,shallow_soil,small corer,yes,partial - shallow and stones,no,NULL,yes,serrated,19,,19,,turn and lift,NULL,,NULL,NULL,NULL,,NULL,,NULL
14/06/2023,SD19-X-64,SD19,Sample location delocated to a 10km square (see metadata),310000,490000,315000,495000,5,84,59,no,no,0,,0,,0,,14.1,,yes,NA,2,,30,,1,,,NA,,NA,,NA,,NA,,NA,,NA,,NA,,NA,30,,1,,yes,serrated,serrated,4,,48,,48,,dig and tip,yes,NA,yes,NA,yes,NA,small corer,yes,partial - too wet and peat,yes,NA,yes,serrated,19,,19,,dig and tip,NULL,,NULL,NULL,NULL,,NULL,,NULL
14/06/2023,SD19-X-64,SD19,Sample location delocated to a 10km square (see metadata),310000,490000,315000,495000,5,84,46,no,no,0,,0,,0,,13.7,,yes,NA,2,,30,,1,,,NA,,NA,,NA,,NA,,NA,,NA,,NA,,NA,30,,1,,yes,serrated,serrated,0,,45,,45,,dig and tip,yes,NA,no,NULL,no,NULL,small corer,yes,partial - too wet,yes,partial - NULL,yes,serrated,18,,18,,dig and tip,NULL,,NULL,NULL,NULL,,NULL,,NULL
14/06/2023,SD19-X-64,SD19,Sample location delocated to a 10km square (see metadata),310000,490000,315000,495000,5,84,28,no,no,0,,0,,0,,14.7,,yes,NA,2,,30,,1,,,NA,,NA,,NA,,NA,,NA,,NA,,NA,,NA,30,,1,,yes,serrated,serrated,0,,45,,45,,dig and tip,no,NULL,no,NULL,no,NULL,small corer,no,too wet,no,NULL,yes,serrated,32,,32,,dig and tip,NULL,,NULL,NULL,NULL,,NULL,,NULL
14/06/2023,SD19-X-64,SD19,Sample location delocated to a 10km square (see metadata),310000,490000,315000,495000,5,84,11,no,no,0,,0,,0,,15.4,,yes,NA,2,,30,,1,,,NA,,NA,,NA,,NA,,NA,,NA,,NA,,NA,30,,1,,yes,serrated,serrated,0,,45,,45,,turn and lift,no,NULL,no,NULL,no,NULL,small corer,yes,partial - too wet and peat,yes,partial - NULL,yes,serrated,33,,33,,dig and tip,NULL,,NULL,NULL,NULL,,NULL,,NULL
14/06/2023,SD19-X-64,SD19,Sample location delocated to a 10km square (see metadata),310000,490000,315000,495000,6,98,11,no,no,0,,0,,0,,13.8,,yes,NA,2,,20,,1,,,NA,,NA,,NA,,NA,,NA,,NA,,NA,,NA,20,,1,,yes,serrated,serrated,2,,32,,32,,dig and tip,yes,NA,yes,NA,no,shallow_soil,small corer,yes,partial - stones,no,NULL,yes,serrated,22,,22,,dig and tip,NULL,,NULL,NULL,NULL,,NULL,,NULL
14/06/2023,SD19-X-64,SD19,Sample location delocated to a 10km square (see metadata),310000,490000,315000,495000,6,98,28,no,no,0,,0,,0,,15.7,,yes,NA,2,,30,,1,,,NA,,NA,,NA,,NA,,NA,,NA,,NA,,NA,30,,1,,yes,serrated,serrated,0,,42,,42,,dig and tip,yes,NA,yes,NA,yes,NA,small corer,yes,partial - thick root mat,yes,NA,yes,serrated,21,,21,,dig and tip,NULL,,NULL,NULL,NULL,,NULL,,NULL
14/06/2023,SD19-X-64,SD19,Sample location delocated to a 10km square (see metadata),310000,490000,315000,495000,6,98,46,no,no,0,,0,,0,,14.1,,yes,NA,2,,25,,1,,,NA,,NA,,NA,,NA,,NA,,NA,,NA,,NA,25,,1,,yes,serrated,serrated,0,,21,,21,,dig and tip,yes,NA,yes,NA,yes,NA,small corer,yes,partial - stones,no,NULL,yes,serrated,17,,17,,dig and tip,NULL,,NULL,NULL,NULL,,NULL,,NULL
15/06/2023,SD19-X-64,SD19,Sample location delocated to a 10km square (see metadata),310000,490000,315000,495000,3,70,46,no,no,0,,0,,0,,14.5,,yes,NA,2,,15,,1,,,NA,,NA,,NA,,NA,,NA,,NA,,NA,,NA,15,,1,,yes,serrated,serrated,4,,42,,42,,dig and tip,yes,NA,yes,NA,yes,NA,small corer,yes,NA,yes,NA,yes,serrated,20,,20,,dig and tip,NULL,,NULL,NULL,NULL,,NULL,,NULL
15/06/2023,SD19-X-64,SD19,Sample location delocated to a 10km square (see metadata),310000,490000,315000,495000,3,70,28,no,no,0,,0,,0,,14.1,,yes,NA,2,,20,,1,,,NA,,NA,,NA,,NA,,NA,,NA,,NA,,NA,20,,1,,yes,serrated,serrated,0,,44,,44,,dig and tip,yes,NA,yes,NA,yes,NA,small corer,yes,NA,yes,NA,yes,serrated,17,,17,,dig and tip,NULL,,NULL,NULL,NULL,,NULL,,NULL
14/06/2023,SD19-X-64,SD19,Sample location delocated to a 10km square (see metadata),310000,490000,315000,495000,6,98,59,no,no,0,,0,,0,,13.3,,yes,NA,2,,15,,1,,,NA,,NA,,NA,,NA,,NA,,NA,,NA,,NA,15,,1,,yes,serrated,serrated,0,,47,,47,,dig and tip,yes,NA,yes,NA,yes,NA,small corer,yes,partial - stones,no,NULL,yes,serrated,22,,22,,dig and tip,NULL,,NULL,NULL,NULL,,NULL,,NULL
15/06/2023,SD19-X-64,SD19,Sample location delocated to a 10km square (see metadata),310000,490000,315000,495000,3,70,59,no,no,0,,0,,0,,13.6,,yes,NA,2,,20,,1,,,NA,,NA,,NA,,NA,,NA,,NA,,NA,,NA,20,,1,,yes,serrated,serrated,3,,46,,46,,dig and tip,yes,NA,yes,NA,yes,NA,small corer,yes,partial - thick root mat,yes,partial - stones,yes,serrated,17,,17,,dig and tip,NULL,,NULL,NULL,NULL,,NULL,,NULL
15/06/2023,SD19-X-64,SD19,Sample location delocated to a 10km square (see metadata),310000,490000,315000,495000,3,70,11,no,no,0,,0,,0,,14,,yes,NA,2,,16,,1,,,NA,,NA,,NA,,NA,,NA,,NA,,NA,,NA,16,,1,,yes,serrated,serrated,3,,46,,46,,dig and tip,yes,NA,yes,NA,yes,NA,small corer,yes,partial - thick root mat,yes,partial - stones,yes,serrated,19,,19,,dig and tip,NULL,,NULL,NULL,NULL,,NULL,,NULL
25/04/2023,SD30-X-51,SD30,Sample location delocated to a 10km square (see metadata),330000,400000,335000,405000,1,85,11,yes,yes,0,,0,,0,,7.6,,yes,NA,2,,30,,1,,,NA,,NA,,NA,,NA,,NA,,NA,,NA,,NA,30,,1,,yes,normal,normal,0,,43,,43,,turn and lift,yes,NA,yes,NA,yes,NA,small corer,yes,NA,yes,NA,yes,normal,18,,18,,turn and lift,NULL,,NULL,NULL,NULL,,NULL,,NULL
25/04/2023,SD30-X-51,SD30,Sample location delocated to a 10km square (see metadata),330000,400000,335000,405000,1,85,28,yes,yes,0,,2,,0,,7.9,,yes,NA,2,,30,,1,,,NA,,NA,,NA,,NA,,NA,,NA,,NA,,NA,30,,1,,yes,normal,normal,0,,45,,45,,turn and lift,yes,NA,yes,NA,yes,NA,small corer,yes,NA,yes,NA,yes,normal,20,,20,,turn and lift,NULL,,NULL,NULL,NULL,,NULL,,NULL
25/04/2023,SD30-X-51,SD30,Sample location delocated to a 10km square (see metadata),330000,400000,335000,405000,1,85,59,yes,yes,0,,0,,0,,8.1,,yes,NA,2,,30,,1,,,NA,,NA,,NA,,NA,,NA,,NA,,NA,,NA,30,,1,,yes,normal,normal,0,,42,,42,,turn and lift,yes,NA,yes,NA,yes,NA,small corer,yes,NA,yes,NA,yes,normal,18,,18,,turn and lift,NULL,,NULL,NULL,NULL,,NULL,,NULL
25/04/2023,SD30-X-51,SD30,Sample location delocated to a 10km square (see metadata),330000,400000,335000,405000,1,85,46,yes,yes,0,,7,,0,,8.6,,yes,NA,2,,30,,1,,,NA,,NA,,NA,,NA,,NA,,NA,,NA,,NA,30,,1,,yes,normal,normal,0,,44,,44,,turn and lift,yes,NA,yes,NA,yes,NA,small corer,yes,NA,yes,NA,yes,normal,18,,18,,turn and lift,NULL,,NULL,NULL,NULL,,NULL,,NULL
26/04/2023,SD30-X-51,SD30,Sample location delocated to a 10km square (see metadata),330000,400000,335000,405000,2,51,11,yes,yes,0,,1,,1,,7.6,,yes,NA,2,,30,,1.5,,,NA,,NA,,NA,,NA,,NA,,NA,,NA,,NA,30,,1.5,,yes,normal,normal,0,,42,,42,,turn and lift,yes,NA,yes,NA,yes,NA,small corer,yes,NA,yes,NA,yes,normal,18,,18,,turn and lift,NULL,,NULL,NULL,NULL,,NULL,,NULL
26/04/2023,SD30-X-51,SD30,Sample location delocated to a 10km square (see metadata),330000,400000,335000,405000,2,51,28,yes,yes,0,,4,,0,,7.7,,yes,NA,2,,30,,2,,,NA,,NA,,NA,,NA,,NA,,NA,,NA,,NA,30,,2,,yes,normal,normal,0,,41,,41,,turn and lift,yes,NA,yes,NA,yes,NA,small corer,yes,NA,yes,NA,yes,normal,19,,19,,turn and lift,NULL,,NULL,NULL,NULL,,NULL,,NULL
26/04/2023,SD30-X-51,SD30,Sample location delocated to a 10km square (see metadata),330000,400000,335000,405000,2,51,59,yes,yes,0,,8,,4,,8.2,,yes,NA,2,,30,,2,,,NA,,NA,,NA,,NA,,NA,,NA,,NA,,NA,30,,2,,yes,normal,normal,0,,42,,42,,turn and lift,yes,NA,yes,NA,yes,NA,small corer,yes,NA,yes,NA,yes,normal,16,,16,,turn and lift,NULL,,NULL,NULL,NULL,,NULL,,NULL
26/04/2023,SD30-X-51,SD30,Sample location delocated to a 10km square (see metadata),330000,400000,335000,405000,2,51,46,yes,yes,0,,5,,2,,8.1,,yes,NA,2,,30,,2,,,NA,,NA,,NA,,NA,,NA,,NA,,NA,,NA,30,,2,,yes,normal,normal,0,,46,,46,,turn and lift,yes,NA,yes,NA,yes,NA,small corer,yes,NA,yes,NA,yes,normal,19,,19,,turn and lift,NULL,,NULL,NULL,NULL,,NULL,,NULL
26/04/2023,SD30-X-51,SD30,Sample location delocated to a 10km square (see metadata),330000,400000,335000,405000,4,43,11,no,no,0,,0,,1,,9.9,,yes,NA,2,,30,,4.5,,,NA,,NA,,NA,,NA,,NA,,NA,,NA,,NA,30,,4.5,,yes,normal,normal,0,,44,,44,,turn and lift,yes,NA,yes,NA,yes,NA,small corer,yes,NA,yes,NA,yes,normal,18,,18,,turn and lift,NULL,,NULL,NULL,NULL,,NULL,,NULL
26/04/2023,SD30-X-51,SD30,Sample location delocated to a 10km square (see metadata),330000,400000,335000,405000,4,43,28,no,no,0,,2,,0,,9.5,,yes,NA,2,,30,,4,,,NA,,NA,,NA,,NA,,NA,,NA,,NA,,NA,30,,4,,yes,normal,normal,0,,44,,44,,turn and lift,yes,NA,yes,NA,yes,NA,small corer,yes,NA,yes,NA,yes,normal,17,,17,,turn and lift,NULL,,NULL,NULL,NULL,,NULL,,NULL
26/04/2023,SD30-X-51,SD30,Sample location delocated to a 10km square (see metadata),330000,400000,335000,405000,4,43,59,no,no,0,,3,,1,,10.1,,yes,NA,2,,30,,4,,,NA,,NA,,NA,,NA,,NA,,NA,,NA,,NA,30,,4,,yes,normal,normal,0,,44,,44,,turn and lift,yes,NA,yes,NA,yes,NA,small corer,yes,NA,yes,NA,yes,normal,20,,20,,turn and lift,NULL,,NULL,NULL,NULL,,NULL,,NULL
26/04/2023,SD30-X-51,SD30,Sample location delocated to a 10km square (see metadata),330000,400000,335000,405000,4,43,46,no,no,0,,3,,3,,10.3,,yes,NA,2,,30,,4.5,,,NA,,NA,,NA,,NA,,NA,,NA,,NA,,NA,30,,4.5,,yes,normal,normal,0,,41,,41,,turn and lift,yes,NA,yes,NA,yes,NA,small corer,yes,NA,yes,NA,yes,normal,18,,18,,turn and lift,NULL,,NULL,NULL,NULL,,NULL,,NULL
27/04/2023,SD30-X-51,SD30,Sample location delocated to a 10km square (see metadata),330000,400000,335000,405000,3,49,11,yes,yes,0,,9,,2,,8.5,,yes,NA,2,,30,,1.5,,,NA,,NA,,NA,,NA,,NA,,NA,,NA,,NA,30,,1.5,,yes,normal,normal,0,,44,,44,,turn and lift,yes,NA,yes,NA,yes,NA,small corer,yes,NA,yes,NA,yes,normal,28,,28,,turn and lift,NULL,,NULL,NULL,NULL,,NULL,,NULL
27/04/2023,SD30-X-51,SD30,Sample location delocated to a 10km square (see metadata),330000,400000,335000,405000,3,49,28,yes,yes,0,,11,,0,,8.4,,yes,NA,2,,30,,1.5,,,NA,,NA,,NA,,NA,,NA,,NA,,NA,,NA,30,,1.5,,yes,normal,normal,0,,44,,44,,turn and lift,yes,NA,yes,NA,yes,NA,small corer,yes,NA,yes,NA,yes,normal,20,,20,,turn and lift,NULL,,NULL,NULL,NULL,,NULL,,NULL
27/04/2023,SD30-X-51,SD30,Sample location delocated to a 10km square (see metadata),330000,400000,335000,405000,3,49,46,yes,yes,1,,12,,1,,8.5,,yes,NA,2,,30,,1.5,,,NA,,NA,,NA,,NA,,NA,,NA,,NA,,NA,30,,1.5,,yes,normal,normal,0,,45,,45,,turn and lift,yes,NA,yes,NA,yes,NA,small corer,yes,NA,yes,NA,yes,normal,17,,17,,turn and lift,NULL,,NULL,NULL,NULL,,NULL,,NULL
27/04/2023,SD30-X-51,SD30,Sample location delocated to a 10km square (see metadata),330000,400000,335000,405000,3,49,59,yes,yes,0,,7,,4,,8.2,,yes,NA,2,,30,,1.5,,,NA,,NA,,NA,,NA,,NA,,NA,,NA,,NA,30,,1.5,,yes,normal,normal,0,,44,,44,,turn and lift,yes,NA,yes,NA,yes,NA,small corer,yes,NA,yes,NA,yes,normal,18,,18,,turn and lift,NULL,,NULL,NULL,NULL,,NULL,,NULL
12/06/2023,SD49-X-92,SD49,Sample location delocated to a 10km square (see metadata),340000,490000,345000,495000,2,109,11,no,yes,1,,17,,3,,20.4,,yes,NA,2,,19,,1.5,,30,,1,,,NA,,NA,,NA,,NA,,NA,,NA,30,,1.3,,yes,normal,normal,0,,0,,0,,turn and lift,yes,NA,yes,NA,no,NULL,small corer,yes,partial - hit rock,no,hit rock,yes,normal,18,,18,,turn and lift,NULL,,NULL,NULL,NULL,,NULL,,NULL
12/06/2023,SD49-X-92,SD49,Sample location delocated to a 10km square (see metadata),340000,490000,345000,495000,2,109,28,no,yes,0,,0,,0,,19.5,,yes,NA,2,,14,,1.5,,,NA,,NA,,NA,,NA,,NA,,NA,,NA,,NA,14,,1.5,,yes,normal,normal,0,,11,,11,,turn and lift,yes,NA,no,shallow_soil,no,shallow_soil,small corer,yes,NULL,no,NULL,yes,normal,12.5,,12.5,,turn and lift,NULL,,NULL,NULL,NULL,,NULL,,NULL
12/06/2023,SD49-X-92,SD49,Sample location delocated to a 10km square (see metadata),340000,490000,345000,495000,2,109,46,no,yes,0,,9,,7,,20.9,,yes,NA,2,,20,,1.5,,30,,1,,,NA,,NA,,NA,,NA,,NA,,NA,30,,1.3,,yes,normal,normal,0,,46,,,NA,turn and lift,yes,NA,yes,NA,yes,NA,small corer,yes,NULL,no,NULL,yes,normal,17,,17,,turn and lift,NULL,,NULL,NULL,NULL,,NULL,,NULL
13/06/2023,SD49-X-92,SD49,Sample location delocated to a 10km square (see metadata),340000,490000,345000,495000,1,125,11,no,yes,1,,6,,3,,19.2,,yes,NA,2,,15,,1.5,,25,,1,,,NA,,NA,,NA,,NA,,NA,,NA,25,,1.3,,yes,normal,normal,0,,44,,44,,turn and lift,yes,NA,yes,NA,yes,NA,small corer,yes,NA,yes,partial - hit rock,yes,normal,18,,18,,turn and lift,NULL,,NULL,NULL,NULL,,NULL,,NULL
13/06/2023,SD49-X-92,SD49,Sample location delocated to a 10km square (see metadata),340000,490000,345000,495000,1,125,59,no,yes,0,,10,,5,,21.3,,yes,NA,2,,18,,1.5,,25,,1,,,NA,,NA,,NA,,NA,,NA,,NA,25,,1.4,,yes,normal,normal,0,,29,,29,,turn and lift,yes,NA,yes,NA,no,shallow_soil,small corer,yes,NA,yes,partial - hit rock,yes,normal,18,,18,,turn and lift,NULL,,NULL,NULL,NULL,,NULL,,NULL
13/06/2023,SD49-X-92,SD49,Sample location delocated to a 10km square (see metadata),340000,490000,345000,495000,1,125,46,no,yes,0,,2,,0,,21.1,,yes,NA,2,,18,,1.5,,20,,1,,,NA,,NA,,NA,,NA,,NA,,NA,20,,1.5,,yes,normal,normal,0,,23.5,,27.5,,turn and lift,yes,NA,yes,NA,no,shallow_soil,small corer,yes,partial - loose soil,yes,partial - hit rock,yes,normal,16.5,,16.5,,turn and lift,NULL,,NULL,NULL,NULL,,NULL,,NULL
13/06/2023,SD49-X-92,SD49,Sample location delocated to a 10km square (see metadata),340000,490000,345000,495000,3,73,11,no,yes,2,,3,,1,,23,,yes,NA,2,,13,,1,,18,,,NULL,,NA,,NA,,NA,,NA,,NA,,NA,18,,,NULL,yes,normal,normal,0,,27,,27,,turn and lift,yes,NA,yes,NA,no,shallow_soil,small corer,yes,partial - hit rock,no,hit rock,yes,normal,18,,18,,turn and lift,NULL,,NULL,NULL,NULL,,NULL,,NULL
13/06/2023,SD49-X-92,SD49,Sample location delocated to a 10km square (see metadata),340000,490000,345000,495000,3,73,28,no,yes,3,,9,,0,,23.3,,yes,NA,2,,13,,1.5,,16,,1,,,NA,,NA,,NA,,NA,,NA,,NA,16,,1.4,,yes,normal,normal,0,,40,,40,,turn and lift,yes,NA,yes,NA,yes,NA,small corer,yes,NA,no,hit rock,yes,normal,17,,17,,turn and lift,NULL,,NULL,NULL,NULL,,NULL,,NULL
13/06/2023,SD49-X-92,SD49,Sample location delocated to a 10km square (see metadata),340000,490000,345000,495000,3,73,59,no,yes,1,,4,,0,,24.5,,yes,NA,2,,14,,1.5,,16,,1,,,NA,,NA,,NA,,NA,,NA,,NA,16,,1.4,,yes,normal,normal,0,,41.5,,41.5,,turn and lift,yes,NA,yes,NA,yes,NA,small corer,yes,partial - hit rock,no,hit rock,yes,normal,17,,17,,turn and lift,NULL,,NULL,NULL,NULL,,NULL,,NULL
13/06/2023,SD49-X-92,SD49,Sample location delocated to a 10km square (see metadata),340000,490000,345000,495000,3,73,46,no,yes,0,,0,,0,,23.3,,yes,NA,2,,13,,1.5,,17,,1,,,NA,,NA,,NA,,NA,,NA,,NA,17,,1.4,,yes,normal,normal,0,,40,,40,,turn and lift,yes,NA,yes,NA,yes,NA,small corer,yes,partial - hit rock,no,hit rock,yes,normal,17,,17,,turn and lift,NULL,,NULL,NULL,NULL,,NULL,,NULL
14/06/2023,SD49-X-92,SD49,Sample location delocated to a 10km square (see metadata),340000,490000,345000,495000,4,72,11,no,yes,0,,4,,1,,15.4,,yes,NA,2,,12,,1.5,,16,,1,,,NA,,NA,,NA,,NA,,NA,,NA,16,,1.4,,yes,normal,normal,2,,45,,45,,turn and lift,yes,NA,yes,NA,yes,NA,small corer,yes,partial - hit rock,no,hit rock,yes,normal,17.5,,17.5,,turn and lift,NULL,,NULL,NULL,NULL,,NULL,,NULL
14/06/2023,SD49-X-92,SD49,Sample location delocated to a 10km square (see metadata),340000,490000,345000,495000,4,72,28,no,yes,1,,4,,0,,17.1,,yes,NA,2,,13,,1.5,,16,,1,,,NA,,NA,,NA,,NA,,NA,,NA,16,,1.4,,yes,normal,normal,1,,44.5,,44.5,,turn and lift,yes,NA,yes,NA,yes,NA,small corer,yes,partial - hit rock,no,hit rock,yes,normal,18.5,,18.5,,turn and lift,NULL,,NULL,NULL,NULL,,NULL,,NULL
14/06/2023,SD49-X-92,SD49,Sample location delocated to a 10km square (see metadata),340000,490000,345000,495000,4,72,59,no,yes,0,,1,,0,,15.8,,yes,NA,2,,13,,1.5,,15,,1,,,NA,,NA,,NA,,NA,,NA,,NA,15,,1.4,,yes,normal,normal,2,,42,,42,,turn and lift,yes,NA,yes,NA,yes,NA,small corer,yes,partial - hit rock,no,hit rock,yes,normal,19,,19,,turn and lift,NULL,,NULL,NULL,NULL,,NULL,,NULL
14/06/2023,SD49-X-92,SD49,Sample location delocated to a 10km square (see metadata),340000,490000,345000,495000,4,72,46,no,yes,1,,13,,4,,15.8,,yes,NA,2,,13,,1.5,,16,,1,,,NA,,NA,,NA,,NA,,NA,,NA,16,,1.4,,yes,normal,normal,2,,43.5,,43.5,,turn and lift,yes,NA,yes,NA,yes,NA,small corer,yes,partial - hit rock,no,hit rock,yes,normal,18,,18,,turn and lift,NULL,,NULL,NULL,NULL,,NULL,,NULL
14/06/2023,SD49-X-92,SD49,Sample location delocated to a 10km square (see metadata),340000,490000,345000,495000,5,48,11,no,yes,1,,0,,0,,19.2,,yes,NA,2,,13,,1.5,,16,,1,,,NA,,NA,,NA,,NA,,NA,,NA,16,,1.4,,yes,normal,normal,1,,17.5,,17.5,,turn and lift,yes,NA,yes,NA,no,shallow_soil,small corer,yes,partial - hit rock,no,hit rock,yes,normal,18,,18,,turn and lift,NULL,,NULL,NULL,NULL,,NULL,,NULL
14/06/2023,SD49-X-92,SD49,Sample location delocated to a 10km square (see metadata),340000,490000,345000,495000,5,48,28,no,yes,0,,0,,0,,17.9,,yes,NA,2,,8,,1.5,,,NA,,NA,,NA,,NA,,NA,,NA,,NA,,NA,8,,1.5,,yes,normal,normal,1,,26,,26,,turn and lift,yes,NA,yes,NA,no,shallow_soil,small corer,yes,partial - hit rock,no,hit rock,yes,normal,17,,17,,turn and lift,NULL,,NULL,NULL,NULL,,NULL,,NULL
14/06/2023,SD49-X-92,SD49,Sample location delocated to a 10km square (see metadata),340000,490000,345000,495000,5,48,59,no,yes,0,,7,,1,,17.1,,yes,NA,2,,13,,1.5,,21,,1,,,NA,,NA,,NA,,NA,,NA,,NA,21,,1.3,,yes,normal,normal,0,,30.5,,30.5,,turn and lift,yes,NA,yes,NA,no,shallow_soil,small corer,yes,partial - hit rock,no,hit rock,yes,normal,18,,18,,turn and lift,NULL,,NULL,NULL,NULL,,NULL,,NULL
14/06/2023,SD49-X-92,SD49,Sample location delocated to a 10km square (see metadata),340000,490000,345000,495000,5,48,46,yes,yes,0,,5,,0,,18.3,,yes,NA,2,,13,,1.5,,16,,1,,,NA,,NA,,NA,,NA,,NA,,NA,16,,1.4,,yes,normal,normal,0,,31.5,,31.5,,turn and lift,yes,NA,yes,NA,no,shallow_soil,small corer,yes,partial - hit rock,no,hit rock,yes,normal,17.5,,17.5,,turn and lift,NULL,,NULL,NULL,NULL,,NULL,,NULL
12/06/2023,SD49-X-92,SD49,Sample location delocated to a 10km square (see metadata),340000,490000,345000,495000,2,109,59,no,yes,0,,10,,4,,21.5,,yes,NA,2,,17,,1.5,,,NA,,NA,,NA,,NA,,NA,,NA,,NA,,NA,17,,1.5,,yes,normal,normal,0,,43.5,,43.5,,turn and lift,yes,NA,yes,NA,yes,NA,small corer,yes,NULL,no,hit rock,yes,normal,19,,19,,turn and lift,NULL,,NULL,NULL,NULL,,NULL,,NULL
13/06/2023,SD49-X-92,SD49,Sample location delocated to a 10km square (see metadata),340000,490000,345000,495000,1,125,28,no,yes,2,,9,,6,,20.6,,yes,NA,2,,15,,1.5,,24,,1,,,NA,,NA,,NA,,NA,,NA,,NA,24,,1.3,,yes,normal,normal,0,,35.5,,35.5,,turn and lift,yes,NA,yes,NA,yes,NA,small corer,yes,NA,yes,partial - hit rock,yes,normal,18,,18,,turn and lift,NULL,,NULL,NULL,NULL,,NULL,,NULL
04/03/2024,SD54-X-87,SD54,Sample location delocated to a 10km square (see metadata),350000,440000,355000,445000,1,110,11,no,yes,0,,2,,0,,4.7,,yes,NA,,NULL,25,,4,,30,,5,,,NA,,NA,,NA,,NA,,NA,,NA,30,,4.2,,yes,normal,normal,0,,45,,,NA,dig and tip,yes,NA,yes,NA,yes,NA,small corer,yes,partial - too wet,yes,partial - too wet,yes,normal,20,,20,,dig and tip,no,,NA,NA,NA,,NA,1,
04/03/2024,SD54-X-87,SD54,Sample location delocated to a 10km square (see metadata),350000,440000,355000,445000,1,110,28,no,no,0,,6,,2,,4.6,,yes,NA,,NULL,12,,3.5,,30,,5,,,NA,,NA,,NA,,NA,,NA,,NA,30,,4.4,,yes,normal,normal,0,,43,,,NA,turn and lift,yes,NA,yes,NA,yes,NA,small corer,yes,partial - too wet,yes,NA,yes,normal,19,,,NA,dig and tip,no,,NA,NA,NA,,NA,1,
05/03/2024,SD54-X-87,SD54,Sample location delocated to a 10km square (see metadata),350000,440000,355000,445000,4,11,11,yes,no,0,,7,,5,,4.9,,yes,NA,3,,30,,3.5,,,NA,,NA,,NA,,NA,,NA,,NA,,NA,,NA,30,,3.5,,yes,normal,normal,0,,45,,,NA,turn and lift,yes,NA,yes,NA,yes,NA,small corer,yes,NA,yes,partial - stones,yes,normal,19,,19,,turn and lift,no,,NA,NA,NA,,NA,1,
04/03/2024,SD54-X-87,SD54,Sample location delocated to a 10km square (see metadata),350000,440000,355000,445000,1,110,59,yes,no,0,,6,,3,,4.6,,no,NULL,,NA,,NA,,NA,,NA,,NA,,NA,,NA,,NA,,NA,,NA,,NA,,NA,,NA,yes,normal,normal,0,,45,,,NA,dig and tip,yes,NA,yes,NA,yes,NA,small corer,yes,partial - too wet,yes,NA,yes,normal,19,,,NA,dig and tip,no,,NA,NA,NA,,NA,1,
04/03/2024,SD54-X-87,SD54,Sample location delocated to a 10km square (see metadata),350000,440000,355000,445000,1,110,46,no,yes,0,,0,,0,,5.2,,yes,NA,2,,18,,4,,30,,5,,,NA,,NA,,NA,,NA,,NA,,NA,30,,4.4,,yes,normal,normal,0,,43,,,NA,dig and tip,yes,NA,yes,NA,yes,NA,small corer,yes,partial - too wet,yes,NA,yes,normal,18,,,NA,dig and tip,no,,NA,NA,NA,,NA,1,
05/03/2024,SD54-X-87,SD54,Sample location delocated to a 10km square (see metadata),350000,440000,355000,445000,4,11,28,no,no,0,,8,,5,,5.2,,yes,NA,3,,30,,3.5,,,NA,,NA,,NA,,NA,,NA,,NA,,NA,,NA,30,,3.5,,yes,normal,normal,0,,46,,,NA,turn and lift,yes,NA,yes,NA,yes,NA,small corer,yes,partial - too wet,yes,partial - stones,yes,normal,19,,19,,turn and lift,no,,NA,NA,NA,,NA,1,
05/03/2024,SD54-X-87,SD54,Sample location delocated to a 10km square (see metadata),350000,440000,355000,445000,4,11,59,no,yes,1,,11,,4,,5.2,,yes,NA,2,,30,,4,,,NA,,NA,,NA,,NA,,NA,,NA,,NA,,NA,30,,4,,yes,normal,normal,0,,46,,,NA,turn and lift,yes,NA,yes,NA,yes,NA,small corer,yes,partial - too wet,yes,NA,yes,normal,20,,,NA,dig and tip,no,,NA,NA,NA,,NA,1,
06/03/2024,SD54-X-87,SD54,Sample location delocated to a 10km square (see metadata),350000,440000,355000,445000,2,84,28,yes,no,0,,21,,3,,5.9,,yes,NA,2,,9,,3,,28,,4,,30,,5,,,NA,,NA,,NA,,NA,30,,3.8,,yes,normal,normal,0,,43,,,NA,turn and lift,yes,NA,yes,NA,yes,NA,small corer,yes,NA,yes,NA,yes,normal,19,,,NA,turn and lift,no,,NA,NA,NA,,NA,1,
06/03/2024,SD54-X-87,SD54,Sample location delocated to a 10km square (see metadata),350000,440000,355000,445000,2,84,59,no,no,0,,11,,0,,5.8,,yes,NA,2,,8,,3.5,,24,,4.5,,30,,5,,,NA,,NA,,NA,,NA,30,,4.3,,yes,normal,normal,0,,47,,,NA,turn and lift,yes,NA,yes,NA,yes,NA,small corer,yes,NA,yes,partial - stones,yes,normal,18,,,NA,turn and lift,no,,NA,NA,NA,,NA,1,
05/03/2024,SD54-X-87,SD54,Sample location delocated to a 10km square (see metadata),350000,440000,355000,445000,4,11,46,no,no,0,,2,,0,,5.5,,yes,NA,2,,17,,3,,30,,4,,,NA,,NA,,NA,,NA,,NA,,NA,30,,3.4,,yes,normal,normal,0,,43,,,NA,turn and lift,yes,NA,yes,NA,yes,NA,small corer,yes,partial - too wet,yes,NA,yes,normal,19,,,NA,dig and tip,no,,NA,NA,NA,,NA,1,
06/03/2024,SD54-X-87,SD54,Sample location delocated to a 10km square (see metadata),350000,440000,355000,445000,2,84,11,yes,no,0,,6,,0,,5.7,,yes,NA,2,,5,,3,,27,,3.5,,30,,4.5,,,NA,,NA,,NA,,NA,30,,3.5,,yes,normal,normal,0,,44,,,NA,turn and lift,yes,NA,yes,NA,yes,NA,small corer,yes,NA,yes,NA,yes,normal,19,,19,,dig and tip,no,,NA,NA,NA,,NA,1,
06/03/2024,SD54-X-87,SD54,Sample location delocated to a 10km square (see metadata),350000,440000,355000,445000,2,84,46,no,no,0,,11,,0,,5.7,,no,NULL,,NA,,NA,,NA,,NA,,NA,,NA,,NA,,NA,,NA,,NA,,NA,,NA,,NA,yes,normal,normal,0,,42,,,NA,turn and lift,yes,NA,yes,NA,yes,NA,small corer,yes,partial - too wet,yes,NA,yes,normal,18,,,NA,turn and lift,no,,NA,NA,NA,,NA,1,
06/03/2024,SD54-X-87,SD54,Sample location delocated to a 10km square (see metadata),350000,440000,355000,445000,3,71,59,yes,yes,0,,12,,0,,5.9,,yes,NA,2,,9,,3,,30,,4,,,NA,,NA,,NA,,NA,,NA,,NA,30,,3.7,,yes,normal,normal,0,,46,,,NA,dig and tip,yes,NA,yes,NA,yes,NA,small corer,yes,NA,yes,NA,yes,normal,18,,,NA,turn and lift,no,,NA,NA,NA,,NA,1,
06/03/2024,SD54-X-87,SD54,Sample location delocated to a 10km square (see metadata),350000,440000,355000,445000,3,71,46,no,no,0,,3,,0,,6.4,,yes,NA,,NULL,11,,2.5,,24,,3.5,,30,,4.5,,,NA,,NA,,NA,,NA,30,,3.3,,yes,normal,normal,0,,41,,,NA,turn and lift,yes,NA,yes,NA,yes,NA,small corer,yes,NA,yes,NA,yes,normal,19,,,NA,turn and lift,no,,NA,NA,NA,,NA,1,
06/03/2024,SD54-X-87,SD54,Sample location delocated to a 10km square (see metadata),350000,440000,355000,445000,3,71,11,yes,no,0,,22,,15,,5.9,,yes,NA,2,,11,,3,,22,,3.5,,30,,5,,,NA,,NA,,NA,,NA,30,,3.7,,yes,normal,normal,0,,42,,,NA,turn and lift,yes,NA,yes,NA,yes,NA,small corer,yes,NA,yes,NA,yes,normal,18,,18,,turn and lift,no,,NA,NA,NA,,NA,1,
06/03/2024,SD54-X-87,SD54,Sample location delocated to a 10km square (see metadata),350000,440000,355000,445000,3,71,28,yes,yes,0,,25,,13,,5.7,,yes,NA,2,,10,,2.5,,28,,4,,30,,4.5,,,NA,,NA,,NA,,NA,30,,3.5,,yes,normal,normal,0,,45,,,NA,turn and lift,yes,NA,yes,NA,yes,NA,small corer,yes,NA,yes,partial - stones,yes,normal,19,,,NA,turn and lift,no,,NA,NA,NA,,NA,1,
09/01/2024,SD58-X-17,SD58,Sample location delocated to a 10km square (see metadata),350000,480000,355000,485000,3,86,59,no,no,0,,18,,5,,3.3,,yes,NA,,NULL,25,,3,,30,,2.5,,,NA,,NA,,NA,,NA,,NA,,NA,30,,2.9,,yes,normal,normal,0,,42,,,NA,turn and lift,yes,NA,yes,NA,yes,NA,small corer,yes,NA,yes,partial - hit rock,yes,normal,20,,,NA,turn and lift,no,,NA,NA,NA,,NA,1,
09/01/2024,SD58-X-17,SD58,Sample location delocated to a 10km square (see metadata),350000,480000,355000,485000,3,86,11,no,no,0,,2,,0,,3.1,,yes,NA,,NULL,25,,3,,30,,2,,,NA,,NA,,NA,,NA,,NA,,NA,30,,2.8,,yes,normal,normal,0,,42,,,NA,turn and lift,yes,NA,yes,NA,yes,NA,small corer,yes,partial - too wet,no,hit rock,yes,normal,21,,21,,turn and lift,no,,NA,NA,NA,,NA,1,
09/01/2024,SD58-X-17,SD58,Sample location delocated to a 10km square (see metadata),350000,480000,355000,485000,3,86,28,no,no,0,,5,,0,,3.5,,yes,NA,,NULL,30,,3,,,NA,,NA,,NA,,NA,,NA,,NA,,NA,,NA,30,,3,,yes,normal,normal,0,,44,,,NA,turn and lift,yes,NA,yes,NA,yes,NA,small corer,yes,partial - too wet,yes,partial - hit rock,yes,normal,20,,,NA,turn and lift,no,,NA,NA,NA,,NA,1,
09/01/2024,SD58-X-17,SD58,Sample location delocated to a 10km square (see metadata),350000,480000,355000,485000,3,86,46,no,no,0,,1,,0,,3.6,,yes,NA,,NULL,22,,3,,30,,2,,,NA,,NA,,NA,,NA,,NA,,NA,30,,2.7,,yes,normal,normal,0,,45,,,NA,turn and lift,yes,NA,yes,NA,yes,NA,small corer,yes,partial - too wet,no,hit rock,yes,normal,19,,,NA,turn and lift,no,,NA,NA,NA,,NA,1,
09/01/2024,SD58-X-17,SD58,Sample location delocated to a 10km square (see metadata),350000,480000,355000,485000,2,37,11,no,no,0,,2,,0,,2,,yes,NA,,NULL,24,,2,,30,,1,,,NA,,NA,,NA,,NA,,NA,,NA,30,,1.8,,yes,normal,normal,0,,47,,,NA,turn and lift,yes,NA,yes,NA,yes,NA,small corer,yes,partial - hit rock,no,hit rock,yes,normal,18,,18,,turn and lift,no,,NA,NA,NA,,NA,1,
09/01/2024,SD58-X-17,SD58,Sample location delocated to a 10km square (see metadata),350000,480000,355000,485000,2,37,28,no,no,0,,5,,0,,1.7,,yes,NA,,NULL,24,,2,,,NA,,NA,,NA,,NA,,NA,,NA,,NA,,NA,24,,2,,yes,normal,normal,0,,47,,,NA,turn and lift,yes,NA,yes,NA,yes,NA,small corer,yes,partial - hit rock,no,hit rock,yes,normal,19,,,NA,turn and lift,no,,NA,NA,NA,,NA,1,
09/01/2024,SD58-X-17,SD58,Sample location delocated to a 10km square (see metadata),350000,480000,355000,485000,2,37,59,no,no,0,,2,,0,,2.2,,yes,NA,,NULL,22,,2,,,NA,,NA,,NA,,NA,,NA,,NA,,NA,,NA,22,,2,,yes,normal,normal,0,,47,,,NA,turn and lift,yes,NA,yes,NA,yes,NA,small corer,yes,partial - hit rock,no,hit rock,yes,normal,19,,,NA,turn and lift,no,,NA,NA,NA,,NA,1,
09/01/2024,SD58-X-17,SD58,Sample location delocated to a 10km square (see metadata),350000,480000,355000,485000,2,37,46,no,no,0,,5,,1,,1.8,,yes,NA,,NULL,30,,2,,,NA,,NA,,NA,,NA,,NA,,NA,,NA,,NA,30,,2,,yes,normal,normal,0,,44,,,NA,turn and lift,yes,NA,yes,NA,yes,NA,small corer,yes,partial - too wet,no,hit rock,yes,normal,17,,,NA,turn and lift,no,,NA,NA,NA,,NA,1,
10/01/2024,SD58-X-17,SD58,Sample location delocated to a 10km square (see metadata),350000,480000,355000,485000,4,85,59,no,no,0,,9,,0,,2.7,,yes,NA,,NULL,30,,2,,,NA,,NA,,NA,,NA,,NA,,NA,,NA,,NA,30,,2,,yes,normal,normal,0,,46,,,NA,turn and lift,yes,NA,yes,NA,yes,NA,small corer,yes,NA,no,hit rock,yes,normal,19,,,NA,turn and lift,no,,NA,NA,NA,,NA,1,
10/01/2024,SD58-X-17,SD58,Sample location delocated to a 10km square (see metadata),350000,480000,355000,485000,4,85,11,no,no,0,,7,,0,,2.7,,yes,NA,,NULL,27,,3,,,NA,,NA,,NA,,NA,,NA,,NA,,NA,,NA,27,,3,,yes,normal,normal,0,,46,,,NA,turn and lift,yes,NA,yes,NA,yes,NA,small corer,yes,partial - hit rock,no,hit rock,yes,normal,18,,18,,turn and lift,no,,NA,NA,NA,,NA,1,
10/01/2024,SD58-X-17,SD58,Sample location delocated to a 10km square (see metadata),350000,480000,355000,485000,4,85,28,no,no,0,,16,,0,,2.8,,yes,NA,,NULL,27,,3,,,NA,,NA,,NA,,NA,,NA,,NA,,NA,,NA,27,,3,,yes,normal,normal,0,,46,,,NA,turn and lift,yes,NA,yes,NA,yes,NA,small corer,yes,partial - hit rock,no,hit rock,yes,normal,18,,,NA,turn and lift,no,,NA,NA,NA,,NA,1,
10/01/2024,SD58-X-17,SD58,Sample location delocated to a 10km square (see metadata),350000,480000,355000,485000,4,85,46,no,no,0,,20,,1,,2.4,,yes,NA,,NULL,25,,3,,30,,2,,,NA,,NA,,NA,,NA,,NA,,NA,30,,2.8,,yes,normal,normal,0,,44,,,NA,turn and lift,yes,NA,yes,NA,yes,NA,small corer,yes,partial - stones,no,stones,yes,normal,19,,,NA,turn and lift,no,,NA,NA,NA,,NA,1,
10/01/2024,SD58-X-17,SD58,Sample location delocated to a 10km square (see metadata),350000,480000,355000,485000,1,70,11,no,no,0,,37,,2,,2.3,,yes,NA,,NULL,15,,2,,20,,1,,,NA,,NA,,NA,,NA,,NA,,NA,20,,1.8,,yes,normal,normal,0,,43,,,NA,turn and lift,yes,NA,yes,NA,yes,NA,small corer,yes,partial - hit rock,no,hit rock,yes,normal,18,,18,,turn and lift,no,,NA,NA,NA,,NA,1,
10/01/2024,SD58-X-17,SD58,Sample location delocated to a 10km square (see metadata),350000,480000,355000,485000,1,70,28,yes,no,3,,22,,3,,2.8,,yes,NA,,NULL,15,,2,,20,,1,,,NA,,NA,,NA,,NA,,NA,,NA,20,,1.8,,yes,normal,normal,0,,45,,,NA,turn and lift,yes,NA,yes,NA,yes,NA,repacked (no tip),yes,partial - hit rock,no,hit rock,yes,normal,18,,,NA,turn and lift,no,,NA,NA,NA,,NA,1,
10/01/2024,SD58-X-17,SD58,Sample location delocated to a 10km square (see metadata),350000,480000,355000,485000,1,70,59,no,yes,0,,14,,3,,2.5,,yes,NA,,NULL,15,,2,,20,,1,,,NA,,NA,,NA,,NA,,NA,,NA,20,,1.8,,yes,normal,normal,0,,42,,,NA,turn and lift,yes,NA,yes,NA,yes,NA,small corer,yes,partial - hit rock,no,hit rock,yes,normal,20,,,NA,turn and lift,no,,NA,NA,NA,,NA,1,
10/01/2024,SD58-X-17,SD58,Sample location delocated to a 10km square (see metadata),350000,480000,355000,485000,1,70,46,no,yes,0,,9,,0,,2.7,,yes,NA,,NULL,15,,2,,20,,1,,,NA,,NA,,NA,,NA,,NA,,NA,20,,1.8,,yes,normal,normal,0,,41,,,NA,turn and lift,yes,NA,yes,NA,yes,NA,small corer,yes,partial - hit rock,no,hit rock,yes,normal,18,,,NA,turn and lift,no,,NA,NA,NA,,NA,1,
10/05/2023,SD62-X-00,SD62,Sample location delocated to a 10km square (see metadata),360000,420000,365000,425000,1,85,11,no,no,0,,14,,6,,12.1,,yes,NA,2,,30,,2,,,NA,,NA,,NA,,NA,,NA,,NA,,NA,,NA,30,,2,,yes,normal,normal,0,,44,,44,,turn and lift,yes,NA,yes,NA,yes,NA,small corer,yes,NA,yes,NA,yes,normal,19,,19,,turn and lift,NULL,,NULL,NULL,NULL,,NULL,,NULL
10/05/2023,SD62-X-00,SD62,Sample location delocated to a 10km square (see metadata),360000,420000,365000,425000,1,85,28,no,no,0,,15,,16,,11.7,,yes,NA,2,,30,,2,,,NA,,NA,,NA,,NA,,NA,,NA,,NA,,NA,30,,2,,yes,normal,normal,0,,44,,44,,turn and lift,yes,NA,yes,NA,yes,NA,small corer,yes,NA,yes,NA,yes,normal,18,,18,,turn and lift,NULL,,NULL,NULL,NULL,,NULL,,NULL
10/05/2023,SD62-X-00,SD62,Sample location delocated to a 10km square (see metadata),360000,420000,365000,425000,1,85,46,no,no,0,,19,,15,,11.8,,yes,NA,2,,30,,2,,,NA,,NA,,NA,,NA,,NA,,NA,,NA,,NA,30,,2,,yes,normal,normal,0,,44,,44,,turn and lift,yes,NA,yes,NA,yes,NA,small corer,yes,NA,yes,NA,yes,normal,19,,19,,turn and lift,NULL,,NULL,NULL,NULL,,NULL,,NULL
10/05/2023,SD62-X-00,SD62,Sample location delocated to a 10km square (see metadata),360000,420000,365000,425000,1,85,59,no,no,0,,11,,20,,12.1,,yes,NA,2,,30,,2,,,NA,,NA,,NA,,NA,,NA,,NA,,NA,,NA,30,,2,,yes,normal,normal,0,,43,,43,,turn and lift,yes,NA,yes,NA,yes,NA,small corer,yes,NA,yes,NA,yes,normal,21,,21,,turn and lift,NULL,,NULL,NULL,NULL,,NULL,,NULL
11/05/2023,SD62-X-00,SD62,Sample location delocated to a 10km square (see metadata),360000,420000,365000,425000,2,109,11,no,no,0,,2,,2,,13.8,,yes,NA,2,,20,,2,,30,,3,,,NA,,NA,,NA,,NA,,NA,,NA,30,,2.3,,yes,normal,normal,0,,42,,42,,turn and lift,yes,NA,yes,NA,yes,NA,small corer,yes,NA,yes,NA,yes,normal,19,,19,,turn and lift,NULL,,NULL,NULL,NULL,,NULL,,NULL
11/05/2023,SD62-X-00,SD62,Sample location delocated to a 10km square (see metadata),360000,420000,365000,425000,2,109,28,no,no,0,,7,,5,,14.2,,yes,NA,2,,20,,2,,30,,3,,,NA,,NA,,NA,,NA,,NA,,NA,30,,2.3,,yes,normal,normal,0,,42,,42,,turn and lift,yes,NA,yes,NA,yes,NA,small corer,yes,NA,yes,NA,yes,normal,20,,20,,turn and lift,NULL,,NULL,NULL,NULL,,NULL,,NULL
11/05/2023,SD62-X-00,SD62,Sample location delocated to a 10km square (see metadata),360000,420000,365000,425000,2,109,46,no,no,0,,2,,0,,13.9,,yes,NA,2,,20,,2,,30,,3,,,NA,,NA,,NA,,NA,,NA,,NA,30,,2.3,,yes,normal,normal,0,,42,,42,,turn and lift,yes,NA,yes,NA,yes,NA,small corer,yes,NA,yes,NA,yes,normal,18,,18,,turn and lift,NULL,,NULL,NULL,NULL,,NULL,,NULL
11/05/2023,SD62-X-00,SD62,Sample location delocated to a 10km square (see metadata),360000,420000,365000,425000,2,109,59,no,no,0,,5,,5,,14.1,,yes,NA,2,,20,,2,,30,,3,,,NA,,NA,,NA,,NA,,NA,,NA,30,,2.3,,yes,normal,normal,0,,42,,42,,turn and lift,yes,NA,yes,NA,yes,NA,small corer,yes,NA,yes,NA,yes,normal,21,,21,,turn and lift,NULL,,NULL,NULL,NULL,,NULL,,NULL
11/05/2023,SD62-X-00,SD62,Sample location delocated to a 10km square (see metadata),360000,420000,365000,425000,5,113,11,no,no,0,,3,,6,,12.1,,yes,NA,2,,25,,2,,30,,2.5,,,NA,,NA,,NA,,NA,,NA,,NA,30,,2.1,,yes,normal,normal,0,,41,,41,,turn and lift,yes,NA,yes,NA,yes,NA,small corer,yes,NA,yes,NA,yes,normal,18,,18,,turn and lift,NULL,,NULL,NULL,NULL,,NULL,,NULL
11/05/2023,SD62-X-00,SD62,Sample location delocated to a 10km square (see metadata),360000,420000,365000,425000,5,113,28,no,no,0,,1,,5,,12.7,,yes,NA,2,,30,,2,,,NA,,NA,,NA,,NA,,NA,,NA,,NA,,NA,30,,2,,yes,normal,normal,0,,45,,45,,turn and lift,yes,NA,yes,NA,yes,NA,small corer,yes,NA,yes,NA,yes,normal,15,,15,,turn and lift,NULL,,NULL,NULL,NULL,,NULL,,NULL
11/05/2023,SD62-X-00,SD62,Sample location delocated to a 10km square (see metadata),360000,420000,365000,425000,5,113,46,no,no,0,,1,,7,,12.5,,yes,NA,2,,30,,2.5,,,NA,,NA,,NA,,NA,,NA,,NA,,NA,,NA,30,,2.5,,yes,normal,normal,0,,44,,44,,turn and lift,yes,NA,yes,NA,yes,NA,small corer,yes,NA,yes,NA,yes,normal,19,,19,,turn and lift,NULL,,NULL,NULL,NULL,,NULL,,NULL
11/05/2023,SD62-X-00,SD62,Sample location delocated to a 10km square (see metadata),360000,420000,365000,425000,5,113,59,no,no,0,,2,,5,,12.5,,yes,NA,2,,25,,2,,30,,1.5,,,NA,,NA,,NA,,NA,,NA,,NA,30,,1.9,,yes,normal,normal,0,,40,,40,,turn and lift,yes,NA,yes,NA,yes,NA,small corer,yes,NA,yes,NA,yes,normal,20,,20,,turn and lift,NULL,,NULL,NULL,NULL,,NULL,,NULL
19/03/2024,SD62-X-06,SD62,Sample location delocated to a 10km square (see metadata),360000,420000,365000,425000,1,132,59,no,no,0,,5,,0,,8,,yes,NA,2,,10,,3,,30,,1,,,NA,,NA,,NA,,NA,,NA,,NA,30,,1.7,,yes,normal,normal,0,,43,,,NA,turn and lift,yes,NA,yes,NA,yes,NA,small corer,yes,NA,yes,NA,yes,normal,19,,19,,turn and lift,no,,NA,NA,NA,,NA,1,
19/03/2024,SD62-X-06,SD62,Sample location delocated to a 10km square (see metadata),360000,420000,365000,425000,1,132,28,no,no,0,,4,,0,,8,,yes,NA,2,,12,,3,,30,,1,,,NA,,NA,,NA,,NA,,NA,,NA,30,,1.8,,yes,normal,normal,0,,46,,,NA,turn and lift,yes,NA,yes,NA,yes,NA,small corer,yes,NA,yes,NA,yes,normal,19,,19,,turn and lift,no,,NA,NA,NA,,NA,1,
19/03/2024,SD62-X-06,SD62,Sample location delocated to a 10km square (see metadata),360000,420000,365000,425000,1,132,11,no,no,0,,10,,0,,8.1,,yes,NA,2,,13,,3,,30,,1,,,NA,,NA,,NA,,NA,,NA,,NA,30,,1.9,,yes,normal,normal,0,,41,,,NA,turn and lift,yes,NA,yes,NA,yes,NA,small corer,yes,NA,yes,NA,yes,normal,20,,20,,turn and lift,no,,NA,NA,NA,,NA,1,
19/03/2024,SD62-X-06,SD62,Sample location delocated to a 10km square (see metadata),360000,420000,365000,425000,1,132,46,no,no,0,,20,,0,,8.1,,yes,NA,2,,20,,3,,30,,1.5,,,NA,,NA,,NA,,NA,,NA,,NA,30,,2.5,,yes,normal,normal,0,,44,,,NA,turn and lift,yes,NA,yes,NA,yes,NA,small corer,yes,NA,yes,NA,yes,normal,21,,21,,turn and lift,no,,NA,NA,NA,,NA,1,
18/04/2023,SD66-X-45,SD66,Sample location delocated to a 10km square (see metadata),360000,460000,365000,465000,4,85,11,no,no,0,,0,,0,,10,,yes,NA,2,,10,,4,,30,,4.5,,,NA,,NA,,NA,,NA,,NA,,NA,30,,4.3,,yes,normal,normal,0,,45,,,NA,turn and lift,yes,NA,yes,NA,yes,NA,small corer,yes,NA,yes,partial - too wet,yes,normal,18,,18,,turn and lift,NULL,,NULL,NULL,NULL,,NULL,,NULL
18/04/2023,SD66-X-45,SD66,Sample location delocated to a 10km square (see metadata),360000,460000,365000,465000,4,85,28,no,no,0,,0,,0,,8.8,,yes,NA,2,,30,,4.5,,,NA,,NA,,NA,,NA,,NA,,NA,,NA,,NA,30,,4.5,,yes,normal,normal,0,,45,,,NA,turn and lift,yes,NA,yes,NA,yes,NA,small corer,yes,NA,yes,NA,yes,normal,18,,18,,turn and lift,NULL,,NULL,NULL,NULL,,NULL,,NULL
18/04/2023,SD66-X-45,SD66,Sample location delocated to a 10km square (see metadata),360000,460000,365000,465000,4,85,59,no,no,0,,0,,0,,8.6,,yes,NA,2,,11,,4,,30,,4.5,,,NA,,NA,,NA,,NA,,NA,,NA,30,,4.3,,yes,normal,normal,0,,45,,45,,turn and lift,yes,NA,yes,NA,yes,NA,small corer,yes,NA,yes,partial - hit rock,yes,normal,19,,19,,turn and lift,NULL,,NULL,NULL,NULL,,NULL,,NULL
18/04/2023,SD66-X-45,SD66,Sample location delocated to a 10km square (see metadata),360000,460000,365000,465000,4,85,46,no,no,0,,0,,0,,9.1,,yes,NA,2,,30,,4.5,,,NA,,NA,,NA,,NA,,NA,,NA,,NA,,NA,30,,4.5,,yes,normal,normal,0,,47.2,,47.2,,turn and lift,yes,NA,yes,NA,yes,NA,small corer,yes,NA,yes,partial - hit rock,yes,normal,18,,18,,turn and lift,NULL,,NULL,NULL,NULL,,NULL,,NULL
19/04/2023,SD66-X-45,SD66,Sample location delocated to a 10km square (see metadata),360000,460000,365000,465000,1,96,11,no,yes,0,,18,,17,,8.5,,yes,NA,2,,30,,2,,,NA,,NA,,NA,,NA,,NA,,NA,,NA,,NA,30,,2,,yes,normal,normal,0,,44,,44,,turn and lift,yes,NA,yes,NA,yes,NA,small corer,yes,NA,yes,NA,yes,normal,19,,19,,turn and lift,NULL,,NULL,NULL,NULL,,NULL,,NULL
19/04/2023,SD66-X-45,SD66,Sample location delocated to a 10km square (see metadata),360000,460000,365000,465000,1,96,28,no,yes,0,,12,,3,,8.6,,yes,NA,2,,30,,2,,,NA,,NA,,NA,,NA,,NA,,NA,,NA,,NA,30,,2,,yes,normal,normal,0,,41,,41,,turn and lift,yes,NA,yes,NA,yes,NA,small corer,yes,NA,yes,NA,yes,normal,19,,19,,turn and lift,NULL,,NULL,NULL,NULL,,NULL,,NULL
19/04/2023,SD66-X-45,SD66,Sample location delocated to a 10km square (see metadata),360000,460000,365000,465000,1,96,46,no,yes,0,,15,,12,,8.6,,yes,NA,2,,30,,2,,,NA,,NA,,NA,,NA,,NA,,NA,,NA,,NA,30,,2,,yes,normal,normal,0,,41,,41,,turn and lift,yes,NA,yes,NA,yes,NA,small corer,yes,NA,yes,NA,yes,normal,19,,19,,turn and lift,NULL,,NULL,NULL,NULL,,NULL,,NULL
19/04/2023,SD66-X-45,SD66,Sample location delocated to a 10km square (see metadata),360000,460000,365000,465000,1,96,59,no,yes,0,,16,,2,,8.6,,yes,NA,2,,30,,2,,,NA,,NA,,NA,,NA,,NA,,NA,,NA,,NA,30,,2,,yes,normal,normal,0,,42,,42,,turn and lift,yes,NA,yes,NA,yes,NA,small corer,yes,NA,yes,NA,yes,normal,19,,,NA,turn and lift,NULL,,NULL,NULL,NULL,,NULL,,NULL
19/04/2023,SD66-X-45,SD66,Sample location delocated to a 10km square (see metadata),360000,460000,365000,465000,2,72,11,no,no,0,,8,,5,,8.9,,yes,NA,2,,22,,1.5,,,NA,,NA,,NA,,NA,,NA,,NA,,NA,,NA,22,,1.5,,yes,normal,normal,0,,21,,21,,turn and lift,yes,NA,no,shallow_soil,no,shallow_soil,small corer,yes,NA,no,hit rock,yes,normal,16,,,NA,turn and lift,NULL,,NULL,NULL,NULL,,NULL,,NULL
19/04/2023,SD66-X-45,SD66,Sample location delocated to a 10km square (see metadata),360000,460000,365000,465000,2,72,28,no,yes,1,,11,,2,,9.2,,yes,NA,2,,30,,1.5,,,NA,,NA,,NA,,NA,,NA,,NA,,NA,,NA,30,,1.5,,yes,normal,normal,0,,30,,30,,turn and lift,yes,NA,yes,NA,no,shallow_soil,small corer,yes,partial - hit rock,no,hit rock,yes,normal,19,,19,,turn and lift,NULL,,NULL,NULL,NULL,,NULL,,NULL
19/04/2023,SD66-X-45,SD66,Sample location delocated to a 10km square (see metadata),360000,460000,365000,465000,2,72,46,no,no,0,,9,,2,,9,,yes,NA,2,,30,,1.5,,,NA,,NA,,NA,,NA,,NA,,NA,,NA,,NA,30,,1.5,,yes,normal,normal,0,,42,,42,,turn and lift,yes,NA,yes,NA,yes,NA,small corer,yes,NA,yes,NA,yes,normal,19,,19,,turn and lift,NULL,,NULL,NULL,NULL,,NULL,,NULL
19/04/2023,SD66-X-45,SD66,Sample location delocated to a 10km square (see metadata),360000,460000,365000,465000,2,72,59,no,yes,0,,16,,10,,8.9,,yes,NA,2,,30,,1.5,,,NA,,NA,,NA,,NA,,NA,,NA,,NA,,NA,30,,1.5,,yes,normal,normal,0,,45,,45,,turn and lift,yes,NA,yes,NA,yes,NA,small corer,yes,NA,yes,NA,yes,normal,19,,19,,turn and lift,NULL,,NULL,NULL,NULL,,NULL,,NULL
20/04/2023,SD66-X-45,SD66,Sample location delocated to a 10km square (see metadata),360000,460000,365000,465000,3,57,11,no,no,0,,1,,5,,8.9,,yes,NA,2,,30,,1.5,,,NA,,NA,,NA,,NA,,NA,,NA,,NA,,NA,30,,1.5,,yes,normal,normal,0,,41,,41,,turn and lift,yes,NA,yes,NA,yes,NA,small corer,yes,NA,yes,NA,yes,normal,19,,19,,turn and lift,NULL,,NULL,NULL,NULL,,NULL,,NULL
20/04/2023,SD66-X-45,SD66,Sample location delocated to a 10km square (see metadata),360000,460000,365000,465000,3,57,28,no,no,0,,0,,2,,8.9,,yes,NA,2,,30,,1.5,,,NA,,NA,,NA,,NA,,NA,,NA,,NA,,NA,30,,1.5,,yes,normal,normal,0,,44,,44,,turn and lift,yes,NA,yes,NA,yes,NA,small corer,yes,NA,yes,NA,yes,normal,18,,18,,turn and lift,NULL,,NULL,NULL,NULL,,NULL,,NULL
20/04/2023,SD66-X-45,SD66,Sample location delocated to a 10km square (see metadata),360000,460000,365000,465000,3,57,46,no,no,0,,3,,7,,8.5,,yes,NA,2,,30,,1.5,,,NA,,NA,,NA,,NA,,NA,,NA,,NA,,NA,30,,1.5,,yes,normal,normal,0,,41,,41,,turn and lift,yes,NA,yes,NA,yes,NA,small corer,yes,NA,yes,NA,yes,normal,18.5,,18.5,,turn and lift,NULL,,NULL,NULL,NULL,,NULL,,NULL
20/04/2023,SD66-X-45,SD66,Sample location delocated to a 10km square (see metadata),360000,460000,365000,465000,3,57,59,no,no,0,,3,,7,,8.7,,yes,NA,2,,30,,1.5,,,NA,,NA,,NA,,NA,,NA,,NA,,NA,,NA,30,,1.5,,yes,normal,normal,0,,42,,,NA,turn and lift,yes,NA,yes,NA,yes,NA,small corer,yes,NA,yes,NA,yes,normal,18.5,,18.5,,turn and lift,NULL,,NULL,NULL,NULL,,NULL,,NULL
21/09/2023,SD69-X-74,SD69,Sample location delocated to a 10km square (see metadata),360000,490000,365000,495000,1,126,11,yes,yes,4,,5,,0,,14.1,,yes,NA,2,,15,,3,,,NA,,NA,,NA,,NA,,NA,,NA,,NA,,NA,15,,3,,yes,normal,normal,0,,43.5,,43.5,,turn and lift,yes,NA,yes,NA,yes,NA,small corer,yes,partial - hit rock,no,hit rock,yes,normal,19,,19,,turn and lift,NULL,,NULL,NULL,NULL,,NULL,,NULL
20/09/2023,SD69-X-74,SD69,Sample location delocated to a 10km square (see metadata),360000,490000,365000,495000,2,59,11,no,no,0,,7,,0,,15.5,,yes,NA,2,,30,,3.5,,,NA,,NA,,NA,,NA,,NA,,NA,,NA,,NA,30,,3.5,,yes,normal,normal,0,,47,,47,,turn and lift,yes,NA,yes,NA,yes,NA,small corer,yes,NA,no,hit rock,yes,normal,19,,19,,turn and lift,NULL,,NULL,NULL,NULL,,NULL,,NULL
20/09/2023,SD69-X-74,SD69,Sample location delocated to a 10km square (see metadata),360000,490000,365000,495000,2,59,28,no,no,0,,7,,3,,15.6,,yes,NA,2,,30,,3,,,NA,,NA,,NA,,NA,,NA,,NA,,NA,,NA,30,,3,,yes,normal,normal,0,,47,,47,,turn and lift,yes,NA,yes,NA,yes,NA,small corer,yes,NA,yes,partial - hit rock,yes,normal,18.5,,18.5,,turn and lift,NULL,,NULL,NULL,NULL,,NULL,,NULL
20/09/2023,SD69-X-74,SD69,Sample location delocated to a 10km square (see metadata),360000,490000,365000,495000,2,59,59,no,no,0,,3,,1,,15.6,,yes,NA,2,,23,,3.5,,,NA,,NA,,NA,,NA,,NA,,NA,,NA,,NA,23,,3.5,,yes,normal,normal,1,,47,,47,,turn and lift,yes,NA,yes,NA,yes,NA,small corer,yes,NA,yes,partial - hit rock,yes,normal,19,,,NA,turn and lift,NULL,,NULL,NULL,NULL,,NULL,,NULL
20/09/2023,SD69-X-74,SD69,Sample location delocated to a 10km square (see metadata),360000,490000,365000,495000,2,59,46,no,no,0,,6,,4,,15.5,,yes,NA,2,,27,,3,,,NA,,NA,,NA,,NA,,NA,,NA,,NA,,NA,27,,3,,yes,normal,normal,1,,44,,44,,turn and lift,yes,NA,yes,NA,yes,NA,small corer,yes,NA,yes,NA,yes,normal,20,,20,,turn and lift,NULL,,NULL,NULL,NULL,,NULL,,NULL
21/09/2023,SD69-X-74,SD69,Sample location delocated to a 10km square (see metadata),360000,490000,365000,495000,1,126,28,yes,yes,1,,6,,0,,14.4,,yes,NA,2,,20,,3,,,NA,,NA,,NA,,NA,,NA,,NA,,NA,,NA,20,,3,,yes,normal,normal,0,,46,,46,,turn and lift,yes,NA,yes,NA,yes,NA,small corer,yes,partial - too wet,no,hit rock,yes,normal,19,,19,,turn and lift,NULL,,NULL,NULL,NULL,,NULL,,NULL
21/09/2023,SD69-X-74,SD69,Sample location delocated to a 10km square (see metadata),360000,490000,365000,495000,1,126,59,yes,yes,3,,6,,0,,14.4,,yes,NA,2,,18,,3,,,NA,,NA,,NA,,NA,,NA,,NA,,NA,,NA,18,,3,,yes,normal,normal,0,,46,,46,,turn and lift,yes,NA,yes,NA,yes,NA,small corer,yes,partial - hit rock,no,hit rock,yes,normal,19,,19,,turn and lift,NULL,,NULL,NULL,NULL,,NULL,,NULL
21/09/2023,SD69-X-74,SD69,Sample location delocated to a 10km square (see metadata),360000,490000,365000,495000,1,126,46,yes,yes,2,,4,,0,,14.6,,yes,NA,2,,22,,3.5,,,NA,,NA,,NA,,NA,,NA,,NA,,NA,,NA,22,,3.5,,yes,normal,normal,0,,45,,45,,turn and lift,yes,NA,yes,NA,yes,NA,small corer,yes,partial - hit rock,no,hit rock,yes,normal,18,,18,,turn and lift,NULL,,NULL,NULL,NULL,,NULL,,NULL
25/03/2024,SD72-X-32,SD72,Sample location delocated to a 10km square (see metadata),370000,420000,375000,425000,4,61,11,no,no,0,,2,,1,,6.9,,yes,NA,2,,10,,1,,16,,2,,30,,3,,,NA,,NA,,NA,,NA,30,,2.1,,yes,normal,normal,2,,46,,,NA,turn and lift,yes,NA,yes,NA,yes,NA,small corer,yes,NA,yes,NA,yes,normal,18,,18,,turn and lift,yes,10,,NULL,Hisco,,NULL,1,
25/03/2024,SD72-X-32,SD72,Sample location delocated to a 10km square (see metadata),370000,420000,375000,425000,4,61,28,no,no,0,,0,,0,,7,,yes,NA,2,,10,,1,,18,,2,,30,,3,,,NA,,NA,,NA,,NA,30,,2.1,,yes,normal,normal,0,,46,,,NA,turn and lift,yes,NA,yes,NA,yes,NA,small corer,yes,NA,yes,partial - dry and hard soil,yes,normal,18,,,NA,turn and lift,yes,10,,NULL,Hisco,,NULL,1,
25/03/2024,SD72-X-32,SD72,Sample location delocated to a 10km square (see metadata),370000,420000,375000,425000,4,61,59,no,no,0,,0,,0,,6.8,,yes,NA,2,,9,,1,,20,,2,,30,,1,,,NA,,NA,,NA,,NA,30,,1.4,,yes,normal,normal,0,,47,,,NA,turn and lift,yes,NA,yes,NA,yes,NA,small corer,yes,NA,yes,NA,yes,normal,18,,,NA,turn and lift,yes,10,,NULL,Hisco,,NULL,1,
25/03/2024,SD72-X-32,SD72,Sample location delocated to a 10km square (see metadata),370000,420000,375000,425000,4,61,46,no,no,0,,0,,0,,7.1,,yes,NA,2,,9,,1,,17,,2,,30,,3,,,NA,,NA,,NA,,NA,30,,2.1,,yes,normal,normal,0,,47,,,NA,turn and lift,yes,NA,yes,NA,yes,NA,small corer,yes,NA,yes,partial - dry and hard soil,yes,normal,19,,,NA,turn and lift,yes,10,,NULL,Hisco,,NULL,1,
26/03/2024,SD72-X-32,SD72,Sample location delocated to a 10km square (see metadata),370000,420000,375000,425000,6,163,11,no,yes,1,,7,,4,,7,,yes,NA,2,,12,,2,,25,,3,,30,,3.5,,,NA,,NA,,NA,,NA,30,,2.7,,yes,normal,normal,0,,43,,,NA,turn and lift,yes,NA,yes,NA,yes,NA,small corer,yes,NA,yes,NA,yes,normal,18,,18,,turn and lift,no,,NA,NA,NA,,NA,1,
26/03/2024,SD72-X-32,SD72,Sample location delocated to a 10km square (see metadata),370000,420000,375000,425000,6,163,28,no,no,0,,8,,0,,6.3,,yes,NA,2,,12,,2,,25,,2.5,,30,,3,,,NA,,NA,,NA,,NA,30,,2.4,,yes,normal,normal,0,,46,,,NA,turn and lift,yes,NA,yes,NA,yes,NA,small corer,yes,NA,yes,NA,yes,normal,18,,,NA,turn and lift,no,,NA,NA,NA,,NA,1,
26/03/2024,SD72-X-32,SD72,Sample location delocated to a 10km square (see metadata),370000,420000,375000,425000,6,163,59,no,yes,1,,10,,16,,6.8,,yes,NA,2,,15,,2,,28,,2.5,,30,,3,,,NA,,NA,,NA,,NA,30,,2.3,,yes,normal,normal,0,,46,,,NA,turn and lift,yes,NA,yes,NA,yes,NA,small corer,yes,NA,yes,NA,yes,normal,18,,18,,turn and lift,no,,NA,NA,NA,,NA,1,
26/03/2024,SD72-X-32,SD72,Sample location delocated to a 10km square (see metadata),370000,420000,375000,425000,6,163,46,no,no,0,,6,,4,,6.8,,yes,NA,2,,15,,2,,26,,2.5,,30,,3,,,NA,,NA,,NA,,NA,30,,2.3,,yes,normal,normal,0,,45,,,NA,turn and lift,yes,NA,yes,NA,yes,NA,small corer,yes,NA,yes,NA,yes,normal,18,,,NA,turn and lift,no,,NA,NA,NA,,NA,1,
22/01/2024,SD72-X-35,SD72,Sample location delocated to a 10km square (see metadata),370000,420000,375000,425000,3,32,3,no,no,0,,5,,0,,4.6,,yes,NA,2,,30,,4,,,NA,,NA,,NA,,NA,,NA,,NA,,NA,,NA,30,,4,,yes,serrated,serrated,0,,43,,,NA,turn and lift,yes,NA,yes,NA,yes,NA,small corer,yes,NA,yes,NA,yes,serrated,17,,17,,turn and lift,no,,NA,NA,NA,,NA,1,
22/01/2024,SD72-X-35,SD72,Sample location delocated to a 10km square (see metadata),370000,420000,375000,425000,3,32,28,no,no,0,,4,,0,,4.9,,yes,NA,2,,30,,3.5,,,NA,,NA,,NA,,NA,,NA,,NA,,NA,,NA,30,,3.5,,yes,serrated,serrated,0,,20,,,NULL,turn and lift,yes,NA,yes,NA,no,other,small corer,yes,NA,yes,NA,yes,serrated,17,,,NA,turn and lift,no,,NA,NA,NA,,NA,1,
22/01/2024,SD72-X-35,SD72,Sample location delocated to a 10km square (see metadata),370000,420000,375000,425000,3,32,59,no,no,0,,2,,0,,4.7,,yes,NA,2,,25,,3.5,,30,,4,,,NA,,NA,,NA,,NA,,NA,,NA,30,,3.6,,yes,serrated,serrated,0,,42,,,NA,turn and lift,yes,NA,yes,NA,yes,NA,small corer,yes,NA,yes,partial - too wet,yes,serrated,17,,,NA,turn and lift,no,,NA,NA,NA,,NA,1,
22/01/2024,SD72-X-35,SD72,Sample location delocated to a 10km square (see metadata),370000,420000,375000,425000,3,32,46,no,no,0,,0,,0,,4.9,,yes,NA,2,,30,,3.5,,,NA,,NA,,NA,,NA,,NA,,NA,,NA,,NA,30,,3.5,,yes,serrated,serrated,0,,44,,,NA,turn and lift,yes,NA,yes,NA,yes,NA,small corer,yes,NA,yes,NA,yes,serrated,17,,,NA,turn and lift,no,,NA,NA,NA,,NA,1,
20/02/2024,SD73-X-55,SD73,Sample location delocated to a 10km square (see metadata),370000,430000,375000,435000,4,86,11,no,no,0,,10,,2,,7.7,,yes,NA,,NULL,15,,3,,30,,2,,,NA,,NA,,NA,,NA,,NA,,NA,30,,2.5,,yes,serrated,serrated,0,,44,,,NA,turn and lift,yes,NA,yes,NA,yes,NA,small corer,yes,NA,yes,NA,yes,serrated,19,,19,,turn and lift,no,,NA,NA,NA,,NA,1,
20/02/2024,SD73-X-55,SD73,Sample location delocated to a 10km square (see metadata),370000,430000,375000,435000,4,86,28,no,no,0,,7,,0,,7.7,,yes,NA,,NULL,20,,3,,30,,2.5,,,NA,,NA,,NA,,NA,,NA,,NA,30,,2.8,,yes,serrated,serrated,0,,44,,,NA,turn and lift,yes,NA,yes,NA,yes,NA,small corer,yes,NA,yes,NA,yes,serrated,19,,,NA,turn and lift,no,,NA,NA,NA,,NA,1,
20/02/2024,SD73-X-55,SD73,Sample location delocated to a 10km square (see metadata),370000,430000,375000,435000,4,86,59,no,no,0,,7,,0,,7.8,,no,Too rocky,,NA,,NA,,NA,,NA,,NA,,NA,,NA,,NA,,NA,,NA,,NA,,NA,,NA,yes,serrated,serrated,2,,44,,,NA,turn and lift,yes,NA,yes,NA,yes,NA,small corer,yes,NA,yes,NA,yes,serrated,19,,,NA,turn and lift,no,,NA,NA,NA,,NA,1,
20/02/2024,SD73-X-55,SD73,Sample location delocated to a 10km square (see metadata),370000,430000,375000,435000,4,86,46,no,no,0,,3,,0,,7.8,,yes,NA,,NULL,25,,3,,30,,2,,,NA,,NA,,NA,,NA,,NA,,NA,30,,2.8,,yes,serrated,serrated,0,,45,,,NA,turn and lift,yes,NA,yes,NA,yes,NA,small corer,yes,NA,yes,NA,yes,serrated,,NULL,,NA,turn and lift,NULL,,NULL,NULL,NULL,,NULL,1,
11/12/2023,SD74-X-35,SD74,Sample location delocated to a 10km square (see metadata),370000,440000,375000,445000,2,84,11,no,no,0,,12,,2,,6.3,,yes,NA,,NULL,30,,4,,,NA,,NA,,NA,,NA,,NA,,NA,,NA,,NA,30,,4,,yes,normal,normal,0,,47,,,NA,turn and lift,yes,NA,yes,NA,yes,NA,small corer,yes,NA,yes,NA,yes,normal,18,,18,,turn and lift,no,,NA,NA,NA,,NA,1,
11/12/2023,SD74-X-35,SD74,Sample location delocated to a 10km square (see metadata),370000,440000,375000,445000,2,84,28,yes,yes,1,,17,,7,,6.4,,yes,NA,,NULL,30,,3,,,NA,,NA,,NA,,NA,,NA,,NA,,NA,,NA,30,,3,,yes,normal,normal,0,,44,,,NA,turn and lift,yes,NA,yes,NA,yes,NA,small corer,yes,NA,yes,NA,yes,normal,18,,,NA,turn and lift,no,,NA,NA,NA,,NA,1,
11/12/2023,SD74-X-35,SD74,Sample location delocated to a 10km square (see metadata),370000,440000,375000,445000,2,84,46,yes,yes,2,,11,,2,,6.4,,yes,NA,,NULL,30,,4,,,NA,,NA,,NA,,NA,,NA,,NA,,NA,,NA,30,,4,,yes,normal,normal,0,,46,,,NA,turn and lift,yes,NA,yes,NA,yes,NA,small corer,yes,NA,no,hit rock,yes,normal,18,,,NA,turn and lift,no,,NA,NA,NA,,NA,1,
11/12/2023,SD74-X-35,SD74,Sample location delocated to a 10km square (see metadata),370000,440000,375000,445000,2,84,59,yes,yes,0,,5,,2,,6.4,,yes,NA,,NULL,30,,4.5,,,NA,,NA,,NA,,NA,,NA,,NA,,NA,,NA,30,,4.5,,yes,normal,normal,0,,46,,,NA,turn and lift,yes,NA,yes,NA,yes,NA,small corer,yes,partial compaction and craggy hole,yes,NA,yes,normal,18,,7,,turn and lift,no,,NA,NA,NA,,NA,1,
15/05/2023,SD77-X-31,SD77,Sample location delocated to a 10km square (see metadata),370000,470000,375000,475000,3,85,11,no,no,0,,0,,2,,11.3,,yes,NA,,NULL,15,,1,,30,,2,,,NA,,NA,,NA,,NA,,NA,,NA,30,,1.5,,yes,normal,normal,0,,47,,47,,turn and lift,yes,NA,yes,NA,yes,NA,small corer,yes,NA,yes,partial - hit rock,yes,normal,18,,18,,turn and lift,NULL,,NULL,NULL,NULL,,NULL,,NULL
15/05/2023,SD77-X-31,SD77,Sample location delocated to a 10km square (see metadata),370000,470000,375000,475000,3,85,46,no,no,0,,4,,3,,11,,yes,NA,2,,5,,1,,15,,2,,30,,2,,,NA,,NA,,NA,,NA,30,,1.8,,yes,normal,normal,0,,46,,,NA,turn and lift,yes,NA,yes,NA,yes,NA,small corer,yes,NA,yes,NA,yes,normal,16,,16,,turn and lift,NULL,,NULL,NULL,NULL,,NULL,,NULL
15/05/2023,SD77-X-31,SD77,Sample location delocated to a 10km square (see metadata),370000,470000,375000,475000,3,85,59,no,no,0,,8,,0,,11.2,,yes,NA,,NULL,14,,1,,30,,3,,,NA,,NA,,NA,,NA,,NA,,NA,30,,2.1,,yes,normal,normal,0,,45,,45,,turn and lift,yes,NA,yes,NA,yes,NA,small corer,yes,NA,yes,partial - hit rock,yes,normal,17,,17,,turn and lift,NULL,,NULL,NULL,NULL,,NULL,,NULL
15/05/2023,SD77-X-31,SD77,Sample location delocated to a 10km square (see metadata),370000,470000,375000,475000,3,85,28,no,no,0,,4,,0,,12.1,,yes,NA,2,,15,,1,,30,,3,,,NA,,NA,,NA,,NA,,NA,,NA,30,,2,,yes,normal,normal,0,,46,,46,,turn and lift,yes,NA,yes,NA,yes,NA,small corer,yes,NA,yes,partial - hit rock,yes,normal,16.5,,16.5,,turn and lift,NULL,,NULL,NULL,NULL,,NULL,,NULL
16/05/2023,SD77-X-31,SD77,Sample location delocated to a 10km square (see metadata),370000,470000,375000,475000,4,97,46,no,no,0,,10,,4,,11.1,,yes,NA,,NULL,17,,1,,27,,2,,30,,3,,,NA,,NA,,NA,,NA,30,,1.5,,yes,normal,normal,0,,47,,47,,turn and lift,yes,NA,yes,NA,yes,NA,small corer,yes,NA,yes,partial - hit rock,yes,normal,17,,17,,turn and lift,NULL,,NULL,NULL,NULL,,NULL,,NULL
16/05/2023,SD77-X-31,SD77,Sample location delocated to a 10km square (see metadata),370000,470000,375000,475000,4,97,59,yes,no,0,,3,,6,,11.5,,yes,NA,2,,10,,1,,,NA,,NA,,NA,,NA,,NA,,NA,,NA,,NA,10,,1,,yes,normal,normal,0,,47,,47,,turn and lift,yes,NA,yes,NA,yes,NA,small corer,yes,partial - hit rock,yes,partial - hit rock,yes,normal,30,,30,,turn and lift,NULL,,NULL,NULL,NULL,,NULL,,NULL
16/05/2023,SD77-X-31,SD77,Sample location delocated to a 10km square (see metadata),370000,470000,375000,475000,4,97,11,no,no,0,,10,,2,,11.2,,yes,NA,2,,15,,1,,30,,3,,,NA,,NA,,NA,,NA,,NA,,NA,30,,2,,yes,normal,normal,0,,45,,45,,turn and lift,yes,NA,yes,NA,yes,NA,small corer,yes,NA,yes,NA,yes,normal,17,,17,,turn and lift,NULL,,NULL,NULL,NULL,,NULL,,NULL
16/05/2023,SD77-X-31,SD77,Sample location delocated to a 10km square (see metadata),370000,470000,375000,475000,4,97,28,no,no,0,,4,,2,,11.3,,yes,NA,2,,16,,1,,30,,3,,,NA,,NA,,NA,,NA,,NA,,NA,30,,1.9,,yes,normal,normal,0,,0,,0,,turn and lift,no,NULL,no,NULL,no,NULL,small corer,yes,NA,yes,NA,yes,normal,16,,16,,turn and lift,NULL,,NULL,NULL,NULL,,NULL,,NULL
16/05/2023,SD77-X-31,SD77,Sample location delocated to a 10km square (see metadata),370000,470000,375000,475000,1,98,11,no,no,0,,0,,0,,11.4,,yes,NA,2,,6,,1,,20,,,NULL,30,,3,,,NA,,NA,,NA,,NA,30,,,NULL,yes,normal,normal,0,,47,,47,,turn and lift,yes,NA,yes,NA,yes,NA,small corer,yes,NA,yes,NA,yes,normal,17,,17,,turn and lift,NULL,,NULL,NULL,NULL,,NULL,,NULL
16/05/2023,SD77-X-31,SD77,Sample location delocated to a 10km square (see metadata),370000,470000,375000,475000,1,98,46,no,no,0,,1,,0,,10.8,,yes,NA,2,,13,,1,,30,,3,,,NA,,NA,,NA,,NA,,NA,,NA,30,,2.1,,yes,normal,normal,0,,47,,47,,turn and lift,yes,NA,yes,NA,yes,NA,small corer,yes,NA,yes,NA,yes,normal,17,,17,,turn and lift,NULL,,NULL,NULL,NULL,,NULL,,NULL
16/05/2023,SD77-X-31,SD77,Sample location delocated to a 10km square (see metadata),370000,470000,375000,475000,1,98,59,no,no,0,,2,,0,,10.8,,yes,NA,2,,14,,1,,30,,3,,,NA,,NA,,NA,,NA,,NA,,NA,30,,2.1,,yes,normal,normal,0,,47,,47,,turn and lift,yes,NA,yes,NA,yes,NA,small corer,yes,NA,yes,NA,yes,normal,17,,17,,turn and lift,NULL,,NULL,NULL,NULL,,NULL,,NULL
16/05/2023,SD77-X-31,SD77,Sample location delocated to a 10km square (see metadata),370000,470000,375000,475000,1,98,28,no,no,0,,3,,0,,11,,yes,NA,2,,15,,1,,30,,3,,,NA,,NA,,NA,,NA,,NA,,NA,30,,2,,yes,normal,normal,0,,46.5,,46.5,,turn and lift,yes,NA,yes,NA,yes,NA,small corer,yes,NA,yes,NA,yes,normal,17.5,,17.5,,turn and lift,NULL,,NULL,NULL,NULL,,NULL,,NULL
20/06/2023,SD96-X-45,SD96,Sample location delocated to a 10km square (see metadata),390000,460000,395000,465000,4,85,11,no,no,0,,9,,1,,14.7,,yes,NA,2,,5,,1.5,,30,,4,,,NA,,NA,,NA,,NA,,NA,,NA,30,,3.6,,yes,normal,normal,0,,42,,42,,turn and lift,yes,NA,yes,NA,yes,NA,small corer,yes,NA,yes,NA,yes,normal,17,,17,,turn and lift,NULL,,NULL,NULL,NULL,,NULL,,NULL
20/06/2023,SD96-X-45,SD96,Sample location delocated to a 10km square (see metadata),390000,460000,395000,465000,4,85,46,no,no,0,,4,,0,,14.6,,yes,NA,2,,5,,1,,30,,4,,,NA,,NA,,NA,,NA,,NA,,NA,30,,3.5,,yes,normal,normal,0,,41,,43,,turn and lift,yes,NA,yes,NA,yes,NA,small corer,yes,NA,yes,NA,yes,normal,17.5,,17.5,,turn and lift,NULL,,NULL,NULL,NULL,,NULL,,NULL
20/06/2023,SD96-X-45,SD96,Sample location delocated to a 10km square (see metadata),390000,460000,395000,465000,4,85,59,no,no,0,,4,,0,,14.3,,yes,NA,2,,5,,1.5,,30,,4,,,NA,,NA,,NA,,NA,,NA,,NA,30,,3.6,,yes,normal,normal,0,,40,,40,,turn and lift,no,NULL,no,NULL,no,NULL,small corer,yes,NA,yes,NA,yes,normal,17,,17,,turn and lift,NULL,,NULL,NULL,NULL,,NULL,,NULL
20/06/2023,SD96-X-45,SD96,Sample location delocated to a 10km square (see metadata),390000,460000,395000,465000,4,85,28,no,no,0,,6,,0,,15.1,,yes,NA,,NULL,5,,1.5,,30,,2.5,,,NA,,NA,,NA,,NA,,NA,,NA,30,,2.3,,yes,normal,normal,0,,43,,43,,turn and lift,yes,NA,yes,NA,yes,NA,small corer,yes,NA,yes,NA,yes,normal,17,,,NA,turn and lift,NULL,,NULL,NULL,NULL,,NULL,,NULL
21/06/2023,SD96-X-45,SD96,Sample location delocated to a 10km square (see metadata),390000,460000,395000,465000,3,98,11,no,no,0,,2,,0,,14.3,,yes,NA,1,,18,,3,,22,,4,,30,,3,,,NA,,NA,,NA,,NA,30,,3.1,,yes,normal,normal,0,,44,,44,,turn and lift,yes,NA,yes,NA,yes,NA,small corer,yes,NA,yes,NA,yes,normal,17,,17,,turn and lift,NULL,,NULL,NULL,NULL,,NULL,,NULL
21/06/2023,SD96-X-45,SD96,Sample location delocated to a 10km square (see metadata),390000,460000,395000,465000,3,98,46,no,no,0,,8,,1,,14.7,,yes,NA,,NULL,17,,3,,30,,4.5,,,NA,,NA,,NA,,NA,,NA,,NA,30,,3.7,,yes,normal,normal,0,,45,,45,,turn and lift,yes,NA,yes,NA,yes,NA,small corer,yes,NA,no,dry and hard soil,yes,normal,17,,17,,turn and lift,NULL,,NULL,NULL,NULL,,NULL,,NULL
21/06/2023,SD96-X-45,SD96,Sample location delocated to a 10km square (see metadata),390000,460000,395000,465000,3,98,59,yes,no,0,,10,,0,,14.4,,yes,NA,1,,18,,3,,23,,5,,30,,4,,,NA,,NA,,NA,,NA,30,,3.6,,yes,normal,normal,0,,45,,45,,turn and lift,yes,NA,yes,NA,yes,NA,small corer,yes,NA,yes,NA,yes,normal,17,,17,,turn and lift,NULL,,NULL,NULL,NULL,,NULL,,NULL
21/06/2023,SD96-X-45,SD96,Sample location delocated to a 10km square (see metadata),390000,460000,395000,465000,3,98,28,no,no,0,,6,,0,,14.1,,yes,NA,1,,25,,2.5,,,NA,,NA,,NA,,NA,,NA,,NA,,NA,,NA,25,,2.5,,yes,normal,normal,0,,44,,44,,turn and lift,yes,NA,yes,NA,yes,NA,small corer,yes,NA,yes,NA,yes,normal,17,,17,,turn and lift,NULL,,NULL,NULL,NULL,,NULL,,NULL
21/06/2023,SD96-X-45,SD96,Sample location delocated to a 10km square (see metadata),390000,460000,395000,465000,1,85,11,no,no,0,,5,,5,,14.4,,yes,NA,2,,5,,1.5,,20,,2.5,,30,,4.5,,,NA,,NA,,NA,,NA,30,,3,,yes,normal,normal,3,,45,,45,,dig and tip,yes,NA,yes,NA,yes,NA,small corer,yes,NA,yes,NA,yes,normal,17,,17,,turn and lift,NULL,,NULL,NULL,NULL,,NULL,,NULL
21/06/2023,SD96-X-45,SD96,Sample location delocated to a 10km square (see metadata),390000,460000,395000,465000,1,85,46,no,no,0,,4,,0,,12.4,,yes,NA,,NULL,3,,1,,14,,2.5,,30,,3.5,,,NA,,NA,,NA,,NA,30,,2.9,,yes,normal,normal,0,,45,,45,,turn and lift,yes,NA,yes,NA,yes,NA,small corer,yes,NA,yes,NA,yes,normal,17,,17,,turn and lift,NULL,,NULL,NULL,NULL,,NULL,,NULL
21/06/2023,SD96-X-45,SD96,Sample location delocated to a 10km square (see metadata),390000,460000,395000,465000,1,85,59,no,no,0,,2,,0,,12.4,,yes,NA,2,,6,,1.5,,20,,2.5,,30,,3.5,,,NA,,NA,,NA,,NA,30,,2.6,,yes,normal,normal,5,,45,,45,,turn and lift,yes,NA,yes,NA,yes,NA,small corer,yes,NA,yes,NA,yes,normal,17,,17,,turn and lift,NULL,,NULL,NULL,NULL,,NULL,,NULL
21/06/2023,SD96-X-45,SD96,Sample location delocated to a 10km square (see metadata),390000,460000,395000,465000,1,85,28,no,no,0,,2,,1,,13,,yes,NA,,NULL,4,,1,,20,,2,,30,,3.5,,,NA,,NA,,NA,,NA,30,,2.4,,yes,normal,normal,5,,45,,45,,turn and lift,yes,NA,yes,NA,yes,NA,small corer,yes,NA,yes,NA,yes,normal,17,,17,,turn and lift,NULL,,NULL,NULL,NULL,,NULL,,NULL
13/03/2024,SE09-X-40,SE09,Sample location delocated to a 10km square (see metadata),400000,490000,405000,495000,4,111,11,no,yes,0,,9,,12,,7.3,,yes,NA,2,,20,,2,,,NA,,NA,,NA,,NA,,NA,,NA,,NA,,NA,20,,2,,yes,normal,normal,0,,44,,,NA,turn and lift,yes,NA,yes,NA,yes,NA,small corer,yes,NA,no,NULL,yes,normal,20,,20,,turn and lift,no,,NA,NA,NA,,NA,1,
13/03/2024,SE09-X-40,SE09,Sample location delocated to a 10km square (see metadata),400000,490000,405000,495000,4,111,46,no,yes,0,,10,,0,,7.3,,yes,NA,2,,30,,2,,,NA,,NA,,NA,,NA,,NA,,NA,,NA,,NA,30,,2,,yes,normal,serrated,0,,44,,,NA,turn and lift,yes,NA,yes,NA,yes,NA,small corer,yes,NA,no,Stones,yes,normal,17,,17,,turn and lift,no,,NA,NA,NA,,NA,1,
13/03/2024,SE09-X-40,SE09,Sample location delocated to a 10km square (see metadata),400000,490000,405000,495000,4,111,59,no,yes,0,,10,,2,,7.4,,yes,NA,2,,25,,1.5,,,NA,,NA,,NA,,NA,,NA,,NA,,NA,,NA,25,,1.5,,yes,normal,normal,0,,42,,,NA,turn and lift,yes,NA,yes,NA,yes,NA,small corer,yes,NA,no,NULL,yes,normal,17,,17,,turn and lift,no,,NA,NA,NA,,NA,1,
13/03/2024,SE09-X-40,SE09,Sample location delocated to a 10km square (see metadata),400000,490000,405000,495000,4,111,28,no,no,0,,7,,1,,7.3,,yes,NA,2,,20,,2.5,,,NA,,NA,,NA,,NA,,NA,,NA,,NA,,NA,20,,2.5,,yes,normal,normal,0,,41,,,NA,turn and lift,yes,NA,yes,NA,yes,NA,small corer,yes,NA,no,stones,yes,normal,16,,16,,turn and lift,no,,NA,NA,NA,,NA,1,
13/03/2024,SE09-X-40,SE09,Sample location delocated to a 10km square (see metadata),400000,490000,405000,495000,3,45,11,no,no,0,,7,,0,,7.9,,yes,NA,2,,30,,1.5,,,NA,,NA,,NA,,NA,,NA,,NA,,NA,,NA,30,,1.5,,yes,normal,normal,0,,41,,,NA,turn and lift,yes,NA,yes,NA,yes,NA,small corer,yes,NA,no,stones,yes,normal,17,,17,,turn and lift,no,,NA,NA,NA,,NA,1,
13/03/2024,SE09-X-40,SE09,Sample location delocated to a 10km square (see metadata),400000,490000,405000,495000,3,45,46,no,yes,0,,7,,0,,8,,yes,NA,2,,20,,1,,30,,1.5,,,NA,,NA,,NA,,NA,,NA,,NA,30,,1.2,,yes,normal,normal,0,,42,,,NA,turn and lift,yes,NA,yes,NA,yes,NA,small corer,yes,NA,yes,NA,yes,normal,16,,16,,turn and lift,no,,NA,NA,NA,,NA,1,
13/03/2024,SE09-X-40,SE09,Sample location delocated to a 10km square (see metadata),400000,490000,405000,495000,3,45,59,no,no,0,,15,,0,,8.2,,yes,NA,2,,25,,1,,,NA,,NA,,NA,,NA,,NA,,NA,,NA,,NA,25,,1,,yes,normal,normal,0,,41,,,NA,turn and lift,yes,NA,yes,NA,yes,NA,small corer,yes,NA,yes,NA,yes,normal,16,,16,,turn and lift,no,,NA,NA,NA,,NA,1,
13/03/2024,SE09-X-40,SE09,Sample location delocated to a 10km square (see metadata),400000,490000,405000,495000,3,45,28,no,yes,0,,6,,1,,8.2,,yes,NA,,NULL,25,,1,,,NA,,NA,,NA,,NA,,NA,,NA,,NA,,NA,25,,1,,yes,normal,normal,0,,41,,,NA,turn and lift,yes,NA,yes,NA,yes,NA,small corer,yes,NA,yes,NA,yes,normal,17,,17,,turn and lift,no,,NA,NA,NA,,NA,1,
14/03/2024,SE09-X-40,SE09,Sample location delocated to a 10km square (see metadata),400000,490000,405000,495000,5,48,11,no,no,0,,5,,0,,8,,yes,NA,2,,20,,1.5,,,NA,,NA,,NA,,NA,,NA,,NA,,NA,,NA,20,,1.5,,yes,normal,normal,0,,25,,25,,turn and lift,yes,NA,yes,NA,no,shallow_soil,small corer,yes,NA,no,stones,yes,normal,16,,16,,turn and lift,no,,NA,NA,NA,,NA,1,
14/03/2024,SE09-X-40,SE09,Sample location delocated to a 10km square (see metadata),400000,490000,405000,495000,5,48,46,no,no,0,,3,,0,,8,,yes,NA,2,,20,,1.5,,,NA,,NA,,NA,,NA,,NA,,NA,,NA,,NA,20,,1.5,,yes,normal,normal,0,,37,,37,,turn and lift,yes,NA,yes,NA,no,shallow_soil,small corer,yes,NA,no,stones,yes,normal,17,,17,,turn and lift,no,,NA,NA,NA,,NA,1,
14/03/2024,SE09-X-40,SE09,Sample location delocated to a 10km square (see metadata),400000,490000,405000,495000,5,48,59,no,yes,0,,7,,0,,8.2,,yes,NA,2,,20,,2,,,NA,,NA,,NA,,NA,,NA,,NA,,NA,,NA,20,,2,,yes,normal,normal,0,,25,,25,,turn and lift,yes,NA,yes,NA,no,shallow_soil,small corer,yes,NA,no,stones,yes,serrated,18,,,NA,turn and lift,no,,NA,NA,NA,,NA,1,
14/03/2024,SE09-X-40,SE09,Sample location delocated to a 10km square (see metadata),400000,490000,405000,495000,5,48,28,no,yes,0,,9,,0,,8.2,,yes,NA,2,,20,,2,,,NA,,NA,,NA,,NA,,NA,,NA,,NA,,NA,20,,2,,yes,normal,normal,0,,43,,,NA,turn and lift,yes,NA,yes,NA,yes,NA,small corer,yes,NA,yes,NA,yes,serrated,19.5,,19.5,,turn and lift,no,,NA,NA,NA,,NA,1,
14/03/2024,SE09-X-40,SE09,Sample location delocated to a 10km square (see metadata),400000,490000,405000,495000,1,85,11,no,yes,0,,6,,0,,8.2,,yes,NA,2,,20,,2.5,,,NA,,NA,,NA,,NA,,NA,,NA,,NA,,NA,20,,2.5,,yes,serrated,serrated,0,,42,,,NA,turn and lift,yes,NA,yes,NA,yes,NA,small corer,yes,NA,yes,NA,yes,serrated,16,,16,,turn and lift,no,,NA,NA,NA,,NA,1,
14/03/2024,SE09-X-40,SE09,Sample location delocated to a 10km square (see metadata),400000,490000,405000,495000,1,85,46,no,yes,0,,2,,0,,8.1,,yes,NA,2,,25,,2.5,,,NA,,NA,,NA,,NA,,NA,,NA,,NA,,NA,25,,2.5,,yes,serrated,serrated,0,,32,,32,,turn and lift,yes,NA,yes,NA,no,big_stones,small corer,yes,NA,no,stones,yes,serrated,16,,16,,turn and lift,no,,NA,NA,NA,,NA,1,
14/03/2024,SE09-X-40,SE09,Sample location delocated to a 10km square (see metadata),400000,490000,405000,495000,1,85,59,no,yes,0,,10,,0,,7.9,,yes,NA,2,,22,,2.5,,,NA,,NA,,NA,,NA,,NA,,NA,,NA,,NA,22,,2.5,,yes,serrated,serrated,0,,45,,,NA,turn and lift,yes,NA,yes,NA,yes,NA,small corer,yes,NA,no,stones,yes,serrated,16,,16,,turn and lift,no,,NA,NA,NA,,NA,1,
14/03/2024,SE09-X-40,SE09,Sample location delocated to a 10km square (see metadata),400000,490000,405000,495000,1,85,28,yes,yes,0,,13,,0,,8.1,,yes,NA,2,,20,,2,,,NA,,NA,,NA,,NA,,NA,,NA,,NA,,NA,20,,2,,yes,serrated,serrated,0,,43,,,NA,turn and lift,yes,NA,yes,NA,yes,NA,small corer,yes,NA,no,stones,yes,serrated,17,,17,,turn and lift,no,,NA,NA,NA,,NA,1,
02/05/2023,SE15-X-46,SE15,Sample location delocated to a 10km square (see metadata),410000,450000,415000,455000,2,50,11,yes,no,0,,13,,13,,9.6,,yes,NA,1,,10,,1.5,,30,,2.5,,,NA,,NA,,NA,,NA,,NA,,NA,30,,2.2,,yes,normal,normal,0,,44,,44,,turn and lift,yes,NA,yes,NA,yes,NA,small corer,yes,NA,yes,NA,yes,normal,18,,18,,turn and lift,NULL,,NULL,NULL,NULL,,NULL,,NULL
02/05/2023,SE15-X-46,SE15,Sample location delocated to a 10km square (see metadata),410000,450000,415000,455000,2,50,46,yes,no,0,,7,,5,,9.4,,yes,NA,1,,12,,1.5,,30,,2,,,NA,,NA,,NA,,NA,,NA,,NA,30,,1.8,,yes,normal,normal,0,,47,,47,,turn and lift,yes,NA,yes,NA,yes,NA,small corer,yes,NA,yes,partial - hit rock,yes,normal,16,,16,,turn and lift,NULL,,NULL,NULL,NULL,,NULL,,NULL
02/05/2023,SE15-X-46,SE15,Sample location delocated to a 10km square (see metadata),410000,450000,415000,455000,2,50,59,yes,no,0,,9,,7,,9.5,,yes,NA,1,,8,,1.5,,20,,2,,30,,2.5,,,NA,,NA,,NA,,NA,30,,2,,yes,normal,normal,0,,43,,43,,turn and lift,yes,NA,yes,NA,yes,NA,small corer,yes,NA,yes,NA,yes,normal,18.5,,18.5,,turn and lift,NULL,,NULL,NULL,NULL,,NULL,,NULL
02/05/2023,SE15-X-46,SE15,Sample location delocated to a 10km square (see metadata),410000,450000,415000,455000,2,50,28,yes,no,0,,13,,14,,9.6,,yes,NA,1,,8,,2,,30,,3,,,NA,,NA,,NA,,NA,,NA,,NA,30,,2.7,,yes,normal,normal,0,,45,,45,,turn and lift,yes,NA,yes,NA,yes,NA,small corer,yes,NA,yes,NA,yes,normal,16.5,,16.5,,turn and lift,NULL,,NULL,NULL,NULL,,NULL,,NULL
03/05/2023,SE15-X-46,SE15,Sample location delocated to a 10km square (see metadata),410000,450000,415000,455000,4,85,46,no,no,0,,8,,1,,9.2,,yes,NA,,NULL,20,,1,,30,,1.5,,,NA,,NA,,NA,,NA,,NA,,NA,30,,1.2,,yes,serrated,normal,0,,46,,46,,turn and lift,yes,NA,yes,NA,yes,NA,small corer,yes,NA,yes,NA,yes,serrated,18,,18,,turn and lift,NULL,,NULL,NULL,NULL,,NULL,,NULL
03/05/2023,SE15-X-46,SE15,Sample location delocated to a 10km square (see metadata),410000,450000,415000,455000,4,85,11,no,no,0,,6,,7,,10.3,,yes,NA,2,,19,,1,,30,,1.5,,,NA,,NA,,NA,,NA,,NA,,NA,30,,1.2,,yes,serrated,normal,1,,48,,48,,turn and lift,yes,NA,yes,NA,yes,NA,small corer,yes,NA,yes,NA,yes,serrated,20,,20,,turn and lift,NULL,,NULL,NULL,NULL,,NULL,,NULL
04/05/2023,SE15-X-46,SE15,Sample location delocated to a 10km square (see metadata),410000,450000,415000,455000,3,96,11,no,no,0,,0,,0,,7.6,,yes,NA,2,,7,,1,,30,,4.5,,,NA,,NA,,NA,,NA,,NA,,NA,30,,3.7,,yes,normal,normal,4,,47,,47,,turn and lift,yes,NA,yes,NA,yes,NA,small corer,yes,NA,yes,NA,yes,normal,18,,18,,turn and lift,NULL,,NULL,NULL,NULL,,NULL,,NULL
04/05/2023,SE15-X-46,SE15,Sample location delocated to a 10km square (see metadata),410000,450000,415000,455000,3,96,46,no,no,0,,0,,0,,7.6,,yes,NA,2,,6,,1,,30,,3,,,NA,,NA,,NA,,NA,,NA,,NA,30,,2.6,,yes,normal,normal,2,,47,,47,,dig and tip,yes,NA,yes,NA,yes,NA,small corer,yes,NA,yes,NA,yes,normal,17,,17,,turn and lift,NULL,,NULL,NULL,NULL,,NULL,,NULL
04/05/2023,SE15-X-46,SE15,Sample location delocated to a 10km square (see metadata),410000,450000,415000,455000,3,96,59,no,no,0,,0,,0,,8.2,,yes,NA,2,,30,,2,,,NA,,NA,,NA,,NA,,NA,,NA,,NA,,NA,30,,2,,yes,normal,serrated,5,,47,,47,,dig and tip,yes,NA,yes,NA,yes,NA,small corer,yes,NA,yes,NA,yes,serrated,17,,17,,turn and lift,NULL,,NULL,NULL,NULL,,NULL,,NULL
03/05/2023,SE15-X-46,SE15,Sample location delocated to a 10km square (see metadata),410000,450000,415000,455000,4,85,28,no,yes,0,,7,,3,,8.7,,yes,NA,2,,25,,1,,30,,2,,,NA,,NA,,NA,,NA,,NA,,NA,30,,1.2,,yes,serrated,normal,0,,46,,,NA,turn and lift,yes,NA,yes,NA,yes,NA,small corer,yes,NA,yes,NA,yes,serrated,18,,18,,turn and lift,NULL,,NULL,NULL,NULL,,NULL,,NULL
04/05/2023,SE15-X-46,SE15,Sample location delocated to a 10km square (see metadata),410000,450000,415000,455000,4,85,59,no,no,0,,2,,1,,9,,yes,NA,2,,22,,1,,30,,2,,,NA,,NA,,NA,,NA,,NA,,NA,30,,1.3,,yes,serrated,normal,0,,46,,46,,turn and lift,yes,NA,yes,NA,yes,NA,small corer,yes,NA,yes,NA,yes,serrated,18,,18,,turn and lift,NULL,,NULL,NULL,NULL,,NULL,,NULL
04/05/2023,SE15-X-46,SE15,Sample location delocated to a 10km square (see metadata),410000,450000,415000,455000,3,96,28,no,no,0,,0,,0,,8.2,,yes,NA,2,,24,,1,,30,,2,,,NA,,NA,,NA,,NA,,NA,,NA,30,,1.2,,yes,serrated,serrated,0,,46,,46,,dig and tip,yes,NA,yes,NA,yes,NA,small corer,yes,NA,yes,NA,yes,serrated,18,,18,,dig and tip,NULL,,NULL,NULL,NULL,,NULL,,NULL
10/05/2023,SE27-X-41,SE27,Sample location delocated to a 10km square (see metadata),420000,470000,425000,475000,5,101,11,no,no,0,,1,,1,,12.7,,yes,NA,2,,8,,1.5,,30,,,NULL,,NA,,NA,,NA,,NA,,NA,,NA,30,,,NULL,yes,normal,normal,0,,45,,45,,turn and lift,yes,NA,yes,NA,yes,NA,small corer,yes,NA,yes,NA,yes,normal,18,,18,,turn and lift,NULL,,NULL,NULL,NULL,,NULL,,NULL
10/05/2023,SE27-X-41,SE27,Sample location delocated to a 10km square (see metadata),420000,470000,425000,475000,5,101,28,no,no,0,,3,,1,,12.8,,yes,NA,2,,3,,1,,30,,3,,,NA,,NA,,NA,,NA,,NA,,NA,30,,2.8,,yes,normal,normal,1,,25,,25,,turn and lift,yes,NA,no,shallow_soil,no,shallow_soil,small corer,yes,NA,yes,NA,yes,normal,18.5,,18.5,,turn and lift,NULL,,NULL,NULL,NULL,,NULL,,NULL
10/05/2023,SE27-X-41,SE27,Sample location delocated to a 10km square (see metadata),420000,470000,425000,475000,5,101,46,yes,no,3,,2,,0,,13.2,,yes,NA,2,,14,,1,,30,,2,,,NA,,NA,,NA,,NA,,NA,,NA,30,,1.5,,yes,normal,normal,0,,43,,43,,turn and lift,yes,NA,yes,NA,yes,NA,small corer,yes,NA,yes,NA,yes,normal,19,,19,,turn and lift,NULL,,NULL,NULL,NULL,,NULL,,NULL
10/05/2023,SE27-X-41,SE27,Sample location delocated to a 10km square (see metadata),420000,470000,425000,475000,5,101,59,yes,no,0,,5,,2,,11.7,,yes,NA,2,,15,,1,,30,,2,,,NA,,NA,,NA,,NA,,NA,,NA,30,,1.5,,yes,normal,normal,0,,47,,47,,dig and tip,yes,NA,yes,NA,yes,NA,small corer,yes,NA,yes,NA,yes,normal,17,,17,,turn and lift,NULL,,NULL,NULL,NULL,,NULL,,NULL
27/02/2024,SE40-X-23,SE40,Sample location delocated to a 10km square (see metadata),440000,400000,445000,405000,2,85,11,no,no,0,,2,,1,,4,,yes,NA,1,,30,,3,,,NA,,NA,,NA,,NA,,NA,,NA,,NA,,NA,30,,3,,yes,normal,normal,0,,47,,,NA,turn and lift,yes,NA,yes,NA,yes,NA,small corer,yes,NA,yes,NA,yes,normal,17,,17,,turn and lift,no,,NA,NA,NA,,NA,1,
27/02/2024,SE40-X-23,SE40,Sample location delocated to a 10km square (see metadata),440000,400000,445000,405000,2,85,46,no,no,0,,3,,0,,4.2,,yes,NA,1,,30,,2.5,,,NA,,NA,,NA,,NA,,NA,,NA,,NA,,NA,30,,2.5,,yes,normal,normal,0,,46,,,NA,turn and lift,yes,NA,yes,NA,yes,NA,small corer,yes,NA,yes,NA,yes,normal,20,,20,,turn and lift,no,,NA,NA,NA,,NA,1,
27/02/2024,SE40-X-23,SE40,Sample location delocated to a 10km square (see metadata),440000,400000,445000,405000,2,85,59,no,no,2,,4,,0,,4.1,,yes,NA,1,,30,,2,,,NA,,NA,,NA,,NA,,NA,,NA,,NA,,NA,30,,2,,yes,normal,normal,0,,45,,,NA,turn and lift,yes,NA,yes,NA,yes,NA,small corer,yes,NA,yes,NA,yes,normal,18,,18,,turn and lift,no,,NA,NA,NA,,NA,1,
27/02/2024,SE40-X-23,SE40,Sample location delocated to a 10km square (see metadata),440000,400000,445000,405000,2,85,28,yes,yes,0,,13,,0,,3.9,,yes,NA,1,,25,,3,,,NA,,NA,,NA,,NA,,NA,,NA,,NA,,NA,25,,3,,yes,normal,normal,0,,46,,,NA,turn and lift,yes,NA,yes,NA,yes,NA,small corer,yes,NA,yes,NA,yes,normal,17,,17,,turn and lift,no,,NA,NA,NA,,NA,1,
27/02/2024,SE40-X-23,SE40,Sample location delocated to a 10km square (see metadata),440000,400000,445000,405000,5,79,11,yes,no,0,,4,,0,,3.7,,yes,NA,1,,30,,2.5,,,NA,,NA,,NA,,NA,,NA,,NA,,NA,,NA,30,,2.5,,yes,normal,normal,0,,45,,,NA,turn and lift,yes,NA,yes,NA,yes,NA,small corer,yes,NA,yes,NA,yes,normal,17,,17,,turn and lift,no,,NA,NA,NA,,NA,1,
27/02/2024,SE40-X-23,SE40,Sample location delocated to a 10km square (see metadata),440000,400000,445000,405000,5,79,46,yes,yes,0,,4,,0,,3.7,,yes,NA,,NULL,30,,2.5,,,NA,,NA,,NA,,NA,,NA,,NA,,NA,,NA,30,,2.5,,yes,normal,normal,0,,45,,,NA,turn and lift,yes,NA,yes,NA,yes,NA,small corer,yes,NA,yes,NA,yes,normal,19.5,,19.5,,turn and lift,no,,NA,NA,NA,,NA,1,
27/02/2024,SE40-X-23,SE40,Sample location delocated to a 10km square (see metadata),440000,400000,445000,405000,5,79,59,yes,no,0,,1,,0,,3.7,,yes,NA,1,,25,,2.5,,,NA,,NA,,NA,,NA,,NA,,NA,,NA,,NA,25,,2.5,,yes,normal,normal,0,,42,,,NA,turn and lift,yes,NA,yes,NA,yes,NA,small corer,yes,NA,yes,NA,yes,normal,17,,17,,turn and lift,no,,NA,NA,NA,,NA,1,
27/02/2024,SE40-X-23,SE40,Sample location delocated to a 10km square (see metadata),440000,400000,445000,405000,5,79,28,no,no,0,,0,,0,,3.8,,yes,NA,1,,30,,3.5,,,NA,,NA,,NA,,NA,,NA,,NA,,NA,,NA,30,,3.5,,yes,normal,normal,0,,43,,,NA,turn and lift,yes,NA,yes,NA,yes,NA,small corer,yes,NA,yes,NA,yes,normal,16,,16,,turn and lift,no,,NA,NA,NA,,NA,1,
28/02/2024,SE40-X-23,SE40,Sample location delocated to a 10km square (see metadata),440000,400000,445000,405000,1,85,11,no,no,0,,2,,0,,4.5,,yes,NA,1,,30,,2.5,,,NA,,NA,,NA,,NA,,NA,,NA,,NA,,NA,30,,2.5,,yes,normal,normal,0,,41,,,NA,turn and lift,yes,NA,yes,NA,yes,NA,small corer,yes,NA,yes,NA,yes,normal,16,,16,,turn and lift,no,,NA,NA,NA,,NA,1,
28/02/2024,SE40-X-23,SE40,Sample location delocated to a 10km square (see metadata),440000,400000,445000,405000,1,85,46,no,no,0,,0,,0,,4.1,,yes,NA,1,,30,,2,,,NA,,NA,,NA,,NA,,NA,,NA,,NA,,NA,30,,2,,yes,normal,normal,0,,43,,,NA,turn and lift,yes,NA,yes,NA,yes,NA,small corer,yes,NA,yes,NA,yes,normal,16,,16,,turn and lift,no,,NA,NA,NA,,NA,1,
28/02/2024,SE40-X-23,SE40,Sample location delocated to a 10km square (see metadata),440000,400000,445000,405000,1,85,59,no,no,0,,1,,0,,4.7,,yes,NA,1,,30,,2,,,NA,,NA,,NA,,NA,,NA,,NA,,NA,,NA,30,,2,,yes,normal,normal,0,,44,,,NA,turn and lift,yes,NA,yes,NA,yes,NA,small corer,yes,NA,yes,NA,yes,normal,18,,18,,turn and lift,no,,NA,NA,NA,,NA,1,
28/02/2024,SE40-X-23,SE40,Sample location delocated to a 10km square (see metadata),440000,400000,445000,405000,1,85,28,no,no,0,,1,,0,,4.4,,yes,NA,1,,30,,3,,,NA,,NA,,NA,,NA,,NA,,NA,,NA,,NA,30,,3,,yes,normal,normal,0,,42,,,NA,turn and lift,yes,NA,yes,NA,yes,NA,small corer,yes,NA,yes,NA,yes,normal,17,,17,,turn and lift,no,,NA,NA,NA,,NA,1,
26/02/2024,SE44-X-57,SE44,Sample location delocated to a 10km square (see metadata),440000,440000,445000,445000,4,84,29,no,no,0,,7,,2,,5.5,,yes,NA,1,,20,,3,,,NA,,NA,,NA,,NA,,NA,,NA,,NA,,NA,20,,3,,yes,normal,normal,0,,43,,43,,turn and lift,yes,NA,yes,NA,yes,NA,small corer,yes,NA,yes,NA,yes,normal,20,,20,,turn and lift,NULL,,NULL,NULL,NULL,,NULL,,NULL
13/03/2024,SE44-X-57,SE44,Sample location delocated to a 10km square (see metadata),440000,440000,445000,445000,5,73,19,yes,no,0,,8,,4,,8.7,,yes,NA,,NULL,26,,2.5,,,NA,,NA,,NA,,NA,,NA,,NA,,NA,,NA,26,,2.5,,yes,normal,normal,0,,40,,40,,turn and lift,yes,NA,yes,NA,yes,NA,small corer,yes,NA,yes,NA,yes,normal,17.8,,17.8,,turn and lift,NULL,,NULL,NULL,NULL,,NULL,,NULL
13/03/2024,SE44-X-57,SE44,Sample location delocated to a 10km square (see metadata),440000,440000,445000,445000,5,73,28,no,no,0,,5,,0,,9.4,,yes,NA,1,,30,,2.5,,,NA,,NA,,NA,,NA,,NA,,NA,,NA,,NA,30,,2.5,,yes,normal,normal,0,,43,,43,,turn and lift,yes,NA,yes,NA,yes,NA,small corer,yes,NA,yes,NA,yes,normal,17,,17,,turn and lift,NULL,,NULL,NULL,NULL,,NULL,,NULL
13/03/2024,SE44-X-57,SE44,Sample location delocated to a 10km square (see metadata),440000,440000,445000,445000,5,73,59,no,no,0,,1,,0,,10.3,,yes,NA,1,,30,,2.5,,,NA,,NA,,NA,,NA,,NA,,NA,,NA,,NA,30,,2.5,,yes,normal,normal,0,,42.9,,,NA,turn and lift,yes,NA,yes,NA,yes,NA,small corer,yes,NA,yes,NA,yes,normal,16.5,,16.5,,turn and lift,NULL,,NULL,NULL,NULL,,NULL,,NULL
13/03/2024,SE44-X-57,SE44,Sample location delocated to a 10km square (see metadata),440000,440000,445000,445000,5,73,46,no,no,0,,2,,0,,10.7,,yes,NA,,NULL,30,,2.5,,,NA,,NA,,NA,,NA,,NA,,NA,,NA,,NA,30,,2.5,,yes,normal,normal,0,,43,,43,,turn and lift,yes,NA,yes,NA,yes,NA,small corer,yes,NA,yes,NA,yes,normal,17,,17,,turn and lift,NULL,,NULL,NULL,NULL,,NULL,,NULL
28/02/2024,SE44-X-57,SE44,Sample location delocated to a 10km square (see metadata),440000,440000,445000,445000,1,85,46,no,yes,1,,11,,0,,5.9,,yes,NA,2,,30,,1.5,,,NA,,NA,,NA,,NA,,NA,,NA,,NA,,NA,30,,1.5,,yes,normal,normal,0,,43.5,,43.5,,turn and lift,yes,NA,yes,NA,yes,NA,small corer,yes,NA,yes,NA,yes,normal,17.5,,17.5,,turn and lift,NULL,,NULL,NULL,NULL,,NULL,,NULL
26/02/2024,SE44-X-57,SE44,Sample location delocated to a 10km square (see metadata),440000,440000,445000,445000,4,84,46,no,no,0,,12,,5,,5.6,,yes,NA,1,,20,,3,,,NA,,NA,,NA,,NA,,NA,,NA,,NA,,NA,20,,3,,yes,normal,normal,0,,44,,44,,turn and lift,yes,NA,yes,NA,yes,NA,small corer,yes,NA,yes,NA,yes,normal,16.5,,16.5,,turn and lift,NULL,,NULL,NULL,NULL,,NULL,,NULL
28/02/2024,SE44-X-57,SE44,Sample location delocated to a 10km square (see metadata),440000,440000,445000,445000,1,85,28,no,yes,0,,10,,1,,5.3,,yes,NA,2,,30,,1.5,,,NA,,NA,,NA,,NA,,NA,,NA,,NA,,NA,30,,1.5,,yes,normal,normal,0,,42.5,,42.5,,turn and lift,yes,NA,yes,NA,yes,NA,small corer,yes,NA,yes,NA,yes,normal,18.5,,18.5,,turn and lift,NULL,,NULL,NULL,NULL,,NULL,,NULL
28/02/2024,SE44-X-57,SE44,Sample location delocated to a 10km square (see metadata),440000,440000,445000,445000,1,85,59,no,yes,1,,6,,0,,5.3,,yes,NA,2,,30,,1.5,,,NA,,NA,,NA,,NA,,NA,,NA,,NA,,NA,30,,1.5,,yes,normal,normal,0,,44.5,,44.5,,turn and lift,yes,NA,yes,NA,yes,NA,small corer,yes,NA,yes,NA,yes,normal,19.6,,19.6,,turn and lift,NULL,,NULL,NULL,NULL,,NULL,,NULL
28/02/2024,SE44-X-57,SE44,Sample location delocated to a 10km square (see metadata),440000,440000,445000,445000,1,85,11,no,no,0,,7,,1,,5.4,,yes,NA,2,,30,,1.5,,,NA,,NA,,NA,,NA,,NA,,NA,,NA,,NA,30,,1.5,,yes,repacked (no tip),normal,0,,42,,42,,turn and lift,yes,NA,yes,NA,yes,NA,small corer,yes,NA,yes,NA,yes,normal,19.5,,19.5,,turn and lift,NULL,,NULL,NULL,NULL,,NULL,,NULL
26/02/2024,SE44-X-57,SE44,Sample location delocated to a 10km square (see metadata),440000,440000,445000,445000,4,84,59,yes,no,0,,9,,3,,5.7,,yes,NA,1,,20,,2,,,NA,,NA,,NA,,NA,,NA,,NA,,NA,,NA,20,,2,,yes,normal,normal,0,,43,,43,,dig and tip,yes,NA,no,NULL,yes,NA,small corer,yes,NA,yes,NA,yes,normal,18,,18,,turn and lift,NULL,,NULL,NULL,NULL,,NULL,,NULL
26/02/2024,SE44-X-57,SE44,Sample location delocated to a 10km square (see metadata),440000,440000,445000,445000,4,84,11,no,no,0,,14,,7,,5.5,,yes,NA,1,,20,,2,,,NA,,NA,,NA,,NA,,NA,,NA,,NA,,NA,20,,2,,yes,normal,normal,0,,40,,40,,turn and lift,yes,NA,yes,NA,yes,NA,small corer,yes,NA,yes,NA,yes,normal,18.5,,18.5,,turn and lift,NULL,,NULL,NULL,NULL,,NULL,,NULL
25/10/2023,SE46-X-14,SE46,Sample location delocated to a 10km square (see metadata),440000,460000,445000,465000,2,85,11,no,no,0,,8,,1,,9.1,,yes,NA,3,,25,,5,,,NA,,NA,,NA,,NA,,NA,,NA,,NA,,NA,25,,5,,yes,normal,normal,0,,44,,,NA,dig and tip,yes,NA,yes,NA,yes,NA,small corer,yes,NA,yes,NA,yes,normal,20,,20,,turn and lift,no,,NA,NA,NA,,NA,1,
25/10/2023,SE46-X-14,SE46,Sample location delocated to a 10km square (see metadata),440000,460000,445000,465000,2,85,46,no,no,0,,11,,3,,9,,yes,NA,3,,25,,5,,,NA,,NA,,NA,,NA,,NA,,NA,,NA,,NA,25,,5,,yes,normal,normal,0,,40,,,NA,dig and tip,yes,NA,yes,NA,no,too_wet,small corer,yes,NA,yes,NA,yes,normal,21,,21,,turn and lift,no,,NA,NA,NA,,NA,1,
25/10/2023,SE46-X-14,SE46,Sample location delocated to a 10km square (see metadata),440000,460000,445000,465000,2,85,59,no,no,0,,10,,2,,9.1,,yes,NA,3,,20,,5,,,NA,,NA,,NA,,NA,,NA,,NA,,NA,,NA,20,,5,,yes,normal,normal,0,,47,,,NA,turn and lift,yes,NA,yes,NA,yes,NA,small corer,yes,NA,yes,NA,yes,normal,21,,21,,turn and lift,no,,NA,NA,NA,,NA,1,
25/10/2023,SE46-X-14,SE46,Sample location delocated to a 10km square (see metadata),440000,460000,445000,465000,2,85,28,no,no,0,,1,,0,,9.3,,yes,NA,3,,20,,4.5,,,NA,,NA,,NA,,NA,,NA,,NA,,NA,,NA,20,,4.5,,yes,normal,normal,0,,46,,,NA,turn and lift,yes,NA,yes,NA,yes,NA,small corer,yes,NA,yes,NA,yes,normal,17,,17,,turn and lift,no,,NA,NA,NA,,NA,1,
25/10/2023,SE46-X-14,SE46,Sample location delocated to a 10km square (see metadata),440000,460000,445000,465000,3,72,11,no,no,0,,0,,0,,10.3,,yes,NA,1,,30,,3.5,,,NA,,NA,,NA,,NA,,NA,,NA,,NA,,NA,30,,3.5,,yes,normal,normal,0,,43,,,NA,turn and lift,yes,NA,yes,NA,yes,NA,small corer,yes,NA,yes,NA,yes,normal,17,,17,,dig and tip,no,,NA,NA,NA,,NA,1,
25/10/2023,SE46-X-14,SE46,Sample location delocated to a 10km square (see metadata),440000,460000,445000,465000,3,72,46,no,no,0,,0,,0,,9.9,,yes,NA,1,,30,,3,,,NA,,NA,,NA,,NA,,NA,,NA,,NA,,NA,30,,3,,yes,normal,normal,0,,42,,,NA,turn and lift,yes,NA,yes,NA,yes,NA,small corer,yes,NA,yes,NA,yes,normal,17,,17,,dig and tip,no,,NA,NA,NA,,NA,1,
25/10/2023,SE46-X-14,SE46,Sample location delocated to a 10km square (see metadata),440000,460000,445000,465000,3,72,59,no,no,0,,3,,0,,10.2,,yes,NA,,NULL,30,,2.5,,,NA,,NA,,NA,,NA,,NA,,NA,,NA,,NA,30,,2.5,,yes,normal,normal,0,,46,,,NA,turn and lift,yes,NA,yes,NA,yes,NA,small corer,yes,NA,yes,NA,yes,normal,18,,18,,turn and lift,no,,NA,NA,NA,,NA,1,
25/10/2023,SE46-X-14,SE46,Sample location delocated to a 10km square (see metadata),440000,460000,445000,465000,3,72,28,no,no,0,,0,,0,,10.3,,yes,NA,1,,30,,2.5,,,NA,,NA,,NA,,NA,,NA,,NA,,NA,,NA,30,,2.5,,yes,normal,normal,0,,46,,,NA,turn and lift,yes,NA,yes,NA,yes,NA,small corer,yes,NA,yes,NA,yes,normal,17,,17,,turn and lift,no,,NA,NA,NA,,NA,1,
05/07/2023,SE50-X-87,SE50,Sample location delocated to a 10km square (see metadata),450000,400000,455000,405000,2,61,11,no,no,0,,2,,0,,15.8,,yes,NA,1,,10,,1,,30,,4.5,,,NA,,NA,,NA,,NA,,NA,,NA,30,,3.3,,yes,normal,normal,0,,40,,40,,turn and lift,yes,NA,yes,NA,yes,NA,small corer,yes,NA,yes,NA,yes,normal,17,,17,,turn and lift,NULL,,NULL,NULL,NULL,,NULL,,NULL
05/07/2023,SE50-X-87,SE50,Sample location delocated to a 10km square (see metadata),450000,400000,455000,405000,2,61,28,no,no,0,,2,,0,,15.6,,yes,NA,2,,10,,1,,30,,4.5,,,NA,,NA,,NA,,NA,,NA,,NA,30,,3.3,,yes,normal,normal,0,,43,,43,,turn and lift,yes,NA,yes,NA,yes,NA,small corer,yes,NA,yes,NA,yes,normal,17,,17,,turn and lift,NULL,,NULL,NULL,NULL,,NULL,,NULL
05/07/2023,SE50-X-87,SE50,Sample location delocated to a 10km square (see metadata),450000,400000,455000,405000,2,61,59,no,no,0,,1,,0,,16.3,,yes,NA,2,,3,,1,,30,,5,,,NA,,NA,,NA,,NA,,NA,,NA,30,,4.6,,yes,normal,normal,0,,43,,43,,turn and lift,yes,NA,yes,NA,yes,NA,small corer,yes,NA,yes,NA,yes,normal,17,,17,,turn and lift,NULL,,NULL,NULL,NULL,,NULL,,NULL
05/07/2023,SE50-X-87,SE50,Sample location delocated to a 10km square (see metadata),450000,400000,455000,405000,2,61,46,no,no,0,,1,,0,,16.5,,yes,NA,2,,2,,1.5,,30,,5,,,NA,,NA,,NA,,NA,,NA,,NA,30,,4.8,,yes,normal,normal,0,,42,,42,,turn and lift,yes,NA,yes,NA,yes,NA,small corer,yes,NA,yes,NA,yes,normal,17,,17,,turn and lift,NULL,,NULL,NULL,NULL,,NULL,,NULL
14/11/2023,SE50-X-87,SE50,Sample location delocated to a 10km square (see metadata),450000,400000,455000,405000,4,85,11,no,no,0,,6,,0,,8.2,,yes,NA,3,,30,,4.5,,,NA,,NA,,NA,,NA,,NA,,NA,,NA,,NA,30,,4.5,,yes,normal,normal,0,,45,,,NA,turn and lift,yes,NA,yes,NA,yes,NA,small corer,yes,NA,yes,NA,yes,normal,18,,18,,turn and lift,no,,NA,NA,NA,,NA,1,
14/11/2023,SE50-X-87,SE50,Sample location delocated to a 10km square (see metadata),450000,400000,455000,405000,4,85,46,no,no,0,,8,,6,,9,,yes,NA,2,,30,,1.5,,,NA,,NA,,NA,,NA,,NA,,NA,,NA,,NA,30,,1.5,,yes,normal,normal,0,,44,,,NA,turn and lift,yes,NA,yes,NA,yes,NA,small corer,yes,NA,yes,NA,yes,normal,17,,17,,turn and lift,no,,NA,NA,NA,,NA,1,
14/11/2023,SE50-X-87,SE50,Sample location delocated to a 10km square (see metadata),450000,400000,455000,405000,4,85,59,no,no,0,,9,,0,,9.1,,yes,NA,,NULL,27,,1.5,,30,,3.5,,,NA,,NA,,NA,,NA,,NA,,NA,30,,1.7,,yes,normal,normal,0,,44,,,NA,turn and lift,yes,NA,yes,NA,yes,NA,small corer,yes,NA,yes,NA,yes,normal,17,,17,,turn and lift,no,,NA,NA,NA,,NA,1,
14/11/2023,SE50-X-87,SE50,Sample location delocated to a 10km square (see metadata),450000,400000,455000,405000,4,85,28,no,no,0,,5,,0,,9.2,,yes,NA,1,,30,,1.5,,,NA,,NA,,NA,,NA,,NA,,NA,,NA,,NA,30,,1.5,,yes,normal,normal,0,,44,,,NA,turn and lift,yes,NA,yes,NA,yes,NA,small corer,yes,NA,yes,NA,yes,normal,19,,19,,turn and lift,no,,NA,NA,NA,,NA,1,
15/11/2023,SE50-X-87,SE50,Sample location delocated to a 10km square (see metadata),450000,400000,455000,405000,5,32,11,no,no,0,,4,,0,,9.2,,yes,NA,1,,22,,1.5,,30,,4.5,,,NA,,NA,,NA,,NA,,NA,,NA,30,,2.3,,yes,normal,normal,0,,45,,,NA,turn and lift,yes,NA,yes,NA,yes,NA,small corer,yes,NA,yes,NA,yes,normal,22,,22,,turn and lift,no,,NA,NA,NA,,NA,1,
15/11/2023,SE50-X-87,SE50,Sample location delocated to a 10km square (see metadata),450000,400000,455000,405000,5,32,46,no,no,0,,3,,0,,9.1,,yes,NA,1,,16,,1.5,,30,,4.5,,,NA,,NA,,NA,,NA,,NA,,NA,30,,2.9,,yes,normal,normal,0,,43,,,NA,turn and lift,yes,NA,yes,NA,yes,NA,small corer,yes,NA,yes,NA,yes,normal,17,,17,,turn and lift,no,,NA,NA,NA,,NA,1,
15/11/2023,SE50-X-87,SE50,Sample location delocated to a 10km square (see metadata),450000,400000,455000,405000,5,32,59,no,no,0,,0,,0,,9.3,,yes,NA,1,,19,,1.5,,30,,4.5,,,NA,,NA,,NA,,NA,,NA,,NA,30,,2.6,,yes,normal,normal,0,,45,,,NA,turn and lift,yes,NA,yes,NA,yes,NA,small corer,yes,NA,yes,NA,yes,normal,19,,19,,turn and lift,no,,NA,NA,NA,,NA,1,
15/11/2023,SE50-X-87,SE50,Sample location delocated to a 10km square (see metadata),450000,400000,455000,405000,5,32,28,no,no,0,,2,,0,,9.5,,yes,NA,3,,15,,1,,30,,4,,,NA,,NA,,NA,,NA,,NA,,NA,30,,2.5,,yes,normal,normal,0,,43,,,NA,turn and lift,yes,NA,yes,NA,yes,NA,small corer,yes,NA,yes,NA,yes,normal,17,,17,,turn and lift,no,,NA,NA,NA,,NA,1,
29/02/2024,SE60-X-43,SE60,Sample location delocated to a 10km square (see metadata),460000,400000,465000,405000,1,99,11,yes,no,0,,13,,1,,6.2,,yes,NA,2,,30,,2,,,NA,,NA,,NA,,NA,,NA,,NA,,NA,,NA,30,,2,,yes,normal,normal,0,,47,,,NA,turn and lift,yes,NA,yes,NA,yes,NA,small corer,yes,NA,yes,NA,yes,normal,20,,20,,turn and lift,no,,NA,NA,NA,,NA,1,
29/02/2024,SE60-X-43,SE60,Sample location delocated to a 10km square (see metadata),460000,400000,465000,405000,1,99,28,yes,yes,1,,19,,0,,6.2,,yes,NA,2,,30,,2,,,NA,,NA,,NA,,NA,,NA,,NA,,NA,,NA,30,,2,,yes,normal,normal,0,,48,,,NA,turn and lift,yes,NA,yes,NA,yes,NA,small corer,yes,NA,yes,NA,yes,normal,20,,20,,turn and lift,no,,NA,NA,NA,,NA,1,
29/02/2024,SE60-X-43,SE60,Sample location delocated to a 10km square (see metadata),460000,400000,465000,405000,1,99,46,no,no,0,,6,,0,,6.2,,yes,NA,2,,30,,2,,,NA,,NA,,NA,,NA,,NA,,NA,,NA,,NA,30,,2,,yes,normal,normal,0,,47,,,NA,turn and lift,yes,NA,yes,NA,yes,NA,small corer,yes,NA,yes,NA,yes,normal,20,,20,,turn and lift,no,,NA,NA,NA,,NA,1,
29/02/2024,SE60-X-43,SE60,Sample location delocated to a 10km square (see metadata),460000,400000,465000,405000,1,99,59,no,yes,2,,30,,6,,6.2,,yes,NA,,NULL,30,,2,,,NA,,NA,,NA,,NA,,NA,,NA,,NA,,NA,30,,2,,yes,normal,normal,0,,47,,,NA,turn and lift,yes,NA,yes,NA,yes,NA,small corer,yes,NA,yes,NA,yes,repacked (no tip),20,,20,,turn and lift,no,,NA,NA,NA,,NA,1,
01/03/2024,SE60-X-43,SE60,Sample location delocated to a 10km square (see metadata),460000,400000,465000,405000,4,85,11,no,no,0,,0,,0,,6.1,,yes,NA,2,,30,,1.5,,,NA,,NA,,NA,,NA,,NA,,NA,,NA,,NA,30,,1.5,,yes,normal,normal,0,,50,,,NA,turn and lift,yes,NA,yes,NA,yes,NA,small corer,yes,NA,yes,NA,yes,normal,21,,21,,turn and lift,no,,NA,NA,NA,,NA,1,
01/03/2024,SE60-X-43,SE60,Sample location delocated to a 10km square (see metadata),460000,400000,465000,405000,4,85,28,no,no,0,,2,,0,,6.1,,yes,NA,2,,30,,1.5,,,NA,,NA,,NA,,NA,,NA,,NA,,NA,,NA,30,,1.5,,yes,normal,normal,0,,47,,,NA,turn and lift,yes,NA,yes,NA,yes,NA,small corer,yes,NA,yes,NA,yes,normal,20,,20,,turn and lift,no,,NA,NA,NA,,NA,1,
01/03/2024,SE60-X-43,SE60,Sample location delocated to a 10km square (see metadata),460000,400000,465000,405000,4,85,46,no,no,0,,3,,0,,6.1,,yes,NA,2,,30,,1.5,,,NA,,NA,,NA,,NA,,NA,,NA,,NA,,NA,30,,1.5,,yes,normal,normal,0,,47,,,NA,turn and lift,yes,NA,yes,NA,yes,NA,small corer,yes,NA,yes,NA,yes,normal,20,,20,,turn and lift,no,,NA,NA,NA,,NA,1,
01/03/2024,SE60-X-43,SE60,Sample location delocated to a 10km square (see metadata),460000,400000,465000,405000,4,85,59,no,no,0,,1,,0,,6.1,,yes,NA,2,,30,,1.5,,,NA,,NA,,NA,,NA,,NA,,NA,,NA,,NA,30,,1.5,,yes,normal,normal,0,,47,,,NA,turn and lift,yes,NA,yes,NA,yes,NA,small corer,yes,NA,yes,NA,yes,normal,20,,20,,turn and lift,no,,NA,NA,NA,,NA,1,
01/06/2023,SE78-X-35,SE78,Sample location delocated to a 10km square (see metadata),470000,480000,475000,485000,1,97,11,no,no,0,,1,,0,,15.1,,yes,NA,2,,7,,4,,20,,3,,,NA,,NA,,NA,,NA,,NA,,NA,20,,3.4,,yes,normal,normal,0,,43.5,,43.5,,turn and lift,yes,NA,yes,NA,yes,NA,small corer,yes,NA,no,stones and dry and hard soil,yes,normal,17,,17,,turn and lift,NULL,,NULL,NULL,NULL,,NULL,,NULL
01/06/2023,SE78-X-35,SE78,Sample location delocated to a 10km square (see metadata),470000,480000,475000,485000,1,97,46,no,no,0,,0,,0,,14.9,,yes,NA,,NULL,10,,4,,30,,3,,,NA,,NA,,NA,,NA,,NA,,NA,30,,3.3,,yes,normal,normal,0,,42,,42,,turn and lift,yes,NA,yes,NA,yes,NA,small corer,yes,NA,yes,partial - stones,yes,normal,17,,17,,turn and lift,NULL,,NULL,NULL,NULL,,NULL,,NULL
01/06/2023,SE78-X-35,SE78,Sample location delocated to a 10km square (see metadata),470000,480000,475000,485000,1,97,28,no,no,0,,0,,0,,15,,yes,NA,2,,9,,4,,30,,3,,,NA,,NA,,NA,,NA,,NA,,NA,30,,3.3,,yes,normal,normal,0,,44,,44,,turn and lift,yes,NA,yes,NA,yes,NA,small corer,yes,NA,yes,partial - stones,yes,normal,17,,17,,turn and lift,NULL,,NULL,NULL,NULL,,NULL,,NULL
01/06/2023,SE78-X-35,SE78,Sample location delocated to a 10km square (see metadata),470000,480000,475000,485000,1,97,59,no,no,0,,0,,0,,15.1,,yes,NA,2,,7,,3.5,,30,,2.5,,,NA,,NA,,NA,,NA,,NA,,NA,30,,2.7,,yes,normal,normal,0,,42,,42,,turn and lift,yes,NA,yes,NA,yes,NA,small corer,yes,NA,yes,partial - stones,yes,normal,20,,20,,turn and lift,NULL,,NULL,NULL,NULL,,NULL,,NULL
28/11/2023,SE86-X-22,SE86,Sample location delocated to a 10km square (see metadata),480000,460000,485000,465000,2,85,11,no,yes,3,,9,,1,,4.3,,yes,NA,2,,10,,1.5,,30,,1,,,NA,,NA,,NA,,NA,,NA,,NA,30,,1.2,,yes,normal,normal,0,,44,,,NA,turn and lift,yes,NA,yes,NA,yes,NA,large corer (tip same as ABC),yes,NA,yes,NA,yes,normal,18,,,NA,turn and lift,no,,NA,NA,NA,,NA,1,
28/11/2023,SE86-X-22,SE86,Sample location delocated to a 10km square (see metadata),480000,460000,485000,465000,2,85,28,no,yes,2,,6,,0,,4,,yes,NA,2,,10,,1.5,,30,,1,,,NA,,NA,,NA,,NA,,NA,,NA,30,,1.2,,yes,normal,normal,0,,47,,,NA,turn and lift,yes,NA,yes,NA,yes,NA,large corer (tip same as ABC),yes,NA,yes,NA,yes,normal,18,,18,,turn and lift,no,,NA,NA,NA,,NA,1,
28/11/2023,SE86-X-22,SE86,Sample location delocated to a 10km square (see metadata),480000,460000,485000,465000,2,85,46,no,yes,2,,15,,0,,3.9,,yes,NA,2,,10,,1.5,,30,,1,,,NA,,NA,,NA,,NA,,NA,,NA,30,,1.2,,yes,normal,normal,0,,46,,,NA,turn and lift,yes,NA,yes,NA,yes,NA,large corer (tip same as ABC),yes,NA,yes,NA,yes,normal,19,,19,,turn and lift,no,,NA,NA,NA,,NA,1,
28/11/2023,SE86-X-22,SE86,Sample location delocated to a 10km square (see metadata),480000,460000,485000,465000,2,85,59,no,yes,0,,9,,0,,3.8,,yes,NA,2,,8,,1.5,,30,,1,,,NA,,NA,,NA,,NA,,NA,,NA,30,,1.1,,yes,normal,normal,0,,42,,,NA,turn and lift,yes,NA,yes,NA,yes,NA,large corer (tip same as ABC),yes,NA,yes,NA,yes,normal,20,,20,,turn and lift,no,,NA,NA,NA,,NA,1,
29/11/2023,SE86-X-22,SE86,Sample location delocated to a 10km square (see metadata),480000,460000,485000,465000,1,85,11,no,yes,2,,9,,0,,3.3,,yes,NA,2,,10,,1,,20,,1.5,,30,,1,,,NA,,NA,,NA,,NA,30,,1.2,,yes,normal,normal,0,,47,,,NA,turn and lift,yes,NA,yes,NA,yes,NA,large corer (tip same as ABC),yes,NA,yes,NA,yes,normal,18,,18,,turn and lift,no,,NA,NA,NA,,NA,1,
29/11/2023,SE86-X-22,SE86,Sample location delocated to a 10km square (see metadata),480000,460000,485000,465000,1,85,28,no,yes,0,,24,,6,,3.3,,yes,NA,2,,10,,1,,20,,2,,30,,1,,,NA,,NA,,NA,,NA,30,,1.3,,yes,normal,normal,0,,48,,,NA,turn and lift,yes,NA,yes,NA,yes,NA,large corer (tip same as ABC),yes,NA,yes,NA,yes,normal,18,,18,,turn and lift,no,,NA,NA,NA,,NA,1,
29/11/2023,SE86-X-22,SE86,Sample location delocated to a 10km square (see metadata),480000,460000,485000,465000,1,85,46,no,yes,4,,10,,0,,3.5,,yes,NA,2,,20,,1,,,NA,,NA,,NA,,NA,,NA,,NA,,NA,,NA,20,,1,,yes,normal,normal,0,,48,,,NA,turn and lift,yes,NA,yes,NA,yes,NA,large corer (tip same as ABC),yes,NA,no,stones and hit chalk,yes,normal,18,,18,,turn and lift,no,,NA,NA,NA,,NA,1,
29/11/2023,SE86-X-22,SE86,Sample location delocated to a 10km square (see metadata),480000,460000,485000,465000,1,85,59,no,yes,4,,16,,0,,3.3,,yes,NA,2,,30,,1,,,NA,,NA,,NA,,NA,,NA,,NA,,NA,,NA,30,,1,,yes,normal,normal,0,,49,,,NA,turn and lift,yes,NA,yes,NA,yes,NA,large corer (tip same as ABC),yes,NA,yes,NA,yes,normal,19,,19,,turn and lift,no,,NA,NA,NA,,NA,1,
05/02/2024,SE91-X-53,SE91,Sample location delocated to a 10km square (see metadata),490000,410000,495000,415000,1,85,11,yes,no,0,,4,,0,,1.6,,yes,NA,,NULL,20,,4.5,,30,,5,,,NA,,NA,,NA,,NA,,NA,,NA,30,,4.7,,yes,serrated,serrated,0,,43,,,NA,turn and lift,yes,NA,yes,NA,yes,NA,small corer,yes,NA,yes,NA,yes,serrated,18,,18,,turn and lift,no,,NA,NA,NA,,NA,1,
05/02/2024,SE91-X-53,SE91,Sample location delocated to a 10km square (see metadata),490000,410000,495000,415000,1,85,28,yes,no,0,,5,,0,,1.8,,yes,NA,,NULL,30,,5,,,NA,,NA,,NA,,NA,,NA,,NA,,NA,,NA,30,,5,,yes,serrated,serrated,0,,44,,,NA,turn and lift,yes,NA,yes,NA,yes,NA,small corer,yes,NA,yes,NA,yes,serrated,17,,17,,turn and lift,no,,NA,NA,NA,,NA,1,
05/02/2024,SE91-X-53,SE91,Sample location delocated to a 10km square (see metadata),490000,410000,495000,415000,1,85,59,yes,no,0,,1,,0,,1.7,,yes,NA,,NULL,30,,5,,,NA,,NA,,NA,,NA,,NA,,NA,,NA,,NA,30,,5,,yes,serrated,serrated,0,,43,,,NA,turn and lift,yes,NA,yes,NA,yes,NA,small corer,yes,NA,yes,NA,yes,serrated,20,,,NA,turn and lift,no,,NA,NA,NA,,NA,1,
05/02/2024,SE91-X-53,SE91,Sample location delocated to a 10km square (see metadata),490000,410000,495000,415000,1,85,46,yes,no,0,,4,,0,,1.7,,yes,NA,,NULL,30,,5,,,NA,,NA,,NA,,NA,,NA,,NA,,NA,,NA,30,,5,,yes,serrated,serrated,0,,43,,,NA,turn and lift,yes,NA,yes,NA,yes,NA,small corer,yes,NA,yes,NA,yes,serrated,17,,17,,turn and lift,no,,NA,NA,NA,,NA,1,
06/02/2024,SE91-X-53,SE91,Sample location delocated to a 10km square (see metadata),490000,410000,495000,415000,2,85,11,no,no,0,,2,,0,,1.7,,yes,NA,,NULL,30,,5,,,NA,,NA,,NA,,NA,,NA,,NA,,NA,,NA,30,,5,,yes,serrated,serrated,0,,44,,,NA,turn and lift,yes,NA,yes,NA,yes,NA,small corer,yes,NA,yes,NA,yes,serrated,18,,18,,turn and lift,no,,NA,NA,NA,,NA,1,
06/02/2024,SE91-X-53,SE91,Sample location delocated to a 10km square (see metadata),490000,410000,495000,415000,2,85,28,no,no,0,,3,,0,,1.6,,yes,NA,,NULL,30,,5,,,NA,,NA,,NA,,NA,,NA,,NA,,NA,,NA,30,,5,,yes,serrated,serrated,0,,43,,,NA,turn and lift,yes,NA,yes,NA,yes,NA,small corer,yes,NA,yes,NA,yes,serrated,19,,19,,turn and lift,no,,NA,NA,NA,,NA,1,
06/02/2024,SE91-X-53,SE91,Sample location delocated to a 10km square (see metadata),490000,410000,495000,415000,2,85,59,no,no,0,,7,,0,,1.6,,yes,NA,,NULL,30,,5,,,NA,,NA,,NA,,NA,,NA,,NA,,NA,,NA,30,,5,,yes,serrated,serrated,0,,43,,,NA,turn and lift,yes,NA,yes,NA,yes,NA,small corer,yes,NA,yes,NA,yes,serrated,15,,15,,turn and lift,no,,NA,NA,NA,,NA,1,
06/02/2024,SE91-X-53,SE91,Sample location delocated to a 10km square (see metadata),490000,410000,495000,415000,2,85,46,no,no,0,,8,,0,,1.7,,yes,NA,,NULL,30,,5,,,NA,,NA,,NA,,NA,,NA,,NA,,NA,,NA,30,,5,,yes,serrated,serrated,0,,46,,,NA,turn and lift,yes,NA,yes,NA,yes,NA,small corer,yes,NA,yes,NA,yes,serrated,18,,18,,turn and lift,no,,NA,NA,NA,,NA,1,
06/02/2024,SE91-X-53,SE91,Sample location delocated to a 10km square (see metadata),490000,410000,495000,415000,3,85,59,no,no,0,,4,,0,,1.5,,yes,NA,,NULL,30,,5,,,NA,,NA,,NA,,NA,,NA,,NA,,NA,,NA,30,,5,,yes,serrated,serrated,0,,44,,,NA,turn and lift,yes,NA,no,too_hard,yes,NA,small corer,yes,NA,yes,NA,yes,serrated,20,,20,,turn and lift,no,,NA,NA,NA,,NA,1,
06/02/2024,SE91-X-53,SE91,Sample location delocated to a 10km square (see metadata),490000,410000,495000,415000,3,85,46,yes,no,0,,1,,0,,1.7,,yes,NA,,NULL,30,,5,,,NA,,NA,,NA,,NA,,NA,,NA,,NA,,NA,30,,5,,yes,serrated,serrated,0,,43,,,NA,turn and lift,yes,NA,yes,NA,yes,NA,small corer,yes,NA,yes,NA,yes,serrated,18,,18,,turn and lift,no,,NA,NA,NA,,NA,1,
06/02/2024,SE91-X-53,SE91,Sample location delocated to a 10km square (see metadata),490000,410000,495000,415000,3,85,28,no,no,0,,9,,0,,1.7,,yes,NA,,NULL,30,,5,,,NA,,NA,,NA,,NA,,NA,,NA,,NA,,NA,30,,5,,yes,serrated,serrated,0,,42,,,NA,turn and lift,yes,NA,yes,NA,yes,NA,small corer,yes,NA,yes,NA,yes,serrated,17,,17,,turn and lift,no,,NA,NA,NA,,NA,1,
06/02/2024,SE91-X-53,SE91,Sample location delocated to a 10km square (see metadata),490000,410000,495000,415000,3,85,11,no,no,0,,4,,0,,1.6,,yes,NA,,NULL,30,,5,,,NA,,NA,,NA,,NA,,NA,,NA,,NA,,NA,30,,5,,yes,serrated,serrated,0,,43,,,NA,turn and lift,yes,NA,yes,NA,yes,NA,small corer,yes,NA,yes,NA,yes,serrated,20,,20,,turn and lift,no,,NA,NA,NA,,NA,1,
07/02/2024,SE91-X-53,SE91,Sample location delocated to a 10km square (see metadata),490000,410000,495000,415000,5,35,11,no,no,0,,5,,0,,1.4,,yes,NA,,NULL,30,,5,,,NA,,NA,,NA,,NA,,NA,,NA,,NA,,NA,30,,5,,yes,serrated,serrated,0,,42,,,NA,turn and lift,yes,NA,yes,NA,yes,NA,small corer,yes,NA,yes,NA,yes,serrated,20,,20,,turn and lift,no,,NA,NA,NA,,NA,1,
07/02/2024,SE91-X-53,SE91,Sample location delocated to a 10km square (see metadata),490000,410000,495000,415000,5,35,28,no,no,0,,3,,0,,1.4,,yes,NA,,NULL,30,,5,,,NA,,NA,,NA,,NA,,NA,,NA,,NA,,NA,30,,5,,yes,serrated,serrated,0,,44,,,NA,turn and lift,yes,NA,yes,NA,yes,NA,small corer,yes,NA,yes,NA,yes,serrated,19,,19,,turn and lift,no,,NA,NA,NA,,NA,1,
07/02/2024,SE91-X-53,SE91,Sample location delocated to a 10km square (see metadata),490000,410000,495000,415000,5,35,59,no,no,0,,5,,0,,1.5,,yes,NA,,NULL,30,,5,,,NA,,NA,,NA,,NA,,NA,,NA,,NA,,NA,30,,5,,yes,serrated,serrated,0,,41,,,NA,turn and lift,yes,NA,yes,NA,yes,NA,small corer,yes,NA,yes,NA,yes,serrated,17,,17,,turn and lift,no,,NA,NA,NA,,NA,1,
07/02/2024,SE91-X-53,SE91,Sample location delocated to a 10km square (see metadata),490000,410000,495000,415000,5,35,46,no,no,0,,8,,0,,1.5,,yes,NA,,NULL,30,,5,,,NA,,NA,,NA,,NA,,NA,,NA,,NA,,NA,30,,5,,yes,serrated,serrated,0,,44,,,NA,turn and lift,yes,NA,yes,NA,yes,NA,small corer,yes,NA,yes,NA,yes,serrated,18,,18,,turn and lift,no,,NA,NA,NA,,NA,1,
07/02/2024,SE91-X-53,SE91,Sample location delocated to a 10km square (see metadata),490000,410000,495000,415000,4,55,11,no,no,0,,10,,0,,1.6,,yes,NA,,NULL,30,,5,,,NA,,NA,,NA,,NA,,NA,,NA,,NA,,NA,30,,5,,yes,serrated,serrated,0,,43,,,NA,turn and lift,yes,NA,yes,NA,yes,NA,small corer,yes,NA,yes,NA,yes,serrated,20,,20,,turn and lift,no,,NA,NA,NA,,NA,1,
07/02/2024,SE91-X-53,SE91,Sample location delocated to a 10km square (see metadata),490000,410000,495000,415000,4,55,28,no,no,0,,4,,0,,1.7,,yes,NA,,NULL,30,,5,,,NA,,NA,,NA,,NA,,NA,,NA,,NA,,NA,30,,5,,yes,serrated,serrated,0,,41,,,NA,turn and lift,yes,NA,yes,NA,yes,NA,small corer,yes,NA,yes,NA,yes,serrated,17,,17,,turn and lift,no,,NA,NA,NA,,NA,1,
07/02/2024,SE91-X-53,SE91,Sample location delocated to a 10km square (see metadata),490000,410000,495000,415000,4,55,59,no,no,0,,4,,0,,1.7,,yes,NA,,NULL,30,,5,,,NA,,NA,,NA,,NA,,NA,,NA,,NA,,NA,30,,5,,yes,serrated,serrated,0,,34,,,NULL,turn and lift,yes,NA,yes,NA,yes,NA,small corer,yes,NA,yes,NA,yes,serrated,17,,17,,turn and lift,no,,NA,NA,NA,,NA,1,
07/02/2024,SE91-X-53,SE91,Sample location delocated to a 10km square (see metadata),490000,410000,495000,415000,4,55,46,no,no,0,,8,,0,,1.7,,yes,NA,,NULL,30,,5,,,NA,,NA,,NA,,NA,,NA,,NA,,NA,,NA,30,,5,,yes,serrated,serrated,0,,44,,,NA,turn and lift,yes,NA,yes,NA,yes,NA,small corer,yes,NA,yes,NA,yes,serrated,17,,17,,turn and lift,no,,NA,NA,NA,,NA,1,
22/01/2024,SE92-X-03,SE92,Sample location delocated to a 10km square (see metadata),490000,420000,495000,425000,2,84,11,no,no,0,,6,,0,,5,,yes,NA,,NULL,30,,2.5,,,NA,,NA,,NA,,NA,,NA,,NA,,NA,,NA,30,,2.5,,yes,normal,normal,0,,29,,,NULL,turn and lift,yes,NA,no,too_hard,no,too_hard,small corer,yes,partial - hit chalk,no,hit chalk,yes,normal,19,,19,,turn and lift,no,,NA,NA,NA,,NA,1,
22/01/2024,SE92-X-03,SE92,Sample location delocated to a 10km square (see metadata),490000,420000,495000,425000,2,84,28,no,no,0,,3,,0,,5.4,,yes,NA,,NULL,25,,2.5,,,NA,,NA,,NA,,NA,,NA,,NA,,NA,,NA,25,,2.5,,yes,normal,normal,0,,28,,,NULL,turn and lift,yes,NA,no,too_hard,no,too_hard,small corer,yes,partial - hit rock,no,NULL,yes,normal,20,,,NA,turn and lift,no,,NA,NA,NA,,NA,1,
22/01/2024,SE92-X-03,SE92,Sample location delocated to a 10km square (see metadata),490000,420000,495000,425000,2,84,59,no,no,0,,3,,0,,5,,yes,NA,,NULL,22,,2.5,,,NA,,NA,,NA,,NA,,NA,,NA,,NA,,NA,22,,2.5,,yes,normal,normal,0,,38,,,NULL,turn and lift,yes,NA,yes,NA,no,too_hard,small corer,yes,partial - hit rock,no,hit rock,yes,normal,19,,19,,turn and lift,no,,NA,NA,NA,,NA,1,
22/01/2024,SE92-X-03,SE92,Sample location delocated to a 10km square (see metadata),490000,420000,495000,425000,2,84,46,no,no,0,,1,,0,,5.4,,yes,NA,,NULL,23,,2.5,,,NA,,NA,,NA,,NA,,NA,,NA,,NA,,NA,23,,2.5,,yes,normal,normal,0,,29,,,NULL,turn and lift,yes,NA,no,too_hard,no,too_hard,small corer,yes,partial - hit rock,no,NULL,yes,normal,20,,,NA,turn and lift,no,,NA,NA,NA,,NA,1,
23/01/2024,SE92-X-03,SE92,Sample location delocated to a 10km square (see metadata),490000,420000,495000,425000,4,43,11,no,no,0,,6,,0,,5.3,,yes,NA,,NULL,18,,4,,23,,2,,,NA,,NA,,NA,,NA,,NA,,NA,23,,3.6,,yes,normal,normal,0,,27,,,NULL,turn and lift,yes,NA,no,too_hard,no,too_hard,small corer,yes,partial - hit rock,no,NULL,yes,normal,19,,19,,turn and lift,no,,NA,NA,NA,,NA,1,
23/01/2024,SE92-X-03,SE92,Sample location delocated to a 10km square (see metadata),490000,420000,495000,425000,4,43,28,no,no,0,,1,,0,,5.2,,yes,NA,,NULL,15,,4,,25,,2,,,NA,,NA,,NA,,NA,,NA,,NA,25,,3.2,,yes,normal,normal,0,,33,,,NULL,turn and lift,yes,NA,yes,NA,no,too_hard,small corer,yes,partial - hit rock,no,NULL,yes,normal,19,,,NA,turn and lift,no,,NA,NA,NA,,NA,1,
23/01/2024,SE92-X-03,SE92,Sample location delocated to a 10km square (see metadata),490000,420000,495000,425000,4,43,59,no,no,0,,3,,0,,5.2,,yes,NA,,NULL,20,,4,,25,,2,,,NA,,NA,,NA,,NA,,NA,,NA,25,,3.6,,yes,normal,normal,0,,32,,,NULL,turn and lift,yes,NA,no,too_hard,no,too_hard,small corer,yes,partial - hit rock,no,NULL,yes,normal,18,,,NA,turn and lift,no,,NA,NA,NA,,NA,1,
23/01/2024,SE92-X-03,SE92,Sample location delocated to a 10km square (see metadata),490000,420000,495000,425000,4,43,46,no,no,0,,8,,0,,5.3,,yes,NA,,NULL,19,,4,,24,,2,,,NA,,NA,,NA,,NA,,NA,,NA,24,,3.6,,yes,normal,normal,0,,30,,,NULL,turn and lift,yes,NA,no,too_hard,no,too_hard,small corer,yes,partial - hit rock,no,NULL,yes,normal,19,,,NA,turn and lift,no,,NA,NA,NA,,NA,1,
03/01/2024,SE93-X-07,SE93,Sample location delocated to a 10km square (see metadata),490000,430000,495000,435000,5,43,11,no,no,0,,5,,0,,5.9,,yes,NA,2,,25,,2,,,NA,,NA,,NA,,NA,,NA,,NA,,NA,,NA,25,,2,,yes,normal,normal,0,,43,,,NA,turn and lift,yes,NA,yes,NA,yes,NA,small corer,yes,partial - stones,no,stones,yes,normal,15,,15,,turn and lift,no,,NA,NA,NA,,NA,1,
03/01/2024,SE93-X-07,SE93,Sample location delocated to a 10km square (see metadata),490000,430000,495000,435000,5,43,28,no,no,0,,8,,2,,5.9,,yes,NA,2,,30,,2,,,NA,,NA,,NA,,NA,,NA,,NA,,NA,,NA,30,,2,,yes,normal,normal,0,,42,,,NA,turn and lift,yes,NA,yes,NA,yes,NA,small corer,yes,partial - stones,no,stones,yes,normal,18,,,NA,turn and lift,no,,NA,NA,NA,,NA,1,
03/01/2024,SE93-X-07,SE93,Sample location delocated to a 10km square (see metadata),490000,430000,495000,435000,5,43,59,no,no,0,,4,,0,,5.9,,yes,NA,2,,30,,2,,,NA,,NA,,NA,,NA,,NA,,NA,,NA,,NA,30,,2,,yes,normal,normal,0,,47,,,NA,turn and lift,yes,NA,yes,NA,yes,NA,small corer,yes,partial - stones,no,stones,yes,normal,18,,,NA,turn and lift,no,,NA,NA,NA,,NA,1,
03/01/2024,SE93-X-07,SE93,Sample location delocated to a 10km square (see metadata),490000,430000,495000,435000,5,43,46,no,no,0,,10,,4,,5.9,,yes,NA,2,,30,,2,,,NA,,NA,,NA,,NA,,NA,,NA,,NA,,NA,30,,2,,yes,normal,normal,0,,48,,,NA,turn and lift,yes,NA,yes,NA,yes,NA,small corer,yes,partial - stones,no,stones,yes,normal,18,,,NA,turn and lift,no,,NA,NA,NA,,NA,1,
04/01/2024,SE93-X-07,SE93,Sample location delocated to a 10km square (see metadata),490000,430000,495000,435000,3,85,11,no,no,0,,1,,0,,6.6,,yes,NA,2,,13,,1.5,,30,,1,,,NA,,NA,,NA,,NA,,NA,,NA,30,,1.2,,yes,normal,normal,0,,45,,,NA,turn and lift,yes,NA,yes,NA,yes,NA,small corer,yes,partial - stones,yes,partial - hit rock,yes,normal,20,,20,,turn and lift,no,,NA,NA,NA,,NA,1,
04/01/2024,SE93-X-07,SE93,Sample location delocated to a 10km square (see metadata),490000,430000,495000,435000,3,85,28,no,no,0,,8,,0,,6.5,,yes,NA,2,,15,,2,,30,,1.5,,,NA,,NA,,NA,,NA,,NA,,NA,30,,1.8,,yes,normal,normal,0,,45,,,NA,turn and lift,yes,NA,yes,NA,yes,NA,small corer,yes,partial - hit rock,no,hit rock,yes,normal,19,,,NA,turn and lift,no,,NA,NA,NA,,NA,1,
04/01/2024,SE93-X-07,SE93,Sample location delocated to a 10km square (see metadata),490000,430000,495000,435000,3,85,59,no,no,0,,5,,1,,6.7,,yes,NA,2,,11,,2,,30,,1.5,,,NA,,NA,,NA,,NA,,NA,,NA,30,,1.7,,yes,normal,normal,0,,45,,,NA,turn and lift,yes,NA,yes,NA,yes,NA,small corer,yes,partial - hit rock,no,hit rock,yes,normal,19,,,NA,turn and lift,no,,NA,NA,NA,,NA,1,
04/01/2024,SE93-X-07,SE93,Sample location delocated to a 10km square (see metadata),490000,430000,495000,435000,3,85,46,no,no,0,,3,,1,,6.7,,yes,NA,2,,7,,2,,30,,1.5,,,NA,,NA,,NA,,NA,,NA,,NA,30,,1.6,,yes,normal,normal,0,,47,,,NA,turn and lift,yes,NA,yes,NA,yes,NA,small corer,yes,partial - hit rock,no,hit rock,yes,normal,17,,,NA,turn and lift,no,,NA,NA,NA,,NA,1,
05/01/2024,SE93-X-07,SE93,Sample location delocated to a 10km square (see metadata),490000,430000,495000,435000,2,154,11,no,no,0,,2,,0,,6.5,,yes,NA,2,,11,,2,,30,,1.5,,,NA,,NA,,NA,,NA,,NA,,NA,30,,1.7,,yes,normal,normal,0,,43,,,NA,turn and lift,yes,NA,yes,NA,yes,NA,small corer,yes,NA,yes,partial - hit rock,yes,normal,19,,19,,turn and lift,no,,NA,NA,NA,,NA,1,
05/01/2024,SE93-X-07,SE93,Sample location delocated to a 10km square (see metadata),490000,430000,495000,435000,2,154,29,no,no,0,,0,,0,,6.3,,yes,NA,2,,7,,2,,30,,1.5,,,NA,,NA,,NA,,NA,,NA,,NA,30,,1.6,,yes,normal,normal,0,,45,,,NA,turn and lift,yes,NA,yes,NA,yes,NA,small corer,yes,partial - hit rock,no,hit rock,yes,normal,20,,,NA,turn and lift,no,,NA,NA,NA,,NA,1,
05/01/2024,SE93-X-07,SE93,Sample location delocated to a 10km square (see metadata),490000,430000,495000,435000,2,154,59,no,no,0,,5,,3,,6.1,,yes,NA,2,,10,,2,,30,,1.5,,,NA,,NA,,NA,,NA,,NA,,NA,30,,1.7,,yes,normal,normal,0,,45,,,NA,turn and lift,yes,NA,yes,NA,yes,NA,small corer,yes,partial - hit rock,no,hit rock,yes,normal,18,,,NA,turn and lift,no,,NA,NA,NA,,NA,1,
05/01/2024,SE93-X-07,SE93,Sample location delocated to a 10km square (see metadata),490000,430000,495000,435000,2,154,46,no,no,0,,4,,0,,6.4,,yes,NA,2,,9,,2,,25,,1.5,,,NA,,NA,,NA,,NA,,NA,,NA,25,,1.7,,yes,normal,normal,0,,47,,,NA,turn and lift,yes,NA,yes,NA,yes,NA,small corer,yes,partial - hit rock,no,hit rock,yes,normal,19,,,NA,turn and lift,no,,NA,NA,NA,,NA,1,
21/11/2023,SE95-X-24,SE95,Sample location delocated to a 10km square (see metadata),490000,450000,495000,455000,2,85,28,no,no,,NULL,4,,3,,8.7,,yes,NA,2,,30,,2,,,NA,,NA,,NA,,NA,,NA,,NA,,NA,,NA,30,,2,,yes,normal,normal,0,,45,,,NA,turn and lift,yes,NA,yes,NA,yes,NA,small corer,yes,NA,yes,NA,yes,normal,24,,24,,turn and lift,no,,NA,NA,NA,,NA,1,
21/11/2023,SE95-X-24,SE95,Sample location delocated to a 10km square (see metadata),490000,450000,495000,455000,2,85,11,no,no,0,,1,,3,,8.9,,yes,NA,2,,15,,2.5,,30,,2,,,NA,,NA,,NA,,NA,,NA,,NA,30,,2.3,,yes,normal,normal,0,,44,,,NA,turn and lift,yes,NA,yes,NA,yes,NA,small corer,yes,NA,yes,NA,yes,normal,20,,20,,turn and lift,no,,NA,NA,NA,,NA,1,
21/11/2023,SE95-X-24,SE95,Sample location delocated to a 10km square (see metadata),490000,450000,495000,455000,2,85,46,no,no,0,,4,,2,,8.8,,yes,NA,2,,30,,2.5,,,NA,,NA,,NA,,NA,,NA,,NA,,NA,,NA,30,,2.5,,yes,normal,normal,0,,45,,,NA,turn and lift,yes,NA,yes,NA,yes,NA,small corer,yes,NA,yes,NA,yes,normal,20,,20,,turn and lift,no,,NA,NA,NA,,NA,1,
21/11/2023,SE95-X-24,SE95,Sample location delocated to a 10km square (see metadata),490000,450000,495000,455000,2,85,59,no,no,0,,6,,0,,8.8,,yes,NA,,NULL,15,,2.5,,30,,2,,,NA,,NA,,NA,,NA,,NA,,NA,30,,2.3,,yes,normal,normal,0,,45,,,NA,dig and tip,yes,NA,yes,NA,yes,NA,small corer,yes,NA,yes,NA,yes,normal,19,,19,,turn and lift,no,,NA,NA,NA,,NA,1,
22/11/2023,SE95-X-24,SE95,Sample location delocated to a 10km square (see metadata),490000,450000,495000,455000,4,85,59,no,no,0,,4,,0,,7.8,,yes,NA,2,,30,,2,,,NA,,NA,,NA,,NA,,NA,,NA,,NA,,NA,30,,2,,yes,normal,normal,0,,41.5,,,NA,turn and lift,yes,NA,yes,NA,yes,NA,small corer,yes,NA,yes,NA,yes,normal,20,,20,,turn and lift,no,,NA,NA,NA,,NA,1,
22/11/2023,SE95-X-24,SE95,Sample location delocated to a 10km square (see metadata),490000,450000,495000,455000,4,85,46,no,no,0,,5,,0,,7.6,,yes,NA,2,,30,,2,,,NA,,NA,,NA,,NA,,NA,,NA,,NA,,NA,30,,2,,yes,normal,normal,0,,41,,,NA,turn and lift,yes,NA,yes,NA,yes,NA,small corer,yes,NA,yes,NA,yes,normal,20,,,NA,turn and lift,no,,NA,NA,NA,,NA,1,
22/11/2023,SE95-X-24,SE95,Sample location delocated to a 10km square (see metadata),490000,450000,495000,455000,4,85,11,no,no,0,,9,,0,,7.6,,yes,NA,2,,30,,2,,,NA,,NA,,NA,,NA,,NA,,NA,,NA,,NA,30,,2,,yes,normal,normal,0,,44,,,NA,turn and lift,yes,NA,yes,NA,yes,NA,small corer,yes,NA,yes,NA,yes,normal,20,,20,,turn and lift,no,,NA,NA,NA,,NA,1,
22/11/2023,SE95-X-24,SE95,Sample location delocated to a 10km square (see metadata),490000,450000,495000,455000,4,85,28,yes,yes,0,,7,,0,,7.5,,yes,NA,2,,30,,2,,,NA,,NA,,NA,,NA,,NA,,NA,,NA,,NA,30,,2,,yes,normal,normal,0,,42,,,NA,turn and lift,yes,NA,yes,NA,yes,NA,small corer,yes,NA,yes,NA,yes,normal,21,,21,,turn and lift,no,,NA,NA,NA,,NA,1,
26/04/2023,SE99-X-31,SE99,Sample location delocated to a 10km square (see metadata),490000,490000,495000,495000,3,85,11,yes,no,0,,8,,6,,10.9,,yes,NA,2,,8,,2,,30,,2.5,,,NA,,NA,,NA,,NA,,NA,,NA,30,,2.4,,yes,normal,normal,0,,45,,45,,turn and lift,yes,NA,yes,NA,yes,NA,small corer,yes,NA,yes,partial - stones,yes,normal,15,,15,,turn and lift,NULL,,NULL,NULL,NULL,,NULL,,NULL
26/04/2023,SE99-X-31,SE99,Sample location delocated to a 10km square (see metadata),490000,490000,495000,495000,3,85,28,yes,no,0,,6,,8,,10.9,,yes,NA,2,,20,,1.5,,30,,2.5,,,NA,,NA,,NA,,NA,,NA,,NA,30,,1.8,,yes,normal,normal,0,,45,,45,,turn and lift,yes,NA,yes,NA,yes,NA,small corer,yes,NA,yes,NA,yes,normal,17,,17,,turn and lift,NULL,,NULL,NULL,NULL,,NULL,,NULL
26/04/2023,SE99-X-31,SE99,Sample location delocated to a 10km square (see metadata),490000,490000,495000,495000,3,85,59,yes,no,0,,9,,4,,11.6,,yes,NA,2,,15,,1.5,,30,,2,,,NA,,NA,,NA,,NA,,NA,,NA,30,,1.8,,yes,normal,normal,0,,42,,42,,turn and lift,yes,NA,yes,NA,yes,NA,small corer,yes,NA,yes,partial - stones,yes,normal,20,,20,,turn and lift,NULL,,NULL,NULL,NULL,,NULL,,NULL
26/04/2023,SE99-X-31,SE99,Sample location delocated to a 10km square (see metadata),490000,490000,495000,495000,3,85,46,yes,no,0,,7,,3,,10.7,,yes,NA,2,,12,,1,,30,,1.5,,,NA,,NA,,NA,,NA,,NA,,NA,30,,1.3,,yes,normal,normal,0,,46.5,,46.5,,turn and lift,yes,NA,yes,NA,yes,NA,small corer,yes,NA,yes,partial - stones,yes,normal,15,,15,,turn and lift,NULL,,NULL,NULL,NULL,,NULL,,NULL
27/04/2023,SE99-X-31,SE99,Sample location delocated to a 10km square (see metadata),490000,490000,495000,495000,2,85,11,yes,yes,0,,10,,4,,7.5,,yes,NA,1,,25,,2.5,,30,,3.5,,,NA,,NA,,NA,,NA,,NA,,NA,30,,2.7,,yes,normal,normal,0,,44.5,,44.5,,turn and lift,yes,NA,yes,NA,yes,NA,small corer,yes,NA,yes,NA,yes,normal,19,,19,,turn and lift,NULL,,NULL,NULL,NULL,,NULL,,NULL
27/04/2023,SE99-X-31,SE99,Sample location delocated to a 10km square (see metadata),490000,490000,495000,495000,2,85,28,yes,yes,0,,11,,11,,7.9,,yes,NA,1,,25,,2.5,,30,,3.5,,,NA,,NA,,NA,,NA,,NA,,NA,30,,2.7,,yes,normal,normal,0,,46.5,,46.5,,turn and lift,yes,NA,yes,NA,yes,NA,small corer,yes,NA,yes,NA,yes,normal,17,,17,,turn and lift,NULL,,NULL,NULL,NULL,,NULL,,NULL
27/04/2023,SE99-X-31,SE99,Sample location delocated to a 10km square (see metadata),490000,490000,495000,495000,2,85,59,yes,yes,0,,7,,6,,8.4,,yes,NA,1,,25,,2,,30,,3,,,NA,,NA,,NA,,NA,,NA,,NA,30,,2.2,,yes,normal,normal,0,,42,,,NA,turn and lift,yes,NA,yes,NA,yes,NA,small corer,yes,NA,yes,NA,yes,normal,20,,20,,turn and lift,NULL,,NULL,NULL,NULL,,NULL,,NULL
27/04/2023,SE99-X-31,SE99,Sample location delocated to a 10km square (see metadata),490000,490000,495000,495000,2,85,46,yes,yes,0,,6,,11,,8.7,,yes,NA,1,,23,,3,,30,,3.5,,,NA,,NA,,NA,,NA,,NA,,NA,30,,3.1,,yes,normal,normal,0,,45,,45,,turn and lift,yes,NA,yes,NA,yes,NA,small corer,yes,NA,yes,NA,yes,normal,18,,18,,turn and lift,NULL,,NULL,NULL,NULL,,NULL,,NULL
09/01/2024,SE99-X-81,SE99,Sample location delocated to a 10km square (see metadata),490000,490000,495000,495000,1,85,11,yes,yes,3,,23,,0,,3.5,,yes,NA,,NULL,10,,2,,30,,1.5,,,NA,,NA,,NA,,NA,,NA,,NA,30,,1.7,,yes,normal,normal,0,,48.1,,,NA,turn and lift,yes,NA,yes,NA,yes,NA,large corer (tip same as ABC),yes,NA,yes,NA,yes,normal,20,,20,,turn and lift,no,,NA,NA,NA,,NA,1,
09/01/2024,SE99-X-81,SE99,Sample location delocated to a 10km square (see metadata),490000,490000,495000,495000,1,85,28,yes,yes,2,,22,,36,,3.5,,yes,NA,2,,30,,1.5,,,NA,,NA,,NA,,NA,,NA,,NA,,NA,,NA,30,,1.5,,yes,normal,normal,0,,38.5,,,NULL,turn and lift,yes,NA,yes,NA,no,big_stones,large corer (tip same as ABC),yes,NA,yes,NA,yes,normal,20,,20,,turn and lift,no,,NA,NA,NA,,NA,1,
09/01/2024,SE99-X-81,SE99,Sample location delocated to a 10km square (see metadata),490000,490000,495000,495000,1,85,46,yes,yes,1,,13,,0,,3.5,,yes,NA,2,,30,,1.5,,,NA,,NA,,NA,,NA,,NA,,NA,,NA,,NA,30,,1.5,,yes,normal,normal,0,,48,,,NA,turn and lift,yes,NA,yes,NA,yes,NA,large corer (tip same as ABC),yes,NA,yes,NA,yes,normal,24,,24,,turn and lift,no,,NA,NA,NA,,NA,1,
09/01/2024,SE99-X-81,SE99,Sample location delocated to a 10km square (see metadata),490000,490000,495000,495000,1,85,59,yes,yes,3,,37,,30,,3.5,,yes,NA,2,,30,,1.5,,,NA,,NA,,NA,,NA,,NA,,NA,,NA,,NA,30,,1.5,,yes,normal,normal,0,,49,,,NA,turn and lift,yes,NA,yes,NA,yes,NA,large corer (tip same as ABC),yes,NA,yes,NA,yes,normal,21,,21,,turn and lift,no,,NA,NA,NA,,NA,1,
11/01/2024,SE99-X-81,SE99,Sample location delocated to a 10km square (see metadata),490000,490000,495000,495000,3,112,11,no,yes,5,,9,,0,,4.6,,yes,NA,2,,10,,2,,30,,1.5,,,NA,,NA,,NA,,NA,,NA,,NA,30,,1.7,,yes,normal,normal,0,,49,,,NA,turn and lift,yes,NA,yes,NA,yes,NA,large corer (tip same as ABC),yes,NA,yes,NA,yes,normal,21,,21,,turn and lift,no,,NA,NA,NA,,NA,1,
11/01/2024,SE99-X-81,SE99,Sample location delocated to a 10km square (see metadata),490000,490000,495000,495000,3,112,28,no,yes,2,,8,,0,,4.6,,yes,NA,2,,30,,1.5,,,NA,,NA,,NA,,NA,,NA,,NA,,NA,,NA,30,,1.5,,yes,normal,normal,0,,47,,,NA,turn and lift,yes,NA,yes,NA,yes,NA,large corer (tip same as ABC),yes,NA,yes,NA,yes,normal,23,,23,,turn and lift,no,,NA,NA,NA,,NA,1,
11/01/2024,SE99-X-81,SE99,Sample location delocated to a 10km square (see metadata),490000,490000,495000,495000,3,112,46,no,no,0,,6,,0,,4.6,,yes,NA,2,,30,,2,,,NA,,NA,,NA,,NA,,NA,,NA,,NA,,NA,30,,2,,yes,normal,normal,0,,46,,,NA,turn and lift,yes,NA,yes,NA,yes,NA,large corer (tip same as ABC),yes,NA,yes,NA,yes,normal,21,,21,,turn and lift,no,,NA,NA,NA,,NA,1,
11/01/2024,SE99-X-81,SE99,Sample location delocated to a 10km square (see metadata),490000,490000,495000,495000,3,112,59,no,yes,0,,21,,8,,4.6,,yes,NA,2,,30,,1.5,,,NA,,NA,,NA,,NA,,NA,,NA,,NA,,NA,30,,1.5,,yes,normal,normal,0,,47,,,NA,turn and lift,yes,NA,yes,NA,yes,NA,large corer (tip same as ABC),yes,NA,yes,NA,yes,normal,20,,20,,turn and lift,no,,NA,NA,NA,,NA,1,
11/01/2024,SE99-X-81,SE99,Sample location delocated to a 10km square (see metadata),490000,490000,495000,495000,4,85,11,no,yes,0,,14,,0,,4.6,,yes,NA,2,,20,,2,,30,,1.5,,,NA,,NA,,NA,,NA,,NA,,NA,30,,1.8,,yes,normal,normal,0,,47,,,NA,turn and lift,yes,NA,yes,NA,yes,NA,large corer (tip same as ABC),yes,NA,yes,NA,yes,normal,20,,,NA,turn and lift,no,,NA,NA,NA,,NA,1,
11/01/2024,SE99-X-81,SE99,Sample location delocated to a 10km square (see metadata),490000,490000,495000,495000,4,85,28,no,yes,0,,9,,0,,4.6,,yes,NA,2,,30,,2,,,NA,,NA,,NA,,NA,,NA,,NA,,NA,,NA,30,,2,,yes,normal,normal,0,,45,,,NA,turn and lift,yes,NA,yes,NA,yes,NA,large corer (tip same as ABC),yes,NA,yes,NA,yes,normal,20,,20,,turn and lift,no,,NA,NA,NA,,NA,1,
11/01/2024,SE99-X-81,SE99,Sample location delocated to a 10km square (see metadata),490000,490000,495000,495000,4,85,46,no,no,0,,10,,1,,4.6,,yes,NA,2,,30,,2,,,NA,,NA,,NA,,NA,,NA,,NA,,NA,,NA,30,,2,,yes,normal,normal,0,,47,,,NA,turn and lift,yes,NA,yes,NA,yes,NA,large corer (tip same as ABC),yes,NA,yes,NA,yes,normal,20,,20,,turn and lift,no,,NA,NA,NA,,NA,1,
11/01/2024,SE99-X-81,SE99,Sample location delocated to a 10km square (see metadata),490000,490000,495000,495000,4,85,59,no,no,0,,12,,0,,4.6,,yes,NA,2,,30,,1.5,,,NA,,NA,,NA,,NA,,NA,,NA,,NA,,NA,30,,1.5,,yes,normal,normal,0,,46,,,NA,turn and lift,yes,NA,yes,NA,yes,NA,large corer (tip same as ABC),yes,NA,yes,NA,yes,normal,21,,,NA,turn and lift,no,,NA,NA,NA,,NA,1,
12/01/2024,SE99-X-81,SE99,Sample location delocated to a 10km square (see metadata),490000,490000,495000,495000,2,71,11,no,no,0,,9,,4,,4.7,,yes,NA,2,,30,,1,,,NA,,NA,,NA,,NA,,NA,,NA,,NA,,NA,30,,1,,yes,normal,normal,0,,46.2,,,NA,turn and lift,yes,NA,yes,NA,yes,NA,large corer (tip same as ABC),yes,NA,yes,NA,yes,normal,20,,20,,turn and lift,no,,NA,NA,NA,,NA,1,
12/01/2024,SE99-X-81,SE99,Sample location delocated to a 10km square (see metadata),490000,490000,495000,495000,2,71,28,no,no,0,,10,,3,,4.6,,yes,NA,2,,30,,1,,,NA,,NA,,NA,,NA,,NA,,NA,,NA,,NA,30,,1,,yes,normal,normal,0,,48.1,,,NA,turn and lift,yes,NA,yes,NA,yes,NA,large corer (tip same as ABC),yes,NA,yes,NA,yes,normal,20,,20,,turn and lift,no,,NA,NA,NA,,NA,1,
12/01/2024,SE99-X-81,SE99,Sample location delocated to a 10km square (see metadata),490000,490000,495000,495000,2,71,46,yes,no,1,,8,,3,,4.6,,yes,NA,2,,30,,1,,,NA,,NA,,NA,,NA,,NA,,NA,,NA,,NA,30,,1,,yes,normal,normal,0,,47,,,NA,turn and lift,yes,NA,yes,NA,yes,NA,large corer (tip same as ABC),yes,NA,yes,NA,yes,normal,20.5,,20.5,,turn and lift,no,,NA,NA,NA,,NA,1,
12/01/2024,SE99-X-81,SE99,Sample location delocated to a 10km square (see metadata),490000,490000,495000,495000,2,71,59,yes,no,4,,13,,2,,4.6,,yes,NA,2,,30,,1,,,NA,,NA,,NA,,NA,,NA,,NA,,NA,,NA,30,,1,,yes,normal,normal,0,,33.5,,33.5,,turn and lift,yes,NA,yes,NA,no,big_stones,large corer (tip same as ABC),yes,NA,yes,NA,yes,normal,19,,19,,turn and lift,no,,NA,NA,NA,,NA,1,
16/05/2023,SJ30-X-84,SJ30,Sample location delocated to a 10km square (see metadata),330000,300000,335000,305000,1,98,11,yes,yes,3,,9,,1,,10.7,,yes,NA,2,,30,,2,,,NA,,NA,,NA,,NA,,NA,,NA,,NA,,NA,30,,2,,yes,normal,normal,0,,45,,45,,turn and lift,yes,NA,yes,NA,yes,NA,small corer,yes,NA,yes,NA,yes,normal,19,,19,,turn and lift,NULL,,NULL,NULL,NULL,,NULL,,NULL
16/05/2023,SJ30-X-84,SJ30,Sample location delocated to a 10km square (see metadata),330000,300000,335000,305000,1,98,28,yes,yes,2,,11,,4,,11.3,,yes,NA,2,,30,,2.5,,,NA,,NA,,NA,,NA,,NA,,NA,,NA,,NA,30,,2.5,,yes,normal,normal,0,,46,,46,,turn and lift,yes,NA,yes,NA,yes,NA,small corer,yes,NA,yes,NA,yes,normal,19,,19,,turn and lift,NULL,,NULL,NULL,NULL,,NULL,,NULL
16/05/2023,SJ30-X-84,SJ30,Sample location delocated to a 10km square (see metadata),330000,300000,335000,305000,1,98,59,yes,yes,1,,12,,4,,10.4,,yes,NA,2,,30,,2,,,NA,,NA,,NA,,NA,,NA,,NA,,NA,,NA,30,,2,,yes,normal,normal,0,,46,,46,,dig and tip,yes,NA,yes,NA,yes,NA,small corer,yes,NA,yes,NA,yes,normal,19,,19,,turn and lift,NULL,,NULL,NULL,NULL,,NULL,,NULL
16/05/2023,SJ30-X-84,SJ30,Sample location delocated to a 10km square (see metadata),330000,300000,335000,305000,1,98,46,yes,yes,0,,10,,10,,10.7,,yes,NA,2,,30,,2,,,NA,,NA,,NA,,NA,,NA,,NA,,NA,,NA,30,,2,,yes,normal,normal,0,,47,,47,,dig and tip,yes,NA,yes,NA,yes,NA,small corer,yes,NA,yes,NA,yes,normal,19,,19,,turn and lift,NULL,,NULL,NULL,NULL,,NULL,,NULL
18/04/2023,SJ33-X-92,SJ33,Sample location delocated to a 10km square (see metadata),330000,330000,335000,335000,2,85,46,no,yes,0,,11,,3,,11.5,,yes,NA,2,,20,,2.5,,,NA,,NA,,NA,,NA,,NA,,NA,,NA,,NA,20,,2.5,,yes,normal,normal,0,,46,,46,,turn and lift,yes,NA,yes,NA,yes,NA,small corer,yes,NA,no,stones,yes,normal,19,,19,,turn and lift,NULL,,NULL,NULL,NULL,,NULL,,NULL
18/04/2023,SJ33-X-92,SJ33,Sample location delocated to a 10km square (see metadata),330000,330000,335000,335000,2,85,11,yes,yes,1,,4,,1,,11.9,,yes,NA,2,,30,,2,,,NA,,NA,,NA,,NA,,NA,,NA,,NA,,NA,30,,2,,yes,normal,normal,0,,44,,44,,turn and lift,yes,NA,yes,NA,yes,NA,small corer,yes,NA,yes,NA,yes,normal,18.5,,18.5,,turn and lift,NULL,,NULL,NULL,NULL,,NULL,,NULL
18/04/2023,SJ33-X-92,SJ33,Sample location delocated to a 10km square (see metadata),330000,330000,335000,335000,2,85,28,no,yes,1,,8,,4,,12.5,,yes,NA,2,,30,,2,,,NA,,NA,,NA,,NA,,NA,,NA,,NA,,NA,30,,2,,yes,normal,normal,0,,47,,47,,turn and lift,yes,NA,yes,NA,yes,NA,small corer,yes,NA,yes,NA,yes,normal,20.5,,20.5,,turn and lift,NULL,,NULL,NULL,NULL,,NULL,,NULL
18/04/2023,SJ33-X-92,SJ33,Sample location delocated to a 10km square (see metadata),330000,330000,335000,335000,2,85,59,yes,yes,0,,6,,0,,12.1,,yes,NA,2,,30,,2,,,NA,,NA,,NA,,NA,,NA,,NA,,NA,,NA,30,,2,,yes,normal,normal,0,,45,,45,,turn and lift,yes,NA,yes,NA,yes,NA,small corer,yes,NA,yes,NA,yes,normal,19,,19,,turn and lift,NULL,,NULL,NULL,NULL,,NULL,,NULL
19/04/2023,SJ33-X-92,SJ33,Sample location delocated to a 10km square (see metadata),330000,330000,335000,335000,6,62,11,no,no,0,,3,,0,,10.1,,yes,NA,3,,15,,2.5,,30,,5,,,NA,,NA,,NA,,NA,,NA,,NA,30,,3.8,,yes,normal,normal,0,,45,,45,,turn and lift,yes,NA,yes,NA,yes,NA,small corer,yes,NA,no,slag substrate ,yes,normal,19,,19,,turn and lift,NULL,,NULL,NULL,NULL,,NULL,,NULL
19/04/2023,SJ33-X-92,SJ33,Sample location delocated to a 10km square (see metadata),330000,330000,335000,335000,6,62,28,no,no,0,,0,,0,,9.2,,yes,NA,3,,13,,2.5,,30,,5,,,NA,,NA,,NA,,NA,,NA,,NA,30,,3.9,,yes,normal,normal,0,,46,,46,,turn and lift,yes,NA,yes,NA,yes,NA,small corer,yes,partial - slag substrate,no,slag substrate ,yes,repacked (no tip),19,,,NA,turn and lift,NULL,,NULL,NULL,NULL,,NULL,,NULL
19/04/2023,SJ33-X-92,SJ33,Sample location delocated to a 10km square (see metadata),330000,330000,335000,335000,6,62,59,no,no,0,,0,,0,,9.4,,yes,NA,3,,7,,3,,30,,5,,,NA,,NA,,NA,,NA,,NA,,NA,30,,4.5,,yes,normal,normal,0,,42,,42,,turn and lift,yes,NA,yes,NA,yes,NA,small corer,yes,partial - slag substrate,no,slag substrate ,yes,normal,18,,18,,turn and lift,NULL,,NULL,NULL,NULL,,NULL,,NULL
19/04/2023,SJ33-X-92,SJ33,Sample location delocated to a 10km square (see metadata),330000,330000,335000,335000,6,62,45,no,no,0,,0,,0,,9.4,,yes,NA,3,,9,,4,,30,,5,,,NA,,NA,,NA,,NA,,NA,,NA,30,,4.7,,yes,normal,normal,0,,43,,43,,turn and lift,yes,NA,yes,NA,yes,NA,small corer,yes,partial - slag substrate,no,slag substrate ,yes,normal,19,,19,,turn and lift,NULL,,NULL,NULL,NULL,,NULL,,NULL
19/04/2023,SJ33-X-92,SJ33,Sample location delocated to a 10km square (see metadata),330000,330000,335000,335000,4,109,10,no,no,0,,0,,0,,10.1,,yes,NA,3,,3,,2,,30,,5,,,NA,,NA,,NA,,NA,,NA,,NA,30,,4.7,,yes,normal,normal,0,,43,,43,,turn and lift,yes,NA,yes,NA,yes,NA,small corer,yes,partial - slag substrate,no,slag substrate ,yes,normal,20,,20,,turn and lift,NULL,,NULL,NULL,NULL,,NULL,,NULL
19/04/2023,SJ33-X-92,SJ33,Sample location delocated to a 10km square (see metadata),330000,330000,335000,335000,4,109,28,no,no,0,,0,,0,,10.3,,yes,NA,3,,8,,2,,30,,5,,,NA,,NA,,NA,,NA,,NA,,NA,30,,4.2,,yes,normal,normal,0,,49,,49,,turn and lift,yes,NA,yes,NA,yes,NA,small corer,yes,NA,yes,NA,yes,normal,19,,19,,turn and lift,NULL,,NULL,NULL,NULL,,NULL,,NULL
19/04/2023,SJ33-X-92,SJ33,Sample location delocated to a 10km square (see metadata),330000,330000,335000,335000,4,109,46,no,no,0,,0,,0,,10.4,,yes,NA,3,,7,,2,,30,,5,,,NA,,NA,,NA,,NA,,NA,,NA,30,,4.3,,yes,normal,normal,0,,44,,44,,turn and lift,yes,NA,yes,NA,yes,NA,small corer,yes,NA,yes,NA,yes,normal,19,,19,,turn and lift,NULL,,NULL,NULL,NULL,,NULL,,NULL
19/04/2023,SJ33-X-92,SJ33,Sample location delocated to a 10km square (see metadata),330000,330000,335000,335000,4,109,59,no,no,0,,0,,0,,9.9,,yes,NA,3,,6.5,,2,,30,,5,,,NA,,NA,,NA,,NA,,NA,,NA,30,,4.4,,yes,normal,normal,0,,45,,45,,turn and lift,yes,NA,yes,NA,yes,NA,small corer,yes,NA,yes,NA,yes,normal,20,,20,,turn and lift,NULL,,NULL,NULL,NULL,,NULL,,NULL
20/04/2023,SJ33-X-92,SJ33,Sample location delocated to a 10km square (see metadata),330000,330000,335000,335000,5,100,11,no,no,0,,4,,0,,8,,yes,NA,2,,30,,1,,,NA,,NA,,NA,,NA,,NA,,NA,,NA,,NA,30,,1,,yes,normal,normal,0,,47,,47,,turn and lift,yes,NA,yes,NA,yes,NA,small corer,yes,NA,yes,NA,yes,normal,18,,18,,turn and lift,NULL,,NULL,NULL,NULL,,NULL,,NULL
20/04/2023,SJ33-X-92,SJ33,Sample location delocated to a 10km square (see metadata),330000,330000,335000,335000,5,100,46,yes,no,0,,4,,1,,7.9,,yes,NA,,NULL,30,,1,,,NA,,NA,,NA,,NA,,NA,,NA,,NA,,NA,30,,1,,yes,normal,normal,0,,45,,45,,turn and lift,yes,NA,yes,NA,yes,NA,small corer,yes,NA,yes,partial - stones,yes,normal,18,,18,,turn and lift,NULL,,NULL,NULL,NULL,,NULL,,NULL
20/04/2023,SJ33-X-92,SJ33,Sample location delocated to a 10km square (see metadata),330000,330000,335000,335000,5,100,59,yes,no,0,,3,,1,,8.1,,yes,NA,2,,30,,1,,,NA,,NA,,NA,,NA,,NA,,NA,,NA,,NA,30,,1,,yes,normal,normal,0,,45,,45,,turn and lift,yes,NA,yes,NA,yes,NA,small corer,yes,NA,yes,NA,yes,normal,19,,19,,turn and lift,NULL,,NULL,NULL,NULL,,NULL,,NULL
20/04/2023,SJ33-X-92,SJ33,Sample location delocated to a 10km square (see metadata),330000,330000,335000,335000,5,100,28,yes,no,0,,5,,4,,8.8,,yes,NA,2,,30,,1,,,NA,,NA,,NA,,NA,,NA,,NA,,NA,,NA,30,,1,,yes,normal,normal,0,,46,,46,,turn and lift,yes,NA,yes,NA,yes,NA,small corer,yes,NA,yes,NA,yes,normal,17,,17,,turn and lift,NULL,,NULL,NULL,NULL,,NULL,,NULL
20/04/2023,SJ33-X-92,SJ33,Sample location delocated to a 10km square (see metadata),330000,330000,335000,335000,3,73,11,yes,yes,1,,8,,2,,10.1,,yes,NA,2,,30,,1.5,,,NA,,NA,,NA,,NA,,NA,,NA,,NA,,NA,30,,1.5,,yes,normal,normal,0,,45,,45,,turn and lift,yes,NA,yes,NA,yes,NA,small corer,yes,NA,yes,partial - stones,yes,normal,17,,17,,turn and lift,NULL,,NULL,NULL,NULL,,NULL,,NULL
20/04/2023,SJ33-X-92,SJ33,Sample location delocated to a 10km square (see metadata),330000,330000,335000,335000,3,73,28,yes,yes,0,,4,,1,,10.9,,yes,NA,2,,30,,1.5,,,NA,,NA,,NA,,NA,,NA,,NA,,NA,,NA,30,,1.5,,yes,normal,normal,0,,44,,44,,turn and lift,yes,NA,yes,NA,yes,NA,small corer,yes,NA,yes,NA,yes,normal,17,,17,,turn and lift,NULL,,NULL,NULL,NULL,,NULL,,NULL
20/04/2023,SJ33-X-92,SJ33,Sample location delocated to a 10km square (see metadata),330000,330000,335000,335000,3,73,47,yes,yes,0,,5,,1,,13.7,,yes,NA,2,,30,,1.5,,,NA,,NA,,NA,,NA,,NA,,NA,,NA,,NA,30,,1.5,,yes,normal,normal,0,,45,,45,,turn and lift,yes,NA,yes,NA,yes,NA,small corer,yes,NA,yes,NA,yes,normal,17,,17,,turn and lift,NULL,,NULL,NULL,NULL,,NULL,,NULL
20/04/2023,SJ33-X-92,SJ33,Sample location delocated to a 10km square (see metadata),330000,330000,335000,335000,3,73,59,yes,yes,1,,7,,0,,11.8,,yes,NA,2,,30,,1.5,,,NA,,NA,,NA,,NA,,NA,,NA,,NA,,NA,30,,1.5,,yes,normal,normal,0,,44,,44,,turn and lift,yes,NA,yes,NA,yes,NA,small corer,yes,NA,yes,partial - stones,yes,normal,18,,18,,turn and lift,NULL,,NULL,NULL,NULL,,NULL,,NULL
21/04/2023,SJ33-X-92,SJ33,Sample location delocated to a 10km square (see metadata),330000,330000,335000,335000,1,138,11,no,yes,1,,3,,9,,10.8,,yes,NA,2,,30,,1.5,,,NA,,NA,,NA,,NA,,NA,,NA,,NA,,NA,30,,1.5,,yes,normal,normal,0,,46,,46,,turn and lift,yes,NA,yes,NA,yes,NA,small corer,yes,NA,yes,partial - stones,yes,normal,17,,17,,turn and lift,NULL,,NULL,NULL,NULL,,NULL,,NULL
21/04/2023,SJ33-X-92,SJ33,Sample location delocated to a 10km square (see metadata),330000,330000,335000,335000,1,138,28,yes,yes,0,,8,,1,,10.9,,yes,NA,2,,30,,1.5,,,NA,,NA,,NA,,NA,,NA,,NA,,NA,,NA,30,,1.5,,yes,normal,normal,0,,48,,48,,turn and lift,yes,NA,yes,NA,yes,NA,small corer,yes,NA,yes,NA,yes,normal,17,,17,,turn and lift,NULL,,NULL,NULL,NULL,,NULL,,NULL
21/04/2023,SJ33-X-92,SJ33,Sample location delocated to a 10km square (see metadata),330000,330000,335000,335000,1,138,46,yes,yes,1,,9,,1,,10.7,,yes,NA,,NULL,30,,1.5,,,NA,,NA,,NA,,NA,,NA,,NA,,NA,,NA,30,,1.5,,yes,normal,normal,0,,45,,,NA,turn and lift,yes,NA,yes,NA,yes,NA,small corer,yes,NA,yes,NA,yes,normal,10,,10,,turn and lift,NULL,,NULL,NULL,NULL,,NULL,,NULL
21/04/2023,SJ33-X-92,SJ33,Sample location delocated to a 10km square (see metadata),330000,330000,335000,335000,1,138,59,yes,yes,0,,11,,9,,10.9,,yes,NA,2,,30,,1.5,,,NA,,NA,,NA,,NA,,NA,,NA,,NA,,NA,30,,1.5,,yes,normal,normal,0,,48,,48,,turn and lift,yes,NA,yes,NA,yes,NA,small corer,yes,NA,yes,NA,yes,normal,,NULL,,NA,turn and lift,NULL,,NULL,NULL,NULL,,NULL,,NULL
24/04/2023,SJ46-X-59,SJ46,Sample location delocated to a 10km square (see metadata),340000,360000,345000,365000,2,85,46,yes,yes,0,,0,,0,,,NULL,yes,NA,1,,30,,3,,,NA,,NA,,NA,,NA,,NA,,NA,,NA,,NA,30,,3,,yes,normal,normal,0,,43,,43,,turn and lift,yes,NA,yes,NA,yes,NA,small corer,yes,NA,yes,NA,yes,normal,18.5,,18.5,,turn and lift,NULL,,NULL,NULL,NULL,,NULL,,NULL
24/04/2023,SJ46-X-59,SJ46,Sample location delocated to a 10km square (see metadata),340000,360000,345000,365000,2,85,59,no,no,0,,0,,2,,0,,yes,NA,1,,30,,3,,,NA,,NA,,NA,,NA,,NA,,NA,,NA,,NA,30,,3,,yes,normal,normal,0,,42,,42,,dig and tip,yes,NA,yes,NA,yes,NA,small corer,yes,NA,yes,NA,yes,normal,19,,19,,turn and lift,NULL,,NULL,NULL,NULL,,NULL,,NULL
24/04/2023,SJ46-X-59,SJ46,Sample location delocated to a 10km square (see metadata),340000,360000,345000,365000,2,85,28,yes,no,0,,9,,2,,,NULL,yes,NA,1,,30,,3,,,NA,,NA,,NA,,NA,,NA,,NA,,NA,,NA,30,,3,,yes,normal,normal,0,,43,,43,,turn and lift,yes,NA,yes,NA,yes,NA,small corer,yes,NA,yes,NA,yes,normal,19.5,,19.5,,turn and lift,NULL,,NULL,NULL,NULL,,NULL,,NULL
24/04/2023,SJ46-X-59,SJ46,Sample location delocated to a 10km square (see metadata),340000,360000,345000,365000,2,85,11,yes,no,0,,0,,0,,,NULL,yes,NA,1,,30,,3.5,,,NA,,NA,,NA,,NA,,NA,,NA,,NA,,NA,30,,3.5,,yes,normal,normal,0,,43.5,,43.5,,dig and tip,yes,NA,yes,NA,yes,NA,small corer,yes,NA,yes,NA,yes,normal,19,,19,,turn and lift,NULL,,NULL,NULL,NULL,,NULL,,NULL
25/04/2023,SJ46-X-59,SJ46,Sample location delocated to a 10km square (see metadata),340000,360000,345000,365000,1,85,11,yes,yes,0,,14,,0,,8.3,,yes,NA,1,,30,,3,,,NA,,NA,,NA,,NA,,NA,,NA,,NA,,NA,30,,3,,yes,normal,normal,0,,45,,45,,dig and tip,yes,NA,yes,NA,yes,NA,small corer,yes,NA,yes,NA,yes,normal,19.5,,19.5,,turn and lift,NULL,,NULL,NULL,NULL,,NULL,,NULL
25/04/2023,SJ46-X-59,SJ46,Sample location delocated to a 10km square (see metadata),340000,360000,345000,365000,1,85,28,yes,yes,0,,14,,6,,10.5,,yes,NA,1,,30,,3,,,NA,,NA,,NA,,NA,,NA,,NA,,NA,,NA,30,,3,,yes,normal,normal,0,,44.5,,44.5,,dig and tip,yes,NA,yes,NA,yes,NA,small corer,yes,NA,yes,partial - NULL,yes,normal,19,,19,,turn and lift,NULL,,NULL,NULL,NULL,,NULL,,NULL
25/04/2023,SJ46-X-59,SJ46,Sample location delocated to a 10km square (see metadata),340000,360000,345000,365000,1,85,59,yes,yes,0,,7,,5,,8.1,,yes,NA,1,,30,,4,,,NA,,NA,,NA,,NA,,NA,,NA,,NA,,NA,30,,4,,yes,normal,normal,0,,44,,44,,dig and tip,yes,NA,yes,NA,yes,NA,small corer,yes,NA,yes,NA,yes,normal,19,,19,,turn and lift,NULL,,NULL,NULL,NULL,,NULL,,NULL
25/04/2023,SJ46-X-59,SJ46,Sample location delocated to a 10km square (see metadata),340000,360000,345000,365000,1,85,46,yes,yes,0,,18,,2,,8.5,,yes,NA,1,,30,,4,,,NA,,NA,,NA,,NA,,NA,,NA,,NA,,NA,30,,4,,yes,normal,normal,0,,45,,,NA,dig and tip,yes,NA,yes,NA,yes,NA,small corer,yes,NA,yes,NA,yes,normal,18.5,,18.5,,turn and lift,NULL,,NULL,NULL,NULL,,NULL,,NULL
25/04/2023,SJ46-X-59,SJ46,Sample location delocated to a 10km square (see metadata),340000,360000,345000,365000,5,33,28,yes,yes,0,,16,,8,,11.9,,yes,NA,1,,30,,2.5,,,NA,,NA,,NA,,NA,,NA,,NA,,NA,,NA,30,,2.5,,yes,normal,normal,0,,44,,44,,dig and tip,yes,NA,yes,NA,yes,NA,small corer,yes,NA,yes,NA,yes,normal,19,,19,,turn and lift,NULL,,NULL,NULL,NULL,,NULL,,NULL
25/04/2023,SJ46-X-59,SJ46,Sample location delocated to a 10km square (see metadata),340000,360000,345000,365000,5,33,59,yes,yes,0,,16,,7,,11.3,,yes,NA,2,,30,,2,,,NA,,NA,,NA,,NA,,NA,,NA,,NA,,NA,30,,2,,yes,normal,normal,0,,44,,44,,dig and tip,yes,NA,yes,NA,yes,NA,small corer,yes,NA,yes,NA,yes,normal,19.5,,19.5,,turn and lift,NULL,,NULL,NULL,NULL,,NULL,,NULL
25/04/2023,SJ46-X-59,SJ46,Sample location delocated to a 10km square (see metadata),340000,360000,345000,365000,5,33,46,yes,yes,0,,19,,0,,11.5,,yes,NA,2,,30,,3.5,,,NA,,NA,,NA,,NA,,NA,,NA,,NA,,NA,30,,3.5,,yes,normal,serrated,0,,45,,45,,dig and tip,yes,NA,yes,NA,yes,NA,small corer,yes,NA,yes,NA,yes,normal,19,,19,,turn and lift,NULL,,NULL,NULL,NULL,,NULL,,NULL
26/04/2023,SJ46-X-59,SJ46,Sample location delocated to a 10km square (see metadata),340000,360000,345000,365000,4,98,28,no,no,0,,9,,0,,8.5,,yes,NA,1,,30,,2,,,NA,,NA,,NA,,NA,,NA,,NA,,NA,,NA,30,,2,,yes,normal,normal,0,,45,,45,,turn and lift,yes,NA,yes,NA,yes,NA,small corer,yes,NA,yes,partial - hit rock,yes,normal,17.5,,17.5,,turn and lift,NULL,,NULL,NULL,NULL,,NULL,,NULL
26/04/2023,SJ46-X-59,SJ46,Sample location delocated to a 10km square (see metadata),340000,360000,345000,365000,4,98,59,no,no,0,,7,,0,,8.6,,yes,NA,1,,30,,2,,,NA,,NA,,NA,,NA,,NA,,NA,,NA,,NA,30,,2,,yes,normal,normal,0,,43,,43,,turn and lift,yes,NA,yes,NA,yes,NA,small corer,yes,NA,yes,partial - hit rock,yes,normal,19,,19,,turn and lift,NULL,,NULL,NULL,NULL,,NULL,,NULL
26/04/2023,SJ46-X-59,SJ46,Sample location delocated to a 10km square (see metadata),340000,360000,345000,365000,4,98,46,no,no,0,,6,,2,,8.6,,yes,NA,2,,30,,2.5,,,NA,,NA,,NA,,NA,,NA,,NA,,NA,,NA,30,,2.5,,yes,normal,normal,0,,44.5,,44.5,,turn and lift,yes,NA,yes,NA,yes,NA,small corer,yes,NA,yes,NA,yes,normal,18.5,,18.5,,turn and lift,NULL,,NULL,NULL,NULL,,NULL,,NULL
25/04/2023,SJ46-X-59,SJ46,Sample location delocated to a 10km square (see metadata),340000,360000,345000,365000,5,33,11,yes,yes,0,,16,,2,,13.4,,yes,NA,1,,30,,3,,,NA,,NA,,NA,,NA,,NA,,NA,,NA,,NA,30,,3,,yes,normal,normal,0,,45,,45,,dig and tip,yes,NA,yes,NA,yes,NA,small corer,yes,NA,yes,NA,yes,normal,19.8,,19.8,,turn and lift,NULL,,NULL,NULL,NULL,,NULL,,NULL
26/04/2023,SJ46-X-59,SJ46,Sample location delocated to a 10km square (see metadata),340000,360000,345000,365000,4,98,11,no,no,0,,9,,4,,8,,yes,NA,2,,30,,2,,,NA,,NA,,NA,,NA,,NA,,NA,,NA,,NA,30,,2,,yes,normal,normal,0,,42,,42,,turn and lift,yes,NA,yes,NA,yes,NA,small corer,yes,NA,yes,partial - hit rock,yes,normal,19,,19,,turn and lift,NULL,,NULL,NULL,NULL,,NULL,,NULL
29/01/2024,SJ46-X-66,SJ46,Sample location delocated to a 10km square (see metadata),340000,360000,345000,365000,4,148,11,no,no,0,,12,,2,,6.4,,yes,NA,,NULL,15,,3,,30,,2,,,NA,,NA,,NA,,NA,,NA,,NA,30,,2.5,,yes,serrated,serrated,0,,46,,,NA,turn and lift,yes,NA,yes,NA,yes,NA,small corer,yes,NA,yes,NA,yes,serrated,17,,17,,turn and lift,no,,NA,NA,NA,,NA,1,
29/01/2024,SJ46-X-66,SJ46,Sample location delocated to a 10km square (see metadata),340000,360000,345000,365000,4,148,28,no,no,0,,9,,4,,6.3,,yes,NA,,NULL,15,,3.5,,30,,2.5,,,NA,,NA,,NA,,NA,,NA,,NA,30,,3,,yes,serrated,serrated,0,,44,,,NA,turn and lift,yes,NA,yes,NA,yes,NA,small corer,yes,NA,yes,NA,yes,serrated,17,,,NA,turn and lift,no,,NA,NA,NA,,NA,1,
29/01/2024,SJ46-X-66,SJ46,Sample location delocated to a 10km square (see metadata),340000,360000,345000,365000,4,148,59,no,no,0,,6,,0,,6.8,,yes,NA,,NULL,30,,3.5,,,NA,,NA,,NA,,NA,,NA,,NA,,NA,,NA,30,,3.5,,yes,serrated,serrated,0,,43,,,NA,turn and lift,yes,NA,yes,NA,yes,NA,small corer,yes,NA,yes,NA,yes,serrated,17,,,NA,turn and lift,no,,NA,NA,NA,,NA,1,
29/01/2024,SJ46-X-66,SJ46,Sample location delocated to a 10km square (see metadata),340000,360000,345000,365000,4,148,46,no,no,0,,12,,6,,5.2,,yes,NA,,NULL,30,,4,,,NA,,NA,,NA,,NA,,NA,,NA,,NA,,NA,30,,4,,yes,serrated,serrated,0,,45,,,NA,turn and lift,yes,NA,yes,NA,yes,NA,small corer,yes,partial - too wet,yes,NA,yes,serrated,18,,,NA,turn and lift,no,,NA,NA,NA,,NA,1,
30/01/2024,SJ46-X-66,SJ46,Sample location delocated to a 10km square (see metadata),340000,360000,345000,365000,1,85,11,no,no,0,,22,,0,,6.5,,yes,NA,,NULL,20,,4,,30,,2.5,,,NA,,NA,,NA,,NA,,NA,,NA,30,,3.5,,yes,serrated,serrated,0,,47,,,NA,turn and lift,yes,NA,yes,NA,yes,NA,small corer,yes,NA,yes,NA,yes,serrated,19,,19,,turn and lift,no,,NA,NA,NA,,NA,1,
30/01/2024,SJ46-X-66,SJ46,Sample location delocated to a 10km square (see metadata),340000,360000,345000,365000,1,85,28,no,no,0,,6,,4,,6.5,,yes,NA,,NULL,30,,3.5,,,NA,,NA,,NA,,NA,,NA,,NA,,NA,,NA,30,,3.5,,yes,serrated,serrated,0,,45,,,NA,turn and lift,yes,NA,yes,NA,yes,NA,small corer,yes,NA,yes,NA,yes,serrated,15,,15,,turn and lift,no,,NA,NA,NA,,NA,1,
30/01/2024,SJ46-X-66,SJ46,Sample location delocated to a 10km square (see metadata),340000,360000,345000,365000,1,85,59,no,no,0,,17,,4,,3.3,,yes,NA,,NULL,30,,2.5,,,NA,,NA,,NA,,NA,,NA,,NA,,NA,,NA,30,,2.5,,yes,serrated,serrated,0,,46,,,NA,turn and lift,yes,NA,yes,NA,yes,NA,small corer,yes,NA,yes,NA,yes,serrated,19,,19,,turn and lift,no,,NA,NA,NA,,NA,1,
30/01/2024,SJ46-X-66,SJ46,Sample location delocated to a 10km square (see metadata),340000,360000,345000,365000,1,85,48,no,no,0,,3,,4,,6.6,,yes,NA,,NULL,30,,2.5,,,NA,,NA,,NA,,NA,,NA,,NA,,NA,,NA,30,,2.5,,yes,NULL,normal,0,,47,,,NA,turn and lift,yes,NA,yes,NA,yes,NA,small corer,yes,NA,yes,NA,yes,serrated,16.5,,16.5,,turn and lift,no,,NA,NA,NA,,NA,1,
24/04/2023,SJ52-X-53,SJ52,Sample location delocated to a 10km square (see metadata),350000,320000,355000,325000,1,85,11,yes,yes,2,,1,,1,,8.9,,yes,NA,2,,30,,1,,,NA,,NA,,NA,,NA,,NA,,NA,,NA,,NA,30,,1,,yes,normal,normal,0,,45,,45,,turn and lift,yes,NA,yes,NA,yes,NA,small corer,yes,NA,yes,NA,yes,normal,21,,21,,turn and lift,NULL,,NULL,NULL,NULL,,NULL,,NULL
24/04/2023,SJ52-X-53,SJ52,Sample location delocated to a 10km square (see metadata),350000,320000,355000,325000,1,85,28,yes,no,0,,4,,,NULL,9,,yes,NA,2,,30,,1,,,NA,,NA,,NA,,NA,,NA,,NA,,NA,,NA,30,,1,,yes,normal,normal,,NULL,44,,44,,turn and lift,yes,NA,yes,NA,yes,NA,small corer,yes,NA,yes,NA,yes,normal,20,,20,,turn and lift,NULL,,NULL,NULL,NULL,,NULL,,NULL
24/04/2023,SJ52-X-53,SJ52,Sample location delocated to a 10km square (see metadata),350000,320000,355000,325000,1,85,46,no,no,,NULL,5,,1,,9.1,,yes,NA,2,,30,,1,,,NA,,NA,,NA,,NA,,NA,,NA,,NA,,NA,30,,1,,yes,normal,normal,0,,45,,45,,turn and lift,yes,NA,yes,NA,yes,NA,small corer,yes,NA,yes,NA,yes,normal,19,,19,,turn and lift,NULL,,NULL,NULL,NULL,,NULL,,NULL
24/04/2023,SJ52-X-53,SJ52,Sample location delocated to a 10km square (see metadata),350000,320000,355000,325000,1,85,59,no,no,0,,1,,0,,9.2,,yes,NA,2,,30,,1,,,NA,,NA,,NA,,NA,,NA,,NA,,NA,,NA,30,,1,,yes,normal,normal,0,,45,,45,,turn and lift,yes,NA,yes,NA,yes,NA,small corer,yes,NA,yes,NA,yes,normal,19,,19,,turn and lift,NULL,,NULL,NULL,NULL,,NULL,,NULL
24/04/2023,SJ52-X-53,SJ52,Sample location delocated to a 10km square (see metadata),350000,320000,355000,325000,4,85,11,no,no,0,,0,,0,,9.4,,yes,NA,2,,30,,1,,,NA,,NA,,NA,,NA,,NA,,NA,,NA,,NA,30,,1,,yes,normal,normal,0,,45,,45,,turn and lift,yes,NA,yes,NA,yes,NA,small corer,yes,NA,yes,NA,yes,normal,19,,19,,turn and lift,NULL,,NULL,NULL,NULL,,NULL,,NULL
24/04/2023,SJ52-X-53,SJ52,Sample location delocated to a 10km square (see metadata),350000,320000,355000,325000,4,85,28,yes,no,0,,1,,0,,9.8,,yes,NA,2,,30,,1,,,NA,,NA,,NA,,NA,,NA,,NA,,NA,,NA,30,,1,,yes,normal,normal,0,,45,,45,,turn and lift,yes,NA,yes,NA,yes,NA,small corer,yes,NA,yes,NA,yes,normal,20,,20,,turn and lift,NULL,,NULL,NULL,NULL,,NULL,,NULL
24/04/2023,SJ52-X-53,SJ52,Sample location delocated to a 10km square (see metadata),350000,320000,355000,325000,4,85,46,yes,yes,0,,1,,0,,9.6,,yes,NA,2,,30,,1,,,NA,,NA,,NA,,NA,,NA,,NA,,NA,,NA,30,,1,,yes,normal,normal,0,,45,,45,,turn and lift,yes,NA,yes,NA,yes,NA,small corer,no,NULL,no,NULL,yes,normal,19,,19,,turn and lift,NULL,,NULL,NULL,NULL,,NULL,,NULL
24/04/2023,SJ52-X-53,SJ52,Sample location delocated to a 10km square (see metadata),350000,320000,355000,325000,4,85,59,no,no,0,,1,,0,,10.1,,yes,NA,2,,30,,1,,,NA,,NA,,NA,,NA,,NA,,NA,,NA,,NA,30,,1,,yes,normal,normal,0,,45,,45,,turn and lift,yes,NA,yes,NA,yes,NA,small corer,yes,NA,yes,NA,yes,normal,19,,19,,turn and lift,NULL,,NULL,NULL,NULL,,NULL,,NULL
25/04/2023,SJ52-X-53,SJ52,Sample location delocated to a 10km square (see metadata),350000,320000,355000,325000,3,85,11,no,no,0,,2,,0,,6.7,,yes,NA,2,,30,,1,,,NA,,NA,,NA,,NA,,NA,,NA,,NA,,NA,30,,1,,yes,normal,normal,0,,44,,44,,turn and lift,yes,NA,yes,NA,yes,NA,small corer,yes,partial - dry and loose soil,yes,NA,yes,normal,19,,19,,turn and lift,NULL,,NULL,NULL,NULL,,NULL,,NULL
25/04/2023,SJ52-X-53,SJ52,Sample location delocated to a 10km square (see metadata),350000,320000,355000,325000,3,85,28,no,no,0,,1,,0,,7.4,,yes,NA,2,,30,,1,,,NA,,NA,,NA,,NA,,NA,,NA,,NA,,NA,30,,1,,yes,normal,normal,0,,45,,45,,turn and lift,yes,NA,yes,NA,yes,NA,small corer,yes,NA,yes,NA,yes,normal,18,,18,,turn and lift,NULL,,NULL,NULL,NULL,,NULL,,NULL
25/04/2023,SJ52-X-53,SJ52,Sample location delocated to a 10km square (see metadata),350000,320000,355000,325000,3,85,46,no,no,0,,0,,0,,10.1,,yes,NA,2,,30,,1,,,NA,,NA,,NA,,NA,,NA,,NA,,NA,,NA,30,,1,,yes,normal,normal,0,,47,,47,,turn and lift,yes,NA,yes,NA,yes,NA,small corer,yes,NA,yes,NA,yes,normal,18,,18,,turn and lift,NULL,,NULL,NULL,NULL,,NULL,,NULL
25/04/2023,SJ52-X-53,SJ52,Sample location delocated to a 10km square (see metadata),350000,320000,355000,325000,3,85,59,no,no,0,,3,,0,,9.3,,yes,NA,2,,30,,1,,,NA,,NA,,NA,,NA,,NA,,NA,,NA,,NA,30,,1,,yes,normal,normal,0,,44,,44,,turn and lift,yes,NA,yes,NA,yes,NA,small corer,yes,NA,yes,NA,yes,normal,19,,19,,turn and lift,NULL,,NULL,NULL,NULL,,NULL,,NULL
25/04/2023,SJ52-X-53,SJ52,Sample location delocated to a 10km square (see metadata),350000,320000,355000,325000,2,85,11,no,no,0,,1,,0,,12.4,,yes,NA,2,,1,,1,,30,,1,,,NA,,NA,,NA,,NA,,NA,,NA,30,,1,,yes,normal,normal,0,,45,,45,,turn and lift,yes,NA,yes,NA,yes,NA,small corer,yes,NA,yes,NA,yes,normal,18,,18,,turn and lift,NULL,,NULL,NULL,NULL,,NULL,,NULL
25/04/2023,SJ52-X-53,SJ52,Sample location delocated to a 10km square (see metadata),350000,320000,355000,325000,2,85,28,no,no,0,,3,,0,,11.7,,yes,NA,2,,30,,1,,,NA,,NA,,NA,,NA,,NA,,NA,,NA,,NA,30,,1,,yes,normal,normal,0,,46,,46,,turn and lift,yes,NA,yes,NA,yes,NA,small corer,yes,NA,yes,NA,yes,normal,21,,21,,turn and lift,NULL,,NULL,NULL,NULL,,NULL,,NULL
25/04/2023,SJ52-X-53,SJ52,Sample location delocated to a 10km square (see metadata),350000,320000,355000,325000,2,85,46,yes,yes,0,,2,,0,,12.5,,yes,NA,2,,30,,1,,,NA,,NA,,NA,,NA,,NA,,NA,,NA,,NA,30,,1,,yes,normal,repacked (no tip),0,,46,,46,,turn and lift,yes,NA,yes,NA,yes,NA,small corer,yes,NA,yes,NA,yes,normal,22.5,,22.5,,turn and lift,NULL,,NULL,NULL,NULL,,NULL,,NULL
25/04/2023,SJ52-X-53,SJ52,Sample location delocated to a 10km square (see metadata),350000,320000,355000,325000,2,85,59,no,yes,2,,2,,0,,12.4,,yes,NA,2,,30,,1,,,NA,,NA,,NA,,NA,,NA,,NA,,NA,,NA,30,,1,,yes,normal,normal,0,,45,,45,,turn and lift,yes,NA,yes,NA,yes,NA,small corer,yes,NA,yes,NA,yes,normal,25,,25,,turn and lift,NULL,,NULL,NULL,NULL,,NULL,,NULL
06/12/2023,SJ54-X-60,SJ54,Sample location delocated to a 10km square (see metadata),350000,340000,355000,345000,1,85,11,no,yes,0,,8,,0,,7.9,,yes,NA,3,,30,,4.5,,,NA,,NA,,NA,,NA,,NA,,NA,,NA,,NA,30,,4.5,,yes,serrated,serrated,0,,46,,,NA,turn and lift,yes,NA,yes,NA,yes,NA,small corer,yes,NA,yes,NA,yes,serrated,20,,20,,turn and lift,no,,NA,NA,NA,,NA,1,
06/12/2023,SJ54-X-60,SJ54,Sample location delocated to a 10km square (see metadata),350000,340000,355000,345000,1,85,28,no,yes,0,,9,,0,,7.8,,yes,NA,,NULL,30,,4.5,,,NA,,NA,,NA,,NA,,NA,,NA,,NA,,NA,30,,4.5,,yes,serrated,serrated,0,,46,,,NA,turn and lift,yes,NA,yes,NA,yes,NA,small corer,yes,NA,yes,NA,yes,serrated,17,,17,,turn and lift,no,,NA,NA,NA,,NA,1,
06/12/2023,SJ54-X-60,SJ54,Sample location delocated to a 10km square (see metadata),350000,340000,355000,345000,1,85,59,no,yes,0,,0,,0,,7.8,,yes,NA,3,,30,,4.5,,,NA,,NA,,NA,,NA,,NA,,NA,,NA,,NA,30,,4.5,,yes,serrated,serrated,0,,46,,,NA,turn and lift,yes,NA,yes,NA,yes,NA,small corer,yes,NA,yes,hit rock,yes,serrated,19,,19,,turn and lift,no,,NA,NA,NA,,NA,1,
06/12/2023,SJ54-X-60,SJ54,Sample location delocated to a 10km square (see metadata),350000,340000,355000,345000,1,85,46,no,yes,0,,16,,4,,7.7,,yes,NA,3,,30,,4,,,NA,,NA,,NA,,NA,,NA,,NA,,NA,,NA,30,,4,,yes,serrated,serrated,0,,46,,,NA,turn and lift,yes,NA,yes,NA,yes,NA,small corer,yes,NA,yes,NA,yes,NULL,,NULL,,NA,turn and lift,no,,NA,NA,NA,,NA,1,
07/12/2023,SJ54-X-60,SJ54,Sample location delocated to a 10km square (see metadata),350000,340000,355000,345000,2,99,11,no,no,0,,7,,2,,8,,yes,NA,1,,30,,3,,,NA,,NA,,NA,,NA,,NA,,NA,,NA,,NA,30,,3,,yes,serrated,serrated,0,,47,,,NA,turn and lift,yes,NA,yes,NA,yes,NA,small corer,yes,NA,yes,NA,yes,serrated,16,,16,,turn and lift,no,,NA,NA,NA,,NA,1,
07/12/2023,SJ54-X-60,SJ54,Sample location delocated to a 10km square (see metadata),350000,340000,355000,345000,2,99,28,no,yes,1,,3,,0,,7.9,,yes,NA,1,,30,,1.5,,,NA,,NA,,NA,,NA,,NA,,NA,,NA,,NA,30,,1.5,,yes,serrated,serrated,0,,44,,,NA,turn and lift,yes,NA,yes,NA,yes,NA,small corer,yes,NA,yes,NA,yes,serrated,19,,19,,turn and lift,no,,NA,NA,NA,,NA,1,
07/12/2023,SJ54-X-60,SJ54,Sample location delocated to a 10km square (see metadata),350000,340000,355000,345000,2,99,59,yes,yes,0,,0,,0,,7.9,,yes,NA,1,,30,,3.5,,,NA,,NA,,NA,,NA,,NA,,NA,,NA,,NA,30,,3.5,,yes,serrated,serrated,0,,47,,,NA,turn and lift,yes,NA,yes,NA,yes,NA,small corer,yes,NA,yes,NA,yes,serrated,18,,18,,turn and lift,no,,NA,NA,NA,,NA,1,
07/12/2023,SJ54-X-60,SJ54,Sample location delocated to a 10km square (see metadata),350000,340000,355000,345000,2,99,46,no,no,0,,0,,0,,7.8,,yes,NA,,NULL,30,,3.5,,,NA,,NA,,NA,,NA,,NA,,NA,,NA,,NA,30,,3.5,,yes,serrated,serrated,0,,,NULL,,NA,turn and lift,yes,NA,yes,NA,yes,NA,small corer,yes,NA,yes,NA,yes,serrated,18,,18,,turn and lift,no,,NA,NA,NA,,NA,1,
20/02/2024,SJ56-X-26,SJ56,Sample location delocated to a 10km square (see metadata),350000,360000,355000,365000,3,85,11,no,no,0,,7,,3,,8.5,,yes,NA,,NULL,30,,1,,,NA,,NA,,NA,,NA,,NA,,NA,,NA,,NA,30,,1,,yes,serrated,normal,0,,41,,,NA,turn and lift,yes,NA,yes,NA,yes,NA,small corer,yes,NA,yes,NA,yes,normal,19,,19,,turn and lift,no,,NA,NA,NA,,NA,1,
20/02/2024,SJ56-X-26,SJ56,Sample location delocated to a 10km square (see metadata),350000,360000,355000,365000,3,85,28,no,no,0,,8,,2,,8.5,,yes,NA,,NULL,30,,1,,,NA,,NA,,NA,,NA,,NA,,NA,,NA,,NA,30,,1,,yes,normal,normal,0,,42,,,NA,turn and lift,yes,NA,yes,NA,yes,NA,small corer,yes,NA,yes,NA,yes,normal,19,,,NA,turn and lift,no,,NA,NA,NA,,NA,1,
20/02/2024,SJ56-X-26,SJ56,Sample location delocated to a 10km square (see metadata),350000,360000,355000,365000,3,85,59,no,no,0,,6,,0,,8.4,,yes,NA,,NULL,30,,1,,,NA,,NA,,NA,,NA,,NA,,NA,,NA,,NA,30,,1,,yes,normal,normal,0,,40,,,NA,turn and lift,yes,NA,yes,NA,yes,NA,small corer,yes,NA,yes,NA,yes,normal,19,,,NA,turn and lift,no,,NA,NA,NA,,NA,1,
20/02/2024,SJ56-X-26,SJ56,Sample location delocated to a 10km square (see metadata),350000,360000,355000,365000,3,85,46,no,no,0,,6,,0,,8.4,,yes,NA,,NULL,30,,1,,,NA,,NA,,NA,,NA,,NA,,NA,,NA,,NA,30,,1,,yes,normal,normal,0,,46,,,NA,turn and lift,yes,NA,yes,NA,yes,NA,small corer,yes,NA,yes,NA,yes,normal,19,,,NA,turn and lift,no,,NA,NA,NA,,NA,1,
28/02/2024,SJ68-X-80,SJ68,Sample location delocated to a 10km square (see metadata),360000,380000,365000,385000,1,85,60,no,no,0,,17,,2,,4.9,,yes,NA,2,,20,,2.5,,30,,2,,,NA,,NA,,NA,,NA,,NA,,NA,30,,2.3,,yes,normal,catcher,0,,44,,,NA,turn and lift,yes,NA,yes,NA,yes,NA,small corer,yes,NA,yes,NA,yes,normal,19,,19,,turn and lift,no,,NA,NA,NA,,NA,1,
28/02/2024,SJ68-X-80,SJ68,Sample location delocated to a 10km square (see metadata),360000,380000,365000,385000,1,85,11,yes,no,0,,13,,1,,4.9,,yes,NA,2,,25,,2.5,,30,,4,,,NA,,NA,,NA,,NA,,NA,,NA,30,,2.8,,yes,normal,catcher,0,,46,,,NA,turn and lift,yes,NA,yes,NA,yes,NA,small corer,yes,NA,yes,NA,yes,normal,21,,21,,turn and lift,no,,NA,NA,NA,,NA,1,
28/02/2024,SJ68-X-80,SJ68,Sample location delocated to a 10km square (see metadata),360000,380000,365000,385000,1,85,28,yes,no,1,,9,,3,,5.9,,yes,NA,1,,15,,2,,30,,3,,,NA,,NA,,NA,,NA,,NA,,NA,30,,2.5,,yes,normal,normal,0,,46,,,NA,turn and lift,yes,NA,yes,NA,yes,NA,small corer,yes,NA,yes,NA,yes,normal,19,,,NA,turn and lift,no,,NA,NA,NA,,NA,1,
28/02/2024,SJ68-X-80,SJ68,Sample location delocated to a 10km square (see metadata),360000,380000,365000,385000,1,85,46,yes,no,1,,13,,0,,5.8,,yes,NA,2,,30,,2,,,NA,,NA,,NA,,NA,,NA,,NA,,NA,,NA,30,,2,,yes,normal,normal,0,,44,,,NA,turn and lift,yes,NA,yes,NA,yes,NA,small corer,yes,NA,yes,NA,yes,normal,19,,19,,turn and lift,no,,NA,NA,NA,,NA,1,
29/02/2024,SJ68-X-80,SJ68,Sample location delocated to a 10km square (see metadata),360000,380000,365000,385000,4,85,11,yes,no,0,,9,,0,,6.3,,yes,NA,2,,20,,3,,30,,2.5,,,NA,,NA,,NA,,NA,,NA,,NA,30,,2.8,,yes,normal,normal,0,,47,,,NA,turn and lift,yes,NA,yes,NA,yes,NA,small corer,yes,NA,yes,NA,yes,normal,17,,17,,turn and lift,no,,NA,NA,NA,,NA,1,
29/02/2024,SJ68-X-80,SJ68,Sample location delocated to a 10km square (see metadata),360000,380000,365000,385000,4,85,21,yes,yes,2,,5,,1,,6.5,,yes,NA,,NULL,20,,3.5,,30,,2.5,,,NA,,NA,,NA,,NA,,NA,,NA,30,,3.2,,yes,normal,normal,1,,46,,,NA,turn and lift,yes,NA,yes,NA,yes,NA,small corer,yes,NA,yes,NA,yes,normal,19,,19,,turn and lift,no,,NA,NA,NA,,NA,1,
29/02/2024,SJ68-X-80,SJ68,Sample location delocated to a 10km square (see metadata),360000,380000,365000,385000,4,85,46,yes,no,0,,5,,1,,6.5,,yes,NA,2,,20,,3,,30,,2,,,NA,,NA,,NA,,NA,,NA,,NA,30,,2.7,,yes,normal,normal,1,,43,,,NA,turn and lift,yes,NA,yes,NA,yes,NA,small corer,yes,NA,yes,NA,yes,normal,22,,22,,turn and lift,no,,NA,NA,NA,,NA,1,
29/02/2024,SJ68-X-80,SJ68,Sample location delocated to a 10km square (see metadata),360000,380000,365000,385000,4,85,59,yes,yes,2,,8,,0,,6.7,,yes,NA,,NULL,20,,3,,30,,2.5,,,NA,,NA,,NA,,NA,,NA,,NA,30,,2.8,,yes,normal,normal,0,,48,,,NA,turn and lift,yes,NA,yes,NA,yes,NA,small corer,yes,NA,yes,NA,yes,normal,17,,17,,turn and lift,no,,NA,NA,NA,,NA,1,
29/02/2024,SJ68-X-80,SJ68,Sample location delocated to a 10km square (see metadata),360000,380000,365000,385000,3,6,59,yes,yes,3,,23,,0,,7.1,,yes,NA,2,,30,,2.5,,,NA,,NA,,NA,,NA,,NA,,NA,,NA,,NA,30,,2.5,,yes,normal,normal,0,,47,,,NA,turn and lift,yes,NA,yes,NA,yes,NA,small corer,yes,NA,yes,NA,yes,normal,20,,20,,turn and lift,no,,NA,NA,NA,,NA,1,
29/02/2024,SJ68-X-80,SJ68,Sample location delocated to a 10km square (see metadata),360000,380000,365000,385000,3,6,11,yes,yes,2,,18,,1,,7.1,,yes,NA,2,,15,,2.5,,25,,2.5,,,NA,,NA,,NA,,NA,,NA,,NA,25,,2.5,,yes,normal,normal,0,,46,,,NA,turn and lift,yes,NA,yes,NA,yes,NA,small corer,yes,NA,yes,NA,yes,normal,19,,19,,turn and lift,no,,NA,NA,NA,,NA,1,
29/02/2024,SJ68-X-80,SJ68,Sample location delocated to a 10km square (see metadata),360000,380000,365000,385000,3,6,28,yes,yes,2,,20,,2,,7.1,,yes,NA,2,,25,,2,,30,,3,,,NA,,NA,,NA,,NA,,NA,,NA,30,,2.2,,yes,normal,normal,0,,52,,,NA,turn and lift,yes,NA,yes,NA,yes,NA,small corer,yes,NA,yes,NA,yes,normal,19,,19,,turn and lift,no,,NA,NA,NA,,NA,1,
29/02/2024,SJ68-X-80,SJ68,Sample location delocated to a 10km square (see metadata),360000,380000,365000,385000,3,6,45,yes,no,0,,10,,0,,7.3,,yes,NA,2,,25,,3.5,,30,,3,,,NA,,NA,,NA,,NA,,NA,,NA,30,,3.4,,yes,normal,normal,0,,48,,,NA,turn and lift,yes,NA,yes,NA,yes,NA,small corer,yes,NA,yes,NA,yes,normal,18,,18,,turn and lift,no,,NA,NA,NA,,NA,1,
15/01/2024,SJ69-X-55,SJ69,Sample location delocated to a 10km square (see metadata),360000,390000,365000,395000,4,31,11,no,no,0,,4,,0,,1.7,,yes,NA,1,,7,,3,,30,,4,,,NA,,NA,,NA,,NA,,NA,,NA,30,,3.8,,yes,serrated,serrated,0,,46,,,NA,turn and lift,yes,NA,yes,NA,yes,NA,small corer,yes,NA,yes,NA,yes,serrated,18,,18,,turn and lift,no,,NA,NA,NA,,NA,1,
15/01/2024,SJ69-X-55,SJ69,Sample location delocated to a 10km square (see metadata),360000,390000,365000,395000,4,31,28,no,no,0,,7,,0,,1.7,,yes,NA,1,,12,,2.5,,30,,3.5,,,NA,,NA,,NA,,NA,,NA,,NA,30,,3.1,,yes,serrated,serrated,0,,43,,,NA,turn and lift,yes,NA,yes,NA,yes,NA,small corer,yes,NA,yes,NA,yes,serrated,16,,16,,turn and lift,no,,NA,NA,NA,,NA,1,
15/01/2024,SJ69-X-55,SJ69,Sample location delocated to a 10km square (see metadata),360000,390000,365000,395000,4,31,59,no,no,0,,5,,3,,1.8,,yes,NA,1,,11,,3,,30,,3.5,,,NA,,NA,,NA,,NA,,NA,,NA,30,,3.3,,yes,serrated,serrated,0,,42,,,NA,turn and lift,yes,NA,yes,NA,yes,NA,small corer,yes,NA,yes,NA,yes,serrated,17,,17,,turn and lift,no,,NA,NA,NA,,NA,1,
15/01/2024,SJ69-X-55,SJ69,Sample location delocated to a 10km square (see metadata),360000,390000,365000,395000,4,31,46,no,no,0,,5,,0,,1.7,,yes,NA,1,,8,,3,,30,,4,,,NA,,NA,,NA,,NA,,NA,,NA,30,,3.7,,yes,serrated,serrated,0,,43,,,NA,turn and lift,yes,NA,yes,NA,yes,NA,small corer,yes,NA,yes,NA,yes,serrated,19,,19,,turn and lift,no,,NA,NA,NA,,NA,1,
17/01/2024,SJ69-X-55,SJ69,Sample location delocated to a 10km square (see metadata),360000,390000,365000,395000,2,39,11,yes,no,2,,13,,3,,1.4,,yes,NA,,NULL,30,,4.5,,,NA,,NA,,NA,,NA,,NA,,NA,,NA,,NA,30,,4.5,,yes,serrated,serrated,0,,43,,,NA,turn and lift,yes,NA,yes,NA,yes,NA,small corer,yes,NA,no,hit rock,yes,serrated,19.6,,19.6,,turn and lift,no,,NA,NA,NA,,NA,1,
17/01/2024,SJ69-X-55,SJ69,Sample location delocated to a 10km square (see metadata),360000,390000,365000,395000,2,39,28,yes,no,0,,12,,3,,1.2,,yes,NA,,NULL,20,,3.5,,30,,4,,,NA,,NA,,NA,,NA,,NA,,NA,30,,3.7,,yes,serrated,serrated,0,,43,,,NA,turn and lift,yes,NA,yes,NA,yes,NA,small corer,yes,NA,yes,Hit rock,yes,serrated,17,,17,,turn and lift,no,,NA,NA,NA,,NA,1,
17/01/2024,SJ69-X-55,SJ69,Sample location delocated to a 10km square (see metadata),360000,390000,365000,395000,2,39,59,yes,no,0,,5,,2,,1.4,,yes,NA,,NULL,30,,4.5,,,NA,,NA,,NA,,NA,,NA,,NA,,NA,,NA,30,,4.5,,yes,serrated,serrated,0,,41.5,,,NA,turn and lift,yes,NA,yes,NA,yes,NA,small corer,yes,partial - too wet,yes,partial - hit rock,yes,serrated,17,,17,,turn and lift,no,,NA,NA,NA,,NA,1,
17/01/2024,SJ69-X-55,SJ69,Sample location delocated to a 10km square (see metadata),360000,390000,365000,395000,2,39,46,yes,no,0,,17,,4,,1.3,,yes,NA,,NULL,15,,3.5,,30,,4.5,,,NA,,NA,,NA,,NA,,NA,,NA,30,,4,,yes,serrated,serrated,0,,44.8,,,NA,turn and lift,yes,NA,yes,NA,yes,NA,small corer,yes,partial - too wet,yes,partial - hit rock,yes,serrated,17,,17,,turn and lift,no,,NA,NA,NA,,NA,1,
05/03/2024,SJ69-X-65,SJ69,Sample location delocated to a 10km square (see metadata),360000,390000,365000,395000,3,98,59,yes,yes,1,,6,,0,,5.1,,yes,NA,1,,30,,2.5,,,NA,,NA,,NA,,NA,,NA,,NA,,NA,,NA,30,,2.5,,yes,normal,normal,0,,46,,,NA,turn and lift,yes,NA,yes,NA,yes,NA,small corer,yes,NA,yes,NA,yes,normal,23,,23,,turn and lift,no,,NA,NA,NA,,NA,1,
05/03/2024,SJ69-X-65,SJ69,Sample location delocated to a 10km square (see metadata),360000,390000,365000,395000,3,98,28,yes,yes,1,,5,,0,,5.4,,yes,NA,1,,30,,3,,,NA,,NA,,NA,,NA,,NA,,NA,,NA,,NA,30,,3,,yes,normal,normal,0,,43,,,NA,turn and lift,yes,NA,yes,NA,yes,NA,small corer,yes,NA,yes,NA,yes,normal,18,,18,,turn and lift,no,,NA,NA,NA,,NA,1,
05/03/2024,SJ69-X-65,SJ69,Sample location delocated to a 10km square (see metadata),360000,390000,365000,395000,3,98,11,yes,yes,5,,6,,0,,5.8,,yes,NA,1,,30,,2.5,,,NA,,NA,,NA,,NA,,NA,,NA,,NA,,NA,30,,2.5,,yes,normal,normal,0,,43,,,NA,turn and lift,yes,NA,yes,NA,yes,NA,small corer,yes,NA,yes,NA,yes,normal,18,,18,,turn and lift,no,,NA,NA,NA,,NA,1,
05/03/2024,SJ69-X-65,SJ69,Sample location delocated to a 10km square (see metadata),360000,390000,365000,395000,3,98,46,yes,yes,2,,10,,0,,6.4,,yes,NA,1,,30,,2.5,,,NA,,NA,,NA,,NA,,NA,,NA,,NA,,NA,30,,2.5,,yes,normal,normal,0,,44,,,NA,turn and lift,yes,NA,yes,NA,yes,NA,small corer,yes,NA,yes,NA,yes,normal,18.5,,18.5,,turn and lift,no,,NA,NA,NA,,NA,1,
05/03/2024,SJ69-X-65,SJ69,Sample location delocated to a 10km square (see metadata),360000,390000,365000,395000,1,85,59,yes,yes,1,,11,,0,,8.7,,yes,NA,1,,30,,3.5,,,NA,,NA,,NA,,NA,,NA,,NA,,NA,,NA,30,,3.5,,yes,normal,normal,0,,45,,,NA,turn and lift,yes,NA,yes,NA,yes,NA,small corer,yes,NA,yes,NA,yes,normal,18,,18,,turn and lift,no,,NA,NA,NA,,NA,1,
05/03/2024,SJ69-X-65,SJ69,Sample location delocated to a 10km square (see metadata),360000,390000,365000,395000,1,85,28,yes,yes,1,,9,,1,,10.4,,yes,NA,1,,30,,3,,,NA,,NA,,NA,,NA,,NA,,NA,,NA,,NA,30,,3,,yes,normal,normal,0,,44,,,NA,turn and lift,yes,NA,yes,NA,yes,NA,small corer,yes,NA,yes,NA,yes,normal,18,,18,,turn and lift,no,,NA,NA,NA,,NA,1,
05/03/2024,SJ69-X-65,SJ69,Sample location delocated to a 10km square (see metadata),360000,390000,365000,395000,1,85,11,yes,yes,0,,11,,0,,10.4,,yes,NA,1,,10,,2.5,,30,,3,,,NA,,NA,,NA,,NA,,NA,,NA,30,,2.8,,yes,normal,normal,0,,46,,,NA,turn and lift,yes,NA,yes,NA,yes,NA,small corer,yes,NA,yes,NA,yes,normal,18,,18,,turn and lift,no,,NA,NA,NA,,NA,1,
05/03/2024,SJ69-X-65,SJ69,Sample location delocated to a 10km square (see metadata),360000,390000,365000,395000,1,85,46,yes,yes,2,,11,,0,,9.8,,yes,NA,1,,30,,3.5,,,NA,,NA,,NA,,NA,,NA,,NA,,NA,,NA,30,,3.5,,yes,normal,normal,0,,45,,,NA,turn and lift,yes,NA,yes,NA,yes,NA,small corer,yes,NA,yes,NA,yes,normal,17.5,,17.5,,turn and lift,no,,NA,NA,NA,,NA,1,
29/01/2024,SJ97-X-25,SJ97,Sample location delocated to a 10km square (see metadata),390000,370000,395000,375000,3,98,11,no,no,0,,10,,3,,6.3,,yes,NA,2,,30,,1.5,,,NA,,NA,,NA,,NA,,NA,,NA,,NA,,NA,30,,1.5,,yes,serrated,serrated,0,,46,,,NA,turn and lift,yes,NA,yes,NA,yes,NA,small corer,yes,NA,yes,NA,yes,serrated,16,,16,,turn and lift,no,,NA,NA,NA,,NA,1,
29/01/2024,SJ97-X-25,SJ97,Sample location delocated to a 10km square (see metadata),390000,370000,395000,375000,3,98,28,no,no,0,,9,,2,,6.7,,yes,NA,2,,30,,1.5,,,NA,,NA,,NA,,NA,,NA,,NA,,NA,,NA,30,,1.5,,yes,serrated,serrated,2,,43,,,NA,dig and tip,yes,NA,yes,NA,yes,NA,small corer,yes,NA,yes,partial - stones,yes,serrated,18.5,,18.5,,turn and lift,no,,NA,NA,NA,,NA,1,
29/01/2024,SJ97-X-25,SJ97,Sample location delocated to a 10km square (see metadata),390000,370000,395000,375000,3,98,59,no,no,0,,5,,4,,6.3,,yes,NA,2,,30,,1.5,,,NA,,NA,,NA,,NA,,NA,,NA,,NA,,NA,30,,1.5,,yes,serrated,serrated,2,,45,,,NA,dig and tip,yes,NA,yes,NA,yes,NA,small corer,yes,NA,yes,NA,yes,serrated,18,,,NA,turn and lift,no,,NA,NA,NA,,NA,1,
29/01/2024,SJ97-X-25,SJ97,Sample location delocated to a 10km square (see metadata),390000,370000,395000,375000,3,98,46,no,no,0,,5,,2,,6.2,,yes,NA,2,,30,,1.5,,,NA,,NA,,NA,,NA,,NA,,NA,,NA,,NA,30,,1.5,,yes,serrated,serrated,2,,42,,,NA,turn and lift,yes,NA,yes,NA,yes,NA,small corer,yes,NA,yes,partial - hit rock,yes,serrated,18.5,,,NA,turn and lift,no,,NA,NA,NA,,NA,1,
30/01/2024,SJ97-X-25,SJ97,Sample location delocated to a 10km square (see metadata),390000,370000,395000,375000,4,148,11,yes,no,0,,12,,4,,3.7,,yes,NA,2,,15,,2,,30,,2.5,,,NA,,NA,,NA,,NA,,NA,,NA,30,,2.3,,yes,serrated,serrated,2,,43,,,NA,dig and tip,yes,NA,yes,NA,yes,NA,small corer,yes,NA,yes,NA,yes,serrated,17,,17,,turn and lift,no,,NA,NA,NA,,NA,1,
30/01/2024,SJ97-X-25,SJ97,Sample location delocated to a 10km square (see metadata),390000,370000,395000,375000,4,148,28,no,no,0,,11,,4,,3.9,,yes,NA,2,,12,,2,,30,,2.5,,,NA,,NA,,NA,,NA,,NA,,NA,30,,2.3,,yes,serrated,normal,2,,41,,,NA,dig and tip,yes,NA,yes,NA,yes,NA,small corer,yes,NA,yes,NA,yes,serrated,19,,19,,turn and lift,no,,NA,NA,NA,,NA,1,
30/01/2024,SJ97-X-25,SJ97,Sample location delocated to a 10km square (see metadata),390000,370000,395000,375000,4,148,59,yes,no,0,,8,,2,,4,,yes,NA,2,,10,,2.5,,20,,2,,30,,1.5,,,NA,,NA,,NA,,NA,30,,2,,yes,serrated,serrated,2,,44,,,NA,dig and tip,yes,NA,yes,NA,yes,NA,small corer,yes,NULL,yes,NA,yes,serrated,16,,16,,turn and lift,no,,NA,NA,NA,,NA,1,
30/01/2024,SJ97-X-25,SJ97,Sample location delocated to a 10km square (see metadata),390000,370000,395000,375000,4,148,46,yes,no,0,,8,,2,,3.8,,yes,NA,2,,10,,2.5,,20,,2,,30,,1.5,,,NA,,NA,,NA,,NA,30,,2,,yes,serrated,serrated,2,,42,,,NA,dig and tip,yes,NA,yes,NA,yes,NA,small corer,yes,NA,yes,NA,yes,serrated,20,,20,,turn and lift,no,,NA,NA,NA,,NA,1,
11/03/2024,SJ97-X-25,SJ97,Sample location delocated to a 10km square (see metadata),390000,370000,395000,375000,1,85,11,yes,yes,1,,6,,4,,4.6,,yes,NA,2,,12,,2.5,,18,,3.5,,30,,4,,,NA,,NA,,NA,,NA,30,,3.3,,yes,serrated,serrated,0,,47,,,NA,turn and lift,yes,NA,yes,NA,yes,NA,small corer,yes,NA,yes,NA,yes,serrated,19,,19,,turn and lift,no,,NA,NA,NA,,NA,1,
11/03/2024,SJ97-X-25,SJ97,Sample location delocated to a 10km square (see metadata),390000,370000,395000,375000,1,85,28,yes,yes,0,,16,,8,,5.7,,yes,NA,,NULL,9,,2.5,,14,,3.5,,30,,4.5,,,NA,,NA,,NA,,NA,30,,3.7,,yes,serrated,serrated,0,,43,,,NA,turn and lift,yes,NA,yes,NA,yes,NA,small corer,yes,NA,yes,NA,yes,serrated,19,,,NA,turn and lift,no,,NA,NA,NA,,NA,1,
11/03/2024,SJ97-X-25,SJ97,Sample location delocated to a 10km square (see metadata),390000,370000,395000,375000,1,85,59,no,no,0,,13,,1,,5.7,,yes,NA,2,,7,,2.5,,30,,4,,,NA,,NA,,NA,,NA,,NA,,NA,30,,3.7,,yes,serrated,serrated,0,,45,,,NA,turn and lift,yes,NA,yes,NA,yes,NA,small corer,yes,NA,yes,NA,yes,serrated,18,,18,,turn and lift,no,,NA,NA,NA,,NA,1,
11/03/2024,SJ97-X-25,SJ97,Sample location delocated to a 10km square (see metadata),390000,370000,395000,375000,1,85,46,no,no,0,,19,,2,,5.2,,yes,NA,2,,15,,2,,23,,3,,30,,4,,,NA,,NA,,NA,,NA,30,,2.7,,yes,serrated,serrated,0,,45,,,NA,turn and lift,yes,NA,yes,NA,yes,NA,small corer,yes,NA,yes,NA,yes,serrated,18,,,NA,turn and lift,no,,NA,NA,NA,,NA,1,
12/03/2024,SJ97-X-25,SJ97,Sample location delocated to a 10km square (see metadata),390000,370000,395000,375000,2,61,10,no,no,0,,12,,0,,5.4,,yes,NA,2,,12,,3,,30,,3.5,,,NA,,NA,,NA,,NA,,NA,,NA,30,,3.3,,yes,serrated,serrated,2,,46,,,NA,turn and lift,yes,NA,yes,NA,yes,NA,small corer,yes,NA,yes,NA,yes,serrated,16,,16,,turn and lift,no,,NA,NA,NA,,NA,1,
12/03/2024,SJ97-X-25,SJ97,Sample location delocated to a 10km square (see metadata),390000,370000,395000,375000,2,61,28,no,no,0,,3,,0,,5.7,,yes,NA,2,,8,,2,,30,,2.5,,,NA,,NA,,NA,,NA,,NA,,NA,30,,2.4,,yes,serrated,serrated,4,,45,,,NA,turn and lift,no,too_wet,no,too_wet,no,too_wet,small corer,yes,NA,yes,NA,yes,serrated,21,,,NA,turn and lift,no,,NA,NA,NA,,NA,1,
12/03/2024,SJ97-X-25,SJ97,Sample location delocated to a 10km square (see metadata),390000,370000,395000,375000,2,61,58,no,no,0,,12,,0,,5.4,,yes,NA,2,,22,,3,,30,,3.5,,,NA,,NA,,NA,,NA,,NA,,NA,30,,3.1,,yes,serrated,serrated,3,,47,,,NA,turn and lift,yes,NA,yes,NA,yes,NA,small corer,yes,NA,yes,NA,yes,serrated,20,,,NA,turn and lift,no,,NA,NA,NA,,NA,1,
12/03/2024,SJ97-X-25,SJ97,Sample location delocated to a 10km square (see metadata),390000,370000,395000,375000,2,61,46,NULL,NULL,0,,14,,4,,,NULL,yes,NA,2,,12,,2.5,,20,,3,,30,,4,,,NA,,NA,,NA,,NA,30,,3.1,,yes,serrated,serrated,0,,44,,,NA,turn and lift,yes,NA,yes,NA,yes,NA,small corer,yes,NA,yes,NA,yes,serrated,19,,,NA,turn and lift,no,,NA,NA,NA,,NA,1,
20/11/2023,SJ99-X-25,SJ99,Sample location delocated to a 10km square (see metadata),390000,390000,395000,395000,4,144,11,no,yes,0,,10,,1,,9.1,,yes,NA,2,,8,,1,,18,,1.5,,30,,1.5,,,NA,,NA,,NA,,NA,30,,1.4,,yes,serrated,serrated,1,,46,,,NA,turn and lift,yes,NA,yes,NA,yes,NA,small corer,yes,partial - hit rock,no,hit rock,yes,serrated,29,,29,,turn and lift,no,,NA,NA,NA,,NA,1,
20/11/2023,SJ99-X-25,SJ99,Sample location delocated to a 10km square (see metadata),390000,390000,395000,395000,4,144,28,no,yes,0,,7,,0,,9,,no,Hit rock/waterlogged ground,,NA,,NA,,NA,,NA,,NA,,NA,,NA,,NA,,NA,,NA,,NA,,NA,,NA,yes,serrated,serrated,0,,40.5,,,NA,turn and lift,yes,NA,yes,NA,yes,NA,small corer,yes,NA,yes,partial - hit rock,yes,serrated,21,,21,,turn and lift,no,,NA,NA,NA,,NA,1,
20/11/2023,SJ99-X-25,SJ99,Sample location delocated to a 10km square (see metadata),390000,390000,395000,395000,4,144,59,no,yes,0,,8,,0,,9.1,,no,Hit rock,,NA,,NA,,NA,,NA,,NA,,NA,,NA,,NA,,NA,,NA,,NA,,NA,,NA,yes,serrated,serrated,0,,9.2,,,NULL,turn and lift,yes,NA,yes,NA,yes,NA,small corer,yes,NA,yes,partial - hit rock,yes,serrated,20,,20,,turn and lift,no,,NA,NA,NA,,NA,1,
20/11/2023,SJ99-X-25,SJ99,Sample location delocated to a 10km square (see metadata),390000,390000,395000,395000,4,144,46,no,yes,0,,5,,0,,7.8,,no,Hit rock,,NA,,NA,,NA,,NA,,NA,,NA,,NA,,NA,,NA,,NA,,NA,,NA,,NA,yes,serrated,serrated,1,,45,,,NA,turn and lift,yes,NA,yes,NA,yes,NA,small corer,yes,NA,yes,partial - hit rock,yes,serrated,19,,19,,turn and lift,no,,NA,NA,NA,,NA,1,
21/11/2023,SJ99-X-25,SJ99,Sample location delocated to a 10km square (see metadata),390000,390000,395000,395000,2,99,11,no,yes,0,,13,,0,,8.7,,yes,NA,2,,5,,1.5,,15,,1.5,,30,,1,,,NA,,NA,,NA,,NA,30,,1.3,,yes,serrated,serrated,1,,46,,,NA,turn and lift,yes,NA,yes,NA,yes,NA,repacked (no tip),yes,NA,yes,NA,yes,serrated,19,,19,,turn and lift,no,,NA,NA,NA,,NA,1,
21/11/2023,SJ99-X-25,SJ99,Sample location delocated to a 10km square (see metadata),390000,390000,395000,395000,2,99,28,no,yes,0,,3,,0,,8.8,,yes,NA,2,,4.5,,1.5,,12,,1,,30,,1,,,NA,,NA,,NA,,NA,30,,1.1,,yes,serrated,serrated,0,,45,,,NA,turn and lift,yes,NA,yes,NA,yes,NA,small corer,yes,NA,yes,NA,yes,serrated,20,,,NA,turn and lift,no,,NA,NA,NA,,NA,1,
21/11/2023,SJ99-X-25,SJ99,Sample location delocated to a 10km square (see metadata),390000,390000,395000,395000,2,99,59,no,yes,0,,4,,1,,8.9,,yes,NA,2,,5.5,,1.5,,17.5,,1,,30,,1,,,NA,,NA,,NA,,NA,30,,1.1,,yes,serrated,serrated,1,,47,,,NA,turn and lift,yes,NA,yes,NA,yes,NA,repacked (no tip),yes,NA,yes,NA,yes,serrated,20,,20,,turn and lift,no,,NA,NA,NA,,NA,1,
21/11/2023,SJ99-X-25,SJ99,Sample location delocated to a 10km square (see metadata),390000,390000,395000,395000,2,99,46,no,yes,0,,3,,1,,8.8,,yes,NA,2,,6.5,,2,,16.5,,1.5,,30,,1.5,,,NA,,NA,,NA,,NA,30,,1.6,,yes,serrated,serrated,0,,47,,,NA,turn and lift,yes,NA,yes,NA,yes,NA,small corer,yes,NA,yes,NA,yes,serrated,21,,21,,turn and lift,no,,NA,NA,NA,,NA,1,
21/11/2023,SJ99-X-25,SJ99,Sample location delocated to a 10km square (see metadata),390000,390000,395000,395000,5,26,11,no,yes,0,,13,,0,,8.9,,yes,NA,2,,6,,1.5,,18,,1,,30,,1,,,NA,,NA,,NA,,NA,30,,1.1,,yes,serrated,serrated,0,,40,,,NA,turn and lift,yes,NA,yes,NA,yes,NA,small corer,yes,NA,yes,NA,yes,serrated,17,,17,,turn and lift,no,,NA,NA,NA,,NA,1,
21/11/2023,SJ99-X-25,SJ99,Sample location delocated to a 10km square (see metadata),390000,390000,395000,395000,5,26,28,no,yes,0,,5,,0,,8.8,,yes,NA,2,,7,,1.5,,25,,1,,30,,1.5,,,NA,,NA,,NA,,NA,30,,1.2,,yes,serrated,serrated,0,,47,,,NA,turn and lift,yes,NA,yes,NA,yes,NA,small corer,yes,NA,yes,NA,yes,serrated,21,,21,,turn and lift,no,,NA,NA,NA,,NA,1,
21/11/2023,SJ99-X-25,SJ99,Sample location delocated to a 10km square (see metadata),390000,390000,395000,395000,5,26,59,no,yes,0,,6,,0,,8.9,,yes,NA,,NULL,5,,1.5,,11,,1,,30,,1,,,NA,,NA,,NA,,NA,30,,1.1,,yes,serrated,serrated,0,,44,,,NA,turn and lift,yes,NA,yes,NA,yes,NA,small corer,yes,NA,yes,NA,yes,serrated,19,,19,,turn and lift,no,,NA,NA,NA,,NA,1,
21/11/2023,SJ99-X-25,SJ99,Sample location delocated to a 10km square (see metadata),390000,390000,395000,395000,5,26,46,no,yes,0,,12,,0,,8.9,,yes,NA,2,,7,,2,,16,,1,,30,,1.5,,,NA,,NA,,NA,,NA,30,,1.5,,yes,serrated,serrated,0,,47,,,NA,turn and lift,yes,NA,yes,NA,yes,NA,small corer,yes,NA,yes,NA,yes,serrated,20,,20,,turn and lift,no,,NA,NA,NA,,NA,1,
22/11/2023,SJ99-X-25,SJ99,Sample location delocated to a 10km square (see metadata),390000,390000,395000,395000,1,40,11,no,no,0,,2,,0,,7.6,,yes,NA,2,,5.5,,1,,21,,1,,30,,1,,,NA,,NA,,NA,,NA,30,,1,,yes,serrated,serrated,0,,46,,,NA,turn and lift,yes,NA,yes,NA,yes,NA,small corer,yes,NA,yes,partial - hit rock,yes,serrated,20,,20,,turn and lift,no,,NA,NA,NA,,NA,1,
22/11/2023,SJ99-X-25,SJ99,Sample location delocated to a 10km square (see metadata),390000,390000,395000,395000,1,40,28,no,no,0,,10,,3,,7.9,,yes,NA,2,,7,,1.5,,18,,1,,30,,1,,,NA,,NA,,NA,,NA,30,,1.1,,yes,serrated,serrated,0,,46,,,NA,turn and lift,yes,NA,yes,NA,yes,NA,small corer,yes,NA,yes,partial - hit rock,yes,serrated,20,,20,,turn and lift,no,,NA,NA,NA,,NA,1,
22/11/2023,SJ99-X-25,SJ99,Sample location delocated to a 10km square (see metadata),390000,390000,395000,395000,1,40,59,no,no,0,,5,,0,,8.4,,yes,NA,2,,5.5,,2,,18,,1.5,,30,,1.5,,,NA,,NA,,NA,,NA,30,,1.6,,yes,serrated,serrated,0,,44,,,NA,turn and lift,yes,NA,yes,NA,yes,NA,small corer,yes,NA,yes,NA,yes,serrated,18,,18,,turn and lift,no,,NA,NA,NA,,NA,1,
22/11/2023,SJ99-X-25,SJ99,Sample location delocated to a 10km square (see metadata),390000,390000,395000,395000,1,40,46,no,no,0,,7,,0,,8.3,,yes,NA,2,,5,,1,,20,,1,,30,,1,,,NA,,NA,,NA,,NA,30,,1,,yes,serrated,serrated,0,,46,,,NA,turn and lift,yes,NA,yes,NA,yes,NA,small corer,yes,NA,yes,NA,yes,serrated,19,,,NA,turn and lift,no,,NA,NA,NA,,NA,1,
22/02/2024,SK06-X-62,SK06,Sample location delocated to a 10km square (see metadata),400000,360000,405000,365000,4,62,11,no,yes,0,,1,,0,,6.5,,yes,NA,2,,20,,1.5,,30,,2.5,,,NA,,NA,,NA,,NA,,NA,,NA,30,,1.8,,yes,normal,normal,3,,43.5,,,NA,turn and lift,yes,NA,yes,NA,yes,NA,small corer,yes,NA,yes,NA,yes,normal,20.5,,20.5,,turn and lift,yes,20,,yes,Hisco,,NULL,1,
22/02/2024,SK06-X-62,SK06,Sample location delocated to a 10km square (see metadata),400000,360000,405000,365000,4,62,28,no,yes,0,,8,,0,,6.4,,yes,NA,2,,20,,1.5,,30,,2,,,NA,,NA,,NA,,NA,,NA,,NA,30,,1.7,,yes,normal,normal,3,,44,,,NA,turn and lift,yes,NA,yes,NA,yes,NA,small corer,yes,NA,yes,NA,yes,normal,22,,22,,turn and lift,yes,20,,yes,Hisco,,NULL,1,
22/02/2024,SK06-X-62,SK06,Sample location delocated to a 10km square (see metadata),400000,360000,405000,365000,4,62,60,no,yes,0,,1,,0,,6.7,,yes,NA,2,,20,,1.5,,30,,2.5,,,NA,,NA,,NA,,NA,,NA,,NA,30,,1.8,,yes,normal,normal,3,,44,,,NA,turn and lift,yes,NA,yes,NA,yes,NA,small corer,yes,NA,yes,NA,yes,normal,20.5,,20.5,,turn and lift,yes,20,,yes,Hisco,,NULL,1,
22/02/2024,SK06-X-62,SK06,Sample location delocated to a 10km square (see metadata),400000,360000,405000,365000,4,62,46,no,yes,0,,3,,0,,6.7,,no,Stony,,NA,,NA,,NA,,NA,,NA,,NA,,NA,,NA,,NA,,NA,,NA,,NA,,NA,yes,normal,normal,3,,44.5,,,NA,turn and lift,yes,NA,yes,NA,yes,NA,small corer,yes,NA,yes,NA,yes,normal,17,,17,,turn and lift,yes,20,,NULL,Hisco,,NULL,1,
29/02/2024,SK06-X-62,SK06,Sample location delocated to a 10km square (see metadata),400000,360000,405000,365000,1,85,11,no,no,4,,6,,0,,5.9,,yes,NA,2,,20,,2,,30,,2.5,,,NA,,NA,,NA,,NA,,NA,,NA,30,,2.2,,yes,normal,normal,1,,45,,,NA,turn and lift,yes,NA,yes,NA,yes,NA,small corer,yes,NA,yes,NA,yes,normal,18,,18,,turn and lift,yes,20,,yes,Hisco,,NULL,1,
29/02/2024,SK06-X-62,SK06,Sample location delocated to a 10km square (see metadata),400000,360000,405000,365000,1,85,28,no,yes,2,,6,,0,,6.1,,yes,NA,2,,20,,2,,30,,2.5,,,NA,,NA,,NA,,NA,,NA,,NA,30,,2.2,,yes,normal,normal,2,,44.5,,,NA,turn and lift,yes,NA,yes,NA,yes,NA,small corer,yes,NA,yes,NA,yes,normal,21,,21,,turn and lift,yes,20,,yes,Hisco,,NULL,1,
29/02/2024,SK06-X-62,SK06,Sample location delocated to a 10km square (see metadata),400000,360000,405000,365000,1,85,59,yes,yes,2,,4,,0,,6.1,,yes,NA,2,,20,,2,,30,,2.5,,,NA,,NA,,NA,,NA,,NA,,NA,30,,2.2,,yes,normal,normal,1,,44.5,,,NA,turn and lift,yes,NA,yes,NA,yes,NA,small corer,yes,NA,yes,NA,yes,normal,20,,20,,turn and lift,yes,20,,yes,Hisco,,NULL,1,
29/02/2024,SK06-X-62,SK06,Sample location delocated to a 10km square (see metadata),400000,360000,405000,365000,1,85,46,yes,no,2,,2,,0,,6,,yes,NA,2,,20,,2,,30,,2.5,,,NA,,NA,,NA,,NA,,NA,,NA,30,,2.2,,yes,normal,normal,1,,46,,,NA,turn and lift,yes,NA,yes,NA,yes,NA,small corer,yes,NA,no,sandstone,yes,normal,22,,22,,turn and lift,yes,20,,yes,Hisco,,NULL,1,
04/03/2024,SK06-X-62,SK06,Sample location delocated to a 10km square (see metadata),400000,360000,405000,365000,2,84,11,no,no,0,,4,,0,,3.9,,yes,NA,2,,20,,2,,,NA,,NA,,NA,,NA,,NA,,NA,,NA,,NA,20,,2,,yes,normal,normal,2,,48,,,NA,turn and lift,yes,NA,yes,NA,yes,NA,small corer,yes,NA,no,stones,yes,normal,16.5,,16.5,,turn and lift,yes,20,,yes,Hisco,,NULL,1,
04/03/2024,SK06-X-62,SK06,Sample location delocated to a 10km square (see metadata),400000,360000,405000,365000,2,84,28,no,no,0,,4,,0,,4,,yes,NA,2,,10,,2,,20,,2.5,,,NA,,NA,,NA,,NA,,NA,,NA,20,,2.3,,yes,normal,normal,2,,47.5,,,NA,turn and lift,yes,NA,yes,NA,yes,NA,small corer,yes,NA,no,stones,yes,normal,18.5,,18.5,,turn and lift,yes,20,,yes,Hisco,,NULL,1,
04/03/2024,SK06-X-62,SK06,Sample location delocated to a 10km square (see metadata),400000,360000,405000,365000,2,84,59,no,no,0,,1,,0,,3.8,,yes,NA,2,,10,,2,,20,,2.5,,,NA,,NA,,NA,,NA,,NA,,NA,20,,2.3,,yes,normal,normal,2,,46,,,NA,turn and lift,yes,NA,yes,NA,yes,NA,small corer,yes,NA,yes,partial -stones,yes,normal,17.5,,17.5,,turn and lift,yes,20,,yes,Hisco,,NULL,1,
04/03/2024,SK06-X-62,SK06,Sample location delocated to a 10km square (see metadata),400000,360000,405000,365000,2,84,46,no,no,0,,7,,0,,3.9,,yes,NA,2,,20,,2.5,,,NA,,NA,,NA,,NA,,NA,,NA,,NA,,NA,20,,2.5,,yes,normal,normal,2,,47.5,,,NA,turn and lift,yes,NA,yes,NA,yes,NA,small corer,yes,NA,no,stones,yes,normal,18,,18,,turn and lift,yes,20,,yes,Hisco,,NULL,1,
11/04/2023,SK09-X-02,SK09,Sample location delocated to a 10km square (see metadata),400000,390000,405000,395000,1,98,11,no,no,0,,0,,0,,5.9,,yes,NA,2,,30,,4,,,NA,,NA,,NA,,NA,,NA,,NA,,NA,,NA,30,,4,,yes,normal,normal,0,,42,,42,,turn and lift,yes,NA,yes,NA,yes,NA,small corer,yes,NA,yes,NA,yes,normal,23,,23,,turn and lift,NULL,,NULL,NULL,NULL,,NULL,,NULL
11/04/2023,SK09-X-02,SK09,Sample location delocated to a 10km square (see metadata),400000,390000,405000,395000,1,98,28,no,no,0,,0,,0,,5.6,,yes,NA,2,,30,,4,,,NA,,NA,,NA,,NA,,NA,,NA,,NA,,NA,30,,4,,yes,normal,normal,0,,44,,44,,turn and lift,yes,NA,yes,NA,yes,NA,small corer,yes,NA,yes,NA,yes,normal,20,,20,,turn and lift,NULL,,NULL,NULL,NULL,,NULL,,NULL
11/04/2023,SK09-X-02,SK09,Sample location delocated to a 10km square (see metadata),400000,390000,405000,395000,1,98,46,no,no,0,,0,,0,,6.3,,yes,NA,2,,30,,4,,,NA,,NA,,NA,,NA,,NA,,NA,,NA,,NA,30,,4,,yes,normal,normal,0,,40,,40,,turn and lift,yes,NA,yes,NA,yes,NA,small corer,yes,NA,yes,NA,yes,normal,23,,23,,turn and lift,NULL,,NULL,NULL,NULL,,NULL,,NULL
11/04/2023,SK09-X-02,SK09,Sample location delocated to a 10km square (see metadata),400000,390000,405000,395000,1,98,59,no,no,0,,0,,0,,6,,yes,NA,2,,30,,4,,,NA,,NA,,NA,,NA,,NA,,NA,,NA,,NA,30,,4,,yes,normal,normal,0,,45,,45,,turn and lift,yes,NA,yes,NA,yes,NA,small corer,yes,NA,yes,NA,yes,normal,23,,23,,turn and lift,NULL,,NULL,NULL,NULL,,NULL,,NULL
12/04/2023,SK09-X-02,SK09,Sample location delocated to a 10km square (see metadata),400000,390000,405000,395000,2,85,11,no,no,0,,0,,0,,7.6,,yes,NA,2,,30,,4,,,NA,,NA,,NA,,NA,,NA,,NA,,NA,,NA,30,,4,,yes,normal,serrated,0,,44,,,NA,turn and lift,yes,NA,yes,NA,yes,NA,small corer,yes,NA,yes,NA,yes,serrated,25,,25,,turn and lift,NULL,,NULL,NULL,NULL,,NULL,,NULL
12/04/2023,SK09-X-02,SK09,Sample location delocated to a 10km square (see metadata),400000,390000,405000,395000,2,85,28,no,no,0,,0,,0,,7.5,,yes,NA,,NULL,30,,4,,,NA,,NA,,NA,,NA,,NA,,NA,,NA,,NA,30,,4,,yes,serrated,serrated,0,,45,,45,,turn and lift,yes,NA,yes,NA,yes,NA,small corer,yes,NA,yes,NA,yes,serrated,31,,,NA,turn and lift,NULL,,NULL,NULL,NULL,,NULL,,NULL
12/04/2023,SK09-X-02,SK09,Sample location delocated to a 10km square (see metadata),400000,390000,405000,395000,2,85,59,no,no,0,,0,,0,,5.8,,yes,NA,2,,30,,4,,,NA,,NA,,NA,,NA,,NA,,NA,,NA,,NA,30,,4,,yes,serrated,serrated,0,,47,,47,,turn and lift,yes,NA,yes,NA,yes,NA,repacked (no tip),yes,NA,yes,NA,yes,serrated,30,,30,,dig and tip,NULL,,NULL,NULL,NULL,,NULL,,NULL
12/04/2023,SK09-X-02,SK09,Sample location delocated to a 10km square (see metadata),400000,390000,405000,395000,2,85,46,no,no,0,,0,,0,,7.1,,yes,NA,2,,30,,4,,,NA,,NA,,NA,,NA,,NA,,NA,,NA,,NA,30,,4,,yes,serrated,serrated,0,,41,,,NA,dig and tip,yes,NA,yes,NA,yes,NA,small corer,yes,NA,yes,NA,yes,serrated,21,,21,,turn and lift,NULL,,NULL,NULL,NULL,,NULL,,NULL
12/04/2023,SK09-X-02,SK09,Sample location delocated to a 10km square (see metadata),400000,390000,405000,395000,3,72,11,no,no,0,,0,,0,,5.4,,yes,NA,2,,30,,4,,,NA,,NA,,NA,,NA,,NA,,NA,,NA,,NA,30,,4,,yes,serrated,serrated,0,,40,,40,,turn and lift,yes,NA,yes,NA,yes,NA,small corer,yes,NA,yes,NA,yes,serrated,16,,16,,turn and lift,NULL,,NULL,NULL,NULL,,NULL,,NULL
12/04/2023,SK09-X-02,SK09,Sample location delocated to a 10km square (see metadata),400000,390000,405000,395000,3,72,28,no,no,0,,0,,0,,4.8,,yes,NA,2,,30,,4,,,NA,,NA,,NA,,NA,,NA,,NA,,NA,,NA,30,,4,,yes,serrated,serrated,0,,40,,40,,turn and lift,yes,NA,yes,NA,yes,NA,small corer,yes,NA,yes,NA,yes,serrated,15,,15,,turn and lift,NULL,,NULL,NULL,NULL,,NULL,,NULL
12/04/2023,SK09-X-02,SK09,Sample location delocated to a 10km square (see metadata),400000,390000,405000,395000,3,72,46,no,no,0,,0,,0,,4.6,,yes,NA,2,,30,,4,,,NA,,NA,,NA,,NA,,NA,,NA,,NA,,NA,30,,4,,yes,serrated,serrated,0,,41,,,NA,turn and lift,yes,NA,yes,NA,yes,NA,small corer,yes,NA,yes,NA,yes,serrated,16,,16,,turn and lift,NULL,,NULL,NULL,NULL,,NULL,,NULL
12/04/2023,SK09-X-02,SK09,Sample location delocated to a 10km square (see metadata),400000,390000,405000,395000,3,72,59,no,no,0,,0,,0,,5.7,,yes,NA,2,,30,,4,,,NA,,NA,,NA,,NA,,NA,,NA,,NA,,NA,30,,4,,yes,serrated,serrated,0,,40,,40,,turn and lift,yes,NA,yes,NA,yes,NA,small corer,yes,NA,yes,NA,yes,serrated,21,,21,,turn and lift,NULL,,NULL,NULL,NULL,,NULL,,NULL
13/04/2023,SK09-X-02,SK09,Sample location delocated to a 10km square (see metadata),400000,390000,405000,395000,5,111,11,no,no,0,,0,,0,,5.4,,yes,NA,2,,30,,3.5,,,NA,,NA,,NA,,NA,,NA,,NA,,NA,,NA,30,,3.5,,yes,serrated,serrated,0,,46,,46,,turn and lift,yes,NA,yes,NA,yes,NA,small corer,yes,NA,yes,NA,yes,serrated,35,,35,,turn and lift,NULL,,NULL,NULL,NULL,,NULL,,NULL
13/04/2023,SK09-X-02,SK09,Sample location delocated to a 10km square (see metadata),400000,390000,405000,395000,5,111,28,no,no,0,,0,,0,,5.4,,yes,NA,2,,30,,3.5,,,NA,,NA,,NA,,NA,,NA,,NA,,NA,,NA,30,,3.5,,yes,serrated,serrated,0,,51,,51,,turn and lift,yes,NA,yes,NA,yes,NA,small corer,yes,NA,yes,NA,yes,serrated,28,,28,,turn and lift,NULL,,NULL,NULL,NULL,,NULL,,NULL
13/04/2023,SK09-X-02,SK09,Sample location delocated to a 10km square (see metadata),400000,390000,405000,395000,5,111,46,no,no,0,,0,,0,,4.6,,yes,NA,2,,30,,3.5,,,NA,,NA,,NA,,NA,,NA,,NA,,NA,,NA,30,,3.5,,yes,serrated,serrated,0,,50,,50,,turn and lift,yes,NA,yes,NA,yes,NA,small corer,yes,NA,yes,NA,yes,serrated,32,,32,,turn and lift,NULL,,NULL,NULL,NULL,,NULL,,NULL
13/04/2023,SK09-X-02,SK09,Sample location delocated to a 10km square (see metadata),400000,390000,405000,395000,5,111,59,no,no,0,,0,,0,,4.9,,yes,NA,2,,30,,3.5,,,NA,,NA,,NA,,NA,,NA,,NA,,NA,,NA,30,,3.5,,yes,serrated,serrated,0,,45,,45,,turn and lift,yes,NA,yes,NA,yes,NA,small corer,yes,NA,yes,NA,yes,serrated,27,,27,,turn and lift,NULL,,NULL,NULL,NULL,,NULL,,NULL
13/04/2023,SK09-X-02,SK09,Sample location delocated to a 10km square (see metadata),400000,390000,405000,395000,4,98,11,no,no,0,,0,,0,,4.9,,yes,NA,2,,30,,4,,,NA,,NA,,NA,,NA,,NA,,NA,,NA,,NA,30,,4,,yes,serrated,serrated,0,,42,,42,,turn and lift,yes,NA,yes,NA,yes,NA,small corer,yes,NA,yes,NA,yes,serrated,26,,26,,turn and lift,NULL,,NULL,NULL,NULL,,NULL,,NULL
13/04/2023,SK09-X-02,SK09,Sample location delocated to a 10km square (see metadata),400000,390000,405000,395000,4,98,28,no,no,0,,0,,0,,5,,yes,NA,2,,30,,4,,,NA,,NA,,NA,,NA,,NA,,NA,,NA,,NA,30,,4,,yes,serrated,serrated,0,,47,,47,,turn and lift,yes,NA,yes,NA,yes,NA,small corer,yes,NA,yes,NA,yes,serrated,23,,23,,turn and lift,NULL,,NULL,NULL,NULL,,NULL,,NULL
13/04/2023,SK09-X-02,SK09,Sample location delocated to a 10km square (see metadata),400000,390000,405000,395000,4,98,46,no,no,0,,0,,0,,5.2,,yes,NA,2,,30,,3.5,,,NA,,NA,,NA,,NA,,NA,,NA,,NA,,NA,30,,3.5,,yes,serrated,serrated,0,,44,,44,,dig and tip,yes,NA,yes,NA,yes,NA,small corer,yes,NA,yes,NA,yes,serrated,20,,20,,turn and lift,NULL,,NULL,NULL,NULL,,NULL,,NULL
13/04/2023,SK09-X-02,SK09,Sample location delocated to a 10km square (see metadata),400000,390000,405000,395000,4,98,59,no,no,0,,0,,0,,5.1,,yes,NA,2,,30,,4,,,NA,,NA,,NA,,NA,,NA,,NA,,NA,,NA,30,,4,,yes,serrated,serrated,0,,48,,48,,turn and lift,yes,NA,yes,NA,yes,NA,small corer,yes,NA,yes,NA,yes,serrated,23,,23,,turn and lift,NULL,,NULL,NULL,NULL,,NULL,,NULL
11/04/2023,SK17-X-47,SK17,Sample location delocated to a 10km square (see metadata),410000,370000,415000,375000,4,85,11,no,no,0,,5,,0,,8.2,,yes,NA,2,,30,,2,,,NA,,NA,,NA,,NA,,NA,,NA,,NA,,NA,30,,2,,yes,normal,normal,2,,46,,46,,turn and lift,yes,NA,yes,NA,yes,NA,small corer,yes,NA,no,hit rock,yes,normal,18,,18,,turn and lift,NULL,,NULL,NULL,NULL,,NULL,,NULL
11/04/2023,SK17-X-47,SK17,Sample location delocated to a 10km square (see metadata),410000,370000,415000,375000,4,85,46,yes,yes,1,,6,,0,,8.3,,yes,NA,2,,30,,2,,,NA,,NA,,NA,,NA,,NA,,NA,,NA,,NA,30,,2,,yes,normal,normal,2,,46.1,,46.1,,turn and lift,yes,NA,yes,NA,yes,NA,small corer,yes,NA,no,hit rock,yes,normal,18.2,,18.2,,turn and lift,NULL,,NULL,NULL,NULL,,NULL,,NULL
11/04/2023,SK17-X-47,SK17,Sample location delocated to a 10km square (see metadata),410000,370000,415000,375000,4,85,59,no,yes,0,,2,,0,,8.2,,yes,NA,2,,30,,2,,,NA,,NA,,NA,,NA,,NA,,NA,,NA,,NA,30,,2,,yes,normal,normal,0,,46.1,,46.1,,turn and lift,yes,NA,yes,NA,yes,NA,small corer,yes,NA,yes,NA,yes,normal,17.7,,,NA,turn and lift,NULL,,NULL,NULL,NULL,,NULL,,NULL
11/04/2023,SK17-X-47,SK17,Sample location delocated to a 10km square (see metadata),410000,370000,415000,375000,4,85,28,no,yes,0,,0,,0,,9.1,,yes,NA,2,,30,,2,,,NA,,NA,,NA,,NA,,NA,,NA,,NA,,NA,30,,2,,yes,normal,normal,2,,45.5,,45.5,,turn and lift,yes,NA,yes,NA,yes,NA,small corer,yes,NA,no,hit rock,yes,serrated,18.6,,18.6,,turn and lift,NULL,,NULL,NULL,NULL,,NULL,,NULL
13/04/2023,SK17-X-47,SK17,Sample location delocated to a 10km square (see metadata),410000,370000,415000,375000,5,85,11,no,yes,0,,10,,0,,6.7,,yes,NA,1,,8,,3,,25,,2.5,,,NA,,NA,,NA,,NA,,NA,,NA,25,,2.7,,yes,normal,normal,0,,44.8,,44.8,,turn and lift,yes,NA,yes,NA,yes,NA,small corer,yes,partial - stones,no,stones,yes,normal,18.6,,18.6,,turn and lift,NULL,,NULL,NULL,NULL,,NULL,,NULL
13/04/2023,SK17-X-47,SK17,Sample location delocated to a 10km square (see metadata),410000,370000,415000,375000,5,85,28,no,no,2,,8,,0,,7.2,,yes,NA,1,,10,,3,,25,,,NULL,,NA,,NA,,NA,,NA,,NA,,NA,25,,,NULL,yes,normal,normal,1,,45.1,,45.1,,turn and lift,yes,NA,yes,NA,yes,NA,small corer,yes,NULL,no,NULL,yes,normal,18.1,,18.1,,turn and lift,NULL,,NULL,NULL,NULL,,NULL,,NULL
13/04/2023,SK17-X-47,SK17,Sample location delocated to a 10km square (see metadata),410000,370000,415000,375000,5,85,59,no,yes,0,,3,,11,,7.6,,yes,NA,1,,10,,3,,23,,2,,,NA,,NA,,NA,,NA,,NA,,NA,23,,2.4,,yes,normal,normal,0,,45.1,,45.1,,turn and lift,yes,NA,yes,NA,yes,NA,small corer,yes,partial - stones,no,NULL,yes,normal,18,,18,,turn and lift,NULL,,NULL,NULL,NULL,,NULL,,NULL
13/04/2023,SK17-X-47,SK17,Sample location delocated to a 10km square (see metadata),410000,370000,415000,375000,5,85,46,no,no,0,,3,,0,,7.8,,yes,NA,1,,8,,3,,20,,2,,,NA,,NA,,NA,,NA,,NA,,NA,20,,2.4,,yes,normal,normal,0,,44.6,,44.6,,turn and lift,yes,NA,yes,NA,yes,NA,small corer,yes,partial - stones,no,stones,yes,normal,17.7,,17.7,,turn and lift,NULL,,NULL,NULL,NULL,,NULL,,NULL
10/05/2023,SK17-X-47,SK17,Sample location delocated to a 10km square (see metadata),410000,370000,415000,375000,2,85,11,no,no,0,,2,,0,,13.1,,yes,NA,1,,30,,2.5,,,NA,,NA,,NA,,NA,,NA,,NA,,NA,,NA,30,,2.5,,yes,normal,normal,0,,45,,45,,turn and lift,yes,NA,yes,NA,yes,NA,small corer,yes,NA,yes,partial - hit rock,yes,normal,18.5,,18.5,,turn and lift,NULL,,NULL,NULL,NULL,,NULL,,NULL
10/05/2023,SK17-X-47,SK17,Sample location delocated to a 10km square (see metadata),410000,370000,415000,375000,2,85,28,no,no,0,,0,,0,,12.9,,yes,NA,1,,30,,2,,,NA,,NA,,NA,,NA,,NA,,NA,,NA,,NA,30,,2,,yes,normal,normal,1,,45,,45,,turn and lift,yes,NA,yes,NA,yes,NA,small corer,yes,NA,yes,partial - hit rock,yes,normal,19,,19,,turn and lift,NULL,,NULL,NULL,NULL,,NULL,,NULL
10/05/2023,SK17-X-47,SK17,Sample location delocated to a 10km square (see metadata),410000,370000,415000,375000,2,85,59,no,no,0,,2,,0,,12.9,,yes,NA,1,,20,,2.5,,,NA,,NA,,NA,,NA,,NA,,NA,,NA,,NA,20,,2.5,,yes,normal,repacked (no tip),0,,45,,45,,turn and lift,yes,NA,yes,NA,yes,NA,small corer,yes,NA,yes,NA,yes,normal,19,,19,,turn and lift,NULL,,NULL,NULL,NULL,,NULL,,NULL
10/05/2023,SK17-X-47,SK17,Sample location delocated to a 10km square (see metadata),410000,370000,415000,375000,2,85,46,no,no,0,,3,,0,,13.3,,yes,NA,2,,30,,2,,,NA,,NA,,NA,,NA,,NA,,NA,,NA,,NA,30,,2,,yes,normal,normal,0,,45,,45,,turn and lift,yes,NA,yes,NA,yes,NA,small corer,yes,NA,yes,partial - hit rock,yes,normal,19,,19,,turn and lift,NULL,,NULL,NULL,NULL,,NULL,,NULL
06/04/2023,SK25-X-16,SK25,Sample location delocated to a 10km square (see metadata),420000,350000,425000,355000,4,84,11,no,no,0,,7,,4,,8.7,,yes,NA,,NULL,30,,5,,,NA,,NA,,NA,,NA,,NA,,NA,,NA,,NA,30,,5,,yes,normal,normal,0,,43,,43,,turn and lift,yes,NA,yes,NA,yes,NA,small corer,yes,NA,yes,NA,yes,normal,17,,17,,turn and lift,NULL,,NULL,NULL,NULL,,NULL,,NULL
06/04/2023,SK25-X-16,SK25,Sample location delocated to a 10km square (see metadata),420000,350000,425000,355000,4,84,59,no,yes,0,,6,,0,,9,,yes,NA,2,,30,,5,,,NA,,NA,,NA,,NA,,NA,,NA,,NA,,NA,30,,5,,yes,normal,normal,0,,46,,46,,turn and lift,yes,NA,yes,NA,yes,NA,small corer,yes,NA,yes,NA,yes,normal,17,,17,,turn and lift,NULL,,NULL,NULL,NULL,,NULL,,NULL
06/04/2023,SK25-X-16,SK25,Sample location delocated to a 10km square (see metadata),420000,350000,425000,355000,4,84,46,no,no,0,,5,,0,,9.3,,yes,NA,2,,30,,5,,,NA,,NA,,NA,,NA,,NA,,NA,,NA,,NA,30,,5,,yes,normal,normal,0,,43,,43,,turn and lift,yes,NA,yes,NA,yes,NA,small corer,yes,NA,yes,NA,yes,normal,15,,15,,turn and lift,NULL,,NULL,NULL,NULL,,NULL,,NULL
06/04/2023,SK25-X-16,SK25,Sample location delocated to a 10km square (see metadata),420000,350000,425000,355000,4,84,22,no,no,0,,3,,0,,8,,yes,NA,2,,30,,2,,,NA,,NA,,NA,,NA,,NA,,NA,,NA,,NA,30,,2,,yes,normal,normal,0,,44.4,,44.4,,turn and lift,yes,NA,yes,NA,yes,NA,small corer,yes,NA,yes,NA,yes,normal,19.5,,19.5,,turn and lift,NULL,,NULL,NULL,NULL,,NULL,,NULL
14/04/2023,SK25-X-16,SK25,Sample location delocated to a 10km square (see metadata),420000,350000,425000,355000,5,85,28,no,yes,2,,3,,7,,8.7,,yes,NA,2,,25,,2,,30,,1.5,,,NA,,NA,,NA,,NA,,NA,,NA,30,,1.9,,yes,normal,normal,0,,45.2,,45.2,,turn and lift,yes,NA,yes,NA,yes,NA,small corer,yes,NA,yes,NA,yes,normal,18,,18,,turn and lift,NULL,,NULL,NULL,NULL,,NULL,,NULL
14/04/2023,SK25-X-16,SK25,Sample location delocated to a 10km square (see metadata),420000,350000,425000,355000,5,85,59,no,no,0,,7,,3,,8.1,,yes,NA,1,,20,,3,,30,,3.5,,,NA,,NA,,NA,,NA,,NA,,NA,30,,3.2,,yes,normal,normal,0,,44.1,,44.1,,turn and lift,yes,NA,yes,NA,yes,NA,small corer,yes,NA,yes,partial - NULL,yes,normal,19.1,,19.1,,turn and lift,NULL,,NULL,NULL,NULL,,NULL,,NULL
14/04/2023,SK25-X-16,SK25,Sample location delocated to a 10km square (see metadata),420000,350000,425000,355000,5,85,46,no,no,0,,3,,3,,8.6,,yes,NA,2,,20,,3,,28,,2.5,,,NA,,NA,,NA,,NA,,NA,,NA,28,,2.9,,yes,normal,normal,0,,48.2,,48.2,,turn and lift,yes,NA,yes,NA,yes,NA,small corer,yes,NA,yes,NA,yes,normal,19.3,,19.3,,turn and lift,NULL,,NULL,NULL,NULL,,NULL,,NULL
14/04/2023,SK25-X-16,SK25,Sample location delocated to a 10km square (see metadata),420000,350000,425000,355000,5,85,11,no,no,0,,4,,3,,8.3,,yes,NA,1,,12,,3,,22,,2.5,,30,,2,,,NA,,NA,,NA,,NA,30,,2.6,,yes,normal,normal,0,,44.2,,,NA,turn and lift,yes,NA,yes,NA,yes,NA,small corer,yes,NA,yes,Na,yes,normal,19.2,,19.2,,turn and lift,NULL,,NULL,NULL,NULL,,NULL,,NULL
12/05/2023,SK25-X-16,SK25,Sample location delocated to a 10km square (see metadata),420000,350000,425000,355000,6,84,11,no,no,0,,6,,2,,12.9,,yes,NA,1,,30,,2.5,,,NA,,NA,,NA,,NA,,NA,,NA,,NA,,NA,30,,2.5,,yes,normal,normal,0,,46,,46,,turn and lift,yes,NA,yes,NA,no,NULL,small corer,yes,NA,yes,NA,yes,normal,19.5,,19.5,,turn and lift,NULL,,NULL,NULL,NULL,,NULL,,NULL
12/05/2023,SK25-X-16,SK25,Sample location delocated to a 10km square (see metadata),420000,350000,425000,355000,6,84,28,no,no,0,,7,,0,,13.2,,yes,NA,1,,30,,2.5,,,NA,,NA,,NA,,NA,,NA,,NA,,NA,,NA,30,,2.5,,yes,normal,normal,0,,45,,45,,turn and lift,yes,NA,yes,NA,yes,NA,small corer,yes,NA,yes,partial - hit rock,yes,normal,19.5,,19.5,,turn and lift,NULL,,NULL,NULL,NULL,,NULL,,NULL
12/05/2023,SK25-X-16,SK25,Sample location delocated to a 10km square (see metadata),420000,350000,425000,355000,6,84,59,no,no,0,,6,,0,,13.4,,yes,NA,1,,30,,2.5,,,NA,,NA,,NA,,NA,,NA,,NA,,NA,,NA,30,,2.5,,yes,normal,normal,0,,45,,45,,turn and lift,yes,NA,yes,NA,yes,NA,small corer,yes,NA,yes,NA,yes,normal,20,,20,,turn and lift,NULL,,NULL,NULL,NULL,,NULL,,NULL
12/05/2023,SK25-X-16,SK25,Sample location delocated to a 10km square (see metadata),420000,350000,425000,355000,6,84,46,no,no,0,,4,,0,,13.3,,yes,NA,1,,30,,2.5,,,NA,,NA,,NA,,NA,,NA,,NA,,NA,,NA,30,,2.5,,yes,normal,normal,0,,46,,46,,turn and lift,yes,NA,yes,NA,no,NULL,small corer,yes,NA,yes,NA,yes,normal,18.5,,18.5,,turn and lift,NULL,,NULL,NULL,NULL,,NULL,,NULL
15/02/2024,SK25-X-22,SK25,Sample location delocated to a 10km square (see metadata),420000,350000,425000,355000,1,85,11,no,yes,0,,4,,0,,7.3,,yes,NA,2,,25,,1.5,,,NA,,NA,,NA,,NA,,NA,,NA,,NA,,NA,25,,1.5,,yes,normal,normal,5,,32,,30,,turn and lift,yes,NA,yes,NA,no,big_stones,small corer,yes,NA,yes,NA,yes,normal,19,,19,,turn and lift,no,,NA,NA,NA,,NA,1,
15/02/2024,SK25-X-22,SK25,Sample location delocated to a 10km square (see metadata),420000,350000,425000,355000,1,85,28,no,yes,0,,5,,0,,7.6,,yes,NA,2,,30,,1.5,,,NA,,NA,,NA,,NA,,NA,,NA,,NA,,NA,30,,1.5,,yes,normal,normal,5,,32.5,,30,,turn and lift,yes,NA,yes,NA,no,big_stones,small corer,yes,NA,yes,NA,yes,normal,22.5,,22.5,,turn and lift,no,,NA,NA,NA,,NA,1,
15/02/2024,SK25-X-22,SK25,Sample location delocated to a 10km square (see metadata),420000,350000,425000,355000,1,85,59,no,yes,0,,2,,0,,7.9,,no,Large stones,,NA,,NA,,NA,,NA,,NA,,NA,,NA,,NA,,NA,,NA,,NA,,NA,,NA,yes,normal,normal,5,,16,,16,,turn and lift,yes,NA,no,big_stones,no,big_stones,small corer,yes,NA,no,stones,yes,normal,19,,19,,turn and lift,no,,NA,NA,NA,,NA,1,
15/02/2024,SK25-X-22,SK25,Sample location delocated to a 10km square (see metadata),420000,350000,425000,355000,1,85,46,no,yes,0,,2,,0,,7.8,,no,Large stones,,NA,,NA,,NA,,NA,,NA,,NA,,NA,,NA,,NA,,NA,,NA,,NA,,NA,yes,normal,normal,5,,42,,,NA,turn and lift,yes,NA,yes,NA,yes,NA,small corer,yes,NA,no,stones,yes,normal,19.5,,19.5,,turn and lift,no,,NA,NA,NA,,NA,1,
15/02/2024,SK25-X-22,SK25,Sample location delocated to a 10km square (see metadata),420000,350000,425000,355000,4,85,11,no,yes,0,,2,,0,,8.7,,yes,NA,2,,18,,2,,,NA,,NA,,NA,,NA,,NA,,NA,,NA,,NA,18,,2,,yes,normal,normal,1,,33,,30,,turn and lift,yes,NA,yes,NA,no,big_stones,small corer,yes,NA,yes,partial - stones,yes,normal,20,,20,,turn and lift,no,,NA,NA,NA,,NA,1,
15/02/2024,SK25-X-22,SK25,Sample location delocated to a 10km square (see metadata),420000,350000,425000,355000,4,85,28,no,yes,0,,4,,0,,8.6,,yes,NA,2,,30,,2.5,,,NA,,NA,,NA,,NA,,NA,,NA,,NA,,NA,30,,2.5,,yes,normal,normal,1,,30,,30,,turn and lift,yes,NA,yes,NA,no,big_stones,small corer,yes,NA,yes,partial - stones,yes,normal,19.5,,19.5,,turn and lift,no,,NA,NA,NA,,NA,1,
15/02/2024,SK25-X-22,SK25,Sample location delocated to a 10km square (see metadata),420000,350000,425000,355000,4,85,59,no,yes,0,,0,,0,,8.6,,no,Large stone,,NA,,NA,,NA,,NA,,NA,,NA,,NA,,NA,,NA,,NA,,NA,,NA,,NA,yes,normal,normal,1,,35,,35,,turn and lift,yes,NA,yes,NA,no,big_stones,small corer,yes,NA,yes,partial - stones,yes,normal,20.5,,20.5,,turn and lift,no,,NA,NA,NA,,NA,1,
15/02/2024,SK25-X-22,SK25,Sample location delocated to a 10km square (see metadata),420000,350000,425000,355000,4,85,46,no,yes,,NULL,10,,0,,9,,yes,NA,2,,30,,2,,,NA,,NA,,NA,,NA,,NA,,NA,,NA,,NA,30,,2,,yes,normal,normal,1,,45,,,NA,turn and lift,yes,NA,yes,NA,yes,NA,small corer,yes,NA,yes,NA,yes,normal,21.5,,21.5,,turn and lift,no,,NA,NA,NA,,NA,1,
19/02/2024,SK25-X-22,SK25,Sample location delocated to a 10km square (see metadata),420000,350000,425000,355000,2,78,11,yes,yes,0,,6,,0,,8.4,,yes,NA,2,,15,,1.5,,,NA,,NA,,NA,,NA,,NA,,NA,,NA,,NA,15,,1.5,,yes,normal,normal,0,,32,,30,,turn and lift,yes,NA,yes,NA,no,big_stones,small corer,yes,NA,yes,NA,yes,normal,12,,12,,turn and lift,no,,NA,NA,NA,,NA,1,
19/02/2024,SK25-X-22,SK25,Sample location delocated to a 10km square (see metadata),420000,350000,425000,355000,2,78,28,yes,yes,0,,4,,0,,9.1,,yes,NA,2,,13,,2,,,NA,,NA,,NA,,NA,,NA,,NA,,NA,,NA,13,,2,,yes,normal,normal,0,,32,,32,,turn and lift,yes,NA,yes,NA,no,big_stones,small corer,yes,NA,yes,NA,yes,normal,19,,19,,turn and lift,no,,NA,NA,NA,,NA,1,
19/02/2024,SK25-X-22,SK25,Sample location delocated to a 10km square (see metadata),420000,350000,425000,355000,2,78,59,yes,yes,0,,8,,0,,8.8,,yes,NA,2,,15,,2,,30,,2.5,,,NA,,NA,,NA,,NA,,NA,,NA,30,,2.3,,yes,normal,normal,0,,33,,33,,turn and lift,yes,NA,yes,NA,no,big_stones,small corer,yes,NA,yes,NA,yes,normal,22,,22,,turn and lift,no,,NA,NA,NA,,NA,1,
19/02/2024,SK25-X-22,SK25,Sample location delocated to a 10km square (see metadata),420000,350000,425000,355000,2,78,46,yes,yes,0,,5,,0,,8.6,,yes,NA,2,,25,,2,,,NA,,NA,,NA,,NA,,NA,,NA,,NA,,NA,25,,2,,yes,normal,normal,0,,16.5,,16.5,,turn and lift,yes,NA,no,big_stones,no,big_stones,small corer,yes,NA,yes,NA,yes,normal,15,,15,,turn and lift,no,,NA,NA,NA,,NA,1,
04/04/2023,SK25-X-84,SK25,Sample location delocated to a 10km square (see metadata),420000,350000,425000,355000,1,85,11,no,no,0,,6,,6,,6.1,,yes,NA,1,,14,,2,,30,,2.5,,,NA,,NA,,NA,,NA,,NA,,NA,30,,2.3,,yes,normal,normal,0,,44,,44,,turn and lift,yes,NA,yes,NA,yes,NA,small corer,yes,NA,yes,NA,yes,normal,18,,18,,turn and lift,NULL,,NULL,NULL,NULL,,NULL,,NULL
04/04/2023,SK25-X-84,SK25,Sample location delocated to a 10km square (see metadata),420000,350000,425000,355000,1,85,28,no,no,0,,4,,5,,6.6,,yes,NA,1,,17,,2,,30,,2.5,,,NA,,NA,,NA,,NA,,NA,,NA,30,,2.2,,yes,normal,normal,0,,44,,44,,turn and lift,yes,NA,yes,NA,yes,NA,small corer,yes,NA,yes,NA,yes,normal,18,,18,,turn and lift,NULL,,NULL,NULL,NULL,,NULL,,NULL
04/04/2023,SK25-X-84,SK25,Sample location delocated to a 10km square (see metadata),420000,350000,425000,355000,1,85,46,no,no,0,,2,,0,,6.6,,yes,NA,1,,15,,2,,30,,2.5,,,NA,,NA,,NA,,NA,,NA,,NA,30,,2.3,,yes,normal,normal,0,,45,,45,,turn and lift,yes,NA,yes,NA,yes,NA,small corer,yes,NA,yes,NA,yes,normal,18,,18,,turn and lift,NULL,,NULL,NULL,NULL,,NULL,,NULL
04/04/2023,SK25-X-84,SK25,Sample location delocated to a 10km square (see metadata),420000,350000,425000,355000,1,85,59,no,no,0,,3,,1,,6.6,,yes,NA,1,,25,,3,,30,,2.5,,,NA,,NA,,NA,,NA,,NA,,NA,30,,2.9,,yes,normal,normal,0,,47,,47,,turn and lift,yes,NA,yes,NA,yes,NA,small corer,yes,NA,yes,NA,yes,normal,17,,17,,turn and lift,NULL,,NULL,NULL,NULL,,NULL,,NULL
04/04/2023,SK25-X-84,SK25,Sample location delocated to a 10km square (see metadata),420000,350000,425000,355000,4,84,11,no,no,0,,5,,0,,7.7,,yes,NA,2,,20,,1.5,,27,,2,,30,,2.5,,,NA,,NA,,NA,,NA,30,,1.7,,yes,normal,normal,0,,34,,34,,turn and lift,yes,NA,yes,NA,yes,NA,small corer,yes,NA,yes,partial - hit rock,yes,normal,17,,17,,turn and lift,NULL,,NULL,NULL,NULL,,NULL,,NULL
04/04/2023,SK25-X-84,SK25,Sample location delocated to a 10km square (see metadata),420000,350000,425000,355000,4,84,28,no,no,0,,2,,3,,7.2,,yes,NA,2,,17,,2,,23,,1.5,,,NA,,NA,,NA,,NA,,NA,,NA,23,,1.9,,yes,normal,normal,0,,38,,38,,turn and lift,yes,NA,yes,NA,yes,NA,small corer,yes,NA,yes,partial - hit rock,yes,normal,19,,19,,turn and lift,NULL,,NULL,NULL,NULL,,NULL,,NULL
04/04/2023,SK25-X-84,SK25,Sample location delocated to a 10km square (see metadata),420000,350000,425000,355000,4,84,46,no,no,0,,10,,5,,8.3,,yes,NA,1,,17,,1.5,,,NA,,NA,,NA,,NA,,NA,,NA,,NA,,NA,17,,1.5,,yes,normal,normal,0,,27,,27,,turn and lift,yes,NA,yes,NA,no,shallow_soil,small corer,yes,partial - hit rock,no,hit rock,yes,normal,18,,18,,turn and lift,NULL,,NULL,NULL,NULL,,NULL,,NULL
04/04/2023,SK25-X-84,SK25,Sample location delocated to a 10km square (see metadata),420000,350000,425000,355000,4,84,59,no,no,0,,8,,1,,8.6,,yes,NA,2,,30,,1.5,,,NA,,NA,,NA,,NA,,NA,,NA,,NA,,NA,30,,1.5,,yes,normal,normal,0,,44,,44,,turn and lift,yes,NA,yes,NA,yes,NA,small corer,yes,NA,yes,partial - hit rock,yes,normal,17,,17,,turn and lift,NULL,,NULL,NULL,NULL,,NULL,,NULL
05/04/2023,SK25-X-84,SK25,Sample location delocated to a 10km square (see metadata),420000,350000,425000,355000,3,72,11,no,no,0,,1,,1,,7.7,,yes,NA,1,,18,,2,,30,,1.5,,,NA,,NA,,NA,,NA,,NA,,NA,30,,1.8,,yes,normal,normal,0,,46,,46,,turn and lift,yes,NA,yes,NA,yes,NA,small corer,yes,NA,yes,partial - hit rock,yes,normal,18,,18,,turn and lift,NULL,,NULL,NULL,NULL,,NULL,,NULL
05/04/2023,SK25-X-84,SK25,Sample location delocated to a 10km square (see metadata),420000,350000,425000,355000,3,72,28,no,no,0,,7,,1,,7.6,,yes,NA,1,,17,,1.5,,27,,2,,30,,2,,,NA,,NA,,NA,,NA,30,,1.7,,yes,normal,normal,0,,44,,44,,turn and lift,yes,NA,yes,NA,yes,NA,small corer,yes,NA,yes,NA,yes,normal,18,,18,,turn and lift,NULL,,NULL,NULL,NULL,,NULL,,NULL
05/04/2023,SK25-X-84,SK25,Sample location delocated to a 10km square (see metadata),420000,350000,425000,355000,3,72,46,no,no,0,,6,,1,,7.6,,yes,NA,1,,20,,1.5,,30,,2,,,NA,,NA,,NA,,NA,,NA,,NA,30,,1.7,,yes,normal,normal,0,,47,,47,,turn and lift,yes,NA,yes,NA,yes,NA,small corer,yes,NA,yes,NA,yes,normal,21,,21,,turn and lift,NULL,,NULL,NULL,NULL,,NULL,,NULL
05/04/2023,SK25-X-84,SK25,Sample location delocated to a 10km square (see metadata),420000,350000,425000,355000,3,72,59,no,no,0,,4,,0,,7.7,,yes,NA,1,,20,,2,,30,,2.5,,,NA,,NA,,NA,,NA,,NA,,NA,30,,2.2,,yes,normal,normal,0,,45,,45,,turn and lift,yes,NA,yes,NA,yes,NA,small corer,yes,NA,yes,partial - hit rock,yes,normal,18,,18,,turn and lift,NULL,,NULL,NULL,NULL,,NULL,,NULL
05/04/2023,SK25-X-84,SK25,Sample location delocated to a 10km square (see metadata),420000,350000,425000,355000,2,18,11,no,no,0,,6,,2,,8.1,,yes,NA,,NULL,16,,2,,26,,2.5,,,NA,,NA,,NA,,NA,,NA,,NA,26,,2.2,,yes,normal,normal,0,,28,,28,,turn and lift,yes,NA,yes,NA,no,NULL,small corer,yes,NA,yes,partial - hit rock,yes,normal,20,,20,,turn and lift,NULL,,NULL,NULL,NULL,,NULL,,NULL
05/04/2023,SK25-X-84,SK25,Sample location delocated to a 10km square (see metadata),420000,350000,425000,355000,2,18,28,no,no,0,,6,,0,,7.7,,yes,NA,1,,14,,2,,24,,2.5,,,NA,,NA,,NA,,NA,,NA,,NA,24,,2.2,,yes,normal,normal,0,,27,,27,,turn and lift,yes,NA,yes,NA,no,NULL,small corer,yes,NA,no,hit rock,yes,normal,19,,,NA,turn and lift,NULL,,NULL,NULL,NULL,,NULL,,NULL
05/04/2023,SK25-X-84,SK25,Sample location delocated to a 10km square (see metadata),420000,350000,425000,355000,2,18,46,no,no,0,,0,,2,,7.5,,yes,NA,1,,10,,2.5,,16,,2,,25,,2.5,,,NA,,NA,,NA,,NA,25,,2.4,,yes,normal,normal,0,,21,,21,,turn and lift,yes,NA,yes,NA,no,shallow_soil,small corer,yes,NA,yes,partial - NULL,yes,normal,19,,19,,turn and lift,NULL,,NULL,NULL,NULL,,NULL,,NULL
05/04/2023,SK25-X-84,SK25,Sample location delocated to a 10km square (see metadata),420000,350000,425000,355000,2,18,59,no,no,0,,7,,2,,7.7,,yes,NA,1,,15,,2.5,,20,,2,,30,,1.5,,,NA,,NA,,NA,,NA,30,,2.1,,yes,normal,normal,0,,32,,32,,turn and lift,yes,NA,yes,NA,yes,NA,small corer,yes,NA,yes,partial - hit rock,yes,normal,20,,20,,turn and lift,NULL,,NULL,NULL,NULL,,NULL,,NULL
16/05/2023,SK34-X-40,SK34,Sample location delocated to a 10km square (see metadata),430000,340000,435000,345000,1,98,11,no,no,0,,8,,23,,14.3,,yes,NA,2,,30,,2.5,,,NA,,NA,,NA,,NA,,NA,,NA,,NA,,NA,30,,2.5,,yes,normal,normal,0,,43,,43,,turn and lift,yes,NA,yes,NA,yes,NA,small corer,yes,NA,yes,NA,yes,normal,19,,19,,turn and lift,NULL,,NULL,NULL,NULL,,NULL,,NULL
16/05/2023,SK34-X-40,SK34,Sample location delocated to a 10km square (see metadata),430000,340000,435000,345000,1,98,28,no,no,0,,10,,16,,14.2,,yes,NA,2,,30,,2.5,,,NA,,NA,,NA,,NA,,NA,,NA,,NA,,NA,30,,2.5,,yes,normal,normal,0,,42,,42,,turn and lift,yes,NA,yes,NA,yes,NA,small corer,yes,NA,yes,NA,yes,normal,19,,19,,turn and lift,NULL,,NULL,NULL,NULL,,NULL,,NULL
16/05/2023,SK34-X-40,SK34,Sample location delocated to a 10km square (see metadata),430000,340000,435000,345000,1,98,46,no,no,0,,13,,6,,14.1,,yes,NA,2,,30,,2.5,,,NA,,NA,,NA,,NA,,NA,,NA,,NA,,NA,30,,2.5,,yes,normal,normal,0,,42,,42,,turn and lift,yes,NA,yes,NA,yes,NA,small corer,yes,NA,yes,NA,yes,normal,19,,19,,turn and lift,NULL,,NULL,NULL,NULL,,NULL,,NULL
16/05/2023,SK34-X-40,SK34,Sample location delocated to a 10km square (see metadata),430000,340000,435000,345000,1,98,59,no,no,0,,10,,6,,14.5,,yes,NA,2,,30,,2.5,,,NA,,NA,,NA,,NA,,NA,,NA,,NA,,NA,30,,2.5,,yes,normal,normal,0,,44,,44,,turn and lift,yes,NA,yes,NA,yes,NA,small corer,yes,NA,yes,NA,yes,normal,18,,18,,turn and lift,NULL,,NULL,NULL,NULL,,NULL,,NULL
16/05/2023,SK34-X-40,SK34,Sample location delocated to a 10km square (see metadata),430000,340000,435000,345000,5,61,11,no,no,0,,16,,6,,14.5,,yes,NA,2,,30,,2.5,,,NA,,NA,,NA,,NA,,NA,,NA,,NA,,NA,30,,2.5,,yes,normal,normal,0,,44,,44,,turn and lift,yes,NA,yes,NA,yes,NA,small corer,yes,NA,yes,NA,yes,normal,17,,17,,turn and lift,NULL,,NULL,NULL,NULL,,NULL,,NULL
16/05/2023,SK34-X-40,SK34,Sample location delocated to a 10km square (see metadata),430000,340000,435000,345000,5,61,28,no,no,0,,13,,6,,13.3,,yes,NA,2,,30,,2.5,,,NA,,NA,,NA,,NA,,NA,,NA,,NA,,NA,30,,2.5,,yes,normal,normal,0,,44,,44,,turn and lift,yes,NA,yes,NA,yes,NA,small corer,yes,NA,yes,NA,yes,normal,19,,19,,turn and lift,NULL,,NULL,NULL,NULL,,NULL,,NULL
16/05/2023,SK34-X-40,SK34,Sample location delocated to a 10km square (see metadata),430000,340000,435000,345000,5,61,59,no,no,0,,11,,1,,13.2,,yes,NA,2,,30,,3,,,NA,,NA,,NA,,NA,,NA,,NA,,NA,,NA,30,,3,,yes,normal,normal,0,,40,,40,,turn and lift,yes,NA,yes,NA,yes,NA,small corer,yes,NA,yes,NA,yes,normal,19,,19,,turn and lift,NULL,,NULL,NULL,NULL,,NULL,,NULL
16/05/2023,SK34-X-40,SK34,Sample location delocated to a 10km square (see metadata),430000,340000,435000,345000,5,61,46,no,no,0,,7,,3,,13.7,,yes,NA,2,,30,,3,,,NA,,NA,,NA,,NA,,NA,,NA,,NA,,NA,30,,3,,yes,normal,normal,0,,40,,40,,turn and lift,yes,NA,yes,NA,yes,NA,small corer,yes,NA,yes,NA,yes,normal,16,,16,,turn and lift,NULL,,NULL,NULL,NULL,,NULL,,NULL
17/05/2023,SK34-X-40,SK34,Sample location delocated to a 10km square (see metadata),430000,340000,435000,345000,2,109,11,no,no,0,,11,,7,,10.3,,yes,NA,2,,30,,2,,,NA,,NA,,NA,,NA,,NA,,NA,,NA,,NA,30,,2,,yes,normal,normal,0,,40,,40,,turn and lift,yes,NA,yes,NA,yes,NA,small corer,yes,NA,yes,NA,yes,normal,19,,19,,turn and lift,NULL,,NULL,NULL,NULL,,NULL,,NULL
17/05/2023,SK34-X-40,SK34,Sample location delocated to a 10km square (see metadata),430000,340000,435000,345000,2,109,28,no,no,0,,6,,6,,10.6,,yes,NA,2,,30,,2,,,NA,,NA,,NA,,NA,,NA,,NA,,NA,,NA,30,,2,,yes,normal,normal,0,,44,,44,,turn and lift,yes,NA,yes,NA,yes,NA,small corer,yes,NA,yes,NA,yes,normal,18,,18,,turn and lift,NULL,,NULL,NULL,NULL,,NULL,,NULL
17/05/2023,SK34-X-40,SK34,Sample location delocated to a 10km square (see metadata),430000,340000,435000,345000,2,109,46,no,no,0,,25,,2,,10.3,,yes,NA,2,,30,,2,,,NA,,NA,,NA,,NA,,NA,,NA,,NA,,NA,30,,2,,yes,normal,normal,0,,41,,41,,turn and lift,yes,NA,yes,NA,yes,NA,small corer,yes,NA,yes,NA,yes,normal,17,,17,,turn and lift,NULL,,NULL,NULL,NULL,,NULL,,NULL
17/05/2023,SK34-X-40,SK34,Sample location delocated to a 10km square (see metadata),430000,340000,435000,345000,2,109,59,no,no,0,,16,,7,,9.8,,yes,NA,2,,30,,2,,,NA,,NA,,NA,,NA,,NA,,NA,,NA,,NA,30,,2,,yes,normal,normal,0,,42,,42,,turn and lift,yes,NA,yes,NA,yes,NA,small corer,yes,NA,yes,NA,yes,normal,20,,20,,turn and lift,NULL,,NULL,NULL,NULL,,NULL,,NULL
20/02/2024,SK36-X-38,SK36,Sample location delocated to a 10km square (see metadata),430000,360000,435000,365000,4,85,11,yes,yes,1,,11,,0,,6.9,,no,Too rocky beneath ground,,NA,,NA,,NA,,NA,,NA,,NA,,NA,,NA,,NA,,NA,,NA,,NA,,NA,yes,normal,normal,0,,20,,20,,turn and lift,yes,NA,no,big_stones,no,big_stones,small corer,yes,NA,yes,NA,yes,normal,19.5,,19.5,,turn and lift,no,,NA,NA,NA,,NA,1,
20/02/2024,SK36-X-38,SK36,Sample location delocated to a 10km square (see metadata),430000,360000,435000,365000,4,85,28,yes,yes,1,,1,,0,,6.9,,yes,NA,2,,17,,1.5,,,NA,,NA,,NA,,NA,,NA,,NA,,NA,,NA,17,,1.5,,yes,normal,normal,0,,42,,,NA,turn and lift,yes,NA,yes,NA,yes,NA,small corer,yes,NA,yes,partial - stones,yes,normal,20,,20,,turn and lift,no,,NA,NA,NA,,NA,1,
20/02/2024,SK36-X-38,SK36,Sample location delocated to a 10km square (see metadata),430000,360000,435000,365000,4,85,59,yes,yes,1,,16,,0,,7,,yes,NA,2,,10,,2,,30,,1.5,,,NA,,NA,,NA,,NA,,NA,,NA,30,,1.7,,yes,normal,normal,0,,43,,,NA,turn and lift,yes,NA,yes,NA,yes,NA,small corer,yes,NA,no,stones,yes,normal,18.5,,18.5,,turn and lift,no,,NA,NA,NA,,NA,1,
20/02/2024,SK36-X-38,SK36,Sample location delocated to a 10km square (see metadata),430000,360000,435000,365000,4,85,46,yes,yes,1,,10,,0,,7.1,,yes,NA,2,,30,,2,,,NA,,NA,,NA,,NA,,NA,,NA,,NA,,NA,30,,2,,yes,normal,normal,0,,18.5,,18.5,,turn and lift,yes,NA,no,big_stones,no,big_stones,small corer,yes,NA,no,stones,yes,normal,20,,20,,turn and lift,no,,NA,NA,NA,,NA,1,
20/02/2024,SK36-X-38,SK36,Sample location delocated to a 10km square (see metadata),430000,360000,435000,365000,2,59,11,no,no,0,,4,,0,,8,,yes,NA,2,,12,,2,,30,,2.5,,,NA,,NA,,NA,,NA,,NA,,NA,30,,2.3,,yes,normal,normal,4,,47,,,NA,turn and lift,yes,NA,yes,NA,yes,NA,small corer,yes,NA,yes,NA,yes,normal,19.5,,19.5,,turn and lift,no,,NA,NA,NA,,NA,1,
20/02/2024,SK36-X-38,SK36,Sample location delocated to a 10km square (see metadata),430000,360000,435000,365000,2,59,28,no,no,0,,2,,0,,8,,yes,NA,2,,10,,2,,30,,2.5,,,NA,,NA,,NA,,NA,,NA,,NA,30,,2.3,,yes,normal,normal,4,,43.5,,,NA,turn and lift,yes,NA,yes,NA,yes,NA,small corer,yes,NA,yes,NA,yes,normal,21,,21,,turn and lift,no,,NA,NA,NA,,NA,1,
20/02/2024,SK36-X-38,SK36,Sample location delocated to a 10km square (see metadata),430000,360000,435000,365000,2,59,59,no,no,0,,4,,0,,8.1,,yes,NA,2,,10,,2,,30,,2.5,,,NA,,NA,,NA,,NA,,NA,,NA,30,,2.3,,yes,normal,normal,4,,47,,,NA,turn and lift,yes,NA,yes,NA,yes,NA,small corer,yes,NA,yes,NA,yes,normal,19.5,,19.5,,turn and lift,no,,NA,NA,NA,,NA,1,
20/02/2024,SK36-X-38,SK36,Sample location delocated to a 10km square (see metadata),430000,360000,435000,365000,2,59,46,no,no,0,,1,,0,,8.1,,yes,NA,2,,10,,2,,30,,2.5,,,NA,,NA,,NA,,NA,,NA,,NA,30,,2.3,,yes,normal,normal,4,,46.5,,,NA,turn and lift,yes,NA,yes,NA,yes,NA,small corer,yes,NA,yes,NA,yes,normal,22,,22,,turn and lift,no,,NA,NA,NA,,NA,1,
06/03/2024,SK46-X-54,SK46,Sample location delocated to a 10km square (see metadata),440000,360000,445000,365000,1,87,11,no,yes,0,,1,,0,,7.8,,yes,NA,2,,30,,2.5,,,NA,,NA,,NA,,NA,,NA,,NA,,NA,,NA,30,,2.5,,yes,normal,normal,0,,45,,,NA,dig and tip,yes,NA,yes,NA,yes,NA,small corer,yes,NA,yes,partial - stones,yes,normal,21.5,,21.5,,turn and lift,no,,NA,NA,NA,,NA,1,
06/03/2024,SK46-X-54,SK46,Sample location delocated to a 10km square (see metadata),440000,360000,445000,365000,1,87,28,no,yes,0,,3,,0,,7.8,,yes,NA,2,,30,,2.5,,,NA,,NA,,NA,,NA,,NA,,NA,,NA,,NA,30,,2.5,,yes,normal,normal,0,,32,,30,,turn and lift,yes,NA,yes,NA,no,big_stones,small corer,yes,NA,yes,partial - stones,yes,normal,18.5,,18.5,,turn and lift,no,,NA,NA,NA,,NA,1,
06/03/2024,SK46-X-54,SK46,Sample location delocated to a 10km square (see metadata),440000,360000,445000,365000,1,87,46,no,yes,0,,5,,0,,5.3,,yes,NA,2,,30,,2.5,,,NA,,NA,,NA,,NA,,NA,,NA,,NA,,NA,30,,2.5,,yes,normal,normal,0,,43.5,,,NA,turn and lift,yes,NA,yes,NA,yes,NA,small corer,yes,NA,yes,NA,yes,normal,20,,,NA,turn and lift,no,,NA,NA,NA,,NA,1,
06/03/2024,SK46-X-54,SK46,Sample location delocated to a 10km square (see metadata),440000,360000,445000,365000,1,87,59,no,yes,0,,3,,0,,5.4,,yes,NA,2,,15,,2.5,,30,,2,,,NA,,NA,,NA,,NA,,NA,,NA,30,,2.3,,yes,normal,normal,0,,32,,32,,turn and lift,yes,NA,yes,NA,no,big_stones,small corer,yes,NA,yes,partial - stones,yes,normal,19,,19,,turn and lift,no,,NA,NA,NA,,NA,1,
07/03/2024,SK46-X-54,SK46,Sample location delocated to a 10km square (see metadata),440000,360000,445000,365000,4,85,11,no,yes,0,,10,,0,,6.2,,yes,NA,2,,12,,2,,30,,2.5,,,NA,,NA,,NA,,NA,,NA,,NA,30,,2.3,,yes,normal,normal,1,,31.5,,31.5,,turn and lift,yes,NA,yes,NA,no,big_stones,small corer,yes,NA,yes,NA,yes,normal,18.5,,18.5,,turn and lift,no,,NA,NA,NA,,NA,1,
07/03/2024,SK46-X-54,SK46,Sample location delocated to a 10km square (see metadata),440000,360000,445000,365000,4,85,28,no,yes,0,,3,,0,,6.3,,yes,NA,2,,12,,2,,30,,2.5,,,NA,,NA,,NA,,NA,,NA,,NA,30,,2.3,,yes,normal,normal,1,,45,,,NA,turn and lift,yes,NA,yes,NA,yes,NA,small corer,yes,NA,yes,NA,yes,normal,19,,19,,turn and lift,no,,NA,NA,NA,,NA,1,
07/03/2024,SK46-X-54,SK46,Sample location delocated to a 10km square (see metadata),440000,360000,445000,365000,4,85,59,no,yes,0,,8,,0,,5.9,,yes,NA,2,,15,,1.5,,30,,2,,,NA,,NA,,NA,,NA,,NA,,NA,30,,1.8,,yes,normal,normal,1,,31.5,,31.5,,turn and lift,yes,NA,yes,NA,no,big_stones,small corer,yes,NA,yes,partial - stones,yes,normal,19.5,,19.5,,turn and lift,no,,NA,NA,NA,,NA,1,
07/03/2024,SK46-X-54,SK46,Sample location delocated to a 10km square (see metadata),440000,360000,445000,365000,4,85,46,no,yes,0,,9,,0,,6.3,,yes,NA,2,,13,,2,,30,,3,,,NA,,NA,,NA,,NA,,NA,,NA,30,,2.6,,yes,normal,normal,1,,45,,,NA,turn and lift,yes,NA,yes,NA,yes,NA,small corer,yes,NA,yes,NA,yes,normal,19.5,,19.5,,turn and lift,no,,NA,NA,NA,,NA,1,
07/03/2024,SK46-X-54,SK46,Sample location delocated to a 10km square (see metadata),440000,360000,445000,365000,3,84,11,no,yes,0,,2,,0,,6.2,,yes,NA,2,,30,,2.5,,,NA,,NA,,NA,,NA,,NA,,NA,,NA,,NA,30,,2.5,,yes,normal,normal,1,,28,,28,,turn and lift,yes,NA,yes,NA,no,big_stones,small corer,yes,NA,yes,partial - stones,yes,normal,20.5,,20.5,,turn and lift,no,,NA,NA,NA,,NA,1,
07/03/2024,SK46-X-54,SK46,Sample location delocated to a 10km square (see metadata),440000,360000,445000,365000,3,84,28,no,yes,0,,8,,0,,6.3,,yes,NA,2,,10,,2,,20,,2.5,,,NA,,NA,,NA,,NA,,NA,,NA,20,,2.3,,yes,normal,normal,1,,23.5,,23.5,,turn and lift,yes,NA,yes,NA,no,big_stones,small corer,yes,NA,no,stones,yes,normal,19.5,,19.5,,turn and lift,no,,NA,NA,NA,,NA,1,
07/03/2024,SK46-X-54,SK46,Sample location delocated to a 10km square (see metadata),440000,360000,445000,365000,3,84,59,no,yes,0,,9,,0,,6.5,,yes,NA,2,,30,,2.5,,,NA,,NA,,NA,,NA,,NA,,NA,,NA,,NA,30,,2.5,,yes,normal,normal,1,,32,,32,,turn and lift,yes,NA,yes,NA,no,big_stones,small corer,yes,NA,yes,partial - stones,yes,normal,19.5,,19.5,,turn and lift,no,,NA,NA,NA,,NA,1,
07/03/2024,SK46-X-54,SK46,Sample location delocated to a 10km square (see metadata),440000,360000,445000,365000,3,84,46,no,yes,0,,1,,0,,6.4,,yes,NA,2,,24,,2.5,,,NA,,NA,,NA,,NA,,NA,,NA,,NA,,NA,24,,2.5,,yes,normal,normal,0,,30,,30,,turn and lift,yes,NA,yes,NA,no,big_stones,small corer,yes,NA,yes,NA,yes,normal,19,,19,,turn and lift,no,,NA,NA,NA,,NA,1,
11/03/2024,SK46-X-54,SK46,Sample location delocated to a 10km square (see metadata),440000,360000,445000,365000,2,85,11,yes,yes,1,,4,,0,,6,,yes,NA,2,,10,,1.5,,30,,2,,,NA,,NA,,NA,,NA,,NA,,NA,30,,1.8,,yes,normal,normal,0,,47,,,NA,turn and lift,yes,NA,yes,NA,yes,NA,small corer,yes,NA,yes,NA,yes,normal,19.5,,19.5,,turn and lift,no,,NA,NA,NA,,NA,1,
11/03/2024,SK46-X-54,SK46,Sample location delocated to a 10km square (see metadata),440000,360000,445000,365000,2,85,28,yes,yes,1,,6,,0,,6.3,,yes,NA,2,,30,,2,,,NA,,NA,,NA,,NA,,NA,,NA,,NA,,NA,30,,2,,yes,normal,normal,0,,45,,,NA,turn and lift,yes,NA,yes,NA,yes,NA,small corer,yes,NA,yes,NA,yes,normal,18,,18,,turn and lift,no,,NA,NA,NA,,NA,1,
11/03/2024,SK46-X-54,SK46,Sample location delocated to a 10km square (see metadata),440000,360000,445000,365000,2,85,46,yes,yes,0,,6,,0,,8.3,,yes,NA,2,,26,,1.5,,,NA,,NA,,NA,,NA,,NA,,NA,,NA,,NA,26,,1.5,,yes,normal,normal,0,,32.5,,32,,turn and lift,yes,NA,yes,NA,no,big_stones,small corer,yes,NA,yes,partial - stones,yes,normal,19.5,,,NA,turn and lift,no,,NA,NA,NA,,NA,1,
11/03/2024,SK46-X-54,SK46,Sample location delocated to a 10km square (see metadata),440000,360000,445000,365000,2,85,59,yes,yes,1,,7,,0,,8.4,,yes,NA,2,,26,,1.5,,,NA,,NA,,NA,,NA,,NA,,NA,,NA,,NA,26,,1.5,,yes,normal,normal,0,,44.6,,,NA,turn and lift,yes,NA,yes,NA,yes,NA,small corer,yes,NA,yes,partial - stones,yes,normal,20.5,,20.5,,turn and lift,no,,NA,NA,NA,,NA,1,
23/01/2024,SK65-X-89,SK65,Sample location delocated to a 10km square (see metadata),460000,350000,465000,355000,1,111,11,no,yes,0,,9,,0,,3.8,,yes,NA,2,,30,,2,,,NA,,NA,,NA,,NA,,NA,,NA,,NA,,NA,30,,2,,yes,normal,normal,2,,46.5,,,NA,turn and lift,yes,NA,yes,NA,yes,NA,small corer,yes,NA,yes,NA,yes,normal,19.5,,19.5,,turn and lift,no,,NA,NA,NA,,NA,1,
23/01/2024,SK65-X-89,SK65,Sample location delocated to a 10km square (see metadata),460000,350000,465000,355000,1,111,28,no,yes,0,,18,,0,,4,,yes,NA,2,,30,,2,,,NA,,NA,,NA,,NA,,NA,,NA,,NA,,NA,30,,2,,yes,normal,normal,1,,42.5,,,NA,turn and lift,yes,NA,yes,NA,yes,NA,small corer,yes,NA,yes,NA,yes,normal,19,,,NA,turn and lift,no,,NA,NA,NA,,NA,1,
23/01/2024,SK65-X-89,SK65,Sample location delocated to a 10km square (see metadata),460000,350000,465000,355000,1,111,59,no,yes,0,,13,,0,,4.3,,yes,NA,2,,30,,2,,,NA,,NA,,NA,,NA,,NA,,NA,,NA,,NA,30,,2,,yes,normal,normal,2,,30.5,,30.5,,turn and lift,yes,NA,yes,NA,no,big_stones,small corer,yes,NA,yes,NA,yes,normal,21.5,,,NA,turn and lift,no,,NA,NA,NA,,NA,1,
23/01/2024,SK65-X-89,SK65,Sample location delocated to a 10km square (see metadata),460000,350000,465000,355000,1,111,46,no,yes,0,,10,,0,,4.3,,yes,NA,2,,30,,2,,,NA,,NA,,NA,,NA,,NA,,NA,,NA,,NA,30,,2,,yes,normal,normal,2,,44,,,NA,turn and lift,yes,NA,yes,NA,yes,NA,small corer,yes,NA,yes,NA,yes,normal,21.5,,21.5,,turn and lift,no,,NA,NA,NA,,NA,1,
24/01/2024,SK65-X-89,SK65,Sample location delocated to a 10km square (see metadata),460000,350000,465000,355000,2,85,11,yes,yes,1,,0,,0,,5.8,,yes,NA,3,,12,,2,,30,,3,,,NA,,NA,,NA,,NA,,NA,,NA,30,,2.6,,yes,normal,normal,0,,46,,,NA,turn and lift,yes,NA,yes,NA,yes,NA,small corer,yes,NA,yes,NA,yes,normal,22.5,,22.5,,turn and lift,no,,NA,NA,NA,,NA,1,
24/01/2024,SK65-X-89,SK65,Sample location delocated to a 10km square (see metadata),460000,350000,465000,355000,2,85,28,yes,yes,1,,2,,0,,5.7,,yes,NA,3,,12,,2,,30,,3,,,NA,,NA,,NA,,NA,,NA,,NA,30,,2.6,,yes,normal,normal,0,,47,,,NA,turn and lift,yes,NA,yes,NA,yes,NA,small corer,yes,NA,yes,NA,yes,normal,19.5,,19.5,,turn and lift,no,,NA,NA,NA,,NA,1,
24/01/2024,SK65-X-89,SK65,Sample location delocated to a 10km square (see metadata),460000,350000,465000,355000,2,85,59,yes,yes,1,,5,,0,,6,,yes,NA,,NULL,15,,2,,30,,3,,,NA,,NA,,NA,,NA,,NA,,NA,30,,2.5,,yes,normal,normal,0,,46.5,,,NA,turn and lift,yes,NA,yes,NA,yes,NA,small corer,yes,NA,yes,NA,yes,normal,20.5,,20.5,,turn and lift,no,,NA,NA,NA,,NA,1,
24/01/2024,SK65-X-89,SK65,Sample location delocated to a 10km square (see metadata),460000,350000,465000,355000,2,85,46,yes,yes,1,,7,,0,,6.1,,yes,NA,3,,15,,2,,30,,3,,,NA,,NA,,NA,,NA,,NA,,NA,30,,2.5,,yes,normal,normal,0,,45.5,,,NA,turn and lift,yes,NA,yes,NA,yes,NA,small corer,yes,NA,yes,NA,yes,normal,19,,19,,turn and lift,no,,NA,NA,NA,,NA,1,
24/01/2024,SK65-X-89,SK65,Sample location delocated to a 10km square (see metadata),460000,350000,465000,355000,4,72,11,yes,yes,1,,0,,0,,6.4,,yes,NA,3,,6,,2.5,,30,,3,,,NA,,NA,,NA,,NA,,NA,,NA,30,,2.9,,yes,normal,normal,0,,43,,,NA,turn and lift,yes,NA,yes,NA,yes,NA,small corer,yes,NA,yes,NA,yes,normal,20,,20,,turn and lift,no,,NA,NA,NA,,NA,1,
24/01/2024,SK65-X-89,SK65,Sample location delocated to a 10km square (see metadata),460000,350000,465000,355000,4,72,28,yes,yes,0,,0,,0,,6.4,,yes,NA,3,,6,,2.5,,30,,3,,,NA,,NA,,NA,,NA,,NA,,NA,30,,2.9,,yes,normal,normal,0,,41,,,NA,turn and lift,yes,NA,yes,NA,yes,NA,small corer,yes,NA,yes,NA,yes,normal,21.5,,21.5,,turn and lift,no,,NA,NA,NA,,NA,1,
24/01/2024,SK65-X-89,SK65,Sample location delocated to a 10km square (see metadata),460000,350000,465000,355000,4,72,46,yes,yes,1,,6,,0,,4.5,,yes,NA,3,,6,,2.5,,30,,3,,,NA,,NA,,NA,,NA,,NA,,NA,30,,2.9,,yes,normal,normal,0,,44.5,,,NA,turn and lift,yes,NA,yes,NA,yes,NA,small corer,yes,NA,no,NULL,yes,normal,22.5,,22.5,,turn and lift,no,,NA,NA,NA,,NA,1,
24/01/2024,SK65-X-89,SK65,Sample location delocated to a 10km square (see metadata),460000,350000,465000,355000,4,72,59,yes,yes,1,,0,,0,,4.6,,yes,NA,3,,6,,2.5,,30,,3,,,NA,,NA,,NA,,NA,,NA,,NA,30,,2.9,,yes,normal,normal,0,,50,,,NA,dig and tip,yes,NA,yes,NA,yes,NA,small corer,yes,NA,yes,NA,yes,normal,20.5,,20.5,,turn and lift,no,,NA,NA,NA,,NA,1,
10/01/2024,SK68-X-88,SK68,Sample location delocated to a 10km square (see metadata),460000,380000,465000,385000,1,85,11,no,yes,0,,10,,0,,2.9,,yes,NA,2,,30,,1,,,NA,,NA,,NA,,NA,,NA,,NA,,NA,,NA,30,,1,,yes,normal,normal,1,,45.5,,,NA,turn and lift,yes,NA,yes,NA,yes,NA,small corer,yes,NA,yes,NA,yes,normal,18.5,,18.5,,turn and lift,no,,NA,NA,NA,,NA,1,
10/01/2024,SK68-X-88,SK68,Sample location delocated to a 10km square (see metadata),460000,380000,465000,385000,1,85,28,no,yes,0,,5,,0,,3.7,,no,Too stony,,NA,,NA,,NA,,NA,,NA,,NA,,NA,,NA,,NA,,NA,,NA,,NA,,NA,yes,normal,normal,3,,46.5,,,NA,turn and lift,yes,NA,yes,NA,yes,NA,small corer,yes,partial - stones,no,stones,yes,normal,18.5,,18.5,,turn and lift,no,,NA,NA,NA,,NA,1,
10/01/2024,SK68-X-88,SK68,Sample location delocated to a 10km square (see metadata),460000,380000,465000,385000,1,85,59,no,yes,0,,7,,0,,3.9,,yes,NA,2,,30,,1,,,NA,,NA,,NA,,NA,,NA,,NA,,NA,,NA,30,,1,,yes,normal,normal,0,,43,,,NA,turn and lift,yes,NA,yes,NA,yes,NA,small corer,yes,partial - stones,no,stones,yes,normal,21,,,NA,turn and lift,no,,NA,NA,NA,,NA,1,
10/01/2024,SK68-X-88,SK68,Sample location delocated to a 10km square (see metadata),460000,380000,465000,385000,1,85,46,no,yes,0,,9,,0,,3.4,,yes,NA,2,,15,,2,,30,,1,,,NA,,NA,,NA,,NA,,NA,,NA,30,,1.5,,yes,normal,normal,2,,44,,,NA,turn and lift,yes,NA,yes,NA,yes,NA,small corer,yes,NA,yes,NA,yes,normal,19,,19,,turn and lift,no,,NA,NA,NA,,NA,1,
11/01/2024,SK68-X-88,SK68,Sample location delocated to a 10km square (see metadata),460000,380000,465000,385000,4,98,19,no,no,0,,0,,0,,3.6,,yes,NA,2,,30,,3,,,NA,,NA,,NA,,NA,,NA,,NA,,NA,,NA,30,,3,,yes,normal,normal,0,,40,,,NA,turn and lift,yes,NA,yes,NA,yes,NA,large corer (tip same as ABC),yes,NA,yes,NA,yes,normal,21,,,NA,turn and lift,no,,NA,NA,NA,,NA,1,
11/01/2024,SK68-X-88,SK68,Sample location delocated to a 10km square (see metadata),460000,380000,465000,385000,4,98,34,no,no,0,,0,,0,,4,,yes,NA,2,,30,,3,,,NA,,NA,,NA,,NA,,NA,,NA,,NA,,NA,30,,3,,yes,normal,normal,0,,43,,,NA,turn and lift,yes,NA,yes,NA,yes,NA,large corer (tip same as ABC),yes,NA,yes,NA,yes,normal,20,,20,,turn and lift,no,,NA,NA,NA,,NA,1,
11/01/2024,SK68-X-88,SK68,Sample location delocated to a 10km square (see metadata),460000,380000,465000,385000,4,98,51,no,no,0,,0,,0,,4.1,,yes,NA,2,,30,,2,,,NA,,NA,,NA,,NA,,NA,,NA,,NA,,NA,30,,2,,yes,normal,normal,0,,40.5,,,NA,turn and lift,yes,NA,yes,NA,yes,NA,large corer (tip same as ABC),yes,NA,yes,NA,yes,normal,18.5,,18.5,,turn and lift,no,,NA,NA,NA,,NA,1,
11/01/2024,SK68-X-88,SK68,Sample location delocated to a 10km square (see metadata),460000,380000,465000,385000,4,98,46,no,no,0,,0,,0,,4.2,,yes,NA,2,,20,,2.5,,30,,2,,,NA,,NA,,NA,,NA,,NA,,NA,30,,2.3,,yes,normal,normal,0,,41.5,,,NA,turn and lift,yes,NA,yes,NA,yes,NA,large corer (tip same as ABC),yes,NA,yes,NA,yes,normal,19,,19,,turn and lift,no,,NA,NA,NA,,NA,1,
25/03/2024,SK68-X-88,SK68,Sample location delocated to a 10km square (see metadata),460000,380000,465000,385000,3,85,9,yes,yes,1,,1,,1,,7.9,,yes,NA,2,,8,,3.5,,30,,3,,,NA,,NA,,NA,,NA,,NA,,NA,30,,3.1,,yes,normal,normal,0,,47,,,NA,turn and lift,yes,NA,yes,NA,yes,NA,small corer,yes,NA,no,stones,yes,normal,18.5,,18.5,,turn and lift,no,,NA,NA,NA,,NA,1,
25/03/2024,SK68-X-88,SK68,Sample location delocated to a 10km square (see metadata),460000,380000,465000,385000,3,85,28,no,yes,0,,6,,8,,8,,yes,NA,2,,10,,4,,30,,3,,,NA,,NA,,NA,,NA,,NA,,NA,30,,3.3,,yes,normal,normal,0,,47,,,NA,turn and lift,yes,NA,yes,NA,yes,NA,small corer,yes,NA,yes,NA,yes,normal,19.5,,19.5,,turn and lift,no,,NA,NA,NA,,NA,1,
25/03/2024,SK68-X-88,SK68,Sample location delocated to a 10km square (see metadata),460000,380000,465000,385000,3,85,59,no,yes,1,,4,,3,,8.2,,yes,NA,,NULL,10,,4,,30,,3,,,NA,,NA,,NA,,NA,,NA,,NA,30,,3.3,,yes,normal,normal,0,,47,,,NA,dig and tip,yes,NA,yes,NA,yes,NA,small corer,yes,NA,yes,NA,yes,normal,17,,1,,turn and lift,no,,NA,NA,NA,,NA,1,
25/03/2024,SK68-X-88,SK68,Sample location delocated to a 10km square (see metadata),460000,380000,465000,385000,3,85,46,no,yes,0,,0,,0,,8.1,,yes,NA,2,,10,,4,,30,,3.5,,,NA,,NA,,NA,,NA,,NA,,NA,30,,3.7,,yes,normal,normal,0,,46.5,,,NA,turn and lift,yes,NA,yes,NA,yes,NA,small corer,yes,NA,no,stones,yes,normal,17,,17,,turn and lift,no,,NA,NA,NA,,NA,1,
26/03/2024,SK68-X-88,SK68,Sample location delocated to a 10km square (see metadata),460000,380000,465000,385000,2,81,11,yes,yes,0,,2,,0,,9.4,,yes,NA,,NULL,12,,2,,30,,3,,,NA,,NA,,NA,,NA,,NA,,NA,30,,2.6,,yes,normal,normal,0,,45.5,,,NA,turn and lift,yes,NA,yes,NA,yes,NA,small corer,yes,NA,yes,NA,yes,normal,18,,18,,turn and lift,no,,NA,NA,NA,,NA,1,
26/03/2024,SK68-X-88,SK68,Sample location delocated to a 10km square (see metadata),460000,380000,465000,385000,2,81,28,yes,yes,0,,1,,0,,9.5,,yes,NA,2,,30,,2,,,NA,,NA,,NA,,NA,,NA,,NA,,NA,,NA,30,,2,,yes,normal,normal,0,,43,,,NA,turn and lift,yes,NA,yes,NA,yes,NA,small corer,yes,NA,yes,NA,yes,normal,17,,17,,turn and lift,no,,NA,NA,NA,,NA,1,
26/03/2024,SK68-X-88,SK68,Sample location delocated to a 10km square (see metadata),460000,380000,465000,385000,2,81,59,no,yes,0,,3,,0,,10.1,,yes,NA,3,,24,,2,,30,,4,,,NA,,NA,,NA,,NA,,NA,,NA,30,,2.4,,yes,normal,normal,0,,46,,,NA,turn and lift,yes,NA,yes,NA,yes,NA,small corer,yes,NA,yes,NA,yes,normal,19,,19,,turn and lift,no,,NA,NA,NA,,NA,1,
26/03/2024,SK68-X-88,SK68,Sample location delocated to a 10km square (see metadata),460000,380000,465000,385000,2,81,46,yes,yes,1,,0,,0,,10.2,,yes,NA,3,,10,,2,,20,,3,,30,,4,,,NA,,NA,,NA,,NA,30,,3,,yes,normal,normal,0,,45,,,NA,turn and lift,yes,NA,yes,NA,yes,NA,small corer,yes,NA,yes,NA,yes,normal,18.5,,18.5,,turn and lift,no,,NA,NA,NA,,NA,1,
19/03/2024,SK73-X-65,SK73,Sample location delocated to a 10km square (see metadata),470000,330000,475000,335000,1,111,59,yes,yes,0,,25,,8,,10.3,,yes,NA,2,,10,,1.5,,30,,2.5,,,NA,,NA,,NA,,NA,,NA,,NA,30,,2.2,,yes,normal,normal,0,,46,,,NA,turn and lift,yes,NA,yes,NA,yes,NA,small corer,yes,NA,yes,NA,yes,normal,18.5,,18.5,,turn and lift,no,,NA,NA,NA,,NA,1,
19/03/2024,SK73-X-65,SK73,Sample location delocated to a 10km square (see metadata),470000,330000,475000,335000,1,111,46,yes,yes,0,,13,,5,,10.2,,yes,NA,2,,20,,1,,30,,1.5,,,NA,,NA,,NA,,NA,,NA,,NA,30,,1.2,,yes,normal,normal,0,,45.5,,,NA,turn and lift,yes,NA,yes,NA,yes,NA,small corer,yes,NA,yes,NA,yes,normal,21,,21,,turn and lift,no,,NA,NA,NA,,NA,1,
19/03/2024,SK73-X-65,SK73,Sample location delocated to a 10km square (see metadata),470000,330000,475000,335000,1,111,11,yes,yes,0,,22,,5,,10.4,,yes,NA,2,,5,,1.5,,30,,3,,,NA,,NA,,NA,,NA,,NA,,NA,30,,2.8,,yes,normal,normal,0,,44.5,,,NA,turn and lift,yes,NA,yes,NA,no,other,small corer,yes,NA,yes,NA,yes,normal,18.5,,18.5,,turn and lift,no,,NA,NA,NA,,NA,1,
19/03/2024,SK73-X-65,SK73,Sample location delocated to a 10km square (see metadata),470000,330000,475000,335000,1,111,28,yes,yes,0,,15,,8,,10.4,,yes,NA,2,,5,,1.5,,30,,2,,,NA,,NA,,NA,,NA,,NA,,NA,30,,1.9,,yes,normal,normal,0,,43.5,,,NA,turn and lift,yes,NA,yes,NA,yes,NA,small corer,yes,NA,yes,NA,yes,normal,19.5,,19.5,,turn and lift,no,,NA,NA,NA,,NA,1,
19/03/2024,SK73-X-65,SK73,Sample location delocated to a 10km square (see metadata),470000,330000,475000,335000,2,84,46,yes,yes,0,,11,,4,,10.9,,yes,NA,2,,5,,1.5,,20,,2,,30,,2.5,,,NA,,NA,,NA,,NA,30,,2.1,,yes,normal,normal,0,,42,,,NA,turn and lift,yes,NA,yes,NA,yes,NA,small corer,yes,NA,yes,NA,yes,normal,18.6,,18.6,,turn and lift,no,,NA,NA,NA,,NA,1,
19/03/2024,SK73-X-65,SK73,Sample location delocated to a 10km square (see metadata),470000,330000,475000,335000,2,84,59,yes,yes,0,,16,,5,,11.1,,yes,NA,2,,10,,1.5,,20,,2.5,,30,,2,,,NA,,NA,,NA,,NA,30,,2,,yes,normal,normal,0,,44.3,,,NA,turn and lift,yes,NA,yes,NA,yes,NA,small corer,yes,NA,yes,NA,yes,normal,19.2,,19.2,,turn and lift,no,,NA,NA,NA,,NA,1,
19/03/2024,SK73-X-65,SK73,Sample location delocated to a 10km square (see metadata),470000,330000,475000,335000,2,84,28,yes,yes,0,,16,,8,,10.4,,yes,NA,2,,5,,1.5,,25,,2.5,,30,,1.5,,,NA,,NA,,NA,,NA,30,,2.2,,yes,normal,normal,0,,43.5,,,NA,turn and lift,yes,NA,yes,NA,yes,NA,small corer,yes,NA,yes,NA,yes,normal,17.4,,17.4,,turn and lift,no,,NA,NA,NA,,NA,1,
19/03/2024,SK73-X-65,SK73,Sample location delocated to a 10km square (see metadata),470000,330000,475000,335000,2,84,11,yes,yes,0,,14,,6,,11.7,,yes,NA,2,,5,,1.5,,25,,2.5,,30,,2,,,NA,,NA,,NA,,NA,30,,2.3,,yes,normal,normal,0,,44.9,,,NA,turn and lift,yes,NA,yes,NA,yes,NA,small corer,yes,NA,yes,NA,yes,normal,19.2,,19.2,,turn and lift,no,,NA,NA,NA,,NA,1,
14/03/2024,SK74-X-77,SK74,Sample location delocated to a 10km square (see metadata),470000,340000,475000,345000,2,7,11,yes,yes,1,,12,,0,,8.9,,yes,NA,3,,25,,4.5,,,NA,,NA,,NA,,NA,,NA,,NA,,NA,,NA,25,,4.5,,yes,normal,normal,0,,44.5,,,NA,turn and lift,yes,NA,yes,NA,yes,NA,small corer,yes,NA,yes,NA,yes,normal,19,,19,,turn and lift,no,,NA,NA,NA,,NA,1,
14/03/2024,SK74-X-77,SK74,Sample location delocated to a 10km square (see metadata),470000,340000,475000,345000,2,7,28,yes,yes,1,,14,,0,,9.1,,yes,NA,3,,20,,5,,,NA,,NA,,NA,,NA,,NA,,NA,,NA,,NA,20,,5,,yes,normal,normal,0,,44.5,,,NA,turn and lift,yes,NA,yes,NA,yes,NA,small corer,yes,NA,yes,NA,yes,normal,19,,19,,turn and lift,no,,NA,NA,NA,,NA,1,
14/03/2024,SK74-X-77,SK74,Sample location delocated to a 10km square (see metadata),470000,340000,475000,345000,2,7,59,yes,yes,1,,11,,0,,9.3,,yes,NA,3,,25,,4.5,,,NA,,NA,,NA,,NA,,NA,,NA,,NA,,NA,25,,4.5,,yes,normal,normal,0,,44.5,,,NA,turn and lift,yes,NA,yes,NA,yes,NA,small corer,yes,NA,yes,NA,yes,normal,20.2,,20.2,,turn and lift,no,,NA,NA,NA,,NA,1,
14/03/2024,SK74-X-77,SK74,Sample location delocated to a 10km square (see metadata),470000,340000,475000,345000,2,7,46,yes,yes,1,,6,,0,,10,,yes,NA,3,,28,,5,,,NA,,NA,,NA,,NA,,NA,,NA,,NA,,NA,28,,5,,yes,normal,normal,0,,32.5,,32.5,,turn and lift,yes,NA,yes,NA,no,too_hard,small corer,yes,NA,yes,NA,yes,normal,19,,19,,turn and lift,no,,NA,NA,NA,,NA,1,
25/03/2024,SK87-X-82,SK87,Sample location delocated to a 10km square (see metadata),480000,370000,485000,375000,2,29,11,yes,no,0,,5,,7,,8.7,,yes,NA,,NULL,23,,4,,,NA,,NA,,NA,,NA,,NA,,NA,,NA,,NA,23,,4,,yes,normal,normal,0,,42.5,,42.5,,turn and lift,yes,NA,yes,NA,yes,NA,small corer,yes,NA,yes,NA,yes,normal,18.8,,18.8,,turn and lift,NULL,,NULL,NULL,NULL,,NULL,,NULL
25/03/2024,SK87-X-82,SK87,Sample location delocated to a 10km square (see metadata),480000,370000,485000,375000,2,29,28,yes,no,0,,18,,0,,8.9,,yes,NA,,NULL,26,,2,,,NA,,NA,,NA,,NA,,NA,,NA,,NA,,NA,26,,2,,yes,normal,normal,0,,45.9,,45.9,,turn and lift,yes,NA,yes,NA,yes,NA,small corer,yes,NA,yes,NA,yes,normal,18.4,,18.4,,turn and lift,NULL,,NULL,NULL,NULL,,NULL,,NULL
25/03/2024,SK87-X-82,SK87,Sample location delocated to a 10km square (see metadata),480000,370000,485000,375000,2,29,59,yes,no,0,,16,,12,,8.6,,yes,NA,,NULL,20,,3.5,,,NA,,NA,,NA,,NA,,NA,,NA,,NA,,NA,20,,3.5,,yes,normal,normal,0,,45.2,,45.2,,turn and lift,yes,NA,yes,NA,yes,NA,small corer,yes,NA,yes,NA,yes,normal,17.8,,17.8,,turn and lift,NULL,,NULL,NULL,NULL,,NULL,,NULL
25/03/2024,SK87-X-82,SK87,Sample location delocated to a 10km square (see metadata),480000,370000,485000,375000,2,29,46,yes,no,0,,25,,2,,8.7,,yes,NA,,NULL,20,,3.5,,,NA,,NA,,NA,,NA,,NA,,NA,,NA,,NA,20,,3.5,,yes,normal,normal,0,,42.3,,42.3,,turn and lift,yes,NA,yes,NA,yes,NA,small corer,yes,NA,yes,NA,yes,normal,17.8,,17.8,,turn and lift,NULL,,NULL,NULL,NULL,,NULL,,NULL
25/03/2024,SK87-X-82,SK87,Sample location delocated to a 10km square (see metadata),480000,370000,485000,375000,3,86,11,no,no,0,,2,,0,,8.7,,yes,NA,,NULL,30,,1,,,NA,,NA,,NA,,NA,,NA,,NA,,NA,,NA,30,,1,,yes,normal,catcher,0,,42.5,,42.5,,turn and lift,yes,NA,yes,NA,yes,NA,small corer,yes,NA,yes,NA,yes,normal,17.2,,17.2,,dig and tip,NULL,,NULL,NULL,NULL,,NULL,,NULL
25/03/2024,SK87-X-82,SK87,Sample location delocated to a 10km square (see metadata),480000,370000,485000,375000,3,86,28,no,no,0,,6,,0,,8.8,,yes,NA,,NULL,30,,1.5,,,NA,,NA,,NA,,NA,,NA,,NA,,NA,,NA,30,,1.5,,yes,normal,catcher,0,,44.5,,44.5,,turn and lift,yes,NA,yes,NA,yes,NA,small corer,yes,NA,yes,NA,yes,catcher,18.3,,18.3,,turn and lift,NULL,,NULL,NULL,NULL,,NULL,,NULL
25/03/2024,SK87-X-82,SK87,Sample location delocated to a 10km square (see metadata),480000,370000,485000,375000,3,86,59,no,no,0,,0,,0,,8.6,,yes,NA,,NULL,30,,1.5,,,NA,,NA,,NA,,NA,,NA,,NA,,NA,,NA,30,,1.5,,yes,normal,catcher,0,,44.4,,44.4,,turn and lift,yes,NA,yes,NA,yes,NA,small corer,yes,NA,yes,NA,yes,catcher,19,,19,,dig and tip,NULL,,NULL,NULL,NULL,,NULL,,NULL
25/03/2024,SK87-X-82,SK87,Sample location delocated to a 10km square (see metadata),480000,370000,485000,375000,3,86,49,no,no,0,,4,,0,,8.6,,yes,NA,,NULL,30,,1.5,,,NA,,NA,,NA,,NA,,NA,,NA,,NA,,NA,30,,1.5,,yes,catcher,catcher,0,,44,,44,,turn and lift,yes,NA,yes,NA,yes,NA,small corer,yes,NA,yes,NA,yes,catcher,17.5,,17.5,,turn and lift,NULL,,NULL,NULL,NULL,,NULL,,NULL
26/03/2024,SK87-X-82,SK87,Sample location delocated to a 10km square (see metadata),480000,370000,485000,375000,4,98,11,no,no,0,,2,,0,,9.5,,yes,NA,,NULL,30,,1,,,NA,,NA,,NA,,NA,,NA,,NA,,NA,,NA,30,,1,,yes,catcher,catcher,0,,44.5,,44.5,,dig and tip,yes,NA,yes,NA,yes,NA,small corer,yes,NA,yes,NA,yes,catcher,15.9,,15.9,,turn and lift,NULL,,NULL,NULL,NULL,,NULL,,NULL
26/03/2024,SK87-X-82,SK87,Sample location delocated to a 10km square (see metadata),480000,370000,485000,375000,4,98,28,no,no,0,,2,,0,,10.5,,yes,NA,,NULL,30,,1,,,NA,,NA,,NA,,NA,,NA,,NA,,NA,,NA,30,,1,,yes,catcher,catcher,0,,45,,45,,dig and tip,yes,NA,yes,NA,yes,NA,small corer,yes,NA,yes,NA,yes,catcher,18.7,,18.7,,turn and lift,NULL,,NULL,NULL,NULL,,NULL,,NULL
26/03/2024,SK87-X-82,SK87,Sample location delocated to a 10km square (see metadata),480000,370000,485000,375000,4,98,59,no,no,0,,0,,0,,10.1,,yes,NA,,NULL,30,,1,,,NA,,NA,,NA,,NA,,NA,,NA,,NA,,NA,30,,1,,yes,catcher,catcher,0,,45,,45,,dig and tip,yes,NA,yes,NA,yes,NA,small corer,yes,NA,yes,NA,yes,catcher,18.5,,18.5,,turn and lift,NULL,,NULL,NULL,NULL,,NULL,,NULL
26/03/2024,SK87-X-82,SK87,Sample location delocated to a 10km square (see metadata),480000,370000,485000,375000,4,98,46,no,no,0,,2,,0,,10.8,,yes,NA,,NULL,30,,1,,,NA,,NA,,NA,,NA,,NA,,NA,,NA,,NA,30,,1,,yes,catcher,catcher,0,,43,,43,,dig and tip,yes,NA,yes,NA,yes,NA,small corer,yes,NA,yes,NA,yes,catcher,19,,19,,turn and lift,NULL,,NULL,NULL,NULL,,NULL,,NULL
28/04/2023,SK90-X-42,SK90,Sample location delocated to a 10km square (see metadata),490000,300000,495000,305000,2,98,11,yes,yes,0,,13,,4,,9.4,,yes,NA,2,,30,,2,,,NA,,NA,,NA,,NA,,NA,,NA,,NA,,NA,30,,2,,yes,normal,normal,0,,45,,45,,turn and lift,yes,NA,yes,NA,yes,NA,small corer,yes,NA,yes,NA,yes,normal,19,,19,,turn and lift,NULL,,NULL,NULL,NULL,,NULL,,NULL
28/04/2023,SK90-X-42,SK90,Sample location delocated to a 10km square (see metadata),490000,300000,495000,305000,2,98,28,no,no,0,,7,,3,,9.3,,yes,NA,2,,30,,2,,,NA,,NA,,NA,,NA,,NA,,NA,,NA,,NA,30,,2,,yes,normal,normal,0,,45,,45,,turn and lift,yes,NA,yes,NA,yes,NA,small corer,yes,NA,yes,NA,yes,normal,20,,20,,turn and lift,NULL,,NULL,NULL,NULL,,NULL,,NULL
28/04/2023,SK90-X-42,SK90,Sample location delocated to a 10km square (see metadata),490000,300000,495000,305000,2,98,59,no,no,0,,7,,9,,9.4,,yes,NA,2,,30,,2,,,NA,,NA,,NA,,NA,,NA,,NA,,NA,,NA,30,,2,,yes,normal,normal,0,,42,,42,,turn and lift,yes,NA,yes,NA,yes,NA,small corer,yes,NA,yes,NA,yes,normal,18,,18,,turn and lift,NULL,,NULL,NULL,NULL,,NULL,,NULL
28/04/2023,SK90-X-42,SK90,Sample location delocated to a 10km square (see metadata),490000,300000,495000,305000,2,98,46,yes,no,0,,6,,1,,10.1,,yes,NA,,NULL,30,,2,,,NA,,NA,,NA,,NA,,NA,,NA,,NA,,NA,30,,2,,yes,normal,normal,0,,44.5,,44.5,,turn and lift,yes,NA,yes,NA,yes,NA,small corer,yes,NA,yes,NA,yes,normal,21,,21,,turn and lift,NULL,,NULL,NULL,NULL,,NULL,,NULL
03/05/2023,SK95-X-68,SK95,Sample location delocated to a 10km square (see metadata),490000,350000,495000,355000,1,98,11,no,yes,0,,7,,0,,9.6,,yes,NA,2,,30,,3,,,NA,,NA,,NA,,NA,,NA,,NA,,NA,,NA,30,,3,,yes,normal,normal,0,,48,,48,,turn and lift,yes,NA,yes,NA,yes,NA,small corer,yes,NA,yes,NA,yes,normal,19,,,NA,turn and lift,NULL,,NULL,NULL,NULL,,NULL,,NULL
03/05/2023,SK95-X-68,SK95,Sample location delocated to a 10km square (see metadata),490000,350000,495000,355000,1,98,46,yes,yes,0,,2,,0,,10,,yes,NA,2,,30,,3,,,NA,,NA,,NA,,NA,,NA,,NA,,NA,,NA,30,,3,,yes,normal,normal,0,,43,,43,,turn and lift,yes,NA,yes,NA,yes,NA,small corer,yes,NA,yes,NA,yes,normal,19,,19,,turn and lift,NULL,,NULL,NULL,NULL,,NULL,,NULL
03/05/2023,SK95-X-68,SK95,Sample location delocated to a 10km square (see metadata),490000,350000,495000,355000,1,98,28,no,yes,0,,6,,0,,10.2,,yes,NA,2,,30,,3,,,NA,,NA,,NA,,NA,,NA,,NA,,NA,,NA,30,,3,,yes,normal,normal,0,,44,,44,,turn and lift,yes,NA,yes,NA,yes,NA,small corer,yes,NA,yes,NA,yes,normal,20,,20,,turn and lift,NULL,,NULL,NULL,NULL,,NULL,,NULL
03/05/2023,SK95-X-68,SK95,Sample location delocated to a 10km square (see metadata),490000,350000,495000,355000,1,98,59,yes,yes,0,,2,,0,,10.2,,yes,NA,2,,30,,2.5,,,NA,,NA,,NA,,NA,,NA,,NA,,NA,,NA,30,,2.5,,yes,normal,normal,0,,47,,47,,turn and lift,yes,NA,yes,NA,yes,NA,small corer,yes,NA,yes,NA,yes,normal,18,,18,,turn and lift,NULL,,NULL,NULL,NULL,,NULL,,NULL
03/05/2023,SK95-X-68,SK95,Sample location delocated to a 10km square (see metadata),490000,350000,495000,355000,2,85,11,yes,yes,0,,16,,0,,11,,yes,NA,2,,30,,3,,,NA,,NA,,NA,,NA,,NA,,NA,,NA,,NA,30,,3,,yes,normal,normal,0,,43,,43,,turn and lift,yes,NA,yes,NA,yes,NA,small corer,yes,NA,yes,NA,yes,normal,19,,19,,turn and lift,NULL,,NULL,NULL,NULL,,NULL,,NULL
03/05/2023,SK95-X-68,SK95,Sample location delocated to a 10km square (see metadata),490000,350000,495000,355000,2,85,46,no,yes,0,,9,,0,,10.2,,yes,NA,2,,30,,3,,,NA,,NA,,NA,,NA,,NA,,NA,,NA,,NA,30,,3,,yes,normal,normal,0,,46,,46,,turn and lift,yes,NA,yes,NA,yes,NA,small corer,yes,NA,yes,NA,yes,normal,19,,19,,turn and lift,NULL,,NULL,NULL,NULL,,NULL,,NULL
03/05/2023,SK95-X-68,SK95,Sample location delocated to a 10km square (see metadata),490000,350000,495000,355000,2,85,28,yes,yes,0,,11,,9,,11.8,,yes,NA,2,,30,,3,,,NA,,NA,,NA,,NA,,NA,,NA,,NA,,NA,30,,3,,yes,normal,normal,0,,45,,45,,turn and lift,yes,NA,yes,NA,yes,NA,small corer,yes,NA,yes,NA,yes,normal,19,,19,,turn and lift,NULL,,NULL,NULL,NULL,,NULL,,NULL
03/05/2023,SK95-X-68,SK95,Sample location delocated to a 10km square (see metadata),490000,350000,495000,355000,2,85,59,no,yes,0,,8,,0,,10.7,,yes,NA,2,,30,,3,,,NA,,NA,,NA,,NA,,NA,,NA,,NA,,NA,30,,3,,yes,normal,normal,0,,42,,42,,turn and lift,yes,NA,yes,NA,yes,NA,small corer,yes,NA,yes,NA,yes,normal,20,,20,,turn and lift,NULL,,NULL,NULL,NULL,,NULL,,NULL
05/05/2023,SK95-X-68,SK95,Sample location delocated to a 10km square (see metadata),490000,350000,495000,355000,3,85,11,no,no,0,,0,,1,,12,,yes,NA,,NULL,30,,4,,,NA,,NA,,NA,,NA,,NA,,NA,,NA,,NA,30,,4,,yes,normal,normal,0,,41,,41,,turn and lift,yes,NA,yes,NA,yes,NA,small corer,yes,NA,yes,NA,yes,normal,19,,19,,turn and lift,NULL,,NULL,NULL,NULL,,NULL,,NULL
05/05/2023,SK95-X-68,SK95,Sample location delocated to a 10km square (see metadata),490000,350000,495000,355000,3,85,28,no,no,0,,5,,0,,12,,yes,NA,2,,30,,4,,,NA,,NA,,NA,,NA,,NA,,NA,,NA,,NA,30,,4,,yes,normal,normal,0,,42,,42,,turn and lift,yes,NA,yes,NA,yes,NA,small corer,yes,NA,yes,NA,yes,normal,19,,19,,turn and lift,NULL,,NULL,NULL,NULL,,NULL,,NULL
05/05/2023,SK95-X-68,SK95,Sample location delocated to a 10km square (see metadata),490000,350000,495000,355000,3,85,59,no,no,0,,1,,0,,12,,yes,NA,2,,30,,4,,,NA,,NA,,NA,,NA,,NA,,NA,,NA,,NA,30,,4,,yes,normal,normal,0,,42,,42,,turn and lift,yes,NA,yes,NA,yes,NA,small corer,yes,NA,yes,NA,yes,normal,19,,19,,turn and lift,NULL,,NULL,NULL,NULL,,NULL,,NULL
05/05/2023,SK95-X-68,SK95,Sample location delocated to a 10km square (see metadata),490000,350000,495000,355000,3,85,46,no,no,0,,1,,0,,12.9,,yes,NA,2,,30,,4,,,NA,,NA,,NA,,NA,,NA,,NA,,NA,,NA,30,,4,,yes,normal,normal,0,,40,,40,,turn and lift,yes,NA,yes,NA,yes,NA,small corer,yes,NA,yes,NA,yes,normal,17,,,NA,turn and lift,NULL,,NULL,NULL,NULL,,NULL,,NULL
28/11/2023,SO36-X-95,SO36,Sample location delocated to a 10km square (see metadata),330000,260000,335000,265000,5,87,11,no,no,0,,4,,0,,5.8,,yes,NA,2,,15,,1.5,,,NA,,NA,,NA,,NA,,NA,,NA,,NA,,NA,15,,1.5,,yes,normal,normal,0,,43,,,NA,turn and lift,yes,NA,yes,NA,no,big_stones,small corer,yes,NA,yes,partial - hit rock,yes,normal,19,,19,,turn and lift,no,,NA,NA,NA,,NA,1,
28/11/2023,SO36-X-95,SO36,Sample location delocated to a 10km square (see metadata),330000,260000,335000,265000,5,87,28,no,no,0,,2,,0,,6.3,,yes,NA,2,,10,,1.5,,,NA,,NA,,NA,,NA,,NA,,NA,,NA,,NA,10,,1.5,,yes,normal,normal,0,,46,,,NA,turn and lift,yes,NA,yes,NA,yes,NA,small corer,yes,NA,yes,partial - hit rock,yes,normal,18.5,,18.5,,turn and lift,no,,NA,NA,NA,,NA,1,
28/11/2023,SO36-X-95,SO36,Sample location delocated to a 10km square (see metadata),330000,260000,335000,265000,5,87,59,no,no,0,,4,,0,,6.5,,yes,NA,2,,15,,1.5,,,NA,,NA,,NA,,NA,,NA,,NA,,NA,,NA,15,,1.5,,yes,normal,normal,0,,46,,,NA,turn and lift,yes,NA,yes,NA,yes,NA,small corer,yes,NA,yes,NA,yes,normal,18.5,,18.5,,turn and lift,no,,NA,NA,NA,,NA,1,
28/11/2023,SO36-X-95,SO36,Sample location delocated to a 10km square (see metadata),330000,260000,335000,265000,5,87,46,no,no,0,,5,,0,,6.2,,yes,NA,2,,10,,1.5,,,NA,,NA,,NA,,NA,,NA,,NA,,NA,,NA,10,,1.5,,yes,normal,normal,0,,46,,,NA,turn and lift,yes,NA,yes,NA,yes,NA,small corer,yes,NA,yes,NA,yes,normal,19,,19,,turn and lift,no,,NA,NA,NA,,NA,1,
28/03/2023,SO39-X-62,SO39,Sample location delocated to a 10km square (see metadata),330000,290000,335000,295000,3,86,59,no,yes,0,,38,,0,,7.1,,yes,NA,,NULL,10,,2,,30,,3,,,NA,,NA,,NA,,NA,,NA,,NA,30,,2.7,,yes,serrated,serrated,0,,46,,46,,turn and lift,yes,NA,yes,NA,yes,NA,small corer,yes,NA,yes,NA,yes,serrated,18,,18,,turn and lift,NULL,,NULL,NULL,NULL,,NULL,,NULL
28/03/2023,SO39-X-62,SO39,Sample location delocated to a 10km square (see metadata),330000,290000,335000,295000,3,86,28,no,yes,0,,41,,0,,6.9,,yes,NA,2,,10,,1.5,,30,,2.5,,,NA,,NA,,NA,,NA,,NA,,NA,30,,2.2,,yes,serrated,serrated,0,,46,,46,,turn and lift,yes,NA,yes,NA,yes,NA,small corer,yes,NA,yes,NA,yes,serrated,19,,19,,turn and lift,NULL,,NULL,NULL,NULL,,NULL,,NULL
28/03/2023,SO39-X-62,SO39,Sample location delocated to a 10km square (see metadata),330000,290000,335000,295000,3,86,11,no,yes,0,,30,,0,,6.8,,yes,NA,2,,30,,1.5,,,NA,,NA,,NA,,NA,,NA,,NA,,NA,,NA,30,,1.5,,yes,serrated,serrated,0,,47,,47,,turn and lift,yes,NA,yes,NA,yes,NA,small corer,yes,NA,yes,NA,yes,serrated,19,,19,,turn and lift,NULL,,NULL,NULL,NULL,,NULL,,NULL
28/03/2023,SO39-X-62,SO39,Sample location delocated to a 10km square (see metadata),330000,290000,335000,295000,3,86,46,no,yes,0,,43,,0,,7,,yes,NA,,NULL,10,,1.5,,20,,2.5,,30,,3,,,NA,,NA,,NA,,NA,30,,2.3,,yes,serrated,serrated,0,,46,,46,,turn and lift,yes,NA,yes,NA,yes,NA,small corer,yes,NA,yes,NA,yes,serrated,19,,19,,turn and lift,NULL,,NULL,NULL,NULL,,NULL,,NULL
29/03/2023,SO39-X-62,SO39,Sample location delocated to a 10km square (see metadata),330000,290000,335000,295000,6,85,59,no,yes,0,,16,,0,,7.5,,yes,NA,2,,22,,1.5,,30,,4,,,NA,,NA,,NA,,NA,,NA,,NA,30,,2.2,,yes,serrated,serrated,0,,47,,47,,turn and lift,yes,NA,yes,NA,yes,NA,small corer,yes,NA,yes,NA,yes,serrated,21,,,NA,turn and lift,NULL,,NULL,NULL,NULL,,NULL,,NULL
29/03/2023,SO39-X-62,SO39,Sample location delocated to a 10km square (see metadata),330000,290000,335000,295000,6,85,46,no,yes,0,,14,,0,,7.7,,yes,NA,2,,15,,1.5,,30,,3,,,NA,,NA,,NA,,NA,,NA,,NA,30,,2.3,,yes,serrated,normal,0,,46,,46,,turn and lift,yes,NA,yes,NA,yes,NA,small corer,yes,NA,yes,NA,yes,serrated,20,,20,,turn and lift,NULL,,NULL,NULL,NULL,,NULL,,NULL
29/03/2023,SO39-X-62,SO39,Sample location delocated to a 10km square (see metadata),330000,290000,335000,295000,6,85,28,no,yes,0,,30,,0,,7.8,,yes,NA,2,,30,,1.5,,,NA,,NA,,NA,,NA,,NA,,NA,,NA,,NA,30,,1.5,,yes,serrated,normal,0,,48,,48,,turn and lift,yes,NA,yes,NA,yes,NA,small corer,yes,NA,yes,NA,yes,normal,21,,21,,turn and lift,NULL,,NULL,NULL,NULL,,NULL,,NULL
29/03/2023,SO39-X-62,SO39,Sample location delocated to a 10km square (see metadata),330000,290000,335000,295000,6,85,10,no,yes,0,,24,,0,,8,,yes,NA,2,,20,,1.5,,30,,4,,,NA,,NA,,NA,,NA,,NA,,NA,30,,2.3,,yes,serrated,serrated,0,,45,,45,,turn and lift,yes,NA,yes,NA,yes,NA,small corer,yes,NA,yes,NA,yes,serrated,18,,18,,turn and lift,NULL,,NULL,NULL,NULL,,NULL,,NULL
21/11/2023,SO52-X-37,SO52,Sample location delocated to a 10km square (see metadata),350000,220000,355000,225000,4,85,11,no,no,0,,7,,0,,9.3,,yes,NA,2,,20,,1.5,,,NA,,NA,,NA,,NA,,NA,,NA,,NA,,NA,20,,1.5,,yes,serrated,serrated,0,,46.1,,,NA,turn and lift,yes,NA,yes,NA,yes,NA,small corer,yes,NA,yes,NA,yes,serrated,17.1,,17.1,,turn and lift,no,,NA,NA,NA,,NA,1,
21/11/2023,SO52-X-37,SO52,Sample location delocated to a 10km square (see metadata),350000,220000,355000,225000,4,85,28,no,no,0,,5,,0,,9.4,,yes,NA,2,,20,,1.5,,,NA,,NA,,NA,,NA,,NA,,NA,,NA,,NA,20,,1.5,,yes,serrated,serrated,0,,43,,,NA,turn and lift,yes,NA,yes,NA,yes,NA,small corer,yes,NA,yes,NA,yes,serrated,17.5,,17.5,,turn and lift,no,,NA,NA,NA,,NA,1,
21/11/2023,SO52-X-37,SO52,Sample location delocated to a 10km square (see metadata),350000,220000,355000,225000,4,85,59,no,no,0,,4,,0,,9.4,,yes,NA,2,,20,,1.5,,,NA,,NA,,NA,,NA,,NA,,NA,,NA,,NA,20,,1.5,,yes,serrated,serrated,0,,45,,,NA,turn and lift,yes,NA,yes,NA,yes,NA,small corer,yes,NA,yes,NA,yes,serrated,17.2,,17.2,,turn and lift,no,,NA,NA,NA,,NA,1,
21/11/2023,SO52-X-37,SO52,Sample location delocated to a 10km square (see metadata),350000,220000,355000,225000,4,85,46,no,no,0,,7,,0,,9.4,,yes,NA,,NULL,20,,2,,,NA,,NA,,NA,,NA,,NA,,NA,,NA,,NA,20,,2,,yes,serrated,serrated,0,,42,,,NA,turn and lift,yes,NA,yes,NA,yes,NA,small corer,yes,NA,yes,NA,yes,serrated,18,,18,,turn and lift,no,,NA,NA,NA,,NA,1,
21/11/2023,SO52-X-37,SO52,Sample location delocated to a 10km square (see metadata),350000,220000,355000,225000,1,85,59,no,no,0,,2,,0,,9.2,,yes,NA,2,,20,,2,,,NA,,NA,,NA,,NA,,NA,,NA,,NA,,NA,20,,2,,yes,serrated,serrated,0,,44,,,NA,turn and lift,yes,NA,yes,NA,yes,NA,small corer,yes,NA,yes,NA,yes,serrated,17.1,,17.1,,turn and lift,no,,NA,NA,NA,,NA,1,
21/11/2023,SO52-X-37,SO52,Sample location delocated to a 10km square (see metadata),350000,220000,355000,225000,1,85,28,no,no,0,,7,,0,,9.5,,yes,NA,2,,20,,2,,,NA,,NA,,NA,,NA,,NA,,NA,,NA,,NA,20,,2,,yes,serrated,serrated,0,,40,,,NA,turn and lift,yes,NA,yes,NA,yes,NA,small corer,yes,NA,yes,NA,yes,serrated,18.1,,18.1,,turn and lift,no,,NA,NA,NA,,NA,1,
21/11/2023,SO52-X-37,SO52,Sample location delocated to a 10km square (see metadata),350000,220000,355000,225000,1,85,11,no,no,0,,7,,0,,9.4,,yes,NA,2,,20,,1.5,,,NA,,NA,,NA,,NA,,NA,,NA,,NA,,NA,20,,1.5,,yes,serrated,serrated,0,,42,,,NA,dig and tip,yes,NA,yes,NA,yes,NA,small corer,yes,NA,yes,NA,yes,serrated,16.5,,16.5,,turn and lift,no,,NA,NA,NA,,NA,1,
21/11/2023,SO52-X-37,SO52,Sample location delocated to a 10km square (see metadata),350000,220000,355000,225000,1,85,46,no,no,0,,2,,0,,9.4,,yes,NA,2,,20,,1.5,,,NA,,NA,,NA,,NA,,NA,,NA,,NA,,NA,20,,1.5,,yes,serrated,serrated,0,,45,,,NA,turn and lift,yes,NA,yes,NA,yes,NA,small corer,yes,NA,yes,NA,yes,serrated,20,,20,,turn and lift,no,,NA,NA,NA,,NA,1,
22/11/2023,SO52-X-37,SO52,Sample location delocated to a 10km square (see metadata),350000,220000,355000,225000,3,85,11,no,no,0,,12,,0,,8.7,,yes,NA,2,,8,,2,,20,,1.5,,,NA,,NA,,NA,,NA,,NA,,NA,20,,1.7,,yes,serrated,serrated,0,,45,,,NA,turn and lift,yes,NA,yes,NA,yes,NA,small corer,yes,NA,yes,NA,yes,serrated,16,,16,,turn and lift,no,,NA,NA,NA,,NA,1,
22/11/2023,SO52-X-37,SO52,Sample location delocated to a 10km square (see metadata),350000,220000,355000,225000,3,85,28,no,no,0,,13,,0,,8.5,,yes,NA,2,,5,,2.5,,20,,1.5,,,NA,,NA,,NA,,NA,,NA,,NA,20,,1.8,,yes,serrated,serrated,0,,46,,,NA,turn and lift,yes,NA,yes,NA,yes,NA,small corer,yes,NA,yes,NA,yes,serrated,18.5,,18.5,,turn and lift,no,,NA,NA,NA,,NA,1,
22/11/2023,SO52-X-37,SO52,Sample location delocated to a 10km square (see metadata),350000,220000,355000,225000,3,85,59,no,no,0,,21,,0,,8.8,,yes,NA,2,,10,,2,,30,,1.5,,,NA,,NA,,NA,,NA,,NA,,NA,30,,1.7,,yes,serrated,serrated,0,,45,,,NA,turn and lift,yes,NA,yes,NA,yes,NA,small corer,yes,NA,yes,NA,yes,serrated,17.5,,17.5,,turn and lift,no,,NA,NA,NA,,NA,1,
22/11/2023,SO52-X-37,SO52,Sample location delocated to a 10km square (see metadata),350000,220000,355000,225000,3,85,46,no,no,0,,21,,0,,8.6,,yes,NA,2,,20,,2,,,NA,,NA,,NA,,NA,,NA,,NA,,NA,,NA,20,,2,,yes,serrated,serrated,0,,45,,,NA,turn and lift,yes,NA,yes,NA,yes,NA,small corer,yes,NA,yes,NA,yes,serrated,17,,17,,turn and lift,no,,NA,NA,NA,,NA,1,
14/11/2023,SO54-X-80,SO54,Sample location delocated to a 10km square (see metadata),350000,240000,355000,245000,1,86,11,no,no,0,,14,,0,,9.5,,yes,NA,2,,10,,1,,30,,1.5,,,NA,,NA,,NA,,NA,,NA,,NA,30,,1.3,,yes,serrated,serrated,0,,45.8,,,NA,turn and lift,yes,NA,yes,NA,yes,NA,small corer,yes,NA,yes,NA,yes,serrated,16.9,,16.9,,turn and lift,no,,NA,NA,NA,,NA,1,
14/11/2023,SO54-X-80,SO54,Sample location delocated to a 10km square (see metadata),350000,240000,355000,245000,1,86,28,no,no,0,,20,,0,,9.4,,yes,NA,2,,10,,1,,30,,1.5,,,NA,,NA,,NA,,NA,,NA,,NA,30,,1.3,,yes,serrated,serrated,0,,48,,,NA,turn and lift,yes,NA,yes,NA,yes,NA,small corer,yes,NA,yes,NA,yes,serrated,16.9,,16.9,,turn and lift,no,,NA,NA,NA,,NA,1,
14/11/2023,SO54-X-80,SO54,Sample location delocated to a 10km square (see metadata),350000,240000,355000,245000,1,86,59,no,no,0,,2,,0,,8.8,,yes,NA,2,,15,,1,,25,,1.5,,,NA,,NA,,NA,,NA,,NA,,NA,25,,1.2,,yes,serrated,serrated,0,,46.5,,,NA,turn and lift,yes,NA,yes,NA,yes,NA,small corer,yes,NA,yes,NA,yes,serrated,16,,16,,dig and tip,no,,NA,NA,NA,,NA,1,
14/11/2023,SO54-X-80,SO54,Sample location delocated to a 10km square (see metadata),350000,240000,355000,245000,1,86,46,no,no,0,,16,,0,,9.5,,yes,NA,2,,10,,1,,30,,1.5,,,NA,,NA,,NA,,NA,,NA,,NA,30,,1.3,,yes,serrated,serrated,0,,45,,,NA,turn and lift,yes,NA,yes,NA,yes,NA,small corer,yes,NA,yes,NA,yes,serrated,17,,17,,turn and lift,no,,NA,NA,NA,,NA,1,
14/11/2023,SO54-X-80,SO54,Sample location delocated to a 10km square (see metadata),350000,240000,355000,245000,3,85,11,no,no,0,,8,,0,,9.1,,yes,NA,2,,25,,1.5,,,NA,,NA,,NA,,NA,,NA,,NA,,NA,,NA,25,,1.5,,yes,serrated,serrated,0,,46,,,NA,turn and lift,yes,NA,yes,NA,yes,NA,small corer,yes,NA,yes,NA,yes,serrated,17,,,NA,turn and lift,no,,NA,NA,NA,,NA,1,
14/11/2023,SO54-X-80,SO54,Sample location delocated to a 10km square (see metadata),350000,240000,355000,245000,3,85,28,no,no,0,,13,,0,,9.1,,yes,NA,2,,20,,1.5,,,NA,,NA,,NA,,NA,,NA,,NA,,NA,,NA,20,,1.5,,yes,serrated,serrated,0,,45.3,,,NA,turn and lift,yes,NA,yes,NA,yes,NA,small corer,yes,NA,yes,NA,yes,serrated,18.4,,18.4,,turn and lift,no,,NA,NA,NA,,NA,1,
14/11/2023,SO54-X-80,SO54,Sample location delocated to a 10km square (see metadata),350000,240000,355000,245000,3,85,59,no,no,0,,15,,0,,9.1,,yes,NA,2,,30,,1.5,,,NA,,NA,,NA,,NA,,NA,,NA,,NA,,NA,30,,1.5,,yes,serrated,serrated,0,,46.3,,,NA,turn and lift,yes,NA,yes,NA,yes,NA,small corer,yes,NA,yes,NA,yes,serrated,17,,17,,turn and lift,no,,NA,NA,NA,,NA,1,
14/11/2023,SO54-X-80,SO54,Sample location delocated to a 10km square (see metadata),350000,240000,355000,245000,3,85,46,no,no,0,,15,,0,,9.1,,yes,NA,2,,25,,1.5,,,NA,,NA,,NA,,NA,,NA,,NA,,NA,,NA,25,,1.5,,yes,serrated,serrated,0,,45.5,,,NA,turn and lift,yes,NA,yes,NA,yes,NA,small corer,yes,NA,yes,NA,yes,serrated,16.7,,16.7,,turn and lift,no,,NA,NA,NA,,NA,1,
31/10/2023,SO55-X-57,SO55,Sample location delocated to a 10km square (see metadata),350000,250000,355000,255000,1,84,11,no,no,0,,11,,0,,10.3,,yes,NA,2,,10,,2,,30,,3.5,,,NA,,NA,,NA,,NA,,NA,,NA,30,,3,,yes,normal,normal,0,,42.5,,,NA,turn and lift,yes,NA,yes,NA,yes,NA,small corer,yes,NA,yes,NA,yes,normal,20.1,,20.1,,turn and lift,no,,NA,NA,NA,,NA,1,
31/10/2023,SO55-X-57,SO55,Sample location delocated to a 10km square (see metadata),350000,250000,355000,255000,1,84,28,no,no,0,,14,,0,,10.7,,yes,NA,2,,10,,3,,30,,2,,,NA,,NA,,NA,,NA,,NA,,NA,30,,2.3,,yes,normal,normal,0,,43,,,NA,turn and lift,yes,NA,yes,NA,yes,NA,small corer,yes,NA,yes,NA,yes,normal,18,,18,,turn and lift,no,,NA,NA,NA,,NA,1,
31/10/2023,SO55-X-57,SO55,Sample location delocated to a 10km square (see metadata),350000,250000,355000,255000,1,84,46,no,no,0,,7,,0,,10.6,,yes,NA,2,,15,,3,,25,,2.5,,,NA,,NA,,NA,,NA,,NA,,NA,25,,2.8,,yes,normal,normal,0,,45,,,NA,turn and lift,yes,NA,yes,NA,yes,NA,small corer,yes,NA,yes,NA,yes,normal,17,,17,,turn and lift,no,,NA,NA,NA,,NA,1,
31/10/2023,SO55-X-57,SO55,Sample location delocated to a 10km square (see metadata),350000,250000,355000,255000,1,84,59,no,no,0,,2,,0,,10.6,,yes,NA,2,,8,,2.5,,30,,3,,,NA,,NA,,NA,,NA,,NA,,NA,30,,2.9,,yes,normal,normal,0,,48,,,NA,turn and lift,yes,NA,yes,NA,yes,NA,small corer,yes,NA,yes,NA,yes,normal,19,,19,,turn and lift,no,,NA,NA,NA,,NA,1,
31/10/2023,SO55-X-57,SO55,Sample location delocated to a 10km square (see metadata),350000,250000,355000,255000,2,85,11,no,no,0,,5,,0,,11.3,,yes,NA,2,,10,,3,,30,,2.5,,,NA,,NA,,NA,,NA,,NA,,NA,30,,2.7,,yes,normal,normal,0,,44.5,,,NA,turn and lift,yes,NA,yes,NA,yes,NA,small corer,yes,NA,yes,NA,yes,normal,19,,19,,turn and lift,no,,NA,NA,NA,,NA,1,
31/10/2023,SO55-X-57,SO55,Sample location delocated to a 10km square (see metadata),350000,250000,355000,255000,2,85,28,no,no,0,,8,,0,,11.5,,yes,NA,2,,10,,2,,30,,3,,,NA,,NA,,NA,,NA,,NA,,NA,30,,2.7,,yes,normal,normal,0,,48,,,NA,turn and lift,yes,NA,yes,NA,yes,NA,small corer,yes,NA,yes,NA,yes,normal,19.5,,19.5,,turn and lift,no,,NA,NA,NA,,NA,1,
31/10/2023,SO55-X-57,SO55,Sample location delocated to a 10km square (see metadata),350000,250000,355000,255000,2,85,59,no,no,0,,5,,0,,11.1,,yes,NA,2,,10,,3.5,,30,,3,,,NA,,NA,,NA,,NA,,NA,,NA,30,,3.2,,yes,normal,normal,0,,46,,,NA,turn and lift,yes,NA,yes,NA,yes,NA,small corer,yes,NA,yes,NA,yes,normal,19,,19,,turn and lift,no,,NA,NA,NA,,NA,1,
31/10/2023,SO55-X-57,SO55,Sample location delocated to a 10km square (see metadata),350000,250000,355000,255000,2,85,46,no,no,0,,6,,0,,11.4,,yes,NA,2,,8,,2.5,,30,,3.5,,,NA,,NA,,NA,,NA,,NA,,NA,30,,3.2,,yes,normal,normal,0,,46,,,NA,turn and lift,yes,NA,yes,NA,yes,NA,small corer,yes,NA,yes,NA,yes,normal,18,,,NA,turn and lift,no,,NA,NA,NA,,NA,1,
12/03/2024,SO58-X-13,SO58,Sample location delocated to a 10km square (see metadata),350000,280000,355000,285000,2,85,59,no,no,0,,2,,6,,6.4,,yes,NA,3,,30,,5,,,NA,,NA,,NA,,NA,,NA,,NA,,NA,,NA,30,,5,,yes,normal,normal,0,,49,,,NA,turn and lift,yes,NA,yes,NA,yes,NA,small corer,yes,NA,yes,NA,yes,normal,19,,19,,turn and lift,no,,NA,NA,NA,,NA,1,
12/03/2024,SO58-X-13,SO58,Sample location delocated to a 10km square (see metadata),350000,280000,355000,285000,2,85,46,no,no,0,,15,,3,,6.9,,yes,NA,3,,18,,4.5,,30,,3,,,NA,,NA,,NA,,NA,,NA,,NA,30,,3.9,,yes,normal,normal,0,,46,,,NA,turn and lift,yes,NA,yes,NA,yes,NA,small corer,yes,NA,yes,NA,yes,normal,19.5,,19.5,,turn and lift,no,,NA,NA,NA,,NA,1,
12/03/2024,SO58-X-13,SO58,Sample location delocated to a 10km square (see metadata),350000,280000,355000,285000,2,85,28,no,no,0,,23,,3,,7.2,,yes,NA,3,,12,,3,,25,,4,,30,,2.5,,,NA,,NA,,NA,,NA,30,,3.4,,yes,normal,normal,0,,45,,,NA,dig and tip,yes,NA,yes,NA,yes,NA,small corer,yes,NA,yes,NA,yes,normal,20,,20,,dig and tip,no,,NA,NA,NA,,NA,1,
12/03/2024,SO58-X-13,SO58,Sample location delocated to a 10km square (see metadata),350000,280000,355000,285000,2,85,11,no,no,0,,20,,0,,8,,yes,NA,1,,25,,4,,30,,1.5,,,NA,,NA,,NA,,NA,,NA,,NA,30,,3.6,,yes,normal,normal,0,,48,,,NA,dig and tip,yes,NA,yes,NA,yes,NA,small corer,yes,NA,yes,NA,yes,normal,20,,20,,turn and lift,no,,NA,NA,NA,,NA,1,
13/03/2024,SO58-X-13,SO58,Sample location delocated to a 10km square (see metadata),350000,280000,355000,285000,4,85,11,yes,no,0,,10,,1,,7.9,,yes,NA,3,,30,,3.5,,,NA,,NA,,NA,,NA,,NA,,NA,,NA,,NA,30,,3.5,,yes,normal,normal,0,,48,,,NA,dig and tip,yes,NA,yes,NA,yes,NA,small corer,yes,NA,yes,NA,yes,normal,21.5,,21.5,,turn and lift,no,,NA,NA,NA,,NA,1,
13/03/2024,SO58-X-13,SO58,Sample location delocated to a 10km square (see metadata),350000,280000,355000,285000,4,85,28,yes,no,0,,17,,4,,8.9,,yes,NA,3,,30,,4,,,NA,,NA,,NA,,NA,,NA,,NA,,NA,,NA,30,,4,,yes,normal,normal,0,,47,,,NA,dig and tip,yes,NA,yes,NA,yes,NA,small corer,yes,NA,yes,NA,yes,normal,20,,20,,turn and lift,no,,NA,NA,NA,,NA,1,
13/03/2024,SO58-X-13,SO58,Sample location delocated to a 10km square (see metadata),350000,280000,355000,285000,4,85,59,yes,no,0,,10,,5,,8.2,,yes,NA,3,,30,,4.5,,,NA,,NA,,NA,,NA,,NA,,NA,,NA,,NA,30,,4.5,,yes,normal,normal,0,,46,,,NA,dig and tip,yes,NA,yes,NA,yes,NA,small corer,yes,NA,yes,NA,yes,normal,23,,23,,turn and lift,no,,NA,NA,NA,,NA,1,
13/03/2024,SO58-X-13,SO58,Sample location delocated to a 10km square (see metadata),350000,280000,355000,285000,4,85,46,yes,no,0,,11,,3,,8.4,,yes,NA,3,,30,,4,,,NA,,NA,,NA,,NA,,NA,,NA,,NA,,NA,30,,4,,yes,normal,normal,0,,47.5,,,NA,dig and tip,yes,NA,yes,NA,yes,NA,small corer,yes,NA,yes,NA,yes,normal,21,,21,,turn and lift,no,,NA,NA,NA,,NA,1,
07/11/2023,SO65-X-10,SO65,Sample location delocated to a 10km square (see metadata),360000,250000,365000,255000,4,85,11,no,no,0,,11,,0,,9.2,,yes,NA,,NULL,10,,1.5,,30,,1,,,NA,,NA,,NA,,NA,,NA,,NA,30,,1.2,,yes,serrated,serrated,0,,46,,,NA,turn and lift,yes,NA,yes,NA,yes,NA,small corer,yes,NA,yes,NA,yes,serrated,19.5,,19.5,,turn and lift,no,,NA,NA,NA,,NA,1,
07/11/2023,SO65-X-10,SO65,Sample location delocated to a 10km square (see metadata),360000,250000,365000,255000,4,85,28,no,no,0,,5,,0,,9.6,,yes,NA,2,,15,,1.5,,25,,1,,,NA,,NA,,NA,,NA,,NA,,NA,25,,1.3,,yes,serrated,serrated,0,,45,,,NA,turn and lift,yes,NA,yes,NA,yes,NA,small corer,yes,NA,yes,NA,yes,serrated,18.5,,18.5,,turn and lift,no,,NA,NA,NA,,NA,1,
07/11/2023,SO65-X-10,SO65,Sample location delocated to a 10km square (see metadata),360000,250000,365000,255000,4,85,59,no,no,0,,3,,0,,9.8,,yes,NA,2,,10,,1.5,,30,,1,,,NA,,NA,,NA,,NA,,NA,,NA,30,,1.2,,yes,serrated,serrated,0,,47,,,NA,turn and lift,yes,NA,yes,NA,yes,NA,small corer,yes,NA,yes,NA,yes,serrated,18.5,,18.5,,turn and lift,no,,NA,NA,NA,,NA,1,
07/11/2023,SO65-X-10,SO65,Sample location delocated to a 10km square (see metadata),360000,250000,365000,255000,4,85,46,no,no,0,,0,,0,,9.8,,yes,NA,2,,8,,1.5,,30,,1,,,NA,,NA,,NA,,NA,,NA,,NA,30,,1.1,,yes,serrated,serrated,0,,44.4,,,NA,turn and lift,yes,NA,yes,NA,yes,NA,small corer,yes,NA,yes,NA,yes,serrated,16.8,,16.8,,turn and lift,no,,NA,NA,NA,,NA,1,
07/11/2023,SO65-X-10,SO65,Sample location delocated to a 10km square (see metadata),360000,250000,365000,255000,3,85,59,no,no,0,,9,,0,,9.1,,yes,NA,,NULL,5,,1.5,,30,,1,,,NA,,NA,,NA,,NA,,NA,,NA,30,,1.1,,yes,serrated,serrated,0,,45,,,NA,turn and lift,yes,NA,yes,NA,yes,NA,small corer,yes,NA,yes,NA,yes,serrated,16.5,,16.5,,turn and lift,no,,NA,NA,NA,,NA,1,
07/11/2023,SO65-X-10,SO65,Sample location delocated to a 10km square (see metadata),360000,250000,365000,255000,3,85,46,no,no,0,,3,,0,,9.8,,yes,NA,2,,3,,1.5,,30,,1,,,NA,,NA,,NA,,NA,,NA,,NA,30,,1.1,,yes,serrated,serrated,0,,42,,,NA,turn and lift,yes,NA,yes,NA,yes,NA,small corer,yes,NA,yes,NA,yes,serrated,19,,19,,turn and lift,no,,NA,NA,NA,,NA,1,
07/11/2023,SO65-X-10,SO65,Sample location delocated to a 10km square (see metadata),360000,250000,365000,255000,3,85,11,no,no,0,,12,,0,,9.5,,yes,NA,2,,3,,1.5,,30,,1,,,NA,,NA,,NA,,NA,,NA,,NA,30,,1.1,,yes,serrated,serrated,0,,44,,,NA,turn and lift,yes,NA,yes,NA,yes,NA,small corer,yes,NA,yes,NA,yes,serrated,17.5,,17.5,,turn and lift,no,,NA,NA,NA,,NA,1,
07/11/2023,SO65-X-10,SO65,Sample location delocated to a 10km square (see metadata),360000,250000,365000,255000,3,85,28,no,no,0,,11,,0,,9.4,,yes,NA,2,,3,,1.5,,30,,1,,,NA,,NA,,NA,,NA,,NA,,NA,30,,1.1,,yes,serrated,serrated,0,,44.5,,,NA,turn and lift,yes,NA,yes,NA,yes,NA,small corer,yes,NA,yes,NA,yes,serrated,19,,19,,turn and lift,no,,NA,NA,NA,,NA,1,
08/11/2023,SO65-X-10,SO65,Sample location delocated to a 10km square (see metadata),360000,250000,365000,255000,2,85,11,no,no,0,,14,,0,,9.7,,yes,NA,2,,30,,1,,,NA,,NA,,NA,,NA,,NA,,NA,,NA,,NA,30,,1,,yes,serrated,serrated,0,,44.8,,,NA,turn and lift,yes,NA,yes,NA,yes,NA,small corer,yes,NA,yes,NA,yes,serrated,19,,19,,turn and lift,no,,NA,NA,NA,,NA,1,
08/11/2023,SO65-X-10,SO65,Sample location delocated to a 10km square (see metadata),360000,250000,365000,255000,2,85,28,no,no,0,,8,,0,,9.5,,yes,NA,2,,30,,1,,,NA,,NA,,NA,,NA,,NA,,NA,,NA,,NA,30,,1,,yes,serrated,serrated,0,,45.7,,,NA,turn and lift,yes,NA,yes,NA,yes,NA,small corer,yes,NA,yes,NA,yes,serrated,17.8,,17.8,,turn and lift,no,,NA,NA,NA,,NA,1,
08/11/2023,SO65-X-10,SO65,Sample location delocated to a 10km square (see metadata),360000,250000,365000,255000,2,85,59,no,no,0,,12,,0,,9.5,,yes,NA,2,,30,,1,,,NA,,NA,,NA,,NA,,NA,,NA,,NA,,NA,30,,1,,yes,serrated,serrated,0,,45.9,,,NA,turn and lift,yes,NA,yes,NA,yes,NA,small corer,yes,NA,yes,NA,yes,serrated,19.1,,19.1,,turn and lift,no,,NA,NA,NA,,NA,1,
08/11/2023,SO65-X-10,SO65,Sample location delocated to a 10km square (see metadata),360000,250000,365000,255000,2,85,46,no,no,0,,14,,3,,9.5,,yes,NA,2,,10,,1.5,,30,,1,,,NA,,NA,,NA,,NA,,NA,,NA,30,,1.2,,yes,normal,serrated,0,,47.5,,,NA,turn and lift,yes,NA,yes,NA,yes,NA,small corer,yes,NA,yes,NA,yes,serrated,18.5,,18.5,,turn and lift,no,,NA,NA,NA,,NA,1,
27/02/2024,SO66-X-60,SO66,Sample location delocated to a 10km square (see metadata),360000,260000,365000,265000,2,84,11,no,no,0,,10,,0,,4.8,,yes,NA,,NULL,30,,3,,,NA,,NA,,NA,,NA,,NA,,NA,,NA,,NA,30,,3,,yes,normal,normal,0,,47,,,NA,turn and lift,yes,NA,yes,NA,yes,NA,small corer,yes,NA,yes,NA,yes,normal,18,,18,,turn and lift,no,,NA,NA,NA,,NA,1,
27/02/2024,SO66-X-60,SO66,Sample location delocated to a 10km square (see metadata),360000,260000,365000,265000,2,84,28,no,no,0,,15,,0,,4,,yes,NA,,NULL,8,,2,,27,,3.5,,,NA,,NA,,NA,,NA,,NA,,NA,27,,3.1,,yes,normal,normal,0,,47,,,NA,turn and lift,yes,NA,yes,NA,yes,NA,small corer,yes,NA,yes,NA,yes,normal,19,,19,,turn and lift,no,,NA,NA,NA,,NA,1,
27/02/2024,SO66-X-60,SO66,Sample location delocated to a 10km square (see metadata),360000,260000,365000,265000,2,84,46,no,no,0,,12,,0,,4.8,,yes,NA,,NULL,8,,2,,30,,3.5,,,NA,,NA,,NA,,NA,,NA,,NA,30,,3.1,,yes,normal,normal,0,,48,,,NA,turn and lift,yes,NA,yes,NA,yes,NA,small corer,yes,NA,yes,NA,yes,normal,18,,18,,turn and lift,no,,NA,NA,NA,,NA,1,
27/02/2024,SO66-X-60,SO66,Sample location delocated to a 10km square (see metadata),360000,260000,365000,265000,2,84,59,no,no,0,,15,,0,,4.1,,yes,NA,2,,10,,2.5,,30,,3.5,,,NA,,NA,,NA,,NA,,NA,,NA,30,,3.2,,yes,normal,normal,0,,47,,,NA,turn and lift,yes,NA,yes,NA,yes,NA,small corer,yes,NA,yes,NA,yes,normal,20,,20,,turn and lift,no,,NA,NA,NA,,NA,1,
27/02/2024,SO66-X-60,SO66,Sample location delocated to a 10km square (see metadata),360000,260000,365000,265000,4,85,11,no,no,0,,10,,0,,4.1,,yes,NA,,NULL,30,,3,,,NA,,NA,,NA,,NA,,NA,,NA,,NA,,NA,30,,3,,yes,normal,normal,0,,47,,,NA,turn and lift,yes,NA,yes,NA,yes,NA,small corer,yes,NA,yes,NA,yes,normal,19,,19,,turn and lift,no,,NA,NA,NA,,NA,1,
27/02/2024,SO66-X-60,SO66,Sample location delocated to a 10km square (see metadata),360000,260000,365000,265000,4,85,28,no,no,0,,18,,0,,4.9,,yes,NA,,NULL,30,,3,,,NA,,NA,,NA,,NA,,NA,,NA,,NA,,NA,30,,3,,yes,normal,normal,0,,47,,,NA,turn and lift,yes,NA,yes,NA,yes,NA,small corer,yes,NA,yes,NA,yes,normal,19,,19,,turn and lift,no,,NA,NA,NA,,NA,1,
27/02/2024,SO66-X-60,SO66,Sample location delocated to a 10km square (see metadata),360000,260000,365000,265000,4,85,46,no,no,0,,15,,0,,4.8,,yes,NA,,NULL,30,,3,,,NA,,NA,,NA,,NA,,NA,,NA,,NA,,NA,30,,3,,yes,normal,normal,0,,47,,,NA,turn and lift,yes,NA,yes,NA,yes,NA,small corer,yes,NA,yes,NA,yes,normal,18,,18,,turn and lift,no,,NA,NA,NA,,NA,1,
27/02/2024,SO66-X-60,SO66,Sample location delocated to a 10km square (see metadata),360000,260000,365000,265000,4,85,59,no,no,0,,18,,0,,4.8,,yes,NA,,NULL,30,,3,,,NA,,NA,,NA,,NA,,NA,,NA,,NA,,NA,30,,3,,yes,normal,normal,0,,45,,,NA,turn and lift,yes,NA,yes,NA,yes,NA,small corer,yes,NA,yes,NA,yes,normal,20,,20,,turn and lift,no,,NA,NA,NA,,NA,1,
28/02/2024,SO66-X-60,SO66,Sample location delocated to a 10km square (see metadata),360000,260000,365000,265000,3,112,59,yes,yes,1,,9,,0,,4.5,,yes,NA,,NULL,5,,3,,30,,3.5,,,NA,,NA,,NA,,NA,,NA,,NA,30,,3.4,,yes,normal,normal,0,,47,,,NA,turn and lift,yes,NA,yes,NA,yes,NA,small corer,yes,NA,yes,NA,yes,normal,19,,19,,turn and lift,no,,NA,NA,NA,,NA,1,
28/02/2024,SO66-X-60,SO66,Sample location delocated to a 10km square (see metadata),360000,260000,365000,265000,3,112,28,yes,yes,2,,10,,0,,4.3,,yes,NA,,NULL,15,,3,,30,,3.5,,,NA,,NA,,NA,,NA,,NA,,NA,30,,3.3,,yes,normal,normal,0,,44,,,NA,dig and tip,yes,NA,yes,NA,yes,NA,small corer,yes,NA,yes,NA,yes,normal,20,,20,,turn and lift,no,,NA,NA,NA,,NA,1,
28/02/2024,SO66-X-60,SO66,Sample location delocated to a 10km square (see metadata),360000,260000,365000,265000,3,112,11,yes,yes,1,,7,,0,,4.3,,yes,NA,,NULL,30,,3.5,,,NA,,NA,,NA,,NA,,NA,,NA,,NA,,NA,30,,3.5,,yes,normal,normal,0,,45,,,NA,turn and lift,yes,NA,yes,NA,yes,NA,small corer,yes,NA,yes,NA,yes,normal,20,,20,,turn and lift,no,,NA,NA,NA,,NA,1,
28/02/2024,SO66-X-60,SO66,Sample location delocated to a 10km square (see metadata),360000,260000,365000,265000,3,112,46,yes,yes,1,,8,,0,,4.7,,yes,NA,,NULL,20,,3,,30,,3.5,,,NA,,NA,,NA,,NA,,NA,,NA,30,,3.2,,yes,normal,normal,0,,46,,,NA,turn and lift,yes,NA,yes,NA,yes,NA,repacked (no tip),yes,NA,yes,NA,yes,normal,19,,19,,turn and lift,no,,NA,NA,NA,,NA,1,
28/02/2024,SO66-X-60,SO66,Sample location delocated to a 10km square (see metadata),360000,260000,365000,265000,5,85,59,no,no,0,,25,,0,,6,,yes,NA,,NULL,10,,1.5,,30,,2,,,NA,,NA,,NA,,NA,,NA,,NA,30,,1.8,,yes,normal,normal,0,,40,,,NA,turn and lift,yes,NA,yes,NA,yes,NA,small corer,yes,NA,yes,NA,yes,normal,20,,20,,turn and lift,no,,NA,NA,NA,,NA,1,
28/02/2024,SO66-X-60,SO66,Sample location delocated to a 10km square (see metadata),360000,260000,365000,265000,5,85,28,no,no,0,,17,,36,,6.1,,yes,NA,,NULL,10,,1.5,,30,,2.5,,,NA,,NA,,NA,,NA,,NA,,NA,30,,2.2,,yes,normal,normal,0,,48,,,NA,turn and lift,yes,NA,yes,NA,yes,NA,small corer,yes,NA,yes,NA,yes,normal,20,,20,,turn and lift,no,,NA,NA,NA,,NA,1,
28/02/2024,SO66-X-60,SO66,Sample location delocated to a 10km square (see metadata),360000,260000,365000,265000,5,85,11,no,no,0,,19,,0,,6.3,,yes,NA,,NULL,10,,1.5,,30,,2,,,NA,,NA,,NA,,NA,,NA,,NA,30,,1.8,,yes,normal,normal,0,,48,,,NA,turn and lift,yes,NA,yes,NA,yes,NA,small corer,yes,NA,yes,NA,yes,normal,20,,20,,turn and lift,no,,NA,NA,NA,,NA,1,
28/02/2024,SO66-X-60,SO66,Sample location delocated to a 10km square (see metadata),360000,260000,365000,265000,5,85,46,no,no,0,,19,,0,,6.1,,yes,NA,,NULL,5,,1.5,,30,,2,,,NA,,NA,,NA,,NA,,NA,,NA,30,,1.9,,yes,normal,normal,0,,48,,,NA,turn and lift,yes,NA,yes,NA,yes,NA,small corer,yes,NA,yes,NA,yes,normal,19,,19,,turn and lift,no,,NA,NA,NA,,NA,1,
04/03/2024,SO72-X-39,SO72,Sample location delocated to a 10km square (see metadata),370000,220000,375000,225000,1,85,46,yes,yes,4,,33,,4,,4.3,,yes,NA,2,,30,,1.5,,,NA,,NA,,NA,,NA,,NA,,NA,,NA,,NA,30,,1.5,,yes,normal,normal,0,,41.8,,,NA,turn and lift,yes,NA,yes,NA,yes,NA,small corer,yes,NA,yes,NA,yes,normal,16,,16,,turn and lift,no,,NA,NA,NA,,NA,1,
04/03/2024,SO72-X-39,SO72,Sample location delocated to a 10km square (see metadata),370000,220000,375000,225000,1,85,11,yes,yes,4,,24,,7,,4.2,,yes,NA,,NULL,30,,2,,,NA,,NA,,NA,,NA,,NA,,NA,,NA,,NA,30,,2,,yes,normal,normal,0,,42.5,,,NA,turn and lift,yes,NA,yes,NA,yes,NA,small corer,yes,NA,yes,NA,yes,normal,18,,,NA,turn and lift,no,,NA,NA,NA,,NA,1,
04/03/2024,SO72-X-39,SO72,Sample location delocated to a 10km square (see metadata),370000,220000,375000,225000,1,85,28,yes,yes,1,,26,,5,,4.3,,yes,NA,2,,30,,2,,,NA,,NA,,NA,,NA,,NA,,NA,,NA,,NA,30,,2,,yes,normal,normal,0,,43,,,NA,turn and lift,yes,NA,yes,NA,yes,NA,small corer,yes,NA,yes,NA,yes,normal,19.1,,19.1,,turn and lift,no,,NA,NA,NA,,NA,1,
04/03/2024,SO72-X-39,SO72,Sample location delocated to a 10km square (see metadata),370000,220000,375000,225000,1,85,59,no,no,0,,19,,15,,4.5,,yes,NA,2,,30,,1.5,,,NA,,NA,,NA,,NA,,NA,,NA,,NA,,NA,30,,1.5,,yes,normal,normal,0,,42.8,,,NA,turn and lift,yes,NA,yes,NA,yes,NA,small corer,yes,NA,yes,NA,yes,normal,18.9,,18.9,,turn and lift,no,,NA,NA,NA,,NA,1,
24/04/2023,SO72-X-93,SO72,Sample location delocated to a 10km square (see metadata),370000,220000,375000,225000,1,59,11,no,no,0,,10,,1,,9.5,,yes,NA,,NULL,15,,2,,30,,1.5,,,NA,,NA,,NA,,NA,,NA,,NA,30,,1.8,,yes,normal,normal,2,,43.5,,43.5,,turn and lift,yes,NA,yes,NA,yes,NA,small corer,yes,NA,yes,NA,yes,normal,19,,19,,turn and lift,NULL,,NULL,NULL,NULL,,NULL,,NULL
24/04/2023,SO72-X-93,SO72,Sample location delocated to a 10km square (see metadata),370000,220000,375000,225000,1,59,28,no,no,0,,16,,5,,9.6,,yes,NA,,NULL,15,,2,,30,,2,,,NA,,NA,,NA,,NA,,NA,,NA,30,,2,,yes,serrated,normal,3,,43,,43,,turn and lift,yes,NA,yes,NA,yes,NA,small corer,yes,NA,yes,NA,yes,normal,20,,20,,turn and lift,NULL,,NULL,NULL,NULL,,NULL,,NULL
24/04/2023,SO72-X-93,SO72,Sample location delocated to a 10km square (see metadata),370000,220000,375000,225000,1,59,59,no,no,0,,11,,0,,9.4,,yes,NA,,NULL,15,,2,,30,,1.5,,,NA,,NA,,NA,,NA,,NA,,NA,30,,1.8,,yes,normal,normal,2,,43,,43,,turn and lift,yes,NA,yes,NA,yes,NA,small corer,yes,NA,yes,NA,yes,normal,19,,,NA,turn and lift,NULL,,NULL,NULL,NULL,,NULL,,NULL
24/04/2023,SO72-X-93,SO72,Sample location delocated to a 10km square (see metadata),370000,220000,375000,225000,1,59,46,no,no,0,,15,,7,,9.8,,yes,NA,,NULL,30,,2,,,NA,,NA,,NA,,NA,,NA,,NA,,NA,,NA,30,,2,,yes,normal,normal,0,,40,,40,,turn and lift,yes,NA,yes,NA,yes,NA,small corer,yes,NA,yes,NA,yes,repacked (no tip),19,,19,,turn and lift,NULL,,NULL,NULL,NULL,,NULL,,NULL
24/04/2023,SO72-X-93,SO72,Sample location delocated to a 10km square (see metadata),370000,220000,375000,225000,2,85,11,no,no,0,,8,,2,,9.5,,yes,NA,2,,15,,2,,30,,1.5,,,NA,,NA,,NA,,NA,,NA,,NA,30,,1.8,,yes,normal,normal,0,,42,,42,,turn and lift,yes,NA,yes,NA,yes,NA,small corer,yes,NA,yes,NA,yes,normal,19.5,,19.5,,turn and lift,NULL,,NULL,NULL,NULL,,NULL,,NULL
24/04/2023,SO72-X-93,SO72,Sample location delocated to a 10km square (see metadata),370000,220000,375000,225000,2,85,28,yes,no,0,,12,,2,,9.6,,yes,NA,2,,22,,2.5,,30,,2,,,NA,,NA,,NA,,NA,,NA,,NA,30,,2.4,,yes,normal,normal,0,,43.5,,43.5,,turn and lift,yes,NA,yes,NA,yes,NA,small corer,yes,NA,yes,NA,yes,normal,18,,18,,turn and lift,NULL,,NULL,NULL,NULL,,NULL,,NULL
24/04/2023,SO72-X-93,SO72,Sample location delocated to a 10km square (see metadata),370000,220000,375000,225000,2,85,59,no,no,0,,10,,1,,9.4,,yes,NA,2,,15,,2.5,,30,,1.5,,,NA,,NA,,NA,,NA,,NA,,NA,30,,2,,yes,normal,normal,0,,42.8,,42.8,,turn and lift,yes,NA,yes,NA,yes,NA,small corer,yes,NA,yes,NA,yes,normal,18,,18,,turn and lift,NULL,,NULL,NULL,NULL,,NULL,,NULL
24/04/2023,SO72-X-93,SO72,Sample location delocated to a 10km square (see metadata),370000,220000,375000,225000,2,85,46,no,no,0,,8,,1,,9.6,,yes,NA,2,,15,,2.5,,30,,2,,,NA,,NA,,NA,,NA,,NA,,NA,30,,2.3,,yes,normal,normal,0,,43.4,,43.4,,turn and lift,yes,NA,yes,NA,yes,NA,small corer,yes,NA,yes,NA,yes,normal,18.5,,18.5,,turn and lift,NULL,,NULL,NULL,NULL,,NULL,,NULL
27/02/2024,SO79-X-07,SO79,Sample location delocated to a 10km square (see metadata),370000,290000,375000,295000,2,96,11,yes,yes,3,,10,,0,,4,,yes,NA,2,,30,,2,,,NA,,NA,,NA,,NA,,NA,,NA,,NA,,NA,30,,2,,yes,normal,normal,0,,,NULL,,NA,turn and lift,yes,NA,yes,NA,yes,NA,small corer,yes,NA,yes,NA,yes,normal,19,,19,,turn and lift,no,,NA,NA,NA,,NA,1,
27/02/2024,SO79-X-07,SO79,Sample location delocated to a 10km square (see metadata),370000,290000,375000,295000,2,96,28,yes,yes,3,,17,,2,,4.5,,yes,NA,2,,30,,1.5,,,NA,,NA,,NA,,NA,,NA,,NA,,NA,,NA,30,,1.5,,yes,normal,normal,0,,46,,,NA,turn and lift,yes,NA,yes,NA,yes,NA,small corer,yes,NA,yes,NA,yes,normal,19,,19,,turn and lift,no,,NA,NA,NA,,NA,1,
27/02/2024,SO79-X-07,SO79,Sample location delocated to a 10km square (see metadata),370000,290000,375000,295000,2,96,58,yes,yes,2,,29,,7,,4.7,,yes,NA,2,,10,,3.5,,30,,1,,,NA,,NA,,NA,,NA,,NA,,NA,30,,1.8,,yes,normal,normal,0,,46,,,NA,turn and lift,yes,NA,yes,NA,yes,NA,small corer,yes,NA,yes,NA,yes,normal,19,,19,,turn and lift,no,,NA,NA,NA,,NA,1,
27/02/2024,SO79-X-07,SO79,Sample location delocated to a 10km square (see metadata),370000,290000,375000,295000,2,96,46,no,no,0,,25,,0,,5.3,,yes,NA,2,,25,,4.5,,30,,1.5,,,NA,,NA,,NA,,NA,,NA,,NA,30,,4,,yes,normal,normal,0,,42,,,NA,turn and lift,yes,NA,yes,NA,yes,NA,small corer,yes,NA,yes,NA,yes,normal,18,,18,,turn and lift,no,,NA,NA,NA,,NA,1,
28/02/2024,SO79-X-07,SO79,Sample location delocated to a 10km square (see metadata),370000,290000,375000,295000,3,85,11,yes,yes,5,,7,,1,,3.5,,yes,NA,3,,30,,5,,,NA,,NA,,NA,,NA,,NA,,NA,,NA,,NA,30,,5,,yes,normal,normal,0,,47,,,NA,turn and lift,yes,NA,yes,NA,yes,NA,small corer,yes,NA,yes,NA,yes,normal,15,,15,,turn and lift,no,,NA,NA,NA,,NA,1,
28/02/2024,SO79-X-07,SO79,Sample location delocated to a 10km square (see metadata),370000,290000,375000,295000,3,85,28,yes,yes,1,,3,,0,,4,,yes,NA,3,,15,,5,,30,,4,,,NA,,NA,,NA,,NA,,NA,,NA,30,,4.5,,yes,normal,normal,0,,43,,,NA,turn and lift,yes,NA,yes,NA,yes,NA,small corer,yes,NA,yes,NA,yes,normal,18,,18,,turn and lift,no,,NA,NA,NA,,NA,1,
28/02/2024,SO79-X-07,SO79,Sample location delocated to a 10km square (see metadata),370000,290000,375000,295000,3,85,59,no,no,0,,3,,0,,4.1,,yes,NA,1,,30,,3.5,,,NA,,NA,,NA,,NA,,NA,,NA,,NA,,NA,30,,3.5,,yes,normal,normal,0,,42,,,NA,dig and tip,yes,NA,yes,NA,yes,NA,small corer,yes,NA,yes,NA,yes,normal,18,,18,,dig and tip,no,,NA,NA,NA,,NA,1,
28/02/2024,SO79-X-07,SO79,Sample location delocated to a 10km square (see metadata),370000,290000,375000,295000,3,85,46,no,no,0,,2,,0,,4.4,,yes,NA,3,,15,,4,,30,,3,,,NA,,NA,,NA,,NA,,NA,,NA,30,,3.5,,yes,normal,normal,0,,43,,,NA,dig and tip,yes,NA,yes,NA,yes,NA,small corer,yes,NA,yes,NA,yes,normal,18,,18,,dig and tip,no,,NA,NA,NA,,NA,1,
28/02/2024,SO79-X-07,SO79,Sample location delocated to a 10km square (see metadata),370000,290000,375000,295000,1,85,11,yes,yes,2,,2,,0,,6,,yes,NA,2,,15,,3.5,,30,,2.5,,,NA,,NA,,NA,,NA,,NA,,NA,30,,3,,yes,normal,normal,0,,47,,,NA,dig and tip,yes,NA,yes,NA,yes,NA,small corer,yes,NA,yes,NA,yes,normal,19,,19,,turn and lift,no,,NA,NA,NA,,NA,1,
28/02/2024,SO79-X-07,SO79,Sample location delocated to a 10km square (see metadata),370000,290000,375000,295000,1,85,28,yes,yes,5,,6,,0,,5.6,,yes,NA,,NULL,20,,4,,30,,2.5,,,NA,,NA,,NA,,NA,,NA,,NA,30,,3.5,,yes,normal,normal,0,,47,,,NA,dig and tip,yes,NA,yes,NA,yes,NA,small corer,yes,NA,yes,NA,yes,normal,17,,17,,turn and lift,no,,NA,NA,NA,,NA,1,
28/02/2024,SO79-X-07,SO79,Sample location delocated to a 10km square (see metadata),370000,290000,375000,295000,1,85,59,yes,yes,1,,1,,0,,6,,yes,NA,2,,15,,2.5,,30,,2,,,NA,,NA,,NA,,NA,,NA,,NA,30,,2.3,,yes,normal,normal,0,,45,,,NA,dig and tip,yes,NA,yes,NA,yes,NA,small corer,yes,NA,yes,NA,yes,normal,17,,17,,turn and lift,no,,NA,NA,NA,,NA,1,
28/02/2024,SO79-X-07,SO79,Sample location delocated to a 10km square (see metadata),370000,290000,375000,295000,1,85,46,no,yes,2,,1,,0,,5.8,,yes,NA,2,,10,,2.5,,30,,1.5,,,NA,,NA,,NA,,NA,,NA,,NA,30,,1.8,,yes,normal,normal,0,,47,,,NA,turn and lift,yes,NA,yes,NA,yes,NA,small corer,yes,NA,yes,NA,yes,normal,19,,19,,turn and lift,no,,NA,NA,NA,,NA,1,
23/01/2024,SO85-X-16,SO85,Sample location delocated to a 10km square (see metadata),380000,250000,385000,255000,2,98,11,no,no,0,,0,,6,,4.4,,yes,NA,,NULL,30,,3,,,NA,,NA,,NA,,NA,,NA,,NA,,NA,,NA,30,,3,,yes,normal,normal,0,,42,,,NA,turn and lift,yes,NA,yes,NA,yes,NA,repacked (no tip),yes,NA,yes,NA,yes,normal,19,,19,,turn and lift,no,,NA,NA,NA,,NA,1,
23/01/2024,SO85-X-16,SO85,Sample location delocated to a 10km square (see metadata),380000,250000,385000,255000,2,98,28,no,no,0,,4,,0,,4.4,,yes,NA,,NULL,30,,3,,,NA,,NA,,NA,,NA,,NA,,NA,,NA,,NA,30,,3,,yes,normal,normal,0,,42,,,NA,turn and lift,yes,NA,yes,NA,yes,NA,small corer,yes,NA,yes,NA,yes,normal,19,,19,,turn and lift,no,,NA,NA,NA,,NA,1,
23/01/2024,SO85-X-16,SO85,Sample location delocated to a 10km square (see metadata),380000,250000,385000,255000,2,98,59,no,no,0,,2,,0,,4.5,,yes,NA,,NULL,30,,3,,,NA,,NA,,NA,,NA,,NA,,NA,,NA,,NA,30,,3,,yes,normal,normal,0,,44,,,NA,turn and lift,yes,NA,yes,NA,yes,NA,small corer,yes,partial - loose soil,yes,NA,yes,normal,18.5,,18.5,,turn and lift,no,,NA,NA,NA,,NA,1,
23/01/2024,SO85-X-16,SO85,Sample location delocated to a 10km square (see metadata),380000,250000,385000,255000,2,98,46,no,no,0,,0,,0,,4.5,,yes,NA,,NULL,30,,3.5,,,NA,,NA,,NA,,NA,,NA,,NA,,NA,,NA,30,,3.5,,yes,normal,normal,0,,40,,,NA,turn and lift,yes,NA,yes,NA,yes,NA,small corer,yes,NA,yes,NA,yes,normal,19,,19,,turn and lift,no,,NA,NA,NA,,NA,1,
23/01/2024,SO85-X-16,SO85,Sample location delocated to a 10km square (see metadata),380000,250000,385000,255000,3,97,11,no,no,0,,7,,0,,5.5,,yes,NA,,NULL,30,,3,,,NA,,NA,,NA,,NA,,NA,,NA,,NA,,NA,30,,3,,yes,normal,normal,0,,43,,,NA,turn and lift,yes,NA,yes,NA,yes,NA,small corer,yes,NA,yes,NA,yes,normal,19,,19,,turn and lift,no,,NA,NA,NA,,NA,1,
23/01/2024,SO85-X-16,SO85,Sample location delocated to a 10km square (see metadata),380000,250000,385000,255000,3,97,28,no,no,0,,0,,0,,5.6,,yes,NA,,NULL,30,,4,,,NA,,NA,,NA,,NA,,NA,,NA,,NA,,NA,30,,4,,yes,normal,normal,0,,45,,,NA,turn and lift,yes,NA,yes,NA,yes,NA,small corer,yes,NA,yes,NA,yes,normal,19,,19,,turn and lift,no,,NA,NA,NA,,NA,1,
23/01/2024,SO85-X-16,SO85,Sample location delocated to a 10km square (see metadata),380000,250000,385000,255000,3,97,59,no,no,0,,6,,0,,5.3,,yes,NA,,NULL,30,,4,,,NA,,NA,,NA,,NA,,NA,,NA,,NA,,NA,30,,4,,yes,normal,normal,0,,46,,,NA,turn and lift,yes,NA,yes,NA,yes,NA,small corer,yes,NA,yes,NA,yes,normal,19,,19,,turn and lift,no,,NA,NA,NA,,NA,1,
23/01/2024,SO85-X-16,SO85,Sample location delocated to a 10km square (see metadata),380000,250000,385000,255000,3,97,46,no,no,0,,3,,0,,5.7,,yes,NA,,NULL,30,,3,,,NA,,NA,,NA,,NA,,NA,,NA,,NA,,NA,30,,3,,yes,normal,normal,0,,45,,,NA,turn and lift,yes,NA,yes,NA,yes,NA,small corer,yes,NA,yes,NA,yes,normal,19,,19,,turn and lift,no,,NA,NA,NA,,NA,1,
09/01/2024,SP00-X-85,SP00,Sample location delocated to a 10km square (see metadata),400000,200000,405000,205000,2,84,11,no,no,0,,3,,0,,2.6,,yes,NA,,NULL,30,,2.5,,,NA,,NA,,NA,,NA,,NA,,NA,,NA,,NA,30,,2.5,,yes,normal,normal,0,,44,,,NA,turn and lift,yes,NA,yes,NA,yes,NA,small corer,yes,NA,yes,partial - stones,yes,normal,19,,19,,turn and lift,no,,NA,NA,NA,,NA,1,
09/01/2024,SP00-X-85,SP00,Sample location delocated to a 10km square (see metadata),400000,200000,405000,205000,2,84,28,no,no,0,,0,,0,,2.8,,yes,NA,,NULL,3,,2,,,NA,,NA,,NA,,NA,,NA,,NA,,NA,,NA,3,,2,,yes,normal,normal,0,,45,,,NA,turn and lift,yes,NA,yes,NA,yes,NA,small corer,yes,NA,yes,partial - stones,yes,normal,18,,18,,turn and lift,no,,NA,NA,NA,,NA,1,
09/01/2024,SP00-X-85,SP00,Sample location delocated to a 10km square (see metadata),400000,200000,405000,205000,2,84,59,no,no,0,,1,,0,,2.2,,yes,NA,2,,8,,2,,30,,,NULL,,NA,,NA,,NA,,NA,,NA,,NA,30,,,NULL,yes,normal,normal,0,,42,,,NA,turn and lift,yes,NA,yes,NA,yes,NA,small corer,yes,NA,yes,partial - stones,yes,normal,19,,19,,turn and lift,no,,NA,NA,NA,,NA,1,
09/01/2024,SP00-X-85,SP00,Sample location delocated to a 10km square (see metadata),400000,200000,405000,205000,2,84,46,no,no,0,,3,,0,,1.7,,yes,NA,,NULL,30,,3,,,NA,,NA,,NA,,NA,,NA,,NA,,NA,,NA,30,,3,,yes,normal,normal,0,,44,,,NA,turn and lift,yes,NA,yes,NA,yes,NA,small corer,yes,NA,yes,partial - stones,yes,normal,19,,19,,turn and lift,no,,NA,NA,NA,,NA,1,
09/01/2024,SP00-X-85,SP00,Sample location delocated to a 10km square (see metadata),400000,200000,405000,205000,3,60,11,no,no,0,,6,,0,,2.3,,yes,NA,,NULL,30,,2,,,NA,,NA,,NA,,NA,,NA,,NA,,NA,,NA,30,,2,,yes,normal,normal,0,,23,,23,,dig and tip,yes,NA,no,big_stones,no,big_stones,small corer,yes,partial - stones,no,stones,yes,normal,19,,19,,turn and lift,no,,NA,NA,NA,,NA,1,
09/01/2024,SP00-X-85,SP00,Sample location delocated to a 10km square (see metadata),400000,200000,405000,205000,3,60,28,no,no,0,,10,,0,,2.3,,yes,NA,,NULL,30,,2,,,NA,,NA,,NA,,NA,,NA,,NA,,NA,,NA,30,,2,,yes,normal,normal,0,,42,,,NA,turn and lift,yes,NA,yes,NA,yes,NA,small corer,yes,NA,no,hit rock,yes,normal,20,,20,,turn and lift,no,,NA,NA,NA,,NA,1,
09/01/2024,SP00-X-85,SP00,Sample location delocated to a 10km square (see metadata),400000,200000,405000,205000,3,60,59,no,no,0,,10,,0,,1.7,,yes,NA,,NULL,30,,2,,,NA,,NA,,NA,,NA,,NA,,NA,,NA,,NA,30,,2,,yes,normal,normal,0,,44,,,NA,turn and lift,yes,NA,yes,NA,yes,NA,small corer,yes,NA,no,stones,yes,normal,20,,20,,turn and lift,no,,NA,NA,NA,,NA,1,
09/01/2024,SP00-X-85,SP00,Sample location delocated to a 10km square (see metadata),400000,200000,405000,205000,3,60,46,no,no,0,,7,,0,,2.4,,yes,NA,,NULL,30,,1.5,,,NA,,NA,,NA,,NA,,NA,,NA,,NA,,NA,30,,1.5,,yes,normal,normal,0,,45,,,NA,turn and lift,yes,NA,yes,NA,yes,NA,small corer,yes,partial - stones,no,stones,yes,normal,19,,,NA,turn and lift,no,,NA,NA,NA,,NA,1,
10/01/2024,SP00-X-85,SP00,Sample location delocated to a 10km square (see metadata),400000,200000,405000,205000,4,87,11,no,no,0,,4,,0,,2.1,,yes,NA,,NULL,30,,1.5,,,NA,,NA,,NA,,NA,,NA,,NA,,NA,,NA,30,,1.5,,yes,normal,normal,0,,44,,,NA,turn and lift,yes,NA,yes,NA,yes,NA,large corer (tip same as ABC),yes,NA,yes,NA,yes,normal,20,,20,,turn and lift,no,,NA,NA,NA,,NA,1,
10/01/2024,SP00-X-85,SP00,Sample location delocated to a 10km square (see metadata),400000,200000,405000,205000,4,87,28,no,no,0,,5,,0,,1.7,,yes,NA,,NULL,30,,1.5,,,NA,,NA,,NA,,NA,,NA,,NA,,NA,,NA,30,,1.5,,yes,normal,normal,0,,46,,,NA,turn and lift,yes,NA,yes,NA,yes,NA,large corer (tip same as ABC),yes,NA,yes,NA,yes,normal,18,,18,,turn and lift,no,,NA,NA,NA,,NA,1,
10/01/2024,SP00-X-85,SP00,Sample location delocated to a 10km square (see metadata),400000,200000,405000,205000,4,87,59,no,no,0,,4,,0,,1.8,,yes,NA,,NULL,12,,2,,30,,1.5,,,NA,,NA,,NA,,NA,,NA,,NA,30,,1.7,,yes,normal,normal,0,,49,,,NA,turn and lift,yes,NA,yes,NA,yes,NA,large corer (tip same as ABC),yes,NA,yes,NA,yes,normal,23,,23,,turn and lift,no,,NA,NA,NA,,NA,1,
10/01/2024,SP00-X-85,SP00,Sample location delocated to a 10km square (see metadata),400000,200000,405000,205000,4,87,46,no,no,0,,1,,0,,1.6,,yes,NA,,NULL,30,,1.5,,,NA,,NA,,NA,,NA,,NA,,NA,,NA,,NA,30,,1.5,,yes,normal,normal,0,,43,,,NA,turn and lift,yes,NA,yes,NA,yes,NA,large corer (tip same as ABC),yes,NA,yes,NA,yes,normal,19,,19,,turn and lift,no,,NA,NA,NA,,NA,1,
16/01/2024,SP17-X-63,SP17,Sample location delocated to a 10km square (see metadata),410000,270000,415000,275000,1,98,11,no,no,0,,6,,0,,1.5,,yes,NA,,NULL,30,,1.5,,,NA,,NA,,NA,,NA,,NA,,NA,,NA,,NA,30,,1.5,,yes,normal,normal,0,,46,,,NA,turn and lift,yes,NA,yes,NA,yes,NA,small corer,yes,NA,yes,NA,yes,normal,19,,19,,turn and lift,no,,NA,NA,NA,,NA,1,
16/01/2024,SP17-X-63,SP17,Sample location delocated to a 10km square (see metadata),410000,270000,415000,275000,1,98,28,no,no,0,,6,,0,,1.8,,yes,NA,,NULL,30,,1.5,,,NA,,NA,,NA,,NA,,NA,,NA,,NA,,NA,30,,1.5,,yes,normal,normal,0,,46,,,NA,turn and lift,yes,NA,yes,NA,yes,NA,small corer,yes,NA,yes,NA,yes,normal,18,,18,,turn and lift,no,,NA,NA,NA,,NA,1,
16/01/2024,SP17-X-63,SP17,Sample location delocated to a 10km square (see metadata),410000,270000,415000,275000,1,98,59,no,no,0,,14,,0,,4.2,,yes,NA,,NULL,30,,2,,,NA,,NA,,NA,,NA,,NA,,NA,,NA,,NA,30,,2,,yes,normal,normal,0,,50,,,NA,turn and lift,yes,NA,yes,NA,yes,NA,small corer,yes,NA,yes,NA,yes,normal,20,,20,,turn and lift,no,,NA,NA,NA,,NA,1,
16/01/2024,SP17-X-63,SP17,Sample location delocated to a 10km square (see metadata),410000,270000,415000,275000,1,98,46,no,no,0,,9,,0,,4,,yes,NA,,NULL,30,,2,,,NA,,NA,,NA,,NA,,NA,,NA,,NA,,NA,30,,2,,yes,normal,normal,0,,47,,,NA,turn and lift,yes,NA,yes,NA,yes,NA,small corer,yes,NA,yes,NA,yes,normal,19,,19,,turn and lift,no,,NA,NA,NA,,NA,1,
16/01/2024,SP17-X-63,SP17,Sample location delocated to a 10km square (see metadata),410000,270000,415000,275000,3,85,11,no,no,0,,19,,0,,3.3,,yes,NA,,NULL,30,,1.5,,,NA,,NA,,NA,,NA,,NA,,NA,,NA,,NA,30,,1.5,,yes,normal,normal,0,,48,,,NA,turn and lift,yes,NA,yes,NA,yes,NA,small corer,yes,NA,yes,NA,yes,normal,20,,20,,turn and lift,no,,NA,NA,NA,,NA,1,
16/01/2024,SP17-X-63,SP17,Sample location delocated to a 10km square (see metadata),410000,270000,415000,275000,3,85,46,no,no,0,,20,,0,,4.1,,yes,NA,,NULL,30,,2,,,NA,,NA,,NA,,NA,,NA,,NA,,NA,,NA,30,,2,,yes,normal,normal,0,,47,,,NA,turn and lift,yes,NA,yes,NA,yes,NA,small corer,yes,NA,yes,NA,yes,normal,20,,20,,turn and lift,no,,NA,NA,NA,,NA,1,
16/01/2024,SP17-X-63,SP17,Sample location delocated to a 10km square (see metadata),410000,270000,415000,275000,3,85,28,no,no,0,,6,,0,,4,,yes,NA,,NULL,30,,1.5,,,NA,,NA,,NA,,NA,,NA,,NA,,NA,,NA,30,,1.5,,yes,normal,normal,0,,48,,,NA,turn and lift,yes,NA,yes,NA,yes,NA,small corer,yes,NA,yes,NA,yes,normal,20,,20,,turn and lift,no,,NA,NA,NA,,NA,1,
16/01/2024,SP17-X-63,SP17,Sample location delocated to a 10km square (see metadata),410000,270000,415000,275000,3,85,59,no,no,0,,10,,0,,5,,yes,NA,,NULL,30,,2,,,NA,,NA,,NA,,NA,,NA,,NA,,NA,,NA,30,,2,,yes,normal,normal,0,,48,,,NA,turn and lift,yes,NA,yes,NA,yes,NA,small corer,yes,NA,yes,NA,yes,normal,24,,24,,turn and lift,no,,NA,NA,NA,,NA,1,
17/01/2024,SP17-X-63,SP17,Sample location delocated to a 10km square (see metadata),410000,270000,415000,275000,4,85,11,no,no,0,,23,,0,,1.3,,yes,NA,,NULL,5,,2,,30,,2.5,,,NA,,NA,,NA,,NA,,NA,,NA,30,,2.4,,yes,normal,normal,0,,46,,,NA,turn and lift,yes,NA,yes,NA,yes,NA,small corer,yes,NA,yes,partial - stones,yes,normal,20,,20,,turn and lift,no,,NA,NA,NA,,NA,1,
17/01/2024,SP17-X-63,SP17,Sample location delocated to a 10km square (see metadata),410000,270000,415000,275000,4,85,28,no,no,0,,11,,0,,0.8,,yes,NA,,NULL,5,,2,,30,,2.5,,,NA,,NA,,NA,,NA,,NA,,NA,30,,2.4,,yes,normal,normal,0,,43,,,NA,turn and lift,yes,NA,yes,NA,yes,NA,small corer,yes,NA,yes,NA,yes,normal,19,,19,,turn and lift,no,,NA,NA,NA,,NA,1,
17/01/2024,SP17-X-63,SP17,Sample location delocated to a 10km square (see metadata),410000,270000,415000,275000,4,85,59,no,no,0,,20,,0,,1.1,,yes,NA,,NULL,30,,2.5,,,NA,,NA,,NA,,NA,,NA,,NA,,NA,,NA,30,,2.5,,yes,normal,normal,0,,45,,,NA,turn and lift,yes,NA,yes,NA,yes,NA,small corer,yes,NA,yes,NA,yes,normal,19,,19,,turn and lift,no,,NA,NA,NA,,NA,1,
17/01/2024,SP17-X-63,SP17,Sample location delocated to a 10km square (see metadata),410000,270000,415000,275000,4,85,46,no,no,0,,14,,0,,1.1,,yes,NA,,NULL,30,,2,,,NA,,NA,,NA,,NA,,NA,,NA,,NA,,NA,30,,2,,yes,normal,normal,0,,45,,,NA,turn and lift,yes,NA,yes,NA,yes,NA,small corer,yes,NA,yes,NA,yes,normal,20,,20,,turn and lift,no,,NA,NA,NA,,NA,1,
17/01/2024,SP17-X-63,SP17,Sample location delocated to a 10km square (see metadata),410000,270000,415000,275000,2,85,11,no,no,0,,15,,0,,1.1,,yes,NA,,NULL,30,,2.5,,,NA,,NA,,NA,,NA,,NA,,NA,,NA,,NA,30,,2.5,,yes,normal,normal,0,,42,,,NA,turn and lift,yes,NA,yes,NA,yes,NA,small corer,yes,NA,yes,NA,yes,normal,19,,19,,turn and lift,no,,NA,NA,NA,,NA,1,
17/01/2024,SP17-X-63,SP17,Sample location delocated to a 10km square (see metadata),410000,270000,415000,275000,2,85,28,no,no,0,,12,,0,,0.8,,yes,NA,,NULL,30,,2,,,NA,,NA,,NA,,NA,,NA,,NA,,NA,,NA,30,,2,,yes,normal,normal,0,,46,,,NA,turn and lift,yes,NA,yes,NA,yes,NA,small corer,yes,NA,yes,NA,yes,normal,17,,17,,turn and lift,no,,NA,NA,NA,,NA,1,
17/01/2024,SP17-X-63,SP17,Sample location delocated to a 10km square (see metadata),410000,270000,415000,275000,2,85,59,no,no,0,,18,,0,,0.7,,yes,NA,,NULL,30,,2.5,,,NA,,NA,,NA,,NA,,NA,,NA,,NA,,NA,30,,2.5,,yes,normal,normal,0,,46,,,NA,turn and lift,yes,NA,yes,NA,yes,NA,small corer,yes,NA,yes,NA,yes,normal,22,,22,,turn and lift,no,,NA,NA,NA,,NA,1,
17/01/2024,SP17-X-63,SP17,Sample location delocated to a 10km square (see metadata),410000,270000,415000,275000,2,85,46,no,no,0,,13,,0,,0.7,,yes,NA,,NULL,30,,2,,,NA,,NA,,NA,,NA,,NA,,NA,,NA,,NA,30,,2,,yes,normal,normal,0,,44,,,NA,turn and lift,yes,NA,yes,NA,yes,NA,small corer,yes,NA,yes,NA,yes,normal,20,,20,,turn and lift,no,,NA,NA,NA,,NA,1,
05/04/2023,SP25-X-38,SP25,Sample location delocated to a 10km square (see metadata),420000,250000,425000,255000,3,85,11,no,yes,0,,9,,33,,8.3,,yes,NA,2,,12,,2,,30,,1.5,,,NA,,NA,,NA,,NA,,NA,,NA,30,,1.7,,yes,normal,normal,0,,46,,46,,turn and lift,yes,NA,yes,NA,yes,NA,small corer,yes,NA,yes,NA,yes,normal,19,,19,,turn and lift,NULL,,NULL,NULL,NULL,,NULL,,NULL
05/04/2023,SP25-X-38,SP25,Sample location delocated to a 10km square (see metadata),420000,250000,425000,255000,3,85,28,no,yes,0,,12,,1,,8.5,,yes,NA,2,,12,,3,,30,,2.5,,,NA,,NA,,NA,,NA,,NA,,NA,30,,2.7,,yes,normal,normal,0,,45,,45,,turn and lift,yes,NA,yes,NA,yes,NA,small corer,yes,NA,yes,NA,yes,normal,19,,19,,turn and lift,NULL,,NULL,NULL,NULL,,NULL,,NULL
05/04/2023,SP25-X-38,SP25,Sample location delocated to a 10km square (see metadata),420000,250000,425000,255000,3,85,46,no,yes,0,,7,,5,,8.3,,yes,NA,2,,12,,2,,30,,1.5,,,NA,,NA,,NA,,NA,,NA,,NA,30,,1.7,,yes,normal,normal,0,,46,,46,,turn and lift,yes,NA,yes,NA,yes,NA,small corer,yes,NA,yes,NA,yes,normal,20,,20,,turn and lift,NULL,,NULL,NULL,NULL,,NULL,,NULL
05/04/2023,SP25-X-38,SP25,Sample location delocated to a 10km square (see metadata),420000,250000,425000,255000,3,85,59,no,yes,0,,12,,1,,8.9,,yes,NA,2,,12,,2,,30,,1.5,,,NA,,NA,,NA,,NA,,NA,,NA,30,,1.7,,yes,normal,normal,0,,41,,41,,turn and lift,yes,NA,yes,NA,yes,NA,small corer,yes,NA,yes,NA,yes,normal,20,,20,,turn and lift,NULL,,NULL,NULL,NULL,,NULL,,NULL
13/04/2023,SP25-X-38,SP25,Sample location delocated to a 10km square (see metadata),420000,250000,425000,255000,4,87,11,no,no,0,,5,,0,,7.8,,yes,NA,,NULL,30,,2.5,,,NA,,NA,,NA,,NA,,NA,,NA,,NA,,NA,30,,2.5,,yes,serrated,serrated,0,,50,,50,,turn and lift,yes,NA,yes,NA,yes,NA,small corer,yes,NA,yes,NA,yes,serrated,20,,20,,turn and lift,NULL,,NULL,NULL,NULL,,NULL,,NULL
13/04/2023,SP25-X-38,SP25,Sample location delocated to a 10km square (see metadata),420000,250000,425000,255000,4,87,28,no,no,0,,3,,0,,8.2,,yes,NA,2,,30,,2,,,NA,,NA,,NA,,NA,,NA,,NA,,NA,,NA,30,,2,,yes,serrated,serrated,0,,45,,45,,turn and lift,yes,NA,yes,NA,yes,NA,small corer,yes,NA,yes,NA,yes,serrated,19,,19,,turn and lift,NULL,,NULL,NULL,NULL,,NULL,,NULL
13/04/2023,SP25-X-38,SP25,Sample location delocated to a 10km square (see metadata),420000,250000,425000,255000,4,87,59,no,no,0,,0,,0,,7.7,,yes,NA,2,,30,,2,,,NA,,NA,,NA,,NA,,NA,,NA,,NA,,NA,30,,2,,yes,serrated,serrated,0,,47,,47,,turn and lift,yes,NA,yes,NA,yes,NA,small corer,yes,NA,yes,NA,yes,serrated,21,,21,,turn and lift,NULL,,NULL,NULL,NULL,,NULL,,NULL
13/04/2023,SP25-X-38,SP25,Sample location delocated to a 10km square (see metadata),420000,250000,425000,255000,4,87,46,no,no,0,,2,,0,,8.2,,yes,NA,2,,25,,2,,30,,2.5,,,NA,,NA,,NA,,NA,,NA,,NA,30,,2.1,,yes,serrated,serrated,0,,46,,46,,turn and lift,yes,NA,yes,NA,yes,NA,small corer,yes,NA,yes,NA,yes,serrated,19,,19,,turn and lift,NULL,,NULL,NULL,NULL,,NULL,,NULL
13/04/2023,SP25-X-38,SP25,Sample location delocated to a 10km square (see metadata),420000,250000,425000,255000,2,85,46,no,no,0,,1,,0,,8.5,,yes,NA,2,,30,,1.5,,,NA,,NA,,NA,,NA,,NA,,NA,,NA,,NA,30,,1.5,,yes,serrated,serrated,0,,48,,48,,turn and lift,yes,NA,yes,NA,yes,NA,small corer,yes,NA,yes,NA,yes,serrated,19,,19,,turn and lift,NULL,,NULL,NULL,NULL,,NULL,,NULL
13/04/2023,SP25-X-38,SP25,Sample location delocated to a 10km square (see metadata),420000,250000,425000,255000,2,85,11,no,no,0,,2,,0,,8.2,,yes,NA,2,,30,,1.5,,,NA,,NA,,NA,,NA,,NA,,NA,,NA,,NA,30,,1.5,,yes,serrated,serrated,0,,47,,47,,turn and lift,yes,NA,yes,NA,yes,NA,small corer,yes,NA,yes,NA,yes,serrated,19,,19,,turn and lift,NULL,,NULL,NULL,NULL,,NULL,,NULL
13/04/2023,SP25-X-38,SP25,Sample location delocated to a 10km square (see metadata),420000,250000,425000,255000,2,85,28,no,no,0,,2,,0,,8.2,,yes,NA,2,,30,,1,,,NA,,NA,,NA,,NA,,NA,,NA,,NA,,NA,30,,1,,yes,serrated,serrated,0,,48,,48,,turn and lift,yes,NA,yes,NA,yes,NA,small corer,yes,NA,yes,NA,yes,serrated,21,,,NA,turn and lift,NULL,,NULL,NULL,NULL,,NULL,,NULL
13/04/2023,SP25-X-38,SP25,Sample location delocated to a 10km square (see metadata),420000,250000,425000,255000,2,85,59,no,no,0,,3,,0,,8.7,,yes,NA,2,,30,,1,,,NA,,NA,,NA,,NA,,NA,,NA,,NA,,NA,30,,1,,yes,serrated,serrated,0,,42,,42,,turn and lift,yes,NA,yes,NA,yes,NA,small corer,yes,NA,yes,NA,yes,serrated,20,,20,,turn and lift,NULL,,NULL,NULL,NULL,,NULL,,NULL
11/05/2023,SP29-X-46,SP29,Sample location delocated to a 10km square (see metadata),420000,290000,425000,295000,1,86,46,yes,yes,5,,5,,3,,12.3,,yes,NA,2,,30,,1.5,,,NA,,NA,,NA,,NA,,NA,,NA,,NA,,NA,30,,1.5,,yes,normal,normal,0,,45,,,NA,turn and lift,yes,NA,yes,NA,yes,NA,small corer,yes,NA,yes,NA,yes,normal,20,,20,,turn and lift,NULL,,NULL,NULL,NULL,,NULL,,NULL
11/05/2023,SP29-X-46,SP29,Sample location delocated to a 10km square (see metadata),420000,290000,425000,295000,1,86,59,yes,yes,3,,4,,4,,12.3,,yes,NA,2,,30,,1,,,NA,,NA,,NA,,NA,,NA,,NA,,NA,,NA,30,,1,,yes,normal,normal,0,,48,,48,,turn and lift,yes,NA,yes,NA,yes,NA,small corer,yes,NA,yes,NA,yes,normal,19,,19,,turn and lift,NULL,,NULL,NULL,NULL,,NULL,,NULL
11/05/2023,SP29-X-46,SP29,Sample location delocated to a 10km square (see metadata),420000,290000,425000,295000,1,86,28,yes,yes,3,,6,,0,,13.2,,yes,NA,2,,30,,1.5,,,NA,,NA,,NA,,NA,,NA,,NA,,NA,,NA,30,,1.5,,yes,normal,normal,0,,44,,44,,turn and lift,yes,NA,yes,NA,yes,NA,small corer,yes,NA,yes,NA,yes,normal,16,,16,,turn and lift,NULL,,NULL,NULL,NULL,,NULL,,NULL
11/05/2023,SP29-X-46,SP29,Sample location delocated to a 10km square (see metadata),420000,290000,425000,295000,1,86,11,yes,yes,5,,4,,0,,12,,yes,NA,2,,30,,1.5,,,NA,,NA,,NA,,NA,,NA,,NA,,NA,,NA,30,,1.5,,yes,normal,normal,0,,44,,44,,turn and lift,yes,NA,yes,NA,yes,NA,small corer,yes,NA,yes,NA,yes,normal,19,,19,,turn and lift,NULL,,NULL,NULL,NULL,,NULL,,NULL
12/05/2023,SP29-X-46,SP29,Sample location delocated to a 10km square (see metadata),420000,290000,425000,295000,3,109,11,no,no,0,,6,,10,,11.9,,yes,NA,2,,30,,1.5,,,NA,,NA,,NA,,NA,,NA,,NA,,NA,,NA,30,,1.5,,yes,normal,normal,1,,47,,47,,turn and lift,yes,NA,yes,NA,yes,NA,small corer,yes,NA,yes,NA,yes,normal,18,,18,,turn and lift,NULL,,NULL,NULL,NULL,,NULL,,NULL
12/05/2023,SP29-X-46,SP29,Sample location delocated to a 10km square (see metadata),420000,290000,425000,295000,3,109,28,yes,yes,1,,5,,3,,13.3,,yes,NA,2,,30,,1.5,,,NA,,NA,,NA,,NA,,NA,,NA,,NA,,NA,30,,1.5,,yes,normal,normal,2,,45,,45,,turn and lift,yes,NA,yes,NA,yes,NA,small corer,yes,NA,yes,NA,yes,normal,18,,18,,turn and lift,NULL,,NULL,NULL,NULL,,NULL,,NULL
12/05/2023,SP29-X-46,SP29,Sample location delocated to a 10km square (see metadata),420000,290000,425000,295000,3,109,46,no,no,0,,5,,1,,12.6,,yes,NA,2,,30,,1.5,,,NA,,NA,,NA,,NA,,NA,,NA,,NA,,NA,30,,1.5,,yes,normal,normal,2,,45,,45,,turn and lift,yes,NA,yes,NA,yes,NA,small corer,yes,NA,yes,NA,yes,normal,19,,19,,turn and lift,NULL,,NULL,NULL,NULL,,NULL,,NULL
12/05/2023,SP29-X-46,SP29,Sample location delocated to a 10km square (see metadata),420000,290000,425000,295000,3,109,59,no,no,1,,6,,3,,13.1,,yes,NA,2,,30,,1.5,,,NA,,NA,,NA,,NA,,NA,,NA,,NA,,NA,30,,1.5,,yes,normal,normal,1,,46,,46,,turn and lift,yes,NA,yes,NA,yes,NA,small corer,yes,NA,yes,NA,yes,normal,18,,18,,turn and lift,NULL,,NULL,NULL,NULL,,NULL,,NULL
05/03/2024,SP42-X-16,SP42,Sample location delocated to a 10km square (see metadata),440000,220000,445000,225000,6,149,59,no,no,0,,10,,0,,7.3,,yes,NA,,NULL,20,,4,,30,,2,,,NA,,NA,,NA,,NA,,NA,,NA,30,,3.3,,yes,normal,normal,2,,44,,,NA,turn and lift,yes,NA,yes,NA,yes,NA,small corer,yes,NA,yes,NA,yes,normal,20,,20,,turn and lift,no,,NA,NA,NA,,NA,1,
05/03/2024,SP42-X-16,SP42,Sample location delocated to a 10km square (see metadata),440000,220000,445000,225000,6,149,46,no,no,0,,7,,0,,5.1,,yes,NA,,NULL,15,,2,,30,,1.5,,,NA,,NA,,NA,,NA,,NA,,NA,30,,1.8,,yes,normal,normal,2,,41,,,NA,turn and lift,yes,NA,yes,NA,yes,NA,small corer,yes,NA,yes,NA,yes,normal,19.5,,19.5,,turn and lift,no,,NA,NA,NA,,NA,1,
05/03/2024,SP42-X-16,SP42,Sample location delocated to a 10km square (see metadata),440000,220000,445000,225000,6,149,11,no,no,0,,8,,0,,5.7,,yes,NA,1,,18,,2,,30,,1.5,,,NA,,NA,,NA,,NA,,NA,,NA,30,,1.8,,yes,normal,normal,0,,43,,,NA,turn and lift,yes,NA,yes,NA,yes,NA,small corer,yes,NA,yes,NA,yes,normal,20,,20,,turn and lift,no,,NA,NA,NA,,NA,1,
05/03/2024,SP42-X-16,SP42,Sample location delocated to a 10km square (see metadata),440000,220000,445000,225000,6,149,28,no,no,0,,6,,23,,5.8,,yes,NA,1,,20,,2,,30,,1.5,,,NA,,NA,,NA,,NA,,NA,,NA,30,,1.8,,yes,normal,normal,2,,43,,,NA,dig and tip,yes,NA,yes,NA,yes,NA,small corer,yes,NA,no,dry and hard soil,yes,normal,19.5,,19.5,,turn and lift,no,,NA,NA,NA,,NA,1,
07/03/2024,SP42-X-16,SP42,Sample location delocated to a 10km square (see metadata),440000,220000,445000,225000,5,85,11,no,no,0,,12,,0,,6,,yes,NA,1,,20,,2,,30,,1,,,NA,,NA,,NA,,NA,,NA,,NA,30,,1.7,,yes,normal,normal,2,,42,,,NA,turn and lift,yes,NA,yes,NA,yes,NA,small corer,yes,NA,yes,NA,yes,normal,18,,18,,turn and lift,no,,NA,NA,NA,,NA,1,
07/03/2024,SP42-X-16,SP42,Sample location delocated to a 10km square (see metadata),440000,220000,445000,225000,5,85,46,yes,no,0,,9,,0,,6.3,,yes,NA,1,,17.5,,3,,30,,1.5,,,NA,,NA,,NA,,NA,,NA,,NA,30,,2.4,,yes,normal,normal,2,,42,,,NA,turn and lift,yes,NA,yes,NA,yes,NA,small corer,yes,NA,yes,NA,yes,normal,19,,,NA,turn and lift,no,,NA,NA,NA,,NA,1,
07/03/2024,SP42-X-16,SP42,Sample location delocated to a 10km square (see metadata),440000,220000,445000,225000,5,85,59,no,no,0,,4,,0,,6.6,,yes,NA,1,,23,,3,,30,,1.5,,,NA,,NA,,NA,,NA,,NA,,NA,30,,2.7,,yes,normal,normal,2,,43,,,NA,turn and lift,yes,NA,yes,NA,yes,NA,small corer,yes,NA,yes,partial - dry and hard soil,yes,normal,19,,19,,turn and lift,no,,NA,NA,NA,,NA,1,
07/03/2024,SP42-X-16,SP42,Sample location delocated to a 10km square (see metadata),440000,220000,445000,225000,5,85,28,no,no,0,,4,,0,,6.6,,yes,NA,1,,25,,3,,30,,1.5,,,NA,,NA,,NA,,NA,,NA,,NA,30,,2.8,,yes,normal,normal,2,,43,,,NA,turn and lift,yes,NA,yes,NA,yes,NA,small corer,yes,NA,yes,NA,yes,normal,19,,19,,turn and lift,no,,NA,NA,NA,,NA,1,
07/03/2024,SP42-X-16,SP42,Sample location delocated to a 10km square (see metadata),440000,220000,445000,225000,4,110,28,no,no,0,,10,,0,,5.9,,yes,NA,1,,15,,2.5,,30,,1.5,,,NA,,NA,,NA,,NA,,NA,,NA,30,,2,,yes,normal,normal,4,,46,,,NA,turn and lift,yes,NA,yes,NA,yes,NA,small corer,yes,NA,yes,NA,yes,normal,20,,20,,turn and lift,no,,NA,NA,NA,,NA,1,
07/03/2024,SP42-X-16,SP42,Sample location delocated to a 10km square (see metadata),440000,220000,445000,225000,4,110,11,no,no,0,,8,,0,,6,,yes,NA,2,,5,,1.5,,30,,1,,,NA,,NA,,NA,,NA,,NA,,NA,30,,1.1,,yes,normal,normal,5,,44,,,NA,turn and lift,yes,NA,yes,NA,yes,NA,small corer,yes,NA,yes,NA,yes,normal,19,,19,,turn and lift,no,,NA,NA,NA,,NA,1,
07/03/2024,SP42-X-16,SP42,Sample location delocated to a 10km square (see metadata),440000,220000,445000,225000,4,110,46,no,no,0,,6,,0,,5.5,,yes,NA,1,,25,,4,,30,,3,,,NA,,NA,,NA,,NA,,NA,,NA,30,,3.8,,yes,normal,normal,5,,43,,,NA,turn and lift,yes,NA,yes,NA,yes,NA,small corer,yes,NA,yes,NA,yes,normal,21,,21,,turn and lift,no,,NA,NA,NA,,NA,1,
07/03/2024,SP42-X-16,SP42,Sample location delocated to a 10km square (see metadata),440000,220000,445000,225000,4,110,59,no,no,0,,1,,0,,5.6,,yes,NA,3,,20,,4,,30,,3,,,NA,,NA,,NA,,NA,,NA,,NA,30,,3.7,,yes,normal,normal,5,,41,,,NA,turn and lift,yes,NA,yes,NA,yes,NA,small corer,yes,NA,yes,partial - stones,yes,normal,20,,20,,turn and lift,no,,NA,NA,NA,,NA,1,
20/02/2024,SP44-X-45,SP44,Sample location delocated to a 10km square (see metadata),440000,240000,445000,245000,3,85,11,no,no,0,,7,,0,,7.7,,yes,NA,,NULL,30,,2,,,NA,,NA,,NA,,NA,,NA,,NA,,NA,,NA,30,,2,,yes,normal,normal,0,,46,,,NA,turn and lift,yes,NA,yes,NA,yes,NA,small corer,yes,NA,yes,NA,yes,normal,19,,19,,turn and lift,no,,NA,NA,NA,,NA,1,
20/02/2024,SP44-X-45,SP44,Sample location delocated to a 10km square (see metadata),440000,240000,445000,245000,3,85,28,no,no,0,,2,,0,,7.6,,yes,NA,,NULL,30,,1.5,,,NA,,NA,,NA,,NA,,NA,,NA,,NA,,NA,30,,1.5,,yes,normal,normal,0,,46,,,NA,turn and lift,yes,NA,yes,NA,yes,NA,small corer,yes,NA,yes,NA,yes,normal,18.9,,18.9,,turn and lift,no,,NA,NA,NA,,NA,1,
20/02/2024,SP44-X-45,SP44,Sample location delocated to a 10km square (see metadata),440000,240000,445000,245000,3,85,46,no,no,0,,2,,0,,8,,yes,NA,,NULL,30,,1.5,,,NA,,NA,,NA,,NA,,NA,,NA,,NA,,NA,30,,1.5,,yes,normal,normal,0,,45.7,,,NA,turn and lift,yes,NA,yes,NA,yes,NA,small corer,yes,NA,yes,NA,yes,normal,18.3,,18.3,,turn and lift,no,,NA,NA,NA,,NA,1,
20/02/2024,SP44-X-45,SP44,Sample location delocated to a 10km square (see metadata),440000,240000,445000,245000,3,85,59,no,no,0,,0,,0,,8,,yes,NA,,NULL,30,,1.5,,,NA,,NA,,NA,,NA,,NA,,NA,,NA,,NA,30,,1.5,,yes,normal,normal,0,,45.6,,,NA,turn and lift,yes,NA,yes,NA,yes,NA,small corer,yes,NA,yes,NA,yes,normal,19,,19,,turn and lift,no,,NA,NA,NA,,NA,1,
20/02/2024,SP44-X-45,SP44,Sample location delocated to a 10km square (see metadata),440000,240000,445000,245000,2,85,11,no,no,0,,15,,0,,8.8,,yes,NA,,NULL,30,,1,,,NA,,NA,,NA,,NA,,NA,,NA,,NA,,NA,30,,1,,yes,normal,normal,0,,47,,,NA,turn and lift,yes,NA,yes,NA,yes,NA,small corer,yes,NA,yes,NA,yes,normal,20,,20,,turn and lift,no,,NA,NA,NA,,NA,1,
20/02/2024,SP44-X-45,SP44,Sample location delocated to a 10km square (see metadata),440000,240000,445000,245000,2,85,28,no,no,0,,20,,0,,9.8,,yes,NA,,NULL,30,,1,,,NA,,NA,,NA,,NA,,NA,,NA,,NA,,NA,30,,1,,yes,normal,normal,0,,46.7,,,NA,turn and lift,yes,NA,yes,NA,yes,NA,small corer,yes,NA,yes,NA,yes,normal,19,,19,,turn and lift,no,,NA,NA,NA,,NA,1,
20/02/2024,SP44-X-45,SP44,Sample location delocated to a 10km square (see metadata),440000,240000,445000,245000,2,85,46,no,no,0,,8,,0,,8.9,,yes,NA,,NULL,30,,1,,,NA,,NA,,NA,,NA,,NA,,NA,,NA,,NA,30,,1,,yes,normal,normal,0,,45.8,,,NA,turn and lift,yes,NA,yes,NA,yes,NA,small corer,yes,NA,yes,NA,yes,normal,19.3,,19.3,,turn and lift,no,,NA,NA,NA,,NA,1,
20/02/2024,SP44-X-45,SP44,Sample location delocated to a 10km square (see metadata),440000,240000,445000,245000,2,85,59,no,no,0,,22,,0,,10.2,,yes,NA,,NULL,30,,1,,,NA,,NA,,NA,,NA,,NA,,NA,,NA,,NA,30,,1,,yes,normal,normal,0,,46,,,NA,turn and lift,yes,NA,yes,NA,yes,NA,small corer,yes,NA,yes,NA,yes,normal,19,,19,,turn and lift,no,,NA,NA,NA,,NA,1,
21/02/2024,SP44-X-45,SP44,Sample location delocated to a 10km square (see metadata),440000,240000,445000,245000,4,85,11,no,no,0,,15,,0,,8.9,,yes,NA,,NULL,30,,1,,,NA,,NA,,NA,,NA,,NA,,NA,,NA,,NA,30,,1,,yes,normal,normal,0,,46,,,NA,turn and lift,yes,NA,yes,NA,yes,NA,small corer,yes,NA,yes,NA,yes,normal,20,,20,,turn and lift,no,,NA,NA,NA,,NA,1,
21/02/2024,SP44-X-45,SP44,Sample location delocated to a 10km square (see metadata),440000,240000,445000,245000,4,85,28,no,no,0,,10,,0,,8.8,,yes,NA,,NULL,30,,1.5,,,NA,,NA,,NA,,NA,,NA,,NA,,NA,,NA,30,,1.5,,yes,normal,normal,0,,45,,,NA,turn and lift,yes,NA,yes,NA,yes,NA,small corer,yes,NA,yes,NA,yes,normal,20,,20,,turn and lift,no,,NA,NA,NA,,NA,1,
21/02/2024,SP44-X-45,SP44,Sample location delocated to a 10km square (see metadata),440000,240000,445000,245000,4,85,46,no,no,0,,16,,0,,8.8,,yes,NA,,NULL,30,,1.5,,,NA,,NA,,NA,,NA,,NA,,NA,,NA,,NA,30,,1.5,,yes,normal,normal,0,,44,,,NA,turn and lift,yes,NA,yes,NA,yes,NA,small corer,yes,NA,yes,NA,yes,normal,20,,20,,turn and lift,no,,NA,NA,NA,,NA,1,
21/02/2024,SP44-X-45,SP44,Sample location delocated to a 10km square (see metadata),440000,240000,445000,245000,4,85,59,no,no,0,,30,,0,,8.8,,yes,NA,,NULL,30,,2,,,NA,,NA,,NA,,NA,,NA,,NA,,NA,,NA,30,,2,,yes,normal,normal,0,,46,,,NA,turn and lift,yes,NA,yes,NA,yes,NA,small corer,yes,NA,yes,NA,yes,normal,20,,20,,turn and lift,no,,NA,NA,NA,,NA,1,
21/02/2024,SP44-X-45,SP44,Sample location delocated to a 10km square (see metadata),440000,240000,445000,245000,1,85,11,no,no,0,,12,,0,,8.9,,yes,NA,,NULL,30,,1,,,NA,,NA,,NA,,NA,,NA,,NA,,NA,,NA,30,,1,,yes,normal,normal,0,,46,,,NA,turn and lift,yes,NA,yes,NA,yes,NA,small corer,yes,NA,yes,NA,yes,normal,20,,20,,turn and lift,no,,NA,NA,NA,,NA,1,
21/02/2024,SP44-X-45,SP44,Sample location delocated to a 10km square (see metadata),440000,240000,445000,245000,1,85,28,no,no,0,,2,,0,,9,,yes,NA,,NULL,30,,1,,,NA,,NA,,NA,,NA,,NA,,NA,,NA,,NA,30,,1,,yes,normal,normal,0,,46,,,NA,turn and lift,yes,NA,yes,NA,yes,NA,small corer,yes,NA,yes,NA,yes,normal,19,,19,,turn and lift,no,,NA,NA,NA,,NA,1,
21/02/2024,SP44-X-45,SP44,Sample location delocated to a 10km square (see metadata),440000,240000,445000,245000,1,85,46,no,no,0,,8,,0,,9,,yes,NA,,NULL,30,,1.5,,,NA,,NA,,NA,,NA,,NA,,NA,,NA,,NA,30,,1.5,,yes,normal,normal,0,,47,,,NA,turn and lift,yes,NA,yes,NA,yes,NA,small corer,yes,NA,yes,NA,yes,normal,21,,21,,turn and lift,no,,NA,NA,NA,,NA,1,
21/02/2024,SP44-X-45,SP44,Sample location delocated to a 10km square (see metadata),440000,240000,445000,245000,1,85,59,no,no,0,,8,,0,,9,,yes,NA,,NULL,30,,1.5,,,NA,,NA,,NA,,NA,,NA,,NA,,NA,,NA,30,,1.5,,yes,normal,normal,0,,45.4,,,NA,turn and lift,yes,NA,yes,NA,yes,NA,small corer,yes,NA,yes,NA,yes,normal,19,,19,,turn and lift,no,,NA,NA,NA,,NA,1,
19/10/2023,SP50-X-72,SP50,Sample location delocated to a 10km square (see metadata),450000,200000,455000,205000,2,107,59,no,no,0,,16,,0,,14.7,,yes,NA,2,,10,,2,,30,,1.5,,,NA,,NA,,NA,,NA,,NA,,NA,30,,1.7,,yes,normal,normal,0,,48,,,NA,dig and tip,yes,NA,yes,NA,yes,NA,small corer,yes,NA,yes,NA,yes,normal,19,,19,,turn and lift,no,,NA,NA,NA,,NA,1,
19/10/2023,SP50-X-72,SP50,Sample location delocated to a 10km square (see metadata),450000,200000,455000,205000,2,107,28,no,no,0,,7,,0,,14.7,,yes,NA,2,,10,,1.5,,30,,1,,,NA,,NA,,NA,,NA,,NA,,NA,30,,1.2,,yes,normal,normal,0,,48,,,NA,turn and lift,yes,NA,yes,NA,yes,NA,small corer,no,loose soil,no,NA,yes,normal,23,,23,,turn and lift,no,,NA,NA,NA,,NA,1,
19/10/2023,SP50-X-72,SP50,Sample location delocated to a 10km square (see metadata),450000,200000,455000,205000,2,107,11,no,no,0,,8,,0,,14.7,,yes,NA,2,,9,,1.5,,30,,1.5,,,NA,,NA,,NA,,NA,,NA,,NA,30,,1.5,,yes,normal,normal,0,,42,,,NA,turn and lift,yes,NA,yes,NA,yes,NA,small corer,yes,NA,yes,NA,yes,normal,18,,18,,turn and lift,no,,NA,NA,NA,,NA,1,
19/10/2023,SP50-X-72,SP50,Sample location delocated to a 10km square (see metadata),450000,200000,455000,205000,2,107,46,no,no,0,,6,,0,,14.7,,yes,NA,,NULL,10,,1.5,,30,,1.5,,,NA,,NA,,NA,,NA,,NA,,NA,30,,1.5,,yes,normal,normal,0,,49.5,,,NA,turn and lift,yes,NA,yes,NA,yes,NA,small corer,yes,NA,yes,NA,yes,normal,19,,19,,turn and lift,no,,NA,NA,NA,,NA,1,
23/10/2023,SP62-X-33,SP62,Sample location delocated to a 10km square (see metadata),460000,220000,465000,225000,1,85,28,yes,no,5,,11,,14,,9.6,,yes,NA,3,,30,,2,,,NA,,NA,,NA,,NA,,NA,,NA,,NA,,NA,30,,2,,yes,normal,normal,1,,45,,,NA,turn and lift,yes,NA,yes,NA,yes,NA,small corer,yes,NA,yes,NA,yes,normal,22,,22,,turn and lift,no,,NA,NA,NA,,NA,1,
23/10/2023,SP62-X-33,SP62,Sample location delocated to a 10km square (see metadata),460000,220000,465000,225000,1,85,11,no,yes,3,,5,,6,,10.3,,yes,NA,2,,30,,1.5,,,NA,,NA,,NA,,NA,,NA,,NA,,NA,,NA,30,,1.5,,yes,normal,normal,1,,48,,,NA,turn and lift,yes,NA,yes,NA,yes,NA,small corer,yes,NA,yes,NA,yes,normal,20,,20,,turn and lift,no,,NA,NA,NA,,NA,1,
23/10/2023,SP62-X-33,SP62,Sample location delocated to a 10km square (see metadata),460000,220000,465000,225000,1,85,46,yes,yes,0,,18,,12,,10.7,,yes,NA,3,,30,,2,,,NA,,NA,,NA,,NA,,NA,,NA,,NA,,NA,30,,2,,yes,normal,normal,5,,46,,,NA,turn and lift,yes,NA,yes,NA,yes,NA,small corer,yes,NA,yes,NA,yes,normal,17,,17,,turn and lift,no,,NA,NA,NA,,NA,1,
23/10/2023,SP62-X-33,SP62,Sample location delocated to a 10km square (see metadata),460000,220000,465000,225000,1,85,59,no,yes,1,,6,,9,,10.3,,yes,NA,1,,20,,1.5,,,NA,,NA,,NA,,NA,,NA,,NA,,NA,,NA,20,,1.5,,yes,normal,normal,1,,40,,,NA,turn and lift,yes,NA,yes,NA,yes,NA,small corer,yes,NA,yes,NA,yes,normal,19,,19,,turn and lift,no,,NA,NA,NA,,NA,1,
24/10/2023,SP62-X-33,SP62,Sample location delocated to a 10km square (see metadata),460000,220000,465000,225000,2,85,28,no,no,0,,12,,10,,12,,yes,NA,1,,30,,4,,,NA,,NA,,NA,,NA,,NA,,NA,,NA,,NA,30,,4,,yes,normal,normal,2,,47,,,NA,turn and lift,yes,NA,yes,NA,yes,NA,small corer,yes,NA,yes,NA,yes,normal,19,,19,,turn and lift,no,,NA,NA,NA,,NA,1,
24/10/2023,SP62-X-33,SP62,Sample location delocated to a 10km square (see metadata),460000,220000,465000,225000,2,85,11,no,yes,1,,13,,10,,12.2,,yes,NA,2,,30,,1.5,,,NA,,NA,,NA,,NA,,NA,,NA,,NA,,NA,30,,1.5,,yes,normal,normal,0,,47,,,NA,turn and lift,yes,NA,yes,NA,yes,NA,small corer,yes,NA,yes,NA,yes,normal,20,,20,,turn and lift,no,,NA,NA,NA,,NA,1,
24/10/2023,SP62-X-33,SP62,Sample location delocated to a 10km square (see metadata),460000,220000,465000,225000,2,85,46,no,yes,0,,11,,10,,12,,yes,NA,1,,28,,3,,,NA,,NA,,NA,,NA,,NA,,NA,,NA,,NA,28,,3,,yes,normal,normal,5,,41,,,NA,turn and lift,yes,NA,yes,NA,yes,NA,small corer,yes,NA,yes,NA,yes,normal,21,,21,,turn and lift,no,,NA,NA,NA,,NA,1,
24/10/2023,SP62-X-33,SP62,Sample location delocated to a 10km square (see metadata),460000,220000,465000,225000,2,85,59,no,no,2,,6,,7,,12.4,,yes,NA,2,,20,,1.5,,,NA,,NA,,NA,,NA,,NA,,NA,,NA,,NA,20,,1.5,,yes,normal,normal,1,,47,,,NA,turn and lift,yes,NA,yes,NA,yes,NA,small corer,yes,NA,yes,NA,yes,normal,19,,19,,turn and lift,no,,NA,NA,NA,,NA,1,
05/03/2024,SP73-X-31,SP73,Sample location delocated to a 10km square (see metadata),470000,230000,475000,235000,3,92,59,no,no,0,,13,,0,,5.6,,yes,NA,1,,30,,2.5,,,NA,,NA,,NA,,NA,,NA,,NA,,NA,,NA,30,,2.5,,yes,catcher,normal,0,,47,,,NA,turn and lift,yes,NA,yes,NA,yes,NA,small corer,yes,NA,yes,NA,yes,catcher,18,,18,,turn and lift,no,,NA,NA,NA,,NA,1,
05/03/2024,SP73-X-31,SP73,Sample location delocated to a 10km square (see metadata),470000,230000,475000,235000,3,92,46,no,no,0,,10,,0,,5.6,,yes,NA,1,,30,,2.5,,,NA,,NA,,NA,,NA,,NA,,NA,,NA,,NA,30,,2.5,,yes,catcher,catcher,0,,47,,,NA,turn and lift,yes,NA,yes,NA,yes,NA,small corer,yes,NA,yes,NA,yes,catcher,18,,18,,turn and lift,no,,NA,NA,NA,,NA,1,
05/03/2024,SP73-X-31,SP73,Sample location delocated to a 10km square (see metadata),470000,230000,475000,235000,3,92,11,no,no,0,,11,,0,,5.7,,yes,NA,1,,30,,3,,,NA,,NA,,NA,,NA,,NA,,NA,,NA,,NA,30,,3,,yes,catcher,catcher,0,,46,,,NA,dig and tip,yes,NA,yes,NA,yes,NA,small corer,yes,NA,yes,NA,yes,catcher,19,,19,,turn and lift,no,,NA,NA,NA,,NA,1,
05/03/2024,SP73-X-31,SP73,Sample location delocated to a 10km square (see metadata),470000,230000,475000,235000,3,92,28,no,no,0,,10,,0,,5.7,,yes,NA,1,,25,,3,,,NA,,NA,,NA,,NA,,NA,,NA,,NA,,NA,25,,3,,yes,catcher,catcher,0,,47,,,NA,turn and lift,yes,NA,yes,NA,yes,NA,small corer,yes,NA,yes,NA,yes,catcher,17,,17,,turn and lift,no,,NA,NA,NA,,NA,1,
05/03/2024,SP73-X-31,SP73,Sample location delocated to a 10km square (see metadata),470000,230000,475000,235000,2,96,59,no,no,0,,10,,0,,6.8,,yes,NA,2,,24,,1.5,,,NA,,NA,,NA,,NA,,NA,,NA,,NA,,NA,24,,1.5,,yes,catcher,catcher,0,,48.5,,,NA,dig and tip,yes,NA,yes,NA,yes,NA,small corer,yes,NA,yes,NA,yes,catcher,18,,18,,turn and lift,no,,NA,NA,NA,,NA,1,
05/03/2024,SP73-X-31,SP73,Sample location delocated to a 10km square (see metadata),470000,230000,475000,235000,2,96,46,no,no,0,,7,,0,,6.8,,yes,NA,2,,20,,1.5,,,NA,,NA,,NA,,NA,,NA,,NA,,NA,,NA,20,,1.5,,yes,catcher,catcher,0,,47,,,NA,turn and lift,yes,NA,yes,NA,yes,NA,small corer,yes,NA,yes,NA,yes,catcher,19,,19,,turn and lift,no,,NA,NA,NA,,NA,1,
05/03/2024,SP73-X-31,SP73,Sample location delocated to a 10km square (see metadata),470000,230000,475000,235000,2,96,11,no,no,0,,3,,0,,6.7,,yes,NA,2,,20,,1.5,,,NA,,NA,,NA,,NA,,NA,,NA,,NA,,NA,20,,1.5,,yes,catcher,catcher,0,,47.5,,,NA,turn and lift,yes,NA,yes,NA,yes,NA,small corer,yes,NA,yes,NA,yes,catcher,18.5,,18.5,,turn and lift,no,,NA,NA,NA,,NA,1,
05/03/2024,SP73-X-31,SP73,Sample location delocated to a 10km square (see metadata),470000,230000,475000,235000,2,96,28,no,no,0,,25,,0,,6.8,,yes,NA,2,,25,,1.5,,,NA,,NA,,NA,,NA,,NA,,NA,,NA,,NA,25,,1.5,,yes,catcher,catcher,0,,48,,,NA,turn and lift,yes,NA,yes,NA,yes,NA,small corer,yes,NA,yes,NA,yes,catcher,19,,19,,turn and lift,no,,NA,NA,NA,,NA,1,
05/03/2024,SP73-X-31,SP73,Sample location delocated to a 10km square (see metadata),470000,230000,475000,235000,4,123,11,no,no,0,,5,,0,,6.6,,yes,NA,2,,30,,1,,,NA,,NA,,NA,,NA,,NA,,NA,,NA,,NA,30,,1,,yes,catcher,catcher,0,,46,,,NA,turn and lift,yes,NA,yes,NA,yes,NA,small corer,yes,NA,yes,NA,yes,catcher,17,,17,,turn and lift,no,,NA,NA,NA,,NA,1,
05/03/2024,SP73-X-31,SP73,Sample location delocated to a 10km square (see metadata),470000,230000,475000,235000,4,123,28,no,no,0,,10,,0,,6.6,,yes,NA,2,,30,,1.5,,,NA,,NA,,NA,,NA,,NA,,NA,,NA,,NA,30,,1.5,,yes,normal,normal,0,,47,,,NA,turn and lift,yes,NA,yes,NA,yes,NA,small corer,yes,NA,yes,NA,yes,catcher,16,,16,,turn and lift,no,,NA,NA,NA,,NA,1,
05/03/2024,SP73-X-31,SP73,Sample location delocated to a 10km square (see metadata),470000,230000,475000,235000,4,123,59,no,no,0,,8,,0,,6.8,,yes,NA,2,,30,,2,,,NA,,NA,,NA,,NA,,NA,,NA,,NA,,NA,30,,2,,yes,catcher,catcher,0,,47,,,NA,turn and lift,yes,NA,yes,NA,yes,NA,small corer,yes,NA,yes,NA,yes,catcher,19,,19,,turn and lift,no,,NA,NA,NA,,NA,1,
05/03/2024,SP73-X-31,SP73,Sample location delocated to a 10km square (see metadata),470000,230000,475000,235000,4,123,46,no,no,0,,5,,0,,6.8,,yes,NA,2,,20,,2,,,NA,,NA,,NA,,NA,,NA,,NA,,NA,,NA,20,,2,,yes,catcher,catcher,0,,47,,,NA,turn and lift,yes,NA,yes,NA,yes,NA,small corer,yes,NA,yes,NA,yes,catcher,17,,17,,turn and lift,no,,NA,NA,NA,,NA,1,
28/02/2024,SP85-X-16,SP85,Sample location delocated to a 10km square (see metadata),480000,250000,485000,255000,2,52,11,no,no,0,,13,,0,,5.2,,yes,NA,2,,30,,3,,,NA,,NA,,NA,,NA,,NA,,NA,,NA,,NA,30,,3,,yes,normal,normal,0,,44.5,,,NA,turn and lift,yes,NA,yes,NA,yes,NA,small corer,yes,NA,yes,NA,yes,normal,18.5,,18.5,,turn and lift,no,,NA,NA,NA,,NA,1,
28/02/2024,SP85-X-16,SP85,Sample location delocated to a 10km square (see metadata),480000,250000,485000,255000,2,52,28,no,no,0,,7,,0,,4.3,,yes,NA,,NULL,23,,4,,30,,5,,,NA,,NA,,NA,,NA,,NA,,NA,30,,4.2,,yes,normal,normal,0,,47,,,NA,turn and lift,yes,NA,yes,NA,yes,NA,small corer,yes,NA,yes,NA,yes,normal,18,,18,,turn and lift,no,,NA,NA,NA,,NA,1,
28/02/2024,SP85-X-16,SP85,Sample location delocated to a 10km square (see metadata),480000,250000,485000,255000,2,52,46,yes,no,0,,0,,0,,5.2,,yes,NA,2,,30,,4,,,NA,,NA,,NA,,NA,,NA,,NA,,NA,,NA,30,,4,,yes,normal,normal,0,,48,,,NA,turn and lift,yes,NA,yes,NA,yes,NA,small corer,yes,NA,yes,NA,yes,normal,21,,21,,turn and lift,no,,NA,NA,NA,,NA,1,
28/02/2024,SP85-X-16,SP85,Sample location delocated to a 10km square (see metadata),480000,250000,485000,255000,2,52,59,no,no,0,,5,,0,,5.3,,yes,NA,2,,22,,2,,,NA,,NA,,NA,,NA,,NA,,NA,,NA,,NA,22,,2,,yes,normal,normal,0,,48,,,NA,turn and lift,yes,NA,yes,NA,yes,NA,small corer,yes,NA,yes,NA,yes,normal,19,,19,,turn and lift,no,,NA,NA,NA,,NA,1,
28/02/2024,SP85-X-16,SP85,Sample location delocated to a 10km square (see metadata),480000,250000,485000,255000,3,85,28,no,no,0,,0,,0,,6.6,,yes,NA,2,,30,,2,,,NA,,NA,,NA,,NA,,NA,,NA,,NA,,NA,30,,2,,yes,normal,normal,0,,46,,,NA,turn and lift,yes,NA,yes,NA,yes,NA,small corer,yes,NA,yes,NA,yes,normal,27,,,NA,turn and lift,no,,NA,NA,NA,,NA,1,
28/02/2024,SP85-X-16,SP85,Sample location delocated to a 10km square (see metadata),480000,250000,485000,255000,3,85,59,no,no,0,,2,,0,,6.5,,yes,NA,2,,30,,2,,,NA,,NA,,NA,,NA,,NA,,NA,,NA,,NA,30,,2,,yes,normal,normal,0,,48,,,NA,turn and lift,yes,NA,yes,NA,no,too_wet,small corer,yes,NA,yes,NA,yes,normal,17,,17,,turn and lift,no,,NA,NA,NA,,NA,1,
28/02/2024,SP85-X-16,SP85,Sample location delocated to a 10km square (see metadata),480000,250000,485000,255000,3,85,46,no,no,0,,0,,0,,6.6,,yes,NA,2,,30,,2,,,NA,,NA,,NA,,NA,,NA,,NA,,NA,,NA,30,,2,,yes,normal,normal,0,,48,,,NA,turn and lift,yes,NA,yes,NA,yes,NA,small corer,yes,NA,yes,NA,yes,normal,25,,25,,turn and lift,no,,NA,NA,NA,,NA,1,
28/02/2024,SP85-X-16,SP85,Sample location delocated to a 10km square (see metadata),480000,250000,485000,255000,3,85,11,no,no,0,,0,,0,,6.5,,yes,NA,2,,30,,2,,,NA,,NA,,NA,,NA,,NA,,NA,,NA,,NA,30,,2,,yes,normal,normal,0,,55,,,NA,turn and lift,yes,NA,yes,NA,yes,NA,small corer,yes,NA,yes,NA,yes,normal,24,,24,,turn and lift,no,,NA,NA,NA,,NA,1,
19/02/2024,SP85-X-61,SP85,Sample location delocated to a 10km square (see metadata),480000,250000,485000,255000,1,85,46,no,no,0,,0,,0,,8.7,,yes,NA,2,,7,,1,,30,,2,,,NA,,NA,,NA,,NA,,NA,,NA,30,,1.8,,yes,normal,normal,0,,50,,,NA,turn and lift,yes,NA,yes,NA,yes,NA,small corer,yes,NA,yes,NA,yes,normal,19,,19,,turn and lift,no,,NA,NA,NA,,NA,1,
19/02/2024,SP85-X-61,SP85,Sample location delocated to a 10km square (see metadata),480000,250000,485000,255000,1,85,11,no,no,0,,0,,0,,8.6,,yes,NA,2,,8,,1,,30,,2,,,NA,,NA,,NA,,NA,,NA,,NA,30,,1.7,,yes,normal,normal,0,,42,,,NA,dig and tip,yes,NA,yes,NA,yes,NA,small corer,yes,NA,yes,NA,yes,normal,18,,18,,turn and lift,no,,NA,NA,NA,,NA,1,
19/02/2024,SP85-X-61,SP85,Sample location delocated to a 10km square (see metadata),480000,250000,485000,255000,1,85,28,no,no,0,,13,,0,,10.1,,yes,NA,2,,14,,1,,30,,2,,,NA,,NA,,NA,,NA,,NA,,NA,30,,1.5,,yes,normal,normal,0,,45,,,NA,turn and lift,yes,NA,yes,NA,yes,NA,small corer,yes,NA,yes,NA,yes,normal,19,,19,,turn and lift,no,,NA,NA,NA,,NA,1,
19/02/2024,SP85-X-61,SP85,Sample location delocated to a 10km square (see metadata),480000,250000,485000,255000,1,85,59,no,no,0,,3,,0,,9.7,,yes,NA,2,,7,,1,,30,,2,,,NA,,NA,,NA,,NA,,NA,,NA,30,,1.8,,yes,normal,normal,0,,42.5,,,NA,dig and tip,yes,NA,yes,NA,yes,NA,small corer,yes,NA,yes,NA,yes,normal,18,,18,,turn and lift,no,,NA,NA,NA,,NA,1,
20/02/2024,SP85-X-61,SP85,Sample location delocated to a 10km square (see metadata),480000,250000,485000,255000,2,85,59,no,no,0,,3,,0,,7.2,,yes,NA,2,,30,,1,,,NA,,NA,,NA,,NA,,NA,,NA,,NA,,NA,30,,1,,yes,normal,normal,0,,44,,,NA,turn and lift,yes,NA,yes,NA,yes,NA,small corer,yes,NA,yes,NA,yes,normal,17,,17,,turn and lift,no,,NA,NA,NA,,NA,1,
20/02/2024,SP85-X-61,SP85,Sample location delocated to a 10km square (see metadata),480000,250000,485000,255000,2,85,28,no,no,0,,0,,0,,7.5,,yes,NA,2,,4,,1,,30,,2,,,NA,,NA,,NA,,NA,,NA,,NA,30,,1.9,,yes,normal,normal,0,,47.5,,,NA,dig and tip,yes,NA,yes,NA,yes,NA,small corer,yes,NA,yes,NA,yes,normal,18.5,,18.5,,turn and lift,no,,NA,NA,NA,,NA,1,
20/02/2024,SP85-X-61,SP85,Sample location delocated to a 10km square (see metadata),480000,250000,485000,255000,2,85,11,no,no,0,,0,,0,,7.6,,yes,NA,2,,25.5,,1,,,NA,,NA,,NA,,NA,,NA,,NA,,NA,,NA,25,,1,,yes,normal,normal,0,,41,,,NA,turn and lift,yes,NA,yes,NA,yes,NA,small corer,yes,NA,yes,NA,yes,normal,20,,,NA,dig and tip,no,,NA,NA,NA,,NA,1,
20/02/2024,SP85-X-61,SP85,Sample location delocated to a 10km square (see metadata),480000,250000,485000,255000,2,85,46,yes,no,0,,0,,0,,7.5,,yes,NA,2,,30,,1,,,NA,,NA,,NA,,NA,,NA,,NA,,NA,,NA,30,,1,,yes,normal,normal,0,,48,,,NA,dig and tip,yes,NA,yes,NA,yes,NA,small corer,yes,NA,yes,NA,yes,normal,20,,20,,dig and tip,no,,NA,NA,NA,,NA,1,
03/05/2023,SP91-X-32,SP91,Sample location delocated to a 10km square (see metadata),490000,210000,495000,215000,3,43,46,no,no,0,,1,,0,,9.9,,yes,NA,2,,30,,1,,,NA,,NA,,NA,,NA,,NA,,NA,,NA,,NA,30,,1,,yes,normal,normal,0,,45,,45,,turn and lift,yes,NA,yes,NA,yes,NA,small corer,yes,NA,yes,NA,yes,normal,18,,,NA,turn and lift,NULL,,NULL,NULL,NULL,,NULL,,NULL
03/05/2023,SP91-X-32,SP91,Sample location delocated to a 10km square (see metadata),490000,210000,495000,215000,3,43,11,no,no,0,,5,,0,,9.9,,yes,NA,2,,28,,1,,,NA,,NA,,NA,,NA,,NA,,NA,,NA,,NA,28,,1,,yes,normal,normal,0,,48,,48,,turn and lift,yes,NA,yes,NA,yes,NA,small corer,yes,NA,yes,NA,yes,normal,18,,18,,turn and lift,NULL,,NULL,NULL,NULL,,NULL,,NULL
03/05/2023,SP91-X-32,SP91,Sample location delocated to a 10km square (see metadata),490000,210000,495000,215000,3,43,28,no,no,0,,0,,0,,10.7,,yes,NA,2,,30,,1,,,NA,,NA,,NA,,NA,,NA,,NA,,NA,,NA,30,,1,,yes,normal,normal,0,,48,,48,,turn and lift,yes,NA,yes,NA,yes,NA,small corer,yes,NA,yes,NA,yes,normal,19,,19,,turn and lift,NULL,,NULL,NULL,NULL,,NULL,,NULL
03/05/2023,SP91-X-32,SP91,Sample location delocated to a 10km square (see metadata),490000,210000,495000,215000,3,43,59,no,no,0,,1,,0,,11.6,,yes,NA,2,,30,,1.5,,,NA,,NA,,NA,,NA,,NA,,NA,,NA,,NA,30,,1.5,,yes,normal,normal,0,,48,,48,,turn and lift,yes,NA,yes,NA,yes,NA,small corer,yes,NA,yes,NA,yes,normal,19,,19,,turn and lift,NULL,,NULL,NULL,NULL,,NULL,,NULL
13/02/2024,SP98-X-56,SP98,Sample location delocated to a 10km square (see metadata),490000,280000,495000,285000,2,85,11,yes,no,0,,7,,11,,4.6,,yes,NA,2,,7.5,,1,,30,,1.5,,,NA,,NA,,NA,,NA,,NA,,NA,30,,1.4,,yes,normal,normal,0,,45,,,NA,turn and lift,yes,NA,yes,NA,yes,NA,small corer,yes,NA,yes,NA,yes,normal,19,,19,,turn and lift,no,,NA,NA,NA,,NA,1,
13/02/2024,SP98-X-56,SP98,Sample location delocated to a 10km square (see metadata),490000,280000,495000,285000,2,85,46,yes,yes,0,,23,,31,,4.8,,yes,NA,1,,25,,1.5,,30,,2.5,,,NA,,NA,,NA,,NA,,NA,,NA,30,,1.7,,yes,normal,normal,0,,47,,,NA,turn and lift,yes,NA,yes,NA,yes,NA,small corer,yes,NA,yes,NA,yes,normal,17,,17,,turn and lift,no,,NA,NA,NA,,NA,1,
13/02/2024,SP98-X-56,SP98,Sample location delocated to a 10km square (see metadata),490000,280000,495000,285000,2,85,59,yes,no,0,,11,,40,,5,,yes,NA,2,,10,,2,,30,,2,,,NA,,NA,,NA,,NA,,NA,,NA,30,,2,,yes,normal,normal,0,,45,,,NA,turn and lift,yes,NA,yes,NA,yes,NA,small corer,yes,NA,yes,NA,yes,normal,20,,20,,turn and lift,no,,NA,NA,NA,,NA,1,
13/02/2024,SP98-X-56,SP98,Sample location delocated to a 10km square (see metadata),490000,280000,495000,285000,2,85,28,yes,no,0,,25,,7,,5.2,,yes,NA,,NULL,10,,1.5,,30,,1.5,,,NA,,NA,,NA,,NA,,NA,,NA,30,,1.5,,yes,normal,catcher,0,,45,,,NA,turn and lift,yes,NA,yes,NA,yes,NA,small corer,yes,NA,yes,NA,yes,normal,17,,17,,turn and lift,no,,NA,NA,NA,,NA,1,
13/02/2024,SP98-X-56,SP98,Sample location delocated to a 10km square (see metadata),490000,280000,495000,285000,4,85,11,yes,no,0,,5,,5,,5,,yes,NA,2,,10,,1.5,,30,,2,,,NA,,NA,,NA,,NA,,NA,,NA,30,,1.8,,yes,normal,normal,0,,45,,,NA,turn and lift,yes,NA,yes,NA,yes,NA,small corer,yes,NA,yes,NA,yes,normal,18,,18,,turn and lift,no,,NA,NA,NA,,NA,1,
13/02/2024,SP98-X-56,SP98,Sample location delocated to a 10km square (see metadata),490000,280000,495000,285000,4,85,28,yes,no,0,,5,,5,,5,,yes,NA,2,,15,,1.5,,30,,2,,,NA,,NA,,NA,,NA,,NA,,NA,30,,1.8,,yes,normal,normal,0,,45,,,NA,turn and lift,yes,NA,yes,NA,yes,NA,small corer,yes,NA,yes,NA,yes,normal,17.9,,17.9,,turn and lift,no,,NA,NA,NA,,NA,1,
13/02/2024,SP98-X-56,SP98,Sample location delocated to a 10km square (see metadata),490000,280000,495000,285000,4,85,46,yes,yes,1,,5,,5,,5.1,,yes,NA,2,,3,,2.5,,,NA,,NA,,NA,,NA,,NA,,NA,,NA,,NA,3,,2.5,,yes,normal,normal,0,,45,,,NA,turn and lift,yes,NA,yes,NA,yes,NA,small corer,yes,NA,yes,NA,yes,normal,18.7,,18.7,,turn and lift,no,,NA,NA,NA,,NA,1,
13/02/2024,SP98-X-56,SP98,Sample location delocated to a 10km square (see metadata),490000,280000,495000,285000,4,85,59,yes,no,0,,5,,5,,4.9,,yes,NA,2,,20,,2.5,,30,,2,,,NA,,NA,,NA,,NA,,NA,,NA,30,,2.3,,yes,normal,normal,0,,46,,,NA,turn and lift,yes,NA,yes,NA,yes,NA,small corer,yes,NA,yes,NA,yes,normal,20.2,,20.2,,turn and lift,no,,NA,NA,NA,,NA,1,
24/05/2023,SS14-X-12,SS14,Sample location delocated to a 10km square (see metadata),210000,140000,215000,145000,1,99,11,no,no,0,,0,,0,,13.2,,yes,NA,2,,10,,1,,25,,1.5,,,NA,,NA,,NA,,NA,,NA,,NA,25,,1.3,,yes,serrated,serrated,0,,45,,45,,dig and tip,yes,NA,yes,NA,yes,NA,small corer,yes,NA,yes,NA,yes,normal,13,,13,,turn and lift,NULL,,NULL,NULL,NULL,,NULL,,NULL
24/05/2023,SS14-X-12,SS14,Sample location delocated to a 10km square (see metadata),210000,140000,215000,145000,1,99,46,no,no,0,,0,,0,,14.1,,yes,NA,2,,10,,2,,30,,1,,,NA,,NA,,NA,,NA,,NA,,NA,30,,1.3,,yes,serrated,serrated,0,,36,,36,,dig and tip,yes,NA,yes,NA,yes,NA,small corer,yes,NA,yes,partial - hit rock,yes,serrated,19,,19,,turn and lift,NULL,,NULL,NULL,NULL,,NULL,,NULL
24/05/2023,SS14-X-12,SS14,Sample location delocated to a 10km square (see metadata),210000,140000,215000,145000,1,99,59,no,no,0,,0,,0,,14,,yes,NA,2,,25,,1,,,NA,,NA,,NA,,NA,,NA,,NA,,NA,,NA,25,,1,,yes,serrated,serrated,0,,43.5,,43.5,,dig and tip,yes,NA,yes,NA,yes,NA,small corer,yes,NA,no,stones,yes,serrated,21,,21,,turn and lift,NULL,,NULL,NULL,NULL,,NULL,,NULL
24/05/2023,SS14-X-12,SS14,Sample location delocated to a 10km square (see metadata),210000,140000,215000,145000,1,99,28,no,no,0,,0,,0,,14.1,,yes,NA,,NULL,10,,1,,25,,1.5,,,NA,,NA,,NA,,NA,,NA,,NA,25,,1.3,,yes,serrated,serrated,0,,40,,40,,dig and tip,yes,NA,yes,NA,yes,NA,small corer,yes,NA,yes,NA,yes,serrated,22.5,,22.5,,turn and lift,NULL,,NULL,NULL,NULL,,NULL,,NULL
24/05/2023,SS14-X-12,SS14,Sample location delocated to a 10km square (see metadata),210000,140000,215000,145000,4,126,11,no,no,0,,0,,0,,13,,yes,NA,1,,3.5,,1,,7.5,,3.5,,,NA,,NA,,NA,,NA,,NA,,NA,7,,2.3,,yes,normal,normal,0,,15,,15,,turn and lift,yes,NA,no,shallow_soil,no,shallow_soil,small corer,yes,partial - hit rock,no,hit rock,yes,normal,11,,11,,turn and lift,NULL,,NULL,NULL,NULL,,NULL,,NULL
24/05/2023,SS14-X-12,SS14,Sample location delocated to a 10km square (see metadata),210000,140000,215000,145000,4,126,46,no,no,0,,0,,0,,13.9,,yes,NA,,NULL,4,,1.5,,12,,3.5,,,NA,,NA,,NA,,NA,,NA,,NA,12,,2.8,,yes,normal,normal,0,,40,,40,,turn and lift,yes,NA,yes,NA,yes,NA,small corer,yes,NA,yes,NA,yes,normal,15,,11,,turn and lift,NULL,,NULL,NULL,NULL,,NULL,,NULL
24/05/2023,SS14-X-12,SS14,Sample location delocated to a 10km square (see metadata),210000,140000,215000,145000,4,126,59,no,no,0,,0,,0,,13.8,,yes,NA,1,,3,,1,,12,,3.5,,18,,2.5,,,NA,,NA,,NA,,NA,18,,2.8,,yes,normal,normal,0,,15,,15,,turn and lift,yes,NA,no,shallow_soil,no,shallow_soil,small corer,yes,partial - stones,no,stones,yes,normal,15,,11,,turn and lift,NULL,,NULL,NULL,NULL,,NULL,,NULL
24/05/2023,SS14-X-12,SS14,Sample location delocated to a 10km square (see metadata),210000,140000,215000,145000,4,126,28,no,no,0,,0,,0,,14.6,,yes,NA,1,,3,,2,,14,,3.5,,,NA,,NA,,NA,,NA,,NA,,NA,14,,3.2,,yes,normal,normal,0,,15,,11,,turn and lift,yes,NA,yes,NA,yes,NA,small corer,yes,partial - stones,no,stones,yes,normal,15,,10,,turn and lift,NULL,,NULL,NULL,NULL,,NULL,,NULL
25/05/2023,SS14-X-12,SS14,Sample location delocated to a 10km square (see metadata),210000,140000,215000,145000,5,155,11,no,no,0,,0,,0,,13.7,,yes,NA,,NULL,10,,1,,17,,2,,30,,2.5,,,NA,,NA,,NA,,NA,30,,1.9,,yes,normal,normal,0,,41.5,,41.5,,turn and lift,yes,NA,yes,NA,yes,NA,small corer,yes,NA,yes,NA,yes,normal,18.5,,18.5,,turn and lift,NULL,,NULL,NULL,NULL,,NULL,,NULL
25/05/2023,SS14-X-12,SS14,Sample location delocated to a 10km square (see metadata),210000,140000,215000,145000,5,155,46,no,no,0,,0,,0,,13.3,,yes,NA,,NULL,10,,1,,26,,2,,30,,4,,,NA,,NA,,NA,,NA,30,,1.9,,yes,normal,normal,0,,40,,34.5,,turn and lift,yes,NA,yes,NA,yes,NA,small corer,yes,NA,no,hit rock,yes,normal,19,,19,,turn and lift,NULL,,NULL,NULL,NULL,,NULL,,NULL
25/05/2023,SS14-X-12,SS14,Sample location delocated to a 10km square (see metadata),210000,140000,215000,145000,5,155,59,no,no,0,,0,,0,,13.2,,yes,NA,,NULL,12,,1,,30,,3.5,,,NA,,NA,,NA,,NA,,NA,,NA,30,,2.5,,yes,normal,normal,0,,48,,48,,turn and lift,yes,NA,yes,NA,yes,NA,small corer,yes,NA,yes,NA,yes,normal,19.5,,19.5,,turn and lift,NULL,,NULL,NULL,NULL,,NULL,,NULL
25/05/2023,SS14-X-12,SS14,Sample location delocated to a 10km square (see metadata),210000,140000,215000,145000,5,155,28,no,no,0,,0,,0,,13.4,,yes,NA,,NULL,13,,1,,20,,1.5,,30,,4,,,NA,,NA,,NA,,NA,30,,2.1,,yes,normal,normal,0,,49,,49,,turn and lift,yes,NA,yes,NA,yes,NA,small corer,yes,NA,yes,NA,yes,normal,20,,20,,turn and lift,NULL,,NULL,NULL,NULL,,NULL,,NULL
27/11/2023,SS54-X-07,SS54,Sample location delocated to a 10km square (see metadata),250000,140000,255000,145000,1,71,59,yes,no,0,,3,,0,,9.2,,yes,NA,2,,16,,1.5,,,NA,,NA,,NA,,NA,,NA,,NA,,NA,,NA,16,,1.5,,yes,normal,normal,0,,44,,,NA,turn and lift,yes,NA,yes,NA,yes,NA,small corer,yes,NA,no,hit rock,yes,normal,20,,20,,turn and lift,no,,NA,NA,NA,,NA,1,
27/11/2023,SS54-X-07,SS54,Sample location delocated to a 10km square (see metadata),250000,140000,255000,145000,1,71,28,yes,yes,1,,5,,0,,9.9,,yes,NA,2,,15,,1.5,,,NA,,NA,,NA,,NA,,NA,,NA,,NA,,NA,15,,1.5,,yes,normal,normal,0,,47.5,,,NA,turn and lift,yes,NA,yes,NA,yes,NA,small corer,yes,NA,no,shallow soil,yes,normal,19,,19,,turn and lift,no,,NA,NA,NA,,NA,1,
27/11/2023,SS54-X-07,SS54,Sample location delocated to a 10km square (see metadata),250000,140000,255000,145000,1,71,11,yes,no,0,,9,,0,,9.8,,yes,NA,2,,15,,1.5,,,NA,,NA,,NA,,NA,,NA,,NA,,NA,,NA,15,,1.5,,yes,normal,catcher,0,,47,,,NA,turn and lift,yes,NA,yes,NA,yes,NA,small corer,yes,NA,no,shallow soil,yes,normal,19,,19,,turn and lift,no,,NA,NA,NA,,NA,1,
27/11/2023,SS54-X-07,SS54,Sample location delocated to a 10km square (see metadata),250000,140000,255000,145000,1,71,46,yes,no,0,,9,,0,,9.9,,yes,NA,2,,20,,2,,,NA,,NA,,NA,,NA,,NA,,NA,,NA,,NA,20,,2,,yes,normal,normal,0,,50,,,NA,turn and lift,yes,NA,yes,NA,yes,NA,small corer,yes,NA,no,shallow soil,yes,normal,20,,20,,turn and lift,no,,NA,NA,NA,,NA,1,
05/03/2024,SS64-X-33,SS64,Sample location delocated to a 10km square (see metadata),260000,140000,265000,145000,2,85,11,no,no,0,,3,,0,,6.3,,yes,NA,2,,2,,2,,13,,3,,23,,2.5,,30,,2,,,NA,,NA,30,,2.5,,yes,normal,normal,3,,40,,,NA,turn and lift,yes,NA,yes,NA,yes,NA,small corer,yes,NA,yes,partial - stones,yes,normal,18.4,,18.4,,turn and lift,no,,NA,NA,NA,,NA,1,
05/03/2024,SS64-X-33,SS64,Sample location delocated to a 10km square (see metadata),260000,140000,265000,145000,2,85,28,no,no,0,,3,,0,,6.3,,yes,NA,2,,2,,2,,10,,2.5,,15,,2.5,,30,,2,,,NA,,NA,30,,2.2,,yes,normal,normal,3,,40,,,NA,turn and lift,yes,NA,yes,NA,yes,NA,small corer,yes,NA,yes,NA,yes,normal,19,,19,,turn and lift,no,,NA,NA,NA,,NA,1,
05/03/2024,SS64-X-33,SS64,Sample location delocated to a 10km square (see metadata),260000,140000,265000,145000,2,85,46,no,no,0,,1,,0,,6.3,,yes,NA,2,,6,,2,,13,,2.5,,30,,2,,,NA,,NA,,NA,,NA,30,,2.1,,yes,normal,normal,3,,40,,,NA,turn and lift,yes,NA,yes,NA,yes,NA,small corer,yes,NA,yes,partial - stones,yes,normal,21,,21,,turn and lift,no,,NA,NA,NA,,NA,1,
05/03/2024,SS64-X-33,SS64,Sample location delocated to a 10km square (see metadata),260000,140000,265000,145000,2,85,59,no,no,0,,2,,0,,6.3,,yes,NA,2,,4,,2,,21,,2.5,,30,,2,,,NA,,NA,,NA,,NA,30,,2.3,,yes,normal,normal,3,,40,,,NA,turn and lift,yes,NA,yes,NA,yes,NA,small corer,yes,NA,yes,partial - stones,yes,normal,20,,,NA,turn and lift,no,,NA,NA,NA,,NA,1,
15/01/2024,SS72-X-12,SS72,Sample location delocated to a 10km square (see metadata),270000,120000,275000,125000,1,78,59,no,no,0,,21,,0,,3.3,,yes,NA,2,,30,,2,,,NA,,NA,,NA,,NA,,NA,,NA,,NA,,NA,30,,2,,yes,catcher,catcher,0,,47,,,NA,turn and lift,yes,NA,yes,NA,yes,NA,small corer,yes,NA,yes,NA,yes,catcher,20.5,,20.5,,turn and lift,no,,NA,NA,NA,,NA,1,
15/01/2024,SS72-X-12,SS72,Sample location delocated to a 10km square (see metadata),270000,120000,275000,125000,1,78,46,yes,no,2,,24,,0,,3.9,,yes,NA,1,,24,,1.5,,,NA,,NA,,NA,,NA,,NA,,NA,,NA,,NA,24,,1.5,,yes,catcher,catcher,0,,46.5,,,NA,turn and lift,yes,NA,yes,NA,yes,NA,small corer,yes,NA,yes,NA,yes,catcher,18,,18,,turn and lift,no,,NA,NA,NA,,NA,1,
15/01/2024,SS72-X-12,SS72,Sample location delocated to a 10km square (see metadata),270000,120000,275000,125000,1,78,11,yes,no,0,,10,,0,,3.9,,yes,NA,2,,20,,1.5,,,NA,,NA,,NA,,NA,,NA,,NA,,NA,,NA,20,,1.5,,yes,catcher,catcher,0,,46.5,,,NA,turn and lift,yes,NA,yes,NA,yes,NA,small corer,yes,NA,yes,NA,yes,catcher,18.5,,18.5,,turn and lift,no,,NA,NA,NA,,NA,1,
15/01/2024,SS72-X-12,SS72,Sample location delocated to a 10km square (see metadata),270000,120000,275000,125000,1,78,28,no,no,0,,10,,0,,3.8,,yes,NA,2,,25,,1.5,,,NA,,NA,,NA,,NA,,NA,,NA,,NA,,NA,25,,1.5,,yes,catcher,catcher,0,,47,,,NA,turn and lift,yes,NA,yes,NA,yes,NA,small corer,yes,NA,yes,NA,yes,catcher,18.5,,18.5,,turn and lift,no,,NA,NA,NA,,NA,1,
16/01/2024,SS72-X-12,SS72,Sample location delocated to a 10km square (see metadata),270000,120000,275000,125000,2,85,11,yes,no,0,,8,,0,,3.4,,yes,NA,2,,25,,1.5,,,NA,,NA,,NA,,NA,,NA,,NA,,NA,,NA,25,,1.5,,yes,catcher,catcher,0,,49,,,NA,turn and lift,yes,NA,yes,NA,yes,NA,small corer,yes,NA,yes,NA,yes,catcher,19.5,,19.5,,turn and lift,no,,NA,NA,NA,,NA,1,
16/01/2024,SS72-X-12,SS72,Sample location delocated to a 10km square (see metadata),270000,120000,275000,125000,2,85,28,yes,no,0,,11,,0,,3.5,,yes,NA,2,,25,,1.5,,,NA,,NA,,NA,,NA,,NA,,NA,,NA,,NA,25,,1.5,,yes,catcher,catcher,0,,46.5,,,NA,turn and lift,yes,NA,yes,NA,yes,NA,small corer,yes,NA,yes,NA,yes,catcher,19,,19,,turn and lift,no,,NA,NA,NA,,NA,1,
16/01/2024,SS72-X-12,SS72,Sample location delocated to a 10km square (see metadata),270000,120000,275000,125000,2,85,59,no,no,0,,18,,0,,3.4,,yes,NA,2,,26,,1.5,,,NA,,NA,,NA,,NA,,NA,,NA,,NA,,NA,26,,1.5,,yes,catcher,catcher,0,,46,,,NA,turn and lift,yes,NA,yes,NA,yes,NA,small corer,yes,NA,yes,NA,yes,catcher,18,,18,,turn and lift,no,,NA,NA,NA,,NA,1,
16/01/2024,SS72-X-12,SS72,Sample location delocated to a 10km square (see metadata),270000,120000,275000,125000,2,85,46,no,no,0,,16,,0,,3.6,,yes,NA,2,,30,,1.5,,,NA,,NA,,NA,,NA,,NA,,NA,,NA,,NA,30,,1.5,,yes,catcher,catcher,0,,46.5,,,NA,turn and lift,yes,NA,yes,NA,yes,NA,small corer,yes,NA,yes,NA,yes,catcher,18.5,,18.5,,turn and lift,no,,NA,NA,NA,,NA,1,
16/01/2024,SS72-X-12,SS72,Sample location delocated to a 10km square (see metadata),270000,120000,275000,125000,4,85,28,no,no,0,,11,,0,,4,,yes,NA,,NULL,12,,2,,,NA,,NA,,NA,,NA,,NA,,NA,,NA,,NA,12,,2,,yes,catcher,catcher,0,,22,,,NULL,turn and lift,yes,NA,no,big_stones,no,big_stones,small corer,yes,NA,yes,partial - hit rock,yes,catcher,17.5,,17.5,,turn and lift,no,,NA,NA,NA,,NA,1,
16/01/2024,SS72-X-12,SS72,Sample location delocated to a 10km square (see metadata),270000,120000,275000,125000,4,85,59,no,no,0,,11,,0,,3.7,,yes,NA,2,,15,,2,,,NA,,NA,,NA,,NA,,NA,,NA,,NA,,NA,15,,2,,yes,catcher,catcher,2,,20,,,NULL,turn and lift,yes,NA,no,big_stones,no,big_stones,small corer,yes,NA,no,shallow soil,yes,catcher,20,,20,,turn and lift,no,,NA,NA,NA,,NA,1,
16/01/2024,SS72-X-12,SS72,Sample location delocated to a 10km square (see metadata),270000,120000,275000,125000,4,85,46,yes,no,0,,7,,0,,4,,yes,NA,2,,14,,2,,,NA,,NA,,NA,,NA,,NA,,NA,,NA,,NA,14,,2,,yes,catcher,catcher,2,,18,,,NULL,turn and lift,yes,NA,no,big_stones,no,big_stones,small corer,yes,NA,yes,NA,yes,catcher,20,,20,,turn and lift,no,,NA,NA,NA,,NA,1,
16/01/2024,SS72-X-12,SS72,Sample location delocated to a 10km square (see metadata),270000,120000,275000,125000,4,85,11,yes,no,0,,14,,0,,3.8,,yes,NA,2,,15,,2,,,NA,,NA,,NA,,NA,,NA,,NA,,NA,,NA,15,,2,,yes,catcher,catcher,2,,18.5,,,NULL,turn and lift,yes,NA,no,big_stones,no,big_stones,small corer,yes,NA,yes,NA,yes,catcher,20,,20,,turn and lift,no,,NA,NA,NA,,NA,1,
28/11/2023,SS72-X-80,SS72,Sample location delocated to a 10km square (see metadata),270000,120000,275000,125000,4,72,59,yes,yes,7,,18,,0,,7.3,,yes,NA,2,,15,,1.5,,30,,1,,,NA,,NA,,NA,,NA,,NA,,NA,30,,1.3,,yes,catcher,normal,0,,45.5,,,NA,turn and lift,yes,NA,yes,NA,yes,NA,small corer,yes,NA,yes,NA,yes,catcher,17,,,NA,turn and lift,no,,NA,NA,NA,,NA,1,
28/11/2023,SS72-X-80,SS72,Sample location delocated to a 10km square (see metadata),270000,120000,275000,125000,4,72,46,yes,yes,2,,16,,0,,7.8,,yes,NA,2,,30,,1,,,NA,,NA,,NA,,NA,,NA,,NA,,NA,,NA,30,,1,,yes,catcher,catcher,0,,46,,,NA,turn and lift,yes,NA,yes,NA,yes,NA,small corer,yes,NA,yes,partial - hit rock,yes,normal,19,,,NA,turn and lift,no,,NA,NA,NA,,NA,1,
28/11/2023,SS72-X-80,SS72,Sample location delocated to a 10km square (see metadata),270000,120000,275000,125000,4,72,11,yes,yes,5,,30,,0,,7.8,,yes,NA,2,,30,,1,,,NA,,NA,,NA,,NA,,NA,,NA,,NA,,NA,30,,1,,yes,normal,normal,0,,47.8,,,NA,turn and lift,yes,NA,yes,NA,yes,NA,small corer,yes,NA,yes,NA,yes,normal,19,,19,,turn and lift,no,,NA,NA,NA,,NA,1,
28/11/2023,SS72-X-80,SS72,Sample location delocated to a 10km square (see metadata),270000,120000,275000,125000,4,72,28,yes,yes,4,,15,,0,,7.9,,yes,NA,2,,30,,1,,,NA,,NA,,NA,,NA,,NA,,NA,,NA,,NA,30,,1,,yes,normal,normal,0,,48,,,NA,turn and lift,yes,NA,yes,NA,yes,NA,small corer,yes,NA,yes,NA,yes,normal,19,,19,,turn and lift,no,,NA,NA,NA,,NA,1,
28/11/2023,SS72-X-80,SS72,Sample location delocated to a 10km square (see metadata),270000,120000,275000,125000,1,85,28,no,no,0,,20,,0,,7.3,,yes,NA,2,,22,,1.5,,,NA,,NA,,NA,,NA,,NA,,NA,,NA,,NA,22,,1.5,,yes,normal,normal,0,,47.5,,,NA,turn and lift,yes,NA,yes,NA,yes,NA,small corer,yes,NA,yes,NA,yes,normal,19.5,,19.5,,turn and lift,no,,NA,NA,NA,,NA,1,
28/11/2023,SS72-X-80,SS72,Sample location delocated to a 10km square (see metadata),270000,120000,275000,125000,1,85,11,no,no,0,,17,,0,,7.3,,yes,NA,2,,22,,1.5,,,NA,,NA,,NA,,NA,,NA,,NA,,NA,,NA,22,,1.5,,yes,normal,normal,0,,46,,,NA,turn and lift,yes,NA,yes,NA,yes,NA,small corer,yes,NA,yes,NA,yes,normal,19.5,,19.5,,turn and lift,no,,NA,NA,NA,,NA,1,
28/11/2023,SS72-X-80,SS72,Sample location delocated to a 10km square (see metadata),270000,120000,275000,125000,1,85,46,yes,no,1,,17,,0,,7.3,,yes,NA,2,,30,,1.5,,,NA,,NA,,NA,,NA,,NA,,NA,,NA,,NA,30,,1.5,,yes,normal,normal,0,,46,,,NA,turn and lift,yes,NA,yes,NA,yes,NA,small corer,yes,NA,yes,NA,yes,normal,20,,20,,turn and lift,no,,NA,NA,NA,,NA,1,
28/11/2023,SS72-X-80,SS72,Sample location delocated to a 10km square (see metadata),270000,120000,275000,125000,1,85,59,yes,no,0,,16,,0,,7.3,,yes,NA,2,,25,,1.5,,,NA,,NA,,NA,,NA,,NA,,NA,,NA,,NA,25,,1.5,,yes,normal,normal,0,,49,,,NA,turn and lift,yes,NA,yes,NA,yes,NA,small corer,yes,NA,yes,NA,yes,normal,18,,18,,turn and lift,no,,NA,NA,NA,,NA,1,
29/11/2023,SS72-X-80,SS72,Sample location delocated to a 10km square (see metadata),270000,120000,275000,125000,3,60,11,no,yes,1,,22,,0,,7.5,,yes,NA,2,,30,,1,,,NA,,NA,,NA,,NA,,NA,,NA,,NA,,NA,30,,1,,yes,normal,normal,0,,44,,,NA,turn and lift,yes,NA,yes,NA,yes,NA,small corer,yes,NA,yes,partial - NULL,yes,normal,18.5,,18.5,,turn and lift,no,,NA,NA,NA,,NA,1,
29/11/2023,SS72-X-80,SS72,Sample location delocated to a 10km square (see metadata),270000,120000,275000,125000,3,60,28,no,no,0,,14,,0,,6.7,,yes,NA,1,,20,,3,,30,,1,,,NA,,NA,,NA,,NA,,NA,,NA,30,,2.3,,yes,normal,catcher,0,,41,,,NA,turn and lift,yes,NA,yes,NA,no,big_stones,small corer,yes,NA,yes,partial - hit rock,yes,catcher,18.5,,18.5,,turn and lift,no,,NA,NA,NA,,NA,1,
29/11/2023,SS72-X-80,SS72,Sample location delocated to a 10km square (see metadata),270000,120000,275000,125000,3,60,59,no,no,0,,1,,0,,6.5,,yes,NA,3,,10,,3,,20,,4,,30,,2,,,NA,,NA,,NA,,NA,30,,3,,yes,catcher,catcher,0,,36,,36,,turn and lift,yes,NA,yes,NA,no,big_stones,small corer,yes,NA,yes,partial - hit rock,yes,catcher,17.5,,17.5,,turn and lift,no,,NA,NA,NA,,NA,1,
29/11/2023,SS72-X-80,SS72,Sample location delocated to a 10km square (see metadata),270000,120000,275000,125000,3,60,46,no,no,1,,38,,0,,6.5,,yes,NA,1,,20,,4,,30,,1,,,NA,,NA,,NA,,NA,,NA,,NA,30,,3,,yes,catcher,catcher,0,,33,,33,,turn and lift,yes,NA,yes,NA,no,big_stones,small corer,yes,NA,yes,NA,yes,normal,18.5,,18.5,,turn and lift,no,,NA,NA,NA,,NA,1,
29/11/2023,SS72-X-80,SS72,Sample location delocated to a 10km square (see metadata),270000,120000,275000,125000,2,1,28,no,no,0,,30,,0,,7.6,,yes,NA,2,,25,,2,,,NA,,NA,,NA,,NA,,NA,,NA,,NA,,NA,25,,2,,yes,catcher,catcher,0,,47.5,,,NA,turn and lift,yes,NA,yes,NA,yes,NA,small corer,yes,NA,yes,NA,yes,catcher,19,,19,,turn and lift,no,,NA,NA,NA,,NA,1,
29/11/2023,SS72-X-80,SS72,Sample location delocated to a 10km square (see metadata),270000,120000,275000,125000,2,1,59,yes,no,0,,15,,0,,7.5,,yes,NA,2,,20,,2,,,NA,,NA,,NA,,NA,,NA,,NA,,NA,,NA,20,,2,,yes,catcher,catcher,1,,47,,,NA,turn and lift,yes,NA,yes,NA,yes,NA,small corer,yes,NA,yes,NA,yes,catcher,17.5,,17.5,,turn and lift,no,,NA,NA,NA,,NA,1,
29/11/2023,SS72-X-80,SS72,Sample location delocated to a 10km square (see metadata),270000,120000,275000,125000,2,1,46,no,no,0,,10,,0,,7.5,,yes,NA,2,,25,,2,,,NA,,NA,,NA,,NA,,NA,,NA,,NA,,NA,25,,2,,yes,catcher,catcher,2,,47.5,,,NA,turn and lift,yes,NA,yes,NA,yes,NA,small corer,yes,NA,yes,NA,yes,catcher,18,,18,,turn and lift,no,,NA,NA,NA,,NA,1,
29/11/2023,SS72-X-80,SS72,Sample location delocated to a 10km square (see metadata),270000,120000,275000,125000,2,1,11,yes,no,0,,10,,0,,7.4,,yes,NA,2,,24,,2,,,NA,,NA,,NA,,NA,,NA,,NA,,NA,,NA,24,,2,,yes,catcher,catcher,2,,48,,,NA,turn and lift,yes,NA,yes,NA,yes,NA,small corer,yes,NA,yes,NA,yes,catcher,18,,18,,turn and lift,no,,NA,NA,NA,,NA,1,
06/12/2023,SS74-X-05,SS74,Sample location delocated to a 10km square (see metadata),270000,140000,275000,145000,3,113,46,no,no,0,,7,,0,,7.4,,no,Straight to rock ,,NA,,NA,,NA,,NA,,NA,,NA,,NA,,NA,,NA,,NA,,NA,,NA,,NA,yes,normal,normal,0,,48.5,,,NA,turn and lift,yes,NA,yes,NA,yes,NA,large corer (tip same as ABC),yes,NA,yes,NA,yes,catcher,18,,18,,turn and lift,yes,22,,yes,Hisco,,NULL,1,
07/12/2023,SS74-X-05,SS74,Sample location delocated to a 10km square (see metadata),270000,140000,275000,145000,3,113,11,no,no,0,,3,,0,,7.6,,no,Straight to rock,,NA,,NA,,NA,,NA,,NA,,NA,,NA,,NA,,NA,,NA,,NA,,NA,,NA,yes,catcher,normal,0,,23,,23,,turn and lift,yes,NA,no,big_stones,no,big_stones,large corer (tip same as ABC),yes,NA,yes,NA,no - shallow,normal,15,,15,,turn and lift,yes,15,,yes,Hisco,,NULL,1,
07/12/2023,SS74-X-05,SS74,Sample location delocated to a 10km square (see metadata),270000,140000,275000,145000,3,113,28,no,no,0,,1,,0,,7.8,,no,Straight to hard rock,,NA,,NA,,NA,,NA,,NA,,NA,,NA,,NA,,NA,,NA,,NA,,NA,,NA,yes,catcher,catcher,0,,45,,,NA,turn and lift,yes,NA,yes,NA,yes,NA,large corer (tip same as ABC),yes,NA,yes,NA,yes,catcher,19,,19,,turn and lift,yes,15,,NULL,Hisco,,NULL,1,
07/12/2023,SS74-X-05,SS74,Sample location delocated to a 10km square (see metadata),270000,140000,275000,145000,3,113,59,no,no,0,,3,,0,,7.8,,no,Straight to rock ,,NA,,NA,,NA,,NA,,NA,,NA,,NA,,NA,,NA,,NA,,NA,,NA,,NA,yes,normal,normal,0,,48,,,NA,turn and lift,yes,NA,yes,NA,yes,NA,large corer (tip same as ABC),yes,NA,yes,NA,yes,normal,19,,19,,turn and lift,yes,22,,yes,Hisco,,NULL,1,
07/12/2023,SS74-X-05,SS74,Sample location delocated to a 10km square (see metadata),270000,140000,275000,145000,5,70,11,no,no,0,,0,,0,,7.9,,yes,NA,2,,20,,2,,,NA,,NA,,NA,,NA,,NA,,NA,,NA,,NA,20,,2,,yes,catcher,normal,0,,46,,,NA,turn and lift,yes,NA,yes,NA,yes,NA,small corer,yes,NA,yes,NA,yes,normal,18,,18,,turn and lift,no,,NA,NA,NA,,NA,1,
07/12/2023,SS74-X-05,SS74,Sample location delocated to a 10km square (see metadata),270000,140000,275000,145000,5,70,28,no,no,0,,0,,0,,7.8,,yes,NA,2,,18,,1.5,,,NA,,NA,,NA,,NA,,NA,,NA,,NA,,NA,18,,1.5,,yes,catcher,catcher,0,,47,,,NA,turn and lift,yes,NA,yes,NA,yes,NA,small corer,yes,NA,no,stones,yes,normal,18,,18,,turn and lift,no,,NA,NA,NA,,NA,1,
07/12/2023,SS74-X-05,SS74,Sample location delocated to a 10km square (see metadata),270000,140000,275000,145000,5,70,59,no,no,0,,0,,0,,7.8,,no,NULL,,NA,,NA,,NA,,NA,,NA,,NA,,NA,,NA,,NA,,NA,,NA,,NA,,NA,yes,normal,catcher,0,,47,,,NA,turn and lift,yes,NA,yes,NA,yes,NA,small corer,yes,NA,yes,NA,yes,normal,18,,18,,turn and lift,no,,NA,NA,NA,,NA,1,
07/12/2023,SS74-X-05,SS74,Sample location delocated to a 10km square (see metadata),270000,140000,275000,145000,5,70,46,no,no,0,,0,,0,,7.8,,no,Shallow soil ,,NA,,NA,,NA,,NA,,NA,,NA,,NA,,NA,,NA,,NA,,NA,,NA,,NA,yes,normal,normal,0,,47,,,NA,turn and lift,yes,NA,yes,NA,yes,NA,small corer,yes,NA,yes,NA,yes,normal,19,,19,,turn and lift,no,,NA,NA,NA,,NA,1,
08/12/2023,SS74-X-05,SS74,Sample location delocated to a 10km square (see metadata),270000,140000,275000,145000,1,56,46,no,no,0,,16,,0,,7.7,,yes,NA,2,,20,,2,,,NA,,NA,,NA,,NA,,NA,,NA,,NA,,NA,20,,2,,yes,catcher,catcher,0,,49.1,,,NA,turn and lift,yes,NA,yes,NA,yes,NA,small corer,yes,NA,no,stones,yes,catcher,18.5,,18.5,,turn and lift,no,,NA,NA,NA,,NA,1,
08/12/2023,SS74-X-05,SS74,Sample location delocated to a 10km square (see metadata),270000,140000,275000,145000,1,56,11,no,no,0,,10,,0,,7.7,,yes,NA,2,,22,,2,,,NA,,NA,,NA,,NA,,NA,,NA,,NA,,NA,22,,2,,yes,catcher,catcher,0,,50,,,NA,turn and lift,yes,NA,yes,NA,yes,NA,small corer,yes,NA,yes,NA,yes,catcher,19,,19,,turn and lift,no,,NA,NA,NA,,NA,1,
08/12/2023,SS74-X-05,SS74,Sample location delocated to a 10km square (see metadata),270000,140000,275000,145000,1,56,28,no,no,0,,7,,0,,7.8,,yes,NA,2,,20,,2,,,NA,,NA,,NA,,NA,,NA,,NA,,NA,,NA,20,,2,,yes,catcher,catcher,0,,47,,,NA,turn and lift,yes,NA,yes,NA,yes,NA,small corer,yes,NA,no,stones,yes,catcher,19,,19,,turn and lift,no,,NA,NA,NA,,NA,1,
08/12/2023,SS74-X-05,SS74,Sample location delocated to a 10km square (see metadata),270000,140000,275000,145000,1,56,59,no,no,0,,12,,0,,7.7,,yes,NA,2,,18,,2,,,NA,,NA,,NA,,NA,,NA,,NA,,NA,,NA,18,,2,,yes,catcher,catcher,0,,48,,,NA,turn and lift,yes,NA,yes,NA,yes,NA,repacked (no tip),yes,NA,yes,NA,yes,catcher,18.5,,18.5,,turn and lift,no,,NA,NA,NA,,NA,1,
11/12/2023,SS91-X-02,SS91,Sample location delocated to a 10km square (see metadata),290000,110000,295000,115000,5,83,11,no,no,1,,6,,0,,7.4,,yes,NA,2,,15,,1.5,,30,,1,,,NA,,NA,,NA,,NA,,NA,,NA,30,,1.3,,yes,normal,normal,0,,49,,,NA,turn and lift,yes,NA,yes,NA,yes,NA,small corer,yes,NA,yes,NA,yes,normal,19.5,,,NA,turn and lift,no,,NA,NA,NA,,NA,1,
11/12/2023,SS91-X-02,SS91,Sample location delocated to a 10km square (see metadata),290000,110000,295000,115000,5,83,28,yes,no,0,,19,,0,,8,,yes,NA,2,,15,,1.5,,30,,1,,,NA,,NA,,NA,,NA,,NA,,NA,30,,1.3,,yes,normal,normal,0,,46,,,NA,turn and lift,yes,NA,yes,NA,yes,NA,small corer,yes,NA,yes,NA,yes,normal,18.5,,18.5,,turn and lift,no,,NA,NA,NA,,NA,1,
11/12/2023,SS91-X-02,SS91,Sample location delocated to a 10km square (see metadata),290000,110000,295000,115000,5,83,59,yes,yes,1,,17,,0,,7.6,,yes,NA,2,,20,,1.5,,30,,1,,,NA,,NA,,NA,,NA,,NA,,NA,30,,1.3,,yes,normal,normal,0,,46.5,,,NA,turn and lift,yes,NA,yes,NA,yes,NA,small corer,yes,NA,yes,NA,yes,normal,19.5,,19.5,,turn and lift,no,,NA,NA,NA,,NA,1,
11/12/2023,SS91-X-02,SS91,Sample location delocated to a 10km square (see metadata),290000,110000,295000,115000,5,83,46,no,no,0,,9,,0,,7.9,,yes,NA,2,,20,,1.5,,30,,1,,,NA,,NA,,NA,,NA,,NA,,NA,30,,1.3,,yes,catcher,normal,0,,45.5,,,NA,turn and lift,yes,NA,yes,NA,yes,NA,small corer,yes,NA,yes,NA,yes,catcher,18.4,,18.4,,turn and lift,no,,NA,NA,NA,,NA,1,
12/12/2023,SS91-X-02,SS91,Sample location delocated to a 10km square (see metadata),290000,110000,295000,115000,3,103,28,no,no,0,,9,,0,,8.5,,yes,NA,2,,20,,1.5,,30,,1.5,,,NA,,NA,,NA,,NA,,NA,,NA,30,,1.5,,yes,normal,normal,0,,43,,,NA,dig and tip,yes,NA,yes,NA,yes,NA,small corer,yes,NA,yes,NA,yes,normal,19,,19,,turn and lift,no,,NA,NA,NA,,NA,1,
12/12/2023,SS91-X-02,SS91,Sample location delocated to a 10km square (see metadata),290000,110000,295000,115000,3,103,59,no,no,0,,6,,0,,8.3,,yes,NA,2,,15,,2,,30,,3,,,NA,,NA,,NA,,NA,,NA,,NA,30,,2.5,,yes,normal,normal,0,,43,,,NA,dig and tip,yes,NA,yes,NA,yes,NA,small corer,yes,NA,yes,NA,yes,normal,18,,18,,dig and tip,no,,NA,NA,NA,,NA,1,
12/12/2023,SS91-X-02,SS91,Sample location delocated to a 10km square (see metadata),290000,110000,295000,115000,3,103,46,no,no,0,,7,,0,,8.5,,yes,NA,2,,20,,2,,,NA,,NA,,NA,,NA,,NA,,NA,,NA,,NA,20,,2,,yes,normal,normal,0,,43,,,NA,dig and tip,yes,NA,yes,NA,yes,NA,small corer,yes,NA,yes,NA,yes,normal,18,,18,,dig and tip,no,,NA,NA,NA,,NA,1,
12/12/2023,SS91-X-02,SS91,Sample location delocated to a 10km square (see metadata),290000,110000,295000,115000,3,103,11,no,no,0,,2,,0,,8.4,,yes,NA,2,,30,,2,,,NA,,NA,,NA,,NA,,NA,,NA,,NA,,NA,30,,2,,yes,normal,normal,0,,49,,,NA,turn and lift,yes,NA,yes,NA,yes,NA,small corer,yes,NA,yes,NA,yes,normal,19,,19,,turn and lift,no,,NA,NA,NA,,NA,1,
12/12/2023,SS91-X-02,SS91,Sample location delocated to a 10km square (see metadata),290000,110000,295000,115000,4,1,11,yes,no,0,,11,,0,,8.5,,no,"Too wet, soil is too sloppy",,NA,,NA,,NA,,NA,,NA,,NA,,NA,,NA,,NA,,NA,,NA,,NA,,NA,yes,catcher,catcher,0,,47,,,NA,turn and lift,yes,NA,yes,NA,yes,NA,small corer,yes,NA,yes,NA,yes,catcher,18,,18,,dig and tip,no,,NA,NA,NA,,NA,1,
12/12/2023,SS91-X-02,SS91,Sample location delocated to a 10km square (see metadata),290000,110000,295000,115000,4,1,28,yes,no,0,,12,,0,,8.5,,no,Ground turns to slop,,NA,,NA,,NA,,NA,,NA,,NA,,NA,,NA,,NA,,NA,,NA,,NA,,NA,yes,catcher,catcher,0,,49,,,NA,dig and tip,yes,NA,yes,NA,yes,NA,small corer,yes,NA,yes,NA,yes,catcher,18,,18,,dig and tip,no,,NA,NA,NA,,NA,1,
12/12/2023,SS91-X-02,SS91,Sample location delocated to a 10km square (see metadata),290000,110000,295000,115000,4,1,59,yes,no,0,,5,,0,,8.5,,no,Turns to slop,,NA,,NA,,NA,,NA,,NA,,NA,,NA,,NA,,NA,,NA,,NA,,NA,,NA,yes,catcher,catcher,0,,48,,,NA,turn and lift,yes,NA,yes,NA,yes,NA,small corer,yes,NA,yes,NA,yes,catcher,18,,18,,dig and tip,no,,NA,NA,NA,,NA,1,
12/12/2023,SS91-X-02,SS91,Sample location delocated to a 10km square (see metadata),290000,110000,295000,115000,4,1,46,no,no,0,,5,,0,,8.4,,no,Turns to slop,,NA,,NA,,NA,,NA,,NA,,NA,,NA,,NA,,NA,,NA,,NA,,NA,,NA,yes,catcher,catcher,0,,46,,,NA,turn and lift,yes,NA,yes,NA,yes,NA,small corer,yes,NA,yes,NA,yes,catcher,18,,18,,dig and tip,no,,NA,NA,NA,,NA,1,
12/12/2023,SS91-X-02,SS91,Sample location delocated to a 10km square (see metadata),290000,110000,295000,115000,2,113,46,no,no,0,,19,,0,,8,,yes,NA,2,,22,,2,,,NA,,NA,,NA,,NA,,NA,,NA,,NA,,NA,22,,2,,yes,catcher,catcher,0,,47,,,NA,turn and lift,yes,NA,yes,NA,yes,NA,small corer,yes,NA,yes,NA,yes,catcher,19,,19,,turn and lift,no,,NA,NA,NA,,NA,1,
13/12/2023,SS91-X-02,SS91,Sample location delocated to a 10km square (see metadata),290000,110000,295000,115000,2,113,59,yes,no,0,,5,,0,,8.1,,yes,NA,2,,18,,1.5,,,NA,,NA,,NA,,NA,,NA,,NA,,NA,,NA,18,,1.5,,yes,catcher,catcher,0,,48,,,NA,turn and lift,yes,NA,yes,NA,yes,NA,small corer,yes,NA,yes,NA,yes,catcher,17.8,,17.8,,turn and lift,no,,NA,NA,NA,,NA,1,
13/12/2023,SS91-X-02,SS91,Sample location delocated to a 10km square (see metadata),290000,110000,295000,115000,2,113,28,yes,no,0,,7,,0,,8,,yes,NA,2,,20,,2,,,NA,,NA,,NA,,NA,,NA,,NA,,NA,,NA,20,,2,,yes,catcher,catcher,0,,48,,,NA,turn and lift,yes,NA,yes,NA,yes,NA,small corer,yes,NA,yes,NA,yes,catcher,18.5,,18.5,,turn and lift,no,,NA,NA,NA,,NA,1,
13/12/2023,SS91-X-02,SS91,Sample location delocated to a 10km square (see metadata),290000,110000,295000,115000,2,113,11,yes,no,0,,21,,0,,8,,yes,NA,2,,30,,2,,,NA,,NA,,NA,,NA,,NA,,NA,,NA,,NA,30,,2,,yes,catcher,catcher,0,,48,,,NA,turn and lift,yes,NA,yes,NA,yes,NA,small corer,yes,NA,yes,NA,yes,catcher,19,,19,,turn and lift,no,,NA,NA,NA,,NA,1,
13/12/2023,SS91-X-02,SS91,Sample location delocated to a 10km square (see metadata),290000,110000,295000,115000,1,85,46,no,no,0,,14,,0,,8.5,,yes,NA,2,,30,,1,,,NA,,NA,,NA,,NA,,NA,,NA,,NA,,NA,30,,1,,yes,catcher,catcher,0,,46.5,,,NA,turn and lift,yes,NA,yes,NA,yes,NA,repacked (no tip),yes,NA,yes,NA,yes,catcher,16.5,,16.5,,turn and lift,no,,NA,NA,NA,,NA,1,
13/12/2023,SS91-X-02,SS91,Sample location delocated to a 10km square (see metadata),290000,110000,295000,115000,1,85,59,yes,no,0,,34,,0,,8.4,,yes,NA,2,,30,,1,,,NA,,NA,,NA,,NA,,NA,,NA,,NA,,NA,30,,1,,yes,catcher,catcher,0,,48,,,NA,turn and lift,yes,NA,yes,NA,yes,NA,small corer,yes,NA,yes,NA,yes,catcher,18,,18,,turn and lift,no,,NA,NA,NA,,NA,1,
13/12/2023,SS91-X-02,SS91,Sample location delocated to a 10km square (see metadata),290000,110000,295000,115000,1,85,28,no,yes,0,,12,,0,,8.5,,yes,NA,2,,30,,1,,,NA,,NA,,NA,,NA,,NA,,NA,,NA,,NA,30,,1,,yes,catcher,catcher,0,,48.5,,,NA,turn and lift,yes,NA,yes,NA,yes,NA,small corer,yes,NA,yes,NA,yes,catcher,18.5,,18.5,,turn and lift,no,,NA,NA,NA,,NA,1,
13/12/2023,SS91-X-02,SS91,Sample location delocated to a 10km square (see metadata),290000,110000,295000,115000,1,85,11,yes,no,0,,12,,0,,8.3,,yes,NA,2,,30,,1,,,NA,,NA,,NA,,NA,,NA,,NA,,NA,,NA,30,,1,,yes,catcher,catcher,0,,46,,,NA,turn and lift,yes,NA,yes,NA,yes,NA,small corer,yes,NA,yes,NA,yes,catcher,17.5,,17.5,,turn and lift,no,,NA,NA,NA,,NA,1,
12/02/2024,SS92-X-58,SS92,Sample location delocated to a 10km square (see metadata),290000,120000,295000,125000,2,87,28,no,no,0,,27,,0,,4.3,,no,Too wet and too Stony. Plot is on top of old railway line,,NA,,NA,,NA,,NA,,NA,,NA,,NA,,NA,,NA,,NA,,NA,,NA,,NA,yes,catcher,catcher,0,,48,,,NA,turn and lift,yes,NA,yes,NA,yes,NA,small corer,yes,NA,yes,NA,yes,catcher,19,,19,,turn and lift,no,,NA,NA,NA,,NA,1,
12/02/2024,SS92-X-58,SS92,Sample location delocated to a 10km square (see metadata),290000,120000,295000,125000,2,87,59,no,no,0,,1,,0,,7.3,,yes,NA,1,,20,,3,,,NA,,NA,,NA,,NA,,NA,,NA,,NA,,NA,20,,3,,yes,catcher,catcher,0,,33,,,NULL,turn and lift,yes,NA,yes,NA,no,big_stones,small corer,yes,NA,no,hit rock,yes,catcher,17,,17,,turn and lift,no,,NA,NA,NA,,NA,1,
12/02/2024,SS92-X-58,SS92,Sample location delocated to a 10km square (see metadata),290000,120000,295000,125000,2,87,46,no,no,0,,20,,0,,4.8,,yes,NA,3,,20,,3,,,NA,,NA,,NA,,NA,,NA,,NA,,NA,,NA,20,,3,,yes,catcher,catcher,0,,48,,,NA,turn and lift,yes,NA,yes,NA,yes,NA,small corer,yes,NA,no,hard and shallow soil,yes,normal,18,,18,,turn and lift,no,,NA,NA,NA,,NA,1,
12/02/2024,SS92-X-58,SS92,Sample location delocated to a 10km square (see metadata),290000,120000,295000,125000,2,87,11,no,no,0,,1,,0,,7.4,,yes,NA,1,,30,,4,,,NA,,NA,,NA,,NA,,NA,,NA,,NA,,NA,30,,4,,yes,catcher,catcher,0,,24,,,NULL,turn and lift,yes,NA,no,too_hard,no,too_hard,small corer,yes,NA,no,dry and hard soil,yes,normal,17,,17,,turn and lift,no,,NA,NA,NA,,NA,1,
13/02/2024,SS92-X-58,SS92,Sample location delocated to a 10km square (see metadata),290000,120000,295000,125000,1,37,11,no,yes,0,,10,,0,,6.1,,yes,NA,1,,30,,3,,,NA,,NA,,NA,,NA,,NA,,NA,,NA,,NA,30,,3,,yes,catcher,catcher,0,,46.5,,,NA,turn and lift,yes,NA,yes,NA,yes,NA,small corer,yes,NA,yes,NA,yes,catcher,19,,19,,turn and lift,no,,NA,NA,NA,,NA,1,
13/02/2024,SS92-X-58,SS92,Sample location delocated to a 10km square (see metadata),290000,120000,295000,125000,1,37,28,no,no,0,,11,,0,,6.3,,yes,NA,2,,25,,1.5,,,NA,,NA,,NA,,NA,,NA,,NA,,NA,,NA,25,,1.5,,yes,normal,normal,0,,46.5,,,NA,turn and lift,yes,NA,yes,NA,yes,NA,small corer,yes,NA,yes,NA,yes,normal,20,,20,,turn and lift,no,,NA,NA,NA,,NA,1,
13/02/2024,SS92-X-58,SS92,Sample location delocated to a 10km square (see metadata),290000,120000,295000,125000,1,37,59,no,yes,0,,11,,0,,6.4,,yes,NA,3,,30,,2.5,,,NA,,NA,,NA,,NA,,NA,,NA,,NA,,NA,30,,2.5,,yes,catcher,catcher,0,,47,,,NA,turn and lift,yes,NA,yes,NA,yes,NA,small corer,yes,NA,yes,NA,yes,catcher,18,,18,,turn and lift,no,,NA,NA,NA,,NA,1,
13/02/2024,SS92-X-58,SS92,Sample location delocated to a 10km square (see metadata),290000,120000,295000,125000,1,37,46,no,no,0,,13,,0,,6.3,,yes,NA,2,,30,,1.5,,,NA,,NA,,NA,,NA,,NA,,NA,,NA,,NA,30,,1.5,,yes,normal,normal,0,,45,,,NA,turn and lift,yes,NA,yes,NA,yes,NA,small corer,yes,NA,yes,NA,yes,normal,16,,16,,turn and lift,no,,NA,NA,NA,,NA,1,
03/04/2023,ST02-X-95,ST02,Sample location delocated to a 10km square (see metadata),300000,120000,305000,125000,3,110,11,no,no,0,,11,,8,,9.1,,yes,NA,,NULL,30,,1.5,,,NA,,NA,,NA,,NA,,NA,,NA,,NA,,NA,30,,1.5,,yes,normal,normal,0,,43,,43,,turn and lift,yes,NA,yes,NA,yes,NA,small corer,yes,NA,yes,NA,yes,normal,17,,0,,turn and lift,NULL,,NULL,NULL,NULL,,NULL,,NULL
03/04/2023,ST02-X-95,ST02,Sample location delocated to a 10km square (see metadata),300000,120000,305000,125000,3,110,28,no,no,0,,7,,2,,8.9,,yes,NA,,NULL,30,,1.5,,,NA,,NA,,NA,,NA,,NA,,NA,,NA,,NA,30,,1.5,,yes,normal,normal,0,,43,,43,,turn and lift,yes,NA,yes,NA,yes,NA,small corer,no,NULL,no,hit rock,yes,normal,19,,19,,turn and lift,NULL,,NULL,NULL,NULL,,NULL,,NULL
03/04/2023,ST02-X-95,ST02,Sample location delocated to a 10km square (see metadata),300000,120000,305000,125000,3,110,59,no,no,0,,8,,2,,8.1,,yes,NA,,NULL,30,,1.5,,,NA,,NA,,NA,,NA,,NA,,NA,,NA,,NA,30,,1.5,,yes,normal,normal,1,,42.5,,42.5,,turn and lift,yes,NA,yes,NA,yes,NA,small corer,yes,NA,yes,NA,yes,normal,17,,17,,turn and lift,NULL,,NULL,NULL,NULL,,NULL,,NULL
03/04/2023,ST02-X-95,ST02,Sample location delocated to a 10km square (see metadata),300000,120000,305000,125000,3,110,46,no,yes,1,,8,,11,,8.7,,yes,NA,2,,30,,2,,,NA,,NA,,NA,,NA,,NA,,NA,,NA,,NA,30,,2,,yes,normal,normal,0,,43,,43,,turn and lift,yes,NA,yes,NA,yes,NA,small corer,yes,NA,yes,NA,yes,normal,18,,18,,turn and lift,NULL,,NULL,NULL,NULL,,NULL,,NULL
03/04/2023,ST02-X-95,ST02,Sample location delocated to a 10km square (see metadata),300000,120000,305000,125000,2,41,11,no,no,0,,8,,0,,10.8,,yes,NA,,NULL,10,,1.5,,30,,2,,,NA,,NA,,NA,,NA,,NA,,NA,30,,1.8,,yes,normal,normal,0,,42.5,,42.5,,turn and lift,yes,NA,yes,NA,yes,NA,small corer,yes,NA,yes,NA,yes,normal,19,,,NA,turn and lift,NULL,,NULL,NULL,NULL,,NULL,,NULL
03/04/2023,ST02-X-95,ST02,Sample location delocated to a 10km square (see metadata),300000,120000,305000,125000,2,41,28,no,no,0,,6,,1,,11.4,,yes,NA,,NULL,30,,1.5,,,NA,,NA,,NA,,NA,,NA,,NA,,NA,,NA,30,,1.5,,yes,normal,normal,1,,43,,43,,turn and lift,yes,NA,yes,NA,yes,NA,small corer,yes,NA,yes,NA,yes,normal,18,,18,,turn and lift,NULL,,NULL,NULL,NULL,,NULL,,NULL
03/04/2023,ST02-X-95,ST02,Sample location delocated to a 10km square (see metadata),300000,120000,305000,125000,2,41,59,no,no,0,,2,,0,,10.3,,yes,NA,,NULL,10,,2,,30,,1.5,,,NA,,NA,,NA,,NA,,NA,,NA,30,,1.7,,yes,normal,normal,1,,44.2,,,NA,turn and lift,yes,NA,yes,NA,yes,NA,small corer,yes,NA,yes,NA,yes,normal,18.5,,18.5,,turn and lift,NULL,,NULL,NULL,NULL,,NULL,,NULL
03/04/2023,ST02-X-95,ST02,Sample location delocated to a 10km square (see metadata),300000,120000,305000,125000,2,41,46,no,yes,2,,5,,1,,11.7,,yes,NA,,NULL,10,,2,,30,,1.5,,,NA,,NA,,NA,,NA,,NA,,NA,30,,1.7,,yes,normal,normal,0,,42,,42,,turn and lift,yes,NA,yes,NA,yes,NA,small corer,yes,NA,yes,NA,yes,normal,19.5,,19.5,,turn and lift,NULL,,NULL,NULL,NULL,,NULL,,NULL
04/04/2023,ST10-X-03,ST10,Sample location delocated to a 10km square (see metadata),310000,100000,315000,105000,1,112,11,no,no,0,,24,,2,,8.3,,yes,NA,,NULL,15,,1.5,,30,,2.5,,,NA,,NA,,NA,,NA,,NA,,NA,30,,2,,yes,normal,normal,0,,44,,44,,turn and lift,yes,NA,yes,NA,yes,NA,small corer,yes,NA,yes,NA,yes,normal,21,,21,,turn and lift,NULL,,NULL,NULL,NULL,,NULL,,NULL
04/04/2023,ST10-X-03,ST10,Sample location delocated to a 10km square (see metadata),310000,100000,315000,105000,1,112,28,no,no,0,,21,,2,,8.2,,yes,NA,,NULL,10,,1,,30,,1.5,,,NA,,NA,,NA,,NA,,NA,,NA,30,,1.3,,yes,normal,normal,0,,43,,43,,turn and lift,yes,NA,yes,NA,yes,NA,small corer,yes,NA,yes,NA,yes,normal,18,,18,,turn and lift,NULL,,NULL,NULL,NULL,,NULL,,NULL
04/04/2023,ST10-X-03,ST10,Sample location delocated to a 10km square (see metadata),310000,100000,315000,105000,1,112,46,no,no,0,,14,,3,,8.3,,yes,NA,,NULL,10,,1.5,,30,,2,,,NA,,NA,,NA,,NA,,NA,,NA,30,,1.8,,yes,normal,normal,0,,42,,42,,turn and lift,yes,NA,yes,NA,yes,NA,small corer,yes,NA,yes,NA,yes,normal,18,,18,,turn and lift,NULL,,NULL,NULL,NULL,,NULL,,NULL
04/04/2023,ST10-X-03,ST10,Sample location delocated to a 10km square (see metadata),310000,100000,315000,105000,1,112,59,no,no,0,,21,,0,,8,,yes,NA,,NULL,10,,1,,30,,2.5,,,NA,,NA,,NA,,NA,,NA,,NA,30,,2,,yes,normal,normal,0,,43,,43,,turn and lift,yes,NA,yes,NA,yes,NA,small corer,yes,NA,yes,NA,yes,normal,19,,19,,turn and lift,NULL,,NULL,NULL,NULL,,NULL,,NULL
04/04/2023,ST10-X-03,ST10,Sample location delocated to a 10km square (see metadata),310000,100000,315000,105000,2,73,28,no,no,0,,6,,0,,9.2,,yes,NA,,NULL,15,,1,,30,,1.5,,,NA,,NA,,NA,,NA,,NA,,NA,30,,1.3,,yes,normal,normal,1,,44,,44,,turn and lift,yes,NA,yes,NA,yes,NA,small corer,yes,NA,yes,NA,yes,normal,18.5,,18.5,,turn and lift,NULL,,NULL,NULL,NULL,,NULL,,NULL
04/04/2023,ST10-X-03,ST10,Sample location delocated to a 10km square (see metadata),310000,100000,315000,105000,2,73,11,no,yes,0,,8,,1,,8.7,,yes,NA,,NULL,30,,1,,,NA,,NA,,NA,,NA,,NA,,NA,,NA,,NA,30,,1,,yes,normal,normal,1,,45,,45,,turn and lift,yes,NA,yes,NA,yes,NA,small corer,yes,NA,yes,NA,yes,normal,19,,19,,turn and lift,NULL,,NULL,NULL,NULL,,NULL,,NULL
04/04/2023,ST10-X-03,ST10,Sample location delocated to a 10km square (see metadata),310000,100000,315000,105000,2,73,46,no,no,0,,6,,6,,9,,yes,NA,,NULL,10,,1.5,,30,,2,,,NA,,NA,,NA,,NA,,NA,,NA,30,,1.8,,yes,normal,normal,1,,41,,41,,turn and lift,yes,NA,yes,NA,yes,NA,small corer,yes,NA,yes,NA,yes,normal,19,,19,,turn and lift,NULL,,NULL,NULL,NULL,,NULL,,NULL
04/04/2023,ST10-X-03,ST10,Sample location delocated to a 10km square (see metadata),310000,100000,315000,105000,2,73,59,no,no,0,,9,,2,,9,,yes,NA,2,,10,,1,,20,,1.5,,30,,2,,,NA,,NA,,NA,,NA,30,,1.5,,yes,normal,normal,1,,43,,43,,turn and lift,yes,NA,yes,NA,yes,NA,small corer,yes,NA,yes,NA,yes,normal,16,,16,,turn and lift,NULL,,NULL,NULL,NULL,,NULL,,NULL
17/04/2023,ST10-X-73,ST10,Sample location delocated to a 10km square (see metadata),310000,100000,315000,105000,3,85,11,yes,yes,2,,25,,4,,10.3,,yes,NA,,NULL,30,,2.5,,,NA,,NA,,NA,,NA,,NA,,NA,,NA,,NA,30,,2.5,,yes,normal,normal,0,,41.5,,41.5,,turn and lift,yes,NA,yes,NA,yes,NA,small corer,yes,NA,yes,NA,yes,normal,18.5,,,NA,turn and lift,NULL,,NULL,NULL,NULL,,NULL,,NULL
17/04/2023,ST10-X-73,ST10,Sample location delocated to a 10km square (see metadata),310000,100000,315000,105000,3,85,28,yes,yes,1,,22,,4,,10.6,,yes,NA,,NULL,10,,2,,30,,2.5,,,NA,,NA,,NA,,NA,,NA,,NA,30,,2.3,,yes,normal,normal,0,,43.5,,43.5,,turn and lift,yes,NA,yes,NA,yes,NA,small corer,yes,NA,yes,NA,yes,normal,19,,19,,turn and lift,NULL,,NULL,NULL,NULL,,NULL,,NULL
17/04/2023,ST10-X-73,ST10,Sample location delocated to a 10km square (see metadata),310000,100000,315000,105000,3,85,46,yes,yes,2,,16,,0,,10.3,,yes,NA,,NULL,15,,3,,30,,2.5,,,NA,,NA,,NA,,NA,,NA,,NA,30,,2.8,,yes,normal,normal,0,,42,,42,,turn and lift,yes,NA,yes,NA,yes,NA,small corer,yes,NA,yes,NA,yes,normal,20,,20,,turn and lift,NULL,,NULL,NULL,NULL,,NULL,,NULL
17/04/2023,ST10-X-73,ST10,Sample location delocated to a 10km square (see metadata),310000,100000,315000,105000,3,85,59,yes,yes,0,,12,,0,,10.1,,yes,NA,,NULL,18,,3,,30,,2.5,,,NA,,NA,,NA,,NA,,NA,,NA,30,,2.8,,yes,normal,normal,0,,41.5,,41.5,,turn and lift,yes,NA,yes,NA,yes,NA,small corer,yes,NA,yes,NA,yes,normal,19,,,NA,turn and lift,NULL,,NULL,NULL,NULL,,NULL,,NULL
17/04/2023,ST10-X-73,ST10,Sample location delocated to a 10km square (see metadata),310000,100000,315000,105000,2,97,11,yes,yes,4,,19,,1,,11.1,,yes,NA,1,,12,,2.5,,30,,2,,,NA,,NA,,NA,,NA,,NA,,NA,30,,2.2,,yes,normal,normal,0,,43,,43,,turn and lift,yes,NA,yes,NA,yes,NA,small corer,yes,NA,yes,NA,yes,normal,20,,20,,turn and lift,NULL,,NULL,NULL,NULL,,NULL,,NULL
17/04/2023,ST10-X-73,ST10,Sample location delocated to a 10km square (see metadata),310000,100000,315000,105000,2,97,28,yes,yes,3,,17,,0,,10.9,,yes,NA,1,,30,,2,,,NA,,NA,,NA,,NA,,NA,,NA,,NA,,NA,30,,2,,yes,normal,normal,0,,42,,42,,turn and lift,yes,NA,yes,NA,yes,NA,small corer,yes,NA,yes,partial - stones,yes,normal,19.4,,19.4,,turn and lift,NULL,,NULL,NULL,NULL,,NULL,,NULL
17/04/2023,ST10-X-73,ST10,Sample location delocated to a 10km square (see metadata),310000,100000,315000,105000,2,97,46,yes,yes,4,,20,,0,,11.2,,yes,NA,1,,12,,2,,30,,1.5,,,NA,,NA,,NA,,NA,,NA,,NA,30,,1.7,,yes,normal,normal,0,,42,,42,,turn and lift,yes,NA,yes,NA,yes,NA,small corer,yes,NA,yes,NA,yes,normal,21,,21,,turn and lift,NULL,,NULL,NULL,NULL,,NULL,,NULL
17/04/2023,ST10-X-73,ST10,Sample location delocated to a 10km square (see metadata),310000,100000,315000,105000,2,97,59,yes,yes,3,,13,,0,,11,,yes,NA,1,,13,,2,,30,,1.5,,,NA,,NA,,NA,,NA,,NA,,NA,30,,1.7,,yes,normal,normal,0,,43,,43,,turn and lift,yes,NA,yes,NA,yes,NA,small corer,yes,NA,yes,NA,yes,normal,21,,21,,turn and lift,NULL,,NULL,NULL,NULL,,NULL,,NULL
18/04/2023,ST10-X-73,ST10,Sample location delocated to a 10km square (see metadata),310000,100000,315000,105000,4,85,11,yes,yes,2,,32,,3,,8.9,,yes,NA,1,,30,,2.5,,,NA,,NA,,NA,,NA,,NA,,NA,,NA,,NA,30,,2.5,,yes,normal,normal,0,,43,,43,,turn and lift,yes,NA,yes,NA,yes,NA,small corer,yes,NA,yes,NA,yes,normal,18,,18,,turn and lift,NULL,,NULL,NULL,NULL,,NULL,,NULL
18/04/2023,ST10-X-73,ST10,Sample location delocated to a 10km square (see metadata),310000,100000,315000,105000,4,85,28,yes,yes,3,,26,,3,,9.1,,yes,NA,1,,30,,3,,,NA,,NA,,NA,,NA,,NA,,NA,,NA,,NA,30,,3,,yes,normal,normal,0,,43,,43,,turn and lift,yes,NA,yes,NA,yes,NA,small corer,yes,NA,yes,NA,yes,normal,19,,19,,turn and lift,NULL,,NULL,NULL,NULL,,NULL,,NULL
18/04/2023,ST10-X-73,ST10,Sample location delocated to a 10km square (see metadata),310000,100000,315000,105000,4,85,46,yes,yes,4,,16,,0,,9.2,,yes,NA,1,,30,,3,,,NA,,NA,,NA,,NA,,NA,,NA,,NA,,NA,30,,3,,yes,normal,normal,0,,42,,42,,turn and lift,yes,NA,yes,NA,yes,NA,small corer,yes,NA,yes,NA,yes,normal,19.5,,19.5,,turn and lift,NULL,,NULL,NULL,NULL,,NULL,,NULL
18/04/2023,ST10-X-73,ST10,Sample location delocated to a 10km square (see metadata),310000,100000,315000,105000,4,85,59,yes,yes,1,,31,,0,,9.1,,yes,NA,1,,30,,3,,,NA,,NA,,NA,,NA,,NA,,NA,,NA,,NA,30,,3,,yes,normal,normal,0,,43,,43,,turn and lift,yes,NA,yes,NA,yes,NA,small corer,yes,NA,yes,NA,yes,normal,19,,19,,turn and lift,NULL,,NULL,NULL,NULL,,NULL,,NULL
18/04/2023,ST10-X-73,ST10,Sample location delocated to a 10km square (see metadata),310000,100000,315000,105000,1,85,11,yes,yes,1,,32,,8,,10.2,,yes,NA,,NULL,30,,1.5,,,NA,,NA,,NA,,NA,,NA,,NA,,NA,,NA,30,,1.5,,yes,normal,normal,0,,42,,42,,turn and lift,yes,NA,yes,NA,yes,NA,small corer,yes,NA,yes,NA,yes,normal,20.5,,20.5,,turn and lift,NULL,,NULL,NULL,NULL,,NULL,,NULL
18/04/2023,ST10-X-73,ST10,Sample location delocated to a 10km square (see metadata),310000,100000,315000,105000,1,85,28,yes,no,0,,35,,7,,10.1,,yes,NA,,NULL,15,,1.5,,30,,2,,,NA,,NA,,NA,,NA,,NA,,NA,30,,1.8,,yes,normal,normal,0,,44,,44,,turn and lift,yes,NA,yes,NA,yes,NA,small corer,yes,NA,yes,NA,yes,normal,22,,,NA,turn and lift,NULL,,NULL,NULL,NULL,,NULL,,NULL
18/04/2023,ST10-X-73,ST10,Sample location delocated to a 10km square (see metadata),310000,100000,315000,105000,1,85,59,yes,yes,1,,25,,3,,10,,yes,NA,2,,30,,1.5,,,NA,,NA,,NA,,NA,,NA,,NA,,NA,,NA,30,,1.5,,yes,normal,normal,0,,43.5,,43.5,,turn and lift,yes,NA,yes,NA,yes,NA,small corer,yes,NA,yes,NA,yes,normal,20.5,,20.5,,turn and lift,NULL,,NULL,NULL,NULL,,NULL,,NULL
18/04/2023,ST10-X-73,ST10,Sample location delocated to a 10km square (see metadata),310000,100000,315000,105000,1,85,46,yes,yes,1,,28,,5,,10.2,,yes,NA,2,,30,,1.5,,,NA,,NA,,NA,,NA,,NA,,NA,,NA,,NA,30,,1.5,,yes,normal,normal,0,,42,,42,,turn and lift,yes,NA,yes,NA,yes,NA,small corer,yes,NA,yes,NA,yes,normal,18.3,,18.3,,turn and lift,NULL,,NULL,NULL,NULL,,NULL,,NULL
22/01/2024,ST32-X-87,ST32,Sample location delocated to a 10km square (see metadata),330000,120000,335000,125000,5,107,28,yes,no,0,,18,,0,,7.1,,yes,NA,2,,30,,2,,,NA,,NA,,NA,,NA,,NA,,NA,,NA,,NA,30,,2,,yes,catcher,catcher,0,,46,,,NA,turn and lift,yes,NA,yes,NA,yes,NA,small corer,yes,NA,yes,NA,yes,catcher,18,,18,,turn and lift,no,,NA,NA,NA,,NA,1,
22/01/2024,ST32-X-87,ST32,Sample location delocated to a 10km square (see metadata),330000,120000,335000,125000,5,107,59,yes,no,0,,15,,0,,7.3,,yes,NA,,NULL,29,,2,,,NA,,NA,,NA,,NA,,NA,,NA,,NA,,NA,29,,2,,yes,catcher,catcher,0,,44,,,NA,turn and lift,yes,NA,yes,NA,yes,NA,small corer,yes,NA,yes,NA,yes,catcher,18,,18,,turn and lift,no,,NA,NA,NA,,NA,1,
22/01/2024,ST32-X-87,ST32,Sample location delocated to a 10km square (see metadata),330000,120000,335000,125000,5,107,46,yes,no,0,,17,,0,,7.3,,yes,NA,2,,29,,2,,,NA,,NA,,NA,,NA,,NA,,NA,,NA,,NA,29,,2,,yes,catcher,catcher,0,,46,,,NA,turn and lift,yes,NA,yes,NA,yes,NA,small corer,yes,NA,yes,NA,yes,catcher,18,,,NA,turn and lift,no,,NA,NA,NA,,NA,1,
22/01/2024,ST32-X-87,ST32,Sample location delocated to a 10km square (see metadata),330000,120000,335000,125000,5,107,11,yes,no,0,,13,,0,,7.2,,yes,NA,2,,30,,2,,,NA,,NA,,NA,,NA,,NA,,NA,,NA,,NA,30,,2,,yes,catcher,catcher,0,,47,,,NA,dig and tip,yes,NA,yes,NA,yes,NA,small corer,yes,NA,yes,NA,yes,catcher,19,,19,,dig and tip,no,,NA,NA,NA,,NA,1,
27/02/2024,ST56-X-83,ST56,Sample location delocated to a 10km square (see metadata),350000,160000,355000,165000,2,85,11,no,yes,3,,6,,0,,5.5,,yes,NA,1,,20,,3,,30,,4,,,NA,,NA,,NA,,NA,,NA,,NA,30,,3.3,,yes,normal,normal,0,,40.1,,,NA,turn and lift,yes,NA,yes,NA,yes,NA,small corer,yes,NA,yes,NA,yes,normal,17.2,,17.2,,turn and lift,no,,NA,NA,NA,,NA,1,
27/02/2024,ST56-X-83,ST56,Sample location delocated to a 10km square (see metadata),350000,160000,355000,165000,2,85,28,no,no,0,,4,,2,,5.6,,yes,NA,1,,15,,3,,30,,4,,,NA,,NA,,NA,,NA,,NA,,NA,30,,3.5,,yes,normal,normal,0,,42.1,,,NA,turn and lift,yes,NA,yes,NA,yes,NA,small corer,yes,NA,yes,NA,yes,normal,18.1,,18.1,,turn and lift,no,,NA,NA,NA,,NA,1,
27/02/2024,ST56-X-83,ST56,Sample location delocated to a 10km square (see metadata),350000,160000,355000,165000,2,85,46,no,no,0,,3,,1,,5.7,,yes,NA,1,,15,,3,,30,,3.5,,,NA,,NA,,NA,,NA,,NA,,NA,30,,3.3,,yes,normal,normal,0,,43.7,,,NA,turn and lift,yes,NA,yes,NA,yes,NA,small corer,yes,NA,yes,NA,yes,normal,18.9,,18.9,,turn and lift,no,,NA,NA,NA,,NA,1,
27/02/2024,ST56-X-83,ST56,Sample location delocated to a 10km square (see metadata),350000,160000,355000,165000,2,85,59,yes,no,0,,2,,0,,5.7,,yes,NA,1,,15,,3.5,,30,,3.5,,,NA,,NA,,NA,,NA,,NA,,NA,30,,3.5,,yes,normal,normal,0,,43.4,,,NA,turn and lift,yes,NA,yes,NA,yes,NA,small corer,yes,NA,yes,NA,yes,normal,16.9,,16.9,,turn and lift,no,,NA,NA,NA,,NA,1,
27/02/2024,ST56-X-83,ST56,Sample location delocated to a 10km square (see metadata),350000,160000,355000,165000,5,121,11,no,yes,4,,8,,0,,6.8,,yes,NA,2,,15,,2,,30,,1.5,,,NA,,NA,,NA,,NA,,NA,,NA,30,,1.8,,yes,normal,normal,0,,43.9,,,NA,turn and lift,yes,NA,yes,NA,yes,NA,small corer,yes,NA,yes,NA,yes,normal,17.7,,17.7,,turn and lift,no,,NA,NA,NA,,NA,1,
27/02/2024,ST56-X-83,ST56,Sample location delocated to a 10km square (see metadata),350000,160000,355000,165000,5,121,28,no,no,0,,11,,2,,7,,yes,NA,1,,15,,2.5,,30,,2,,,NA,,NA,,NA,,NA,,NA,,NA,30,,2.3,,yes,normal,normal,0,,44,,,NA,turn and lift,yes,NA,yes,NA,yes,NA,small corer,yes,NA,yes,NA,yes,normal,17.7,,17.7,,turn and lift,no,,NA,NA,NA,,NA,1,
27/02/2024,ST56-X-83,ST56,Sample location delocated to a 10km square (see metadata),350000,160000,355000,165000,5,121,46,no,no,2,,19,,3,,6.8,,yes,NA,1,,15,,3,,30,,2.5,,,NA,,NA,,NA,,NA,,NA,,NA,30,,2.8,,yes,normal,normal,0,,44.6,,,NA,turn and lift,yes,NA,yes,NA,yes,NA,small corer,yes,NA,yes,NA,yes,normal,17.9,,17.9,,turn and lift,no,,NA,NA,NA,,NA,1,
27/02/2024,ST56-X-83,ST56,Sample location delocated to a 10km square (see metadata),350000,160000,355000,165000,5,121,59,no,yes,1,,21,,3,,6.7,,yes,NA,1,,30,,2.5,,,NA,,NA,,NA,,NA,,NA,,NA,,NA,,NA,30,,2.5,,yes,normal,normal,0,,44.1,,,NA,turn and lift,yes,NA,yes,NA,yes,NA,small corer,yes,NA,yes,NA,yes,normal,18.2,,18.2,,turn and lift,no,,NA,NA,NA,,NA,1,
06/02/2024,ST58-X-97,ST58,Sample location delocated to a 10km square (see metadata),350000,180000,355000,185000,1,85,28,no,no,0,,12,,0,,9.5,,yes,NA,2,,10,,1.5,,30,,2,,,NA,,NA,,NA,,NA,,NA,,NA,30,,1.8,,yes,serrated,serrated,0,,44,,,NA,turn and lift,yes,NA,yes,NA,yes,NA,small corer,yes,NA,yes,NA,yes,serrated,18,,18,,turn and lift,no,,NA,NA,NA,,NA,1,
06/02/2024,ST58-X-97,ST58,Sample location delocated to a 10km square (see metadata),350000,180000,355000,185000,1,85,59,no,no,0,,13,,0,,9.4,,yes,NA,2,,10,,1.5,,30,,2,,,NA,,NA,,NA,,NA,,NA,,NA,30,,1.8,,yes,serrated,serrated,0,,44.5,,,NA,turn and lift,yes,NA,yes,NA,yes,NA,small corer,yes,NA,yes,NA,yes,serrated,19,,19,,turn and lift,no,,NA,NA,NA,,NA,1,
06/02/2024,ST58-X-97,ST58,Sample location delocated to a 10km square (see metadata),350000,180000,355000,185000,1,85,46,no,no,0,,17,,0,,9.4,,yes,NA,2,,15,,1.5,,30,,2,,,NA,,NA,,NA,,NA,,NA,,NA,30,,1.8,,yes,serrated,serrated,0,,44,,,NA,turn and lift,yes,NA,yes,NA,yes,NA,small corer,yes,NA,yes,NA,yes,serrated,17,,17,,turn and lift,no,,NA,NA,NA,,NA,1,
06/02/2024,ST58-X-97,ST58,Sample location delocated to a 10km square (see metadata),350000,180000,355000,185000,1,85,11,no,no,0,,15,,0,,9.5,,yes,NA,2,,30,,1,,,NA,,NA,,NA,,NA,,NA,,NA,,NA,,NA,30,,1,,yes,serrated,serrated,0,,42,,,NA,turn and lift,yes,NA,yes,NA,yes,NA,small corer,yes,NA,yes,NA,yes,serrated,17,,17,,turn and lift,no,,NA,NA,NA,,NA,1,
06/02/2024,ST58-X-97,ST58,Sample location delocated to a 10km square (see metadata),350000,180000,355000,185000,3,96,46,no,no,0,,7,,0,,9,,yes,NA,2,,25,,1.5,,30,,2.5,,,NA,,NA,,NA,,NA,,NA,,NA,30,,1.7,,yes,serrated,serrated,0,,46,,,NA,turn and lift,yes,NA,yes,NA,yes,NA,small corer,yes,NA,yes,NA,yes,serrated,21,,21,,turn and lift,no,,NA,NA,NA,,NA,1,
06/02/2024,ST58-X-97,ST58,Sample location delocated to a 10km square (see metadata),350000,180000,355000,185000,3,96,59,no,no,0,,10,,0,,9.1,,yes,NA,2,,30,,1.5,,,NA,,NA,,NA,,NA,,NA,,NA,,NA,,NA,30,,1.5,,yes,serrated,serrated,0,,47,,,NA,turn and lift,yes,NA,yes,NA,yes,NA,small corer,yes,NA,yes,NA,yes,serrated,19,,19,,turn and lift,no,,NA,NA,NA,,NA,1,
06/02/2024,ST58-X-97,ST58,Sample location delocated to a 10km square (see metadata),350000,180000,355000,185000,3,96,28,no,no,0,,10,,0,,9.3,,yes,NA,2,,30,,1.5,,,NA,,NA,,NA,,NA,,NA,,NA,,NA,,NA,30,,1.5,,yes,serrated,serrated,0,,45,,,NA,turn and lift,yes,NA,yes,NA,yes,NA,small corer,yes,NA,yes,NA,yes,serrated,20,,20,,turn and lift,no,,NA,NA,NA,,NA,1,
06/02/2024,ST58-X-97,ST58,Sample location delocated to a 10km square (see metadata),350000,180000,355000,185000,3,96,11,no,no,0,,9,,0,,9.4,,yes,NA,,NULL,30,,1.5,,,NA,,NA,,NA,,NA,,NA,,NA,,NA,,NA,30,,1.5,,yes,serrated,serrated,0,,43,,,NA,turn and lift,yes,NA,yes,NA,yes,NA,small corer,yes,NA,yes,NA,yes,serrated,21,,21,,turn and lift,no,,NA,NA,NA,,NA,1,
07/02/2024,ST58-X-97,ST58,Sample location delocated to a 10km square (see metadata),350000,180000,355000,185000,4,85,59,no,no,0,,6,,0,,8.2,,yes,NA,2,,30,,3,,,NA,,NA,,NA,,NA,,NA,,NA,,NA,,NA,30,,3,,yes,serrated,serrated,0,,46,,,NA,turn and lift,yes,NA,yes,NA,yes,NA,small corer,yes,NA,yes,partial - stones,yes,serrated,20,,20,,turn and lift,no,,NA,NA,NA,,NA,1,
07/02/2024,ST58-X-97,ST58,Sample location delocated to a 10km square (see metadata),350000,180000,355000,185000,4,85,28,no,no,4,,0,,0,,8.1,,yes,NA,2,,30,,3,,,NA,,NA,,NA,,NA,,NA,,NA,,NA,,NA,30,,3,,yes,serrated,serrated,0,,44,,,NA,turn and lift,yes,NA,yes,NA,yes,NA,small corer,yes,NA,no,stones,yes,serrated,19,,19,,turn and lift,no,,NA,NA,NA,,NA,1,
07/02/2024,ST58-X-97,ST58,Sample location delocated to a 10km square (see metadata),350000,180000,355000,185000,4,85,11,no,no,5,,0,,0,,8.5,,yes,NA,2,,30,,3,,,NA,,NA,,NA,,NA,,NA,,NA,,NA,,NA,30,,3,,yes,serrated,serrated,0,,46,,,NA,turn and lift,yes,NA,yes,NA,yes,NA,small corer,yes,NA,yes,partial - stones,yes,serrated,20,,,NA,turn and lift,no,,NA,NA,NA,,NA,1,
07/02/2024,ST58-X-97,ST58,Sample location delocated to a 10km square (see metadata),350000,180000,355000,185000,4,85,46,no,no,0,,9,,0,,8.1,,yes,NA,2,,30,,3,,,NA,,NA,,NA,,NA,,NA,,NA,,NA,,NA,30,,3,,yes,serrated,serrated,0,,47,,,NA,turn and lift,yes,NA,yes,NA,yes,NA,small corer,yes,NA,no,stones,yes,serrated,19,,19,,turn and lift,no,,NA,NA,NA,,NA,1,
07/02/2024,ST58-X-97,ST58,Sample location delocated to a 10km square (see metadata),350000,180000,355000,185000,2,85,11,no,no,0,,12,,0,,8,,yes,NA,2,,30,,1.5,,,NA,,NA,,NA,,NA,,NA,,NA,,NA,,NA,30,,1.5,,yes,serrated,serrated,0,,47.1,,,NA,turn and lift,yes,NA,yes,NA,yes,NA,small corer,yes,NA,yes,NA,yes,serrated,19,,19,,turn and lift,no,,NA,NA,NA,,NA,1,
07/02/2024,ST58-X-97,ST58,Sample location delocated to a 10km square (see metadata),350000,180000,355000,185000,2,85,46,no,no,0,,13,,0,,8.8,,yes,NA,,NULL,30,,1.5,,,NA,,NA,,NA,,NA,,NA,,NA,,NA,,NA,30,,1.5,,yes,serrated,serrated,0,,48,,,NA,turn and lift,yes,NA,yes,NA,yes,NA,small corer,yes,NA,yes,NA,yes,serrated,20,,20,,turn and lift,no,,NA,NA,NA,,NA,1,
07/02/2024,ST58-X-97,ST58,Sample location delocated to a 10km square (see metadata),350000,180000,355000,185000,2,85,59,no,no,0,,8,,0,,8.7,,yes,NA,,NULL,30,,1.5,,,NA,,NA,,NA,,NA,,NA,,NA,,NA,,NA,30,,1.5,,yes,serrated,serrated,0,,47,,,NA,turn and lift,yes,NA,yes,NA,yes,NA,small corer,yes,NA,yes,NA,yes,serrated,10,,10,,turn and lift,no,,NA,NA,NA,,NA,1,
07/02/2024,ST58-X-97,ST58,Sample location delocated to a 10km square (see metadata),350000,180000,355000,185000,2,85,28,no,no,0,,7,,0,,8.7,,yes,NA,,NULL,30,,1.5,,,NA,,NA,,NA,,NA,,NA,,NA,,NA,,NA,30,,1.5,,yes,serrated,serrated,0,,46,,,NA,turn and lift,yes,NA,yes,NA,yes,NA,small corer,yes,NA,yes,NA,yes,serrated,18,,18,,turn and lift,no,,NA,NA,NA,,NA,1,
19/03/2024,ST64-X-50,ST64,Sample location delocated to a 10km square (see metadata),360000,140000,365000,145000,1,73,11,no,no,0,,1,,12,,9.7,,yes,NA,2,,30,,1.5,,,NA,,NA,,NA,,NA,,NA,,NA,,NA,,NA,30,,1.5,,yes,normal,normal,0,,43.3,,,NA,turn and lift,yes,NA,yes,NA,yes,NA,small corer,yes,NA,yes,NA,yes,normal,19.7,,19.7,,turn and lift,no,,NA,NA,NA,,NA,1,
19/03/2024,ST64-X-50,ST64,Sample location delocated to a 10km square (see metadata),360000,140000,365000,145000,1,73,28,yes,yes,0,,3,,16,,9.7,,yes,NA,2,,29,,2,,30,,1.5,,,NA,,NA,,NA,,NA,,NA,,NA,30,,2,,yes,normal,normal,0,,43.2,,,NA,turn and lift,yes,NA,yes,NA,yes,NA,small corer,yes,NA,yes,NA,yes,normal,19.5,,19.5,,turn and lift,no,,NA,NA,NA,,NA,1,
19/03/2024,ST64-X-50,ST64,Sample location delocated to a 10km square (see metadata),360000,140000,365000,145000,1,73,59,yes,yes,0,,20,,0,,9.7,,yes,NA,2,,30,,2,,,NA,,NA,,NA,,NA,,NA,,NA,,NA,,NA,30,,2,,yes,normal,normal,0,,43.1,,,NA,turn and lift,yes,NA,yes,NA,yes,NA,small corer,yes,NA,yes,NA,yes,normal,19.2,,19.2,,turn and lift,no,,NA,NA,NA,,NA,1,
19/03/2024,ST64-X-50,ST64,Sample location delocated to a 10km square (see metadata),360000,140000,365000,145000,1,73,46,yes,yes,1,,2,,16,,9.8,,yes,NA,2,,10,,2,,30,,1.5,,,NA,,NA,,NA,,NA,,NA,,NA,30,,1.7,,yes,normal,normal,0,,43.7,,,NA,turn and lift,yes,NA,yes,NA,yes,NA,small corer,yes,NA,yes,NA,yes,normal,19.2,,19.2,,turn and lift,no,,NA,NA,NA,,NA,1,
19/03/2024,ST64-X-50,ST64,Sample location delocated to a 10km square (see metadata),360000,140000,365000,145000,3,84,11,yes,yes,1,,8,,4,,9.8,,yes,NA,2,,20,,2,,30,,1,,,NA,,NA,,NA,,NA,,NA,,NA,30,,1.7,,yes,normal,normal,0,,42.7,,,NA,dig and tip,yes,NA,yes,NA,yes,NA,small corer,yes,NA,yes,NA,yes,normal,19.4,,19.4,,turn and lift,no,,NA,NA,NA,,NA,1,
19/03/2024,ST64-X-50,ST64,Sample location delocated to a 10km square (see metadata),360000,140000,365000,145000,3,84,28,no,no,0,,8,,3,,9.5,,yes,NA,2,,30,,1,,,NA,,NA,,NA,,NA,,NA,,NA,,NA,,NA,30,,1,,yes,normal,normal,0,,43.8,,,NA,dig and tip,yes,NA,yes,NA,yes,NA,small corer,yes,NA,yes,NA,yes,normal,21,,21,,turn and lift,no,,NA,NA,NA,,NA,1,
19/03/2024,ST64-X-50,ST64,Sample location delocated to a 10km square (see metadata),360000,140000,365000,145000,3,84,59,yes,yes,0,,6,,1,,9.8,,yes,NA,2,,30,,1.5,,,NA,,NA,,NA,,NA,,NA,,NA,,NA,,NA,30,,1.5,,yes,normal,normal,0,,42.7,,,NA,dig and tip,yes,NA,yes,NA,yes,NA,small corer,yes,NA,yes,NA,yes,normal,16.8,,16.8,,turn and lift,no,,NA,NA,NA,,NA,1,
19/03/2024,ST64-X-50,ST64,Sample location delocated to a 10km square (see metadata),360000,140000,365000,145000,3,84,46,no,no,0,,8,,9,,9.7,,yes,NA,2,,10,,2,,30,,1.5,,,NA,,NA,,NA,,NA,,NA,,NA,30,,1.7,,yes,normal,normal,0,,42.6,,,NA,dig and tip,yes,NA,yes,NA,yes,NA,small corer,yes,NA,yes,NA,yes,normal,20.6,,20.6,,turn and lift,no,,NA,NA,NA,,NA,1,
20/03/2024,ST64-X-50,ST64,Sample location delocated to a 10km square (see metadata),360000,140000,365000,145000,2,96,11,yes,yes,4,,9,,9,,10.5,,yes,NA,2,,30,,2,,,NA,,NA,,NA,,NA,,NA,,NA,,NA,,NA,30,,2,,yes,normal,normal,0,,15,,17,,turn and lift,yes,NA,no,big_stones,no,big_stones,small corer,yes,NA,no,hit rock,yes,normal,20.3,,20.3,,turn and lift,no,,NA,NA,NA,,NA,1,
20/03/2024,ST64-X-50,ST64,Sample location delocated to a 10km square (see metadata),360000,140000,365000,145000,2,96,28,yes,yes,3,,3,,8,,10.3,,yes,NA,2,,20,,2,,,NA,,NA,,NA,,NA,,NA,,NA,,NA,,NA,20,,2,,yes,normal,normal,0,,0,,,NULL,turn and lift,yes,NA,no,big_stones,no,big_stones,small corer,yes,NA,no,hit rock,yes,normal,19.8,,19.8,,turn and lift,no,,NA,NA,NA,,NA,1,
20/03/2024,ST64-X-50,ST64,Sample location delocated to a 10km square (see metadata),360000,140000,365000,145000,2,96,59,yes,yes,2,,4,,4,,11.1,,yes,NA,2,,20,,1.5,,,NA,,NA,,NA,,NA,,NA,,NA,,NA,,NA,20,,1.5,,yes,normal,normal,0,,0,,15.1,,turn and lift,yes,NA,no,big_stones,no,big_stones,small corer,yes,NA,no,stones,yes,catcher,16,,16,,turn and lift,no,,NA,NA,NA,,NA,1,
20/03/2024,ST64-X-50,ST64,Sample location delocated to a 10km square (see metadata),360000,140000,365000,145000,2,96,46,yes,yes,0,,10,,0,,11.2,,yes,NA,2,,30,,1.5,,,NA,,NA,,NA,,NA,,NA,,NA,,NA,,NA,30,,1.5,,yes,normal,normal,0,,0,,31,,turn and lift,yes,NA,yes,NA,no,big_stones,small corer,yes,NA,no,hit rock,yes,normal,16,,16,,turn and lift,no,,NA,NA,NA,,NA,1,
29/01/2024,ST65-X-52,ST65,Sample location delocated to a 10km square (see metadata),360000,150000,365000,155000,2,85,46,no,no,0,,10,,0,,8.3,,yes,NA,2,,30,,1,,,NA,,NA,,NA,,NA,,NA,,NA,,NA,,NA,30,,1,,yes,catcher,catcher,0,,47,,,NA,turn and lift,yes,NA,yes,NA,yes,NA,small corer,yes,NA,yes,NA,yes,catcher,18.5,,18.5,,turn and lift,no,,NA,NA,NA,,NA,1,
29/01/2024,ST65-X-52,ST65,Sample location delocated to a 10km square (see metadata),360000,150000,365000,155000,2,85,11,yes,no,0,,21,,0,,8.3,,yes,NA,2,,30,,1,,,NA,,NA,,NA,,NA,,NA,,NA,,NA,,NA,30,,1,,yes,catcher,catcher,0,,48,,,NA,turn and lift,yes,NA,yes,NA,yes,NA,small corer,yes,NA,yes,NA,yes,catcher,19,,19,,turn and lift,no,,NA,NA,NA,,NA,1,
29/01/2024,ST65-X-52,ST65,Sample location delocated to a 10km square (see metadata),360000,150000,365000,155000,2,85,28,yes,yes,0,,17,,0,,8,,yes,NA,2,,30,,1,,,NA,,NA,,NA,,NA,,NA,,NA,,NA,,NA,30,,1,,yes,catcher,catcher,0,,48.5,,,NA,turn and lift,yes,NA,yes,NA,yes,NA,small corer,yes,NA,yes,NA,yes,catcher,17,,17,,turn and lift,no,,NA,NA,NA,,NA,1,
29/01/2024,ST65-X-52,ST65,Sample location delocated to a 10km square (see metadata),360000,150000,365000,155000,2,85,59,yes,yes,1,,13,,0,,8.2,,yes,NA,2,,30,,1,,,NA,,NA,,NA,,NA,,NA,,NA,,NA,,NA,30,,1,,yes,catcher,catcher,0,,48.5,,,NA,turn and lift,yes,NA,yes,NA,yes,NA,small corer,yes,NA,yes,NA,yes,catcher,19,,19,,turn and lift,no,,NA,NA,NA,,NA,1,
30/01/2024,ST65-X-52,ST65,Sample location delocated to a 10km square (see metadata),360000,150000,365000,155000,4,85,11,no,no,0,,2,,0,,7.4,,yes,NA,2,,25,,1.5,,,NA,,NA,,NA,,NA,,NA,,NA,,NA,,NA,25,,1.5,,yes,catcher,catcher,0,,35.5,,,NULL,turn and lift,yes,NA,yes,NA,no,big_stones,small corer,yes,NA,yes,NA,yes,catcher,18,,18,,turn and lift,no,,NA,NA,NA,,NA,1,
30/01/2024,ST65-X-52,ST65,Sample location delocated to a 10km square (see metadata),360000,150000,365000,155000,4,85,28,no,no,0,,3,,0,,7.4,,yes,NA,2,,22,,1.5,,,NA,,NA,,NA,,NA,,NA,,NA,,NA,,NA,22,,1.5,,yes,catcher,catcher,0,,44.5,,,NA,turn and lift,yes,NA,yes,NA,yes,NA,small corer,yes,NA,yes,NA,yes,catcher,17,,17,,turn and lift,no,,NA,NA,NA,,NA,1,
30/01/2024,ST65-X-52,ST65,Sample location delocated to a 10km square (see metadata),360000,150000,365000,155000,4,85,59,no,no,0,,3,,0,,7.4,,yes,NA,2,,22,,1.5,,,NA,,NA,,NA,,NA,,NA,,NA,,NA,,NA,22,,1.5,,yes,catcher,catcher,0,,49,,,NA,turn and lift,yes,NA,yes,NA,yes,NA,small corer,yes,NA,yes,NA,yes,catcher,19,,19,,turn and lift,no,,NA,NA,NA,,NA,1,
30/01/2024,ST65-X-52,ST65,Sample location delocated to a 10km square (see metadata),360000,150000,365000,155000,4,85,46,no,no,0,,2,,0,,7.4,,yes,NA,2,,25,,1.5,,,NA,,NA,,NA,,NA,,NA,,NA,,NA,,NA,25,,1.5,,yes,catcher,catcher,0,,47,,,NA,turn and lift,yes,NA,yes,NA,yes,NA,small corer,yes,NA,yes,NA,yes,catcher,18,,18,,turn and lift,no,,NA,NA,NA,,NA,1,
30/01/2024,ST65-X-52,ST65,Sample location delocated to a 10km square (see metadata),360000,150000,365000,155000,3,44,28,no,no,0,,12,,0,,7.3,,yes,NA,2,,25,,1.5,,,NA,,NA,,NA,,NA,,NA,,NA,,NA,,NA,25,,1.5,,yes,catcher,serrated,0,,48,,,NA,turn and lift,yes,NA,yes,NA,yes,NA,small corer,yes,NA,yes,NA,yes,catcher,18,,18,,turn and lift,no,,NA,NA,NA,,NA,1,
30/01/2024,ST65-X-52,ST65,Sample location delocated to a 10km square (see metadata),360000,150000,365000,155000,3,44,11,yes,no,0,,12,,0,,7.3,,yes,NA,2,,24,,1.5,,,NA,,NA,,NA,,NA,,NA,,NA,,NA,,NA,24,,1.5,,yes,catcher,catcher,0,,48,,,NA,turn and lift,yes,NA,yes,NA,yes,NA,small corer,yes,NA,yes,NA,yes,catcher,18,,18,,turn and lift,no,,NA,NA,NA,,NA,1,
30/01/2024,ST65-X-52,ST65,Sample location delocated to a 10km square (see metadata),360000,150000,365000,155000,3,44,46,yes,no,0,,6,,0,,7.2,,yes,NA,2,,30,,1.5,,,NA,,NA,,NA,,NA,,NA,,NA,,NA,,NA,30,,1.5,,yes,catcher,catcher,0,,46,,,NA,turn and lift,yes,NA,yes,NA,yes,NA,small corer,yes,NA,yes,NA,yes,catcher,18,,18,,turn and lift,no,,NA,NA,NA,,NA,1,
30/01/2024,ST65-X-52,ST65,Sample location delocated to a 10km square (see metadata),360000,150000,365000,155000,3,44,59,yes,no,0,,6,,0,,7.4,,yes,NA,2,,26,,1.5,,,NA,,NA,,NA,,NA,,NA,,NA,,NA,,NA,26,,1.5,,yes,catcher,catcher,0,,47,,,NA,turn and lift,yes,NA,yes,NA,yes,NA,small corer,yes,NA,yes,NA,yes,normal,17.5,,17.5,,turn and lift,no,,NA,NA,NA,,NA,1,
30/01/2024,ST65-X-52,ST65,Sample location delocated to a 10km square (see metadata),360000,150000,365000,155000,1,85,11,no,no,0,,4,,0,,7.4,,yes,NA,2,,30,,2,,,NA,,NA,,NA,,NA,,NA,,NA,,NA,,NA,30,,2,,yes,catcher,catcher,0,,48,,,NA,turn and lift,yes,NA,yes,NA,yes,NA,small corer,yes,NA,yes,NA,yes,catcher,19,,,NA,turn and lift,no,,NA,NA,NA,,NA,1,
30/01/2024,ST65-X-52,ST65,Sample location delocated to a 10km square (see metadata),360000,150000,365000,155000,1,85,28,yes,no,0,,4,,0,,7.4,,yes,NA,1,,30,,4,,,NA,,NA,,NA,,NA,,NA,,NA,,NA,,NA,30,,4,,yes,catcher,catcher,0,,49,,,NA,turn and lift,yes,NA,yes,NA,yes,NA,small corer,yes,NA,yes,NA,yes,normal,19,,19,,turn and lift,no,,NA,NA,NA,,NA,1,
30/01/2024,ST65-X-52,ST65,Sample location delocated to a 10km square (see metadata),360000,150000,365000,155000,1,85,59,no,no,0,,24,,0,,7.3,,yes,NA,1,,25,,4,,,NA,,NA,,NA,,NA,,NA,,NA,,NA,,NA,25,,4,,yes,catcher,catcher,0,,48.3,,,NA,turn and lift,yes,NA,yes,NA,yes,NA,small corer,yes,NA,yes,NA,yes,catcher,18.6,,18.6,,turn and lift,no,,NA,NA,NA,,NA,1,
30/01/2024,ST65-X-52,ST65,Sample location delocated to a 10km square (see metadata),360000,150000,365000,155000,1,85,46,yes,no,0,,24,,0,,7.7,,yes,NA,2,,30,,3,,,NA,,NA,,NA,,NA,,NA,,NA,,NA,,NA,30,,3,,yes,normal,catcher,0,,47,,,NA,turn and lift,yes,NA,yes,NA,yes,NA,small corer,yes,NA,yes,NA,yes,catcher,21,,21,,turn and lift,no,,NA,NA,NA,,NA,1,
13/02/2024,ST69-X-45,ST69,Sample location delocated to a 10km square (see metadata),360000,190000,365000,195000,2,85,11,no,no,0,,0,,0,,7.1,,yes,NA,2,,30,,2.5,,,NA,,NA,,NA,,NA,,NA,,NA,,NA,,NA,30,,2.5,,yes,normal,normal,0,,44,,,NA,turn and lift,yes,NA,yes,NA,yes,NA,small corer,yes,NA,yes,NA,yes,normal,19,,,NA,turn and lift,no,,NA,NA,NA,,NA,1,
13/02/2024,ST69-X-45,ST69,Sample location delocated to a 10km square (see metadata),360000,190000,365000,195000,2,85,28,no,no,0,,0,,0,,7.3,,yes,NA,2,,30,,3,,,NA,,NA,,NA,,NA,,NA,,NA,,NA,,NA,30,,3,,yes,normal,normal,0,,46,,,NA,turn and lift,yes,NA,yes,NA,yes,NA,small corer,yes,NA,yes,NA,yes,normal,18,,18,,turn and lift,no,,NA,NA,NA,,NA,1,
13/02/2024,ST69-X-45,ST69,Sample location delocated to a 10km square (see metadata),360000,190000,365000,195000,2,85,59,no,no,0,,8,,0,,7.7,,yes,NA,2,,30,,2.5,,,NA,,NA,,NA,,NA,,NA,,NA,,NA,,NA,30,,2.5,,yes,normal,normal,0,,46.5,,,NA,turn and lift,yes,NA,yes,NA,yes,NA,small corer,yes,NA,yes,NA,yes,normal,19,,19,,turn and lift,no,,NA,NA,NA,,NA,1,
13/02/2024,ST69-X-45,ST69,Sample location delocated to a 10km square (see metadata),360000,190000,365000,195000,2,85,46,no,no,0,,2,,0,,7.3,,yes,NA,2,,30,,3,,,NA,,NA,,NA,,NA,,NA,,NA,,NA,,NA,30,,3,,yes,normal,normal,0,,46.5,,,NA,turn and lift,yes,NA,yes,NA,yes,NA,small corer,yes,NA,yes,NA,yes,normal,19,,19,,turn and lift,no,,NA,NA,NA,,NA,1,
13/02/2024,ST69-X-45,ST69,Sample location delocated to a 10km square (see metadata),360000,190000,365000,195000,3,11,11,no,no,0,,3,,0,,7.6,,yes,NA,2,,8,,3,,27,,2.5,,,NA,,NA,,NA,,NA,,NA,,NA,27,,2.7,,yes,normal,normal,0,,46,,,NA,turn and lift,yes,NA,yes,NA,yes,NA,small corer,yes,NA,yes,NA,yes,normal,19,,19,,turn and lift,no,,NA,NA,NA,,NA,1,
13/02/2024,ST69-X-45,ST69,Sample location delocated to a 10km square (see metadata),360000,190000,365000,195000,3,11,28,no,no,0,,5,,0,,7.3,,yes,NA,2,,8,,3,,27,,2.5,,,NA,,NA,,NA,,NA,,NA,,NA,27,,2.7,,yes,normal,normal,0,,46,,,NA,turn and lift,yes,NA,yes,NA,yes,NA,small corer,yes,NA,yes,NA,yes,normal,19,,19,,turn and lift,no,,NA,NA,NA,,NA,1,
13/02/2024,ST69-X-45,ST69,Sample location delocated to a 10km square (see metadata),360000,190000,365000,195000,3,11,59,no,no,0,,5,,0,,7.8,,yes,NA,2,,30,,2.5,,,NA,,NA,,NA,,NA,,NA,,NA,,NA,,NA,30,,2.5,,yes,normal,normal,0,,47,,,NA,turn and lift,yes,NA,yes,NA,yes,NA,small corer,yes,NA,yes,NA,yes,normal,20,,20,,turn and lift,no,,NA,NA,NA,,NA,1,
13/02/2024,ST69-X-45,ST69,Sample location delocated to a 10km square (see metadata),360000,190000,365000,195000,3,11,46,no,no,0,,13,,0,,7.7,,yes,NA,,NULL,8,,2.5,,27,,2.5,,,NA,,NA,,NA,,NA,,NA,,NA,27,,2.5,,yes,normal,normal,0,,43,,,NA,turn and lift,yes,NA,yes,NA,yes,NA,small corer,yes,NA,yes,NA,yes,normal,20,,20,,turn and lift,no,,NA,NA,NA,,NA,1,
25/03/2024,ST77-X-18,ST77,Sample location delocated to a 10km square (see metadata),370000,170000,375000,175000,3,85,59,no,no,0,,0,,0,,8.5,,yes,NA,,NULL,16,,1,,,NA,,NA,,NA,,NA,,NA,,NA,,NA,,NA,16,,1,,yes,normal,normal,0,,22,,,NULL,turn and lift,yes,NA,no,big_stones,no,big_stones,small corer,yes,NA,no,stones,yes,normal,21,,21,,turn and lift,no,,NA,NA,NA,,NA,1,
25/03/2024,ST77-X-18,ST77,Sample location delocated to a 10km square (see metadata),370000,170000,375000,175000,3,85,28,no,no,0,,0,,0,,8.5,,yes,NA,,NULL,18,,1,,,NA,,NA,,NA,,NA,,NA,,NA,,NA,,NA,18,,1,,yes,normal,normal,0,,32.5,,,NULL,turn and lift,yes,NA,no,shallow_soil,no,big_stones,small corer,yes,NA,no,stones,yes,normal,23,,23,,turn and lift,no,,NA,NA,NA,,NA,1,
25/03/2024,ST77-X-18,ST77,Sample location delocated to a 10km square (see metadata),370000,170000,375000,175000,3,85,11,no,no,0,,0,,0,,8.4,,yes,NA,,NULL,16,,1,,,NA,,NA,,NA,,NA,,NA,,NA,,NA,,NA,16,,1,,yes,normal,normal,0,,19,,,NULL,turn and lift,yes,NA,no,big_stones,no,big_stones,small corer,yes,NA,no,stones,yes,normal,19,,19,,turn and lift,no,,NA,NA,NA,,NA,1,
25/03/2024,ST77-X-18,ST77,Sample location delocated to a 10km square (see metadata),370000,170000,375000,175000,3,85,46,no,no,0,,0,,0,,8.3,,yes,NA,2,,19,,1,,,NA,,NA,,NA,,NA,,NA,,NA,,NA,,NA,19,,1,,yes,normal,normal,0,,42,,,NA,turn and lift,yes,NA,yes,NA,yes,NA,small corer,yes,NA,yes,NA,yes,normal,20,,20,,turn and lift,no,,NA,NA,NA,,NA,1,
26/03/2024,ST77-X-18,ST77,Sample location delocated to a 10km square (see metadata),370000,170000,375000,175000,4,129,28,yes,no,0,,6,,0,,7,,yes,NA,2,,30,,1,,,NA,,NA,,NA,,NA,,NA,,NA,,NA,,NA,30,,1,,yes,normal,normal,0,,46,,,NA,turn and lift,yes,NA,yes,NA,yes,NA,small corer,yes,NA,yes,NA,yes,normal,20,,20,,turn and lift,no,,NA,NA,NA,,NA,1,
26/03/2024,ST77-X-18,ST77,Sample location delocated to a 10km square (see metadata),370000,170000,375000,175000,4,129,59,yes,no,0,,3,,0,,7,,yes,NA,,NULL,17,,1,,,NA,,NA,,NA,,NA,,NA,,NA,,NA,,NA,17,,1,,yes,normal,normal,0,,43,,,NA,turn and lift,yes,NA,yes,NA,yes,NA,small corer,yes,NA,yes,NA,yes,normal,20,,20,,turn and lift,no,,NA,NA,NA,,NA,1,
26/03/2024,ST77-X-18,ST77,Sample location delocated to a 10km square (see metadata),370000,170000,375000,175000,4,129,46,yes,no,0,,9,,0,,7.1,,yes,NA,2,,30,,1,,,NA,,NA,,NA,,NA,,NA,,NA,,NA,,NA,30,,1,,yes,normal,normal,0,,44,,,NA,turn and lift,yes,NA,yes,NA,yes,NA,small corer,yes,NA,yes,NA,yes,normal,21,,21,,turn and lift,no,,NA,NA,NA,,NA,1,
26/03/2024,ST77-X-18,ST77,Sample location delocated to a 10km square (see metadata),370000,170000,375000,175000,4,129,11,yes,no,0,,4,,0,,7.1,,yes,NA,2,,19,,1,,,NA,,NA,,NA,,NA,,NA,,NA,,NA,,NA,19,,1,,yes,normal,normal,0,,45,,,NA,turn and lift,yes,NA,yes,NA,yes,NA,small corer,yes,NA,yes,NA,yes,normal,20,,20,,turn and lift,no,,NA,NA,NA,,NA,1,
26/03/2024,ST77-X-18,ST77,Sample location delocated to a 10km square (see metadata),370000,170000,375000,175000,1,161,28,no,no,0,,0,,0,,8.3,,no,Stony ground,,NA,,NA,,NA,,NA,,NA,,NA,,NA,,NA,,NA,,NA,,NA,,NA,,NA,yes,normal,normal,0,,25,,,NULL,turn and lift,yes,NA,no,big_stones,no,big_stones,small corer,yes,NA,no,stones,yes,normal,19,,19,,turn and lift,no,,NA,NA,NA,,NA,1,
26/03/2024,ST77-X-18,ST77,Sample location delocated to a 10km square (see metadata),370000,170000,375000,175000,1,161,59,no,no,0,,0,,0,,8.3,,no,Stony ground,,NA,,NA,,NA,,NA,,NA,,NA,,NA,,NA,,NA,,NA,,NA,,NA,,NA,yes,normal,normal,0,,47,,,NA,turn and lift,yes,NA,yes,NA,yes,NA,small corer,yes,NA,no,stones,yes,normal,19,,19,,turn and lift,no,,NA,NA,NA,,NA,1,
26/03/2024,ST77-X-18,ST77,Sample location delocated to a 10km square (see metadata),370000,170000,375000,175000,1,161,46,no,no,0,,0,,0,,8.4,,no,Stony ground,,NA,,NA,,NA,,NA,,NA,,NA,,NA,,NA,,NA,,NA,,NA,,NA,,NA,no-St,normal,normal,0,,48,,,NA,turn and lift,yes,NA,yes,NA,yes,NA,small corer,yes,NA,no,stones,yes,normal,19,,19,,turn and lift,no,,NA,NA,NA,,NA,1,
26/03/2024,ST77-X-18,ST77,Sample location delocated to a 10km square (see metadata),370000,170000,375000,175000,1,161,11,no,no,0,,0,,0,,8.4,,no,Stony ground,,NA,,NA,,NA,,NA,,NA,,NA,,NA,,NA,,NA,,NA,,NA,,NA,,NA,no-St,normal,normal,0,,44,,,NA,turn and lift,yes,NA,yes,NA,yes,NA,small corer,yes,NA,no,stones,yes,normal,20,,20,,turn and lift,no,,NA,NA,NA,,NA,1,
31/01/2024,ST77-X-79,ST77,Sample location delocated to a 10km square (see metadata),370000,170000,375000,175000,3,85,11,no,no,0,,4,,0,,7.3,,yes,NA,2,,20,,1,,,NA,,NA,,NA,,NA,,NA,,NA,,NA,,NA,20,,1,,yes,normal,normal,0,,45,,,NA,turn and lift,yes,NA,yes,NA,yes,NA,small corer,yes,partial - stones,no,stones,yes,normal,25,,25,,turn and lift,no,,NA,NA,NA,,NA,1,
31/01/2024,ST77-X-79,ST77,Sample location delocated to a 10km square (see metadata),370000,170000,375000,175000,3,85,28,no,no,0,,4,,0,,6.6,,yes,NA,2,,18,,1,,,NA,,NA,,NA,,NA,,NA,,NA,,NA,,NA,18,,1,,yes,normal,normal,0,,30,,,NULL,turn and lift,yes,NA,yes,NA,no,big_stones,small corer,yes,NA,yes,NA,yes,normal,20.4,,20.4,,turn and lift,no,,NA,NA,NA,,NA,1,
31/01/2024,ST77-X-79,ST77,Sample location delocated to a 10km square (see metadata),370000,170000,375000,175000,3,85,59,no,no,0,,8,,0,,6.2,,yes,NA,2,,20,,1,,,NA,,NA,,NA,,NA,,NA,,NA,,NA,,NA,20,,1,,yes,normal,normal,0,,24,,24,,turn and lift,yes,NA,yes,NA,no,big_stones,small corer,yes,partial - stones,no,stones,yes,normal,18.4,,,NA,turn and lift,no,,NA,NA,NA,,NA,1,
31/01/2024,ST77-X-79,ST77,Sample location delocated to a 10km square (see metadata),370000,170000,375000,175000,3,85,46,no,no,0,,9,,0,,6.4,,yes,NA,2,,22,,1,,,NA,,NA,,NA,,NA,,NA,,NA,,NA,,NA,22,,1,,yes,normal,normal,0,,35,,35,,turn and lift,yes,NA,yes,NA,yes,NA,small corer,yes,partial - stones,no,stones,yes,normal,18,,18,,turn and lift,no,,NA,NA,NA,,NA,1,
01/02/2024,ST77-X-79,ST77,Sample location delocated to a 10km square (see metadata),370000,170000,375000,175000,6,112,28,no,no,0,,6,,0,,6.4,,yes,NA,2,,22,,1,,,NA,,NA,,NA,,NA,,NA,,NA,,NA,,NA,22,,1,,yes,normal,normal,0,,30,,30,,turn and lift,yes,NA,yes,NA,no,big_stones,small corer,yes,NA,yes,stones,yes,normal,20,,20,,turn and lift,no,,NA,NA,NA,,NA,1,
01/02/2024,ST77-X-79,ST77,Sample location delocated to a 10km square (see metadata),370000,170000,375000,175000,6,112,59,no,no,0,,8,,0,,6.1,,yes,NA,2,,20,,1,,,NA,,NA,,NA,,NA,,NA,,NA,,NA,,NA,20,,1,,yes,normal,normal,0,,27,,,NULL,turn and lift,yes,NA,yes,NA,no,big_stones,small corer,yes,NA,yes,partial - stones,yes,normal,18,,18,,turn and lift,no,,NA,NA,NA,,NA,1,
01/02/2024,ST77-X-79,ST77,Sample location delocated to a 10km square (see metadata),370000,170000,375000,175000,6,112,46,no,no,0,,8,,0,,6.6,,yes,NA,,NULL,26,,1.5,,,NA,,NA,,NA,,NA,,NA,,NA,,NA,,NA,26,,1.5,,yes,normal,normal,0,,35,,35,,turn and lift,yes,NA,yes,NA,yes,NA,small corer,yes,NA,yes,NA,yes,normal,18,,18,,turn and lift,no,,NA,NA,NA,,NA,1,
01/02/2024,ST77-X-79,ST77,Sample location delocated to a 10km square (see metadata),370000,170000,375000,175000,6,112,11,no,no,0,,9,,0,,6.3,,yes,NA,2,,30,,1.5,,,NA,,NA,,NA,,NA,,NA,,NA,,NA,,NA,30,,1.5,,yes,normal,normal,0,,27,,27,,turn and lift,yes,NA,yes,NA,no,other,small corer,yes,NA,no,stones,yes,normal,19,,19,,turn and lift,no,,NA,NA,NA,,NA,1,
08/01/2024,ST83-X-06,ST83,Sample location delocated to a 10km square (see metadata),380000,130000,385000,135000,1,59,59,no,no,0,,7,,0,,3.6,,yes,NA,1,,20,,2.5,,30,,2,,,NA,,NA,,NA,,NA,,NA,,NA,30,,2.3,,yes,catcher,normal,0,,40.5,,,NA,turn and lift,yes,NA,yes,NA,yes,NA,small corer,yes,NA,yes,NA,yes,catcher,17,,17,,turn and lift,no,,NA,NA,NA,,NA,1,
08/01/2024,ST83-X-06,ST83,Sample location delocated to a 10km square (see metadata),380000,130000,385000,135000,1,59,28,no,no,0,,11,,0,,3.6,,yes,NA,1,,30,,2.5,,,NA,,NA,,NA,,NA,,NA,,NA,,NA,,NA,30,,2.5,,yes,normal,normal,0,,49,,,NA,turn and lift,yes,NA,yes,NA,yes,NA,small corer,yes,NA,yes,NA,yes,normal,18,,18,,turn and lift,no,,NA,NA,NA,,NA,1,
08/01/2024,ST83-X-06,ST83,Sample location delocated to a 10km square (see metadata),380000,130000,385000,135000,1,59,11,yes,no,0,,24,,0,,3.6,,yes,NA,1,,30,,2.5,,,NA,,NA,,NA,,NA,,NA,,NA,,NA,,NA,30,,2.5,,yes,catcher,catcher,0,,50,,,NA,turn and lift,yes,NA,yes,NA,yes,NA,small corer,yes,NA,yes,NA,yes,catcher,18,,18,,turn and lift,no,,NA,NA,NA,,NA,1,
08/01/2024,ST83-X-06,ST83,Sample location delocated to a 10km square (see metadata),380000,130000,385000,135000,1,59,46,no,no,0,,4,,0,,3.6,,yes,NA,1,,30,,2.5,,,NA,,NA,,NA,,NA,,NA,,NA,,NA,,NA,30,,2.5,,yes,catcher,catcher,0,,47,,,NA,turn and lift,yes,NA,yes,NA,yes,NA,small corer,yes,NA,yes,NA,yes,catcher,18.5,,18.5,,turn and lift,no,,NA,NA,NA,,NA,1,
08/01/2024,ST83-X-06,ST83,Sample location delocated to a 10km square (see metadata),380000,130000,385000,135000,4,84,28,yes,no,0,,32,,0,,5.3,,yes,NA,2,,25,,2,,,NA,,NA,,NA,,NA,,NA,,NA,,NA,,NA,25,,2,,yes,catcher,catcher,0,,44.5,,,NA,turn and lift,yes,NA,yes,NA,yes,NA,small corer,yes,NA,yes,NA,yes,catcher,18.5,,18.5,,turn and lift,no,,NA,NA,NA,,NA,1,
08/01/2024,ST83-X-06,ST83,Sample location delocated to a 10km square (see metadata),380000,130000,385000,135000,4,84,59,yes,no,0,,11,,0,,5.2,,yes,NA,2,,24,,2.5,,,NA,,NA,,NA,,NA,,NA,,NA,,NA,,NA,24,,2.5,,yes,catcher,catcher,0,,48.5,,,NA,turn and lift,yes,NA,yes,NA,yes,NA,small corer,yes,NA,yes,NA,yes,catcher,18.5,,18.5,,turn and lift,no,,NA,NA,NA,,NA,1,
08/01/2024,ST83-X-06,ST83,Sample location delocated to a 10km square (see metadata),380000,130000,385000,135000,4,84,46,yes,no,0,,7,,0,,5.3,,yes,NA,2,,24,,2.5,,,NA,,NA,,NA,,NA,,NA,,NA,,NA,,NA,24,,2.5,,yes,catcher,catcher,0,,46,,,NA,turn and lift,yes,NA,yes,NA,yes,NA,small corer,yes,NA,yes,NA,yes,catcher,19,,19,,turn and lift,no,,NA,NA,NA,,NA,1,
08/01/2024,ST83-X-06,ST83,Sample location delocated to a 10km square (see metadata),380000,130000,385000,135000,4,84,11,yes,no,0,,11,,0,,5.2,,yes,NA,2,,30,,2,,,NA,,NA,,NA,,NA,,NA,,NA,,NA,,NA,30,,2,,yes,catcher,catcher,0,,48,,,NA,turn and lift,yes,NA,yes,NA,yes,NA,small corer,yes,NA,yes,NA,yes,catcher,19.5,,19.5,,turn and lift,no,,NA,NA,NA,,NA,1,
09/01/2024,ST83-X-06,ST83,Sample location delocated to a 10km square (see metadata),380000,130000,385000,135000,2,60,28,yes,no,0,,21,,0,,4.4,,yes,NA,2,,30,,1.5,,,NA,,NA,,NA,,NA,,NA,,NA,,NA,,NA,30,,1.5,,yes,normal,normal,0,,50,,,NA,turn and lift,yes,NA,yes,NA,yes,NA,small corer,yes,NA,yes,NA,yes,catcher,18,,18,,turn and lift,no,,NA,NA,NA,,NA,1,
09/01/2024,ST83-X-06,ST83,Sample location delocated to a 10km square (see metadata),380000,130000,385000,135000,2,60,59,no,yes,1,,6,,0,,4.4,,yes,NA,1,,30,,3,,,NA,,NA,,NA,,NA,,NA,,NA,,NA,,NA,30,,3,,yes,catcher,catcher,0,,48,,,NA,turn and lift,yes,NA,yes,NA,yes,NA,small corer,yes,NA,yes,NA,yes,catcher,18,,18,,turn and lift,no,,NA,NA,NA,,NA,1,
09/01/2024,ST83-X-06,ST83,Sample location delocated to a 10km square (see metadata),380000,130000,385000,135000,2,60,46,no,no,0,,26,,0,,4.4,,yes,NA,2,,30,,2,,,NA,,NA,,NA,,NA,,NA,,NA,,NA,,NA,30,,2,,yes,normal,normal,0,,49.5,,,NA,turn and lift,yes,NA,yes,NA,yes,NA,small corer,yes,NA,yes,NA,yes,normal,18.5,,18.5,,turn and lift,no,,NA,NA,NA,,NA,1,
09/01/2024,ST83-X-06,ST83,Sample location delocated to a 10km square (see metadata),380000,130000,385000,135000,2,60,11,no,yes,0,,20,,0,,4.4,,yes,NA,2,,30,,2.5,,,NA,,NA,,NA,,NA,,NA,,NA,,NA,,NA,30,,2.5,,yes,normal,normal,0,,31,,31,,turn and lift,yes,NA,no,other,no,big_stones,small corer,yes,NA,yes,NA,yes,normal,19,,19,,turn and lift,no,,NA,NA,NA,,NA,1,
09/01/2024,ST83-X-06,ST83,Sample location delocated to a 10km square (see metadata),380000,130000,385000,135000,3,72,28,no,yes,0,,15,,0,,3,,yes,NA,2,,30,,2,,,NA,,NA,,NA,,NA,,NA,,NA,,NA,,NA,30,,2,,yes,normal,normal,0,,48,,,NA,turn and lift,yes,NA,yes,NA,yes,NA,small corer,yes,NA,yes,NA,yes,normal,19,,19,,turn and lift,no,,NA,NA,NA,,NA,1,
09/01/2024,ST83-X-06,ST83,Sample location delocated to a 10km square (see metadata),380000,130000,385000,135000,3,72,59,no,no,0,,11,,0,,3.5,,yes,NA,2,,29,,2,,,NA,,NA,,NA,,NA,,NA,,NA,,NA,,NA,29,,2,,yes,catcher,catcher,0,,47.5,,,NA,turn and lift,yes,NA,yes,NA,yes,NA,small corer,yes,NA,yes,NA,yes,normal,19,,19,,turn and lift,no,,NA,NA,NA,,NA,1,
09/01/2024,ST83-X-06,ST83,Sample location delocated to a 10km square (see metadata),380000,130000,385000,135000,3,72,46,no,no,0,,11,,0,,3.9,,yes,NA,2,,30,,2,,,NA,,NA,,NA,,NA,,NA,,NA,,NA,,NA,30,,2,,yes,catcher,normal,0,,47,,,NA,turn and lift,yes,NA,yes,NA,yes,NA,small corer,yes,NA,yes,NA,yes,normal,19,,19,,turn and lift,no,,NA,NA,NA,,NA,1,
09/01/2024,ST83-X-06,ST83,Sample location delocated to a 10km square (see metadata),380000,130000,385000,135000,3,72,11,no,no,0,,12,,0,,3.4,,yes,NA,2,,30,,2,,,NA,,NA,,NA,,NA,,NA,,NA,,NA,,NA,30,,2,,yes,catcher,catcher,0,,47,,,NA,turn and lift,yes,NA,yes,NA,yes,NA,small corer,yes,NA,yes,NA,yes,normal,18.5,,18.5,,turn and lift,no,,NA,NA,NA,,NA,1,
10/01/2024,ST83-X-06,ST83,Sample location delocated to a 10km square (see metadata),380000,130000,385000,135000,5,30,59,yes,yes,1,,6,,0,,4.4,,yes,NA,2,,30,,3,,,NA,,NA,,NA,,NA,,NA,,NA,,NA,,NA,30,,3,,yes,normal,normal,0,,44,,,NA,turn and lift,yes,NA,yes,NA,yes,NA,small corer,yes,NA,yes,NA,yes,normal,18,,18,,turn and lift,no,,NA,NA,NA,,NA,1,
10/01/2024,ST83-X-06,ST83,Sample location delocated to a 10km square (see metadata),380000,130000,385000,135000,5,30,46,yes,yes,0,,6,,0,,5.5,,yes,NA,1,,20,,2.5,,,NA,,NA,,NA,,NA,,NA,,NA,,NA,,NA,20,,2.5,,yes,catcher,catcher,0,,45,,,NA,turn and lift,yes,NA,yes,NA,yes,NA,small corer,yes,NA,yes,NA,yes,catcher,18.5,,18.5,,turn and lift,no,,NA,NA,NA,,NA,1,
10/01/2024,ST83-X-06,ST83,Sample location delocated to a 10km square (see metadata),380000,130000,385000,135000,5,30,11,yes,yes,2,,3,,0,,5.4,,yes,NA,2,,25,,2.5,,,NA,,NA,,NA,,NA,,NA,,NA,,NA,,NA,25,,2.5,,yes,catcher,catcher,0,,49,,,NA,turn and lift,yes,NA,yes,NA,yes,NA,small corer,yes,NA,yes,NA,yes,catcher,19,,19,,turn and lift,no,,NA,NA,NA,,NA,1,
10/01/2024,ST83-X-06,ST83,Sample location delocated to a 10km square (see metadata),380000,130000,385000,135000,5,30,28,yes,yes,1,,1,,0,,5.5,,yes,NA,2,,30,,2.5,,,NA,,NA,,NA,,NA,,NA,,NA,,NA,,NA,30,,2.5,,yes,catcher,catcher,0,,48,,,NA,turn and lift,yes,NA,yes,NA,yes,NA,small corer,yes,NA,yes,NA,yes,catcher,18.5,,18.5,,turn and lift,no,,NA,NA,NA,,NA,1,
10/01/2024,ST83-X-06,ST83,Sample location delocated to a 10km square (see metadata),380000,130000,385000,135000,6,78,28,no,no,0,,10,,0,,5.2,,yes,NA,2,,24,,2.5,,,NA,,NA,,NA,,NA,,NA,,NA,,NA,,NA,24,,2.5,,yes,catcher,catcher,0,,46.5,,,NA,turn and lift,yes,NA,yes,NA,yes,NA,small corer,yes,NA,yes,NA,yes,catcher,18,,18,,turn and lift,no,,NA,NA,NA,,NA,1,
10/01/2024,ST83-X-06,ST83,Sample location delocated to a 10km square (see metadata),380000,130000,385000,135000,6,78,59,no,no,0,,9,,0,,4.7,,yes,NA,2,,30,,2,,,NA,,NA,,NA,,NA,,NA,,NA,,NA,,NA,30,,2,,yes,catcher,catcher,0,,47,,,NA,turn and lift,yes,NA,yes,NA,yes,NA,small corer,yes,NA,yes,NA,yes,catcher,19.5,,19.5,,turn and lift,no,,NA,NA,NA,,NA,1,
10/01/2024,ST83-X-06,ST83,Sample location delocated to a 10km square (see metadata),380000,130000,385000,135000,6,78,46,no,no,0,,3,,0,,4.5,,yes,NA,2,,30,,2,,,NA,,NA,,NA,,NA,,NA,,NA,,NA,,NA,30,,2,,yes,normal,catcher,0,,48,,,NA,turn and lift,yes,NA,yes,NA,yes,NA,small corer,yes,NA,yes,NA,yes,catcher,18.5,,18.5,,turn and lift,no,,NA,NA,NA,,NA,1,
10/01/2024,ST83-X-06,ST83,Sample location delocated to a 10km square (see metadata),380000,130000,385000,135000,6,78,11,no,no,0,,12,,0,,4.9,,yes,NA,2,,25,,2.5,,,NA,,NA,,NA,,NA,,NA,,NA,,NA,,NA,25,,2.5,,yes,catcher,catcher,0,,48,,,NA,turn and lift,yes,NA,yes,NA,yes,NA,small corer,yes,NA,yes,NA,yes,catcher,19,,19,,turn and lift,no,,NA,NA,NA,,NA,1,
03/04/2023,SU10-X-40,SU10,Sample location delocated to a 10km square (see metadata),410000,100000,415000,105000,2,97,28,no,no,0,,1,,0,,8.6,,yes,NA,2,,25,,1,,30,,1,,,NA,,NA,,NA,,NA,,NA,,NA,30,,1,,yes,normal,normal,0,,45,,45,,turn and lift,yes,NA,yes,NA,yes,NA,small corer,yes,NA,yes,NA,yes,normal,18,,18,,turn and lift,NULL,,NULL,NULL,NULL,,NULL,,NULL
03/04/2023,SU10-X-40,SU10,Sample location delocated to a 10km square (see metadata),410000,100000,415000,105000,3,74,28,no,no,0,,0,,0,,10.7,,yes,NA,2,,30,,2,,,NA,,NA,,NA,,NA,,NA,,NA,,NA,,NA,30,,2,,yes,normal,normal,0,,49.5,,,NA,turn and lift,yes,NA,yes,NA,yes,NA,small corer,yes,NA,yes,NA,yes,normal,19.5,,19.5,,turn and lift,NULL,,NULL,NULL,NULL,,NULL,,NULL
03/04/2023,SU10-X-40,SU10,Sample location delocated to a 10km square (see metadata),410000,100000,415000,105000,3,74,59,no,no,0,,2,,0,,10,,yes,NA,2,,30,,1,,,NA,,NA,,NA,,NA,,NA,,NA,,NA,,NA,30,,1,,yes,normal,normal,0,,49.5,,49.5,,turn and lift,yes,NA,yes,NA,yes,NA,small corer,yes,NA,yes,NA,yes,normal,19,,19,,turn and lift,NULL,,NULL,NULL,NULL,,NULL,,NULL
03/04/2023,SU10-X-40,SU10,Sample location delocated to a 10km square (see metadata),410000,100000,415000,105000,2,97,46,no,no,0,,0,,0,,8.3,,yes,NA,2,,25,,1,,30,,1,,,NA,,NA,,NA,,NA,,NA,,NA,30,,1,,yes,normal,normal,0,,44,,44,,turn and lift,yes,NA,yes,NA,yes,NA,small corer,yes,NA,yes,NA,yes,normal,18,,18,,turn and lift,NULL,,NULL,NULL,NULL,,NULL,,NULL
03/04/2023,SU10-X-40,SU10,Sample location delocated to a 10km square (see metadata),410000,100000,415000,105000,2,97,59,no,no,0,,0,,0,,8.7,,yes,NA,2,,22,,2,,29,,1,,,NA,,NA,,NA,,NA,,NA,,NA,29,,1.8,,yes,normal,normal,0,,45,,45,,turn and lift,yes,NA,yes,NA,yes,NA,small corer,yes,NA,yes,NA,yes,normal,18,,18,,turn and lift,NULL,,NULL,NULL,NULL,,NULL,,NULL
03/04/2023,SU10-X-40,SU10,Sample location delocated to a 10km square (see metadata),410000,100000,415000,105000,2,97,11,no,no,0,,4,,0,,8.9,,yes,NA,2,,30,,1,,,NA,,NA,,NA,,NA,,NA,,NA,,NA,,NA,30,,1,,yes,normal,normal,0,,40.5,,40.5,,turn and lift,yes,NA,yes,NA,yes,NA,large corer (tip same as ABC),yes,NA,yes,NA,yes,normal,21,,,NA,turn and lift,NULL,,NULL,NULL,NULL,,NULL,,NULL
03/04/2023,SU10-X-40,SU10,Sample location delocated to a 10km square (see metadata),410000,100000,415000,105000,3,74,11,no,no,0,,1,,0,,10.5,,yes,NA,2,,30,,2,,,NA,,NA,,NA,,NA,,NA,,NA,,NA,,NA,30,,2,,yes,normal,normal,0,,49,,49,,turn and lift,yes,NA,yes,NA,yes,NA,small corer,yes,NA,yes,NA,yes,normal,20,,20,,turn and lift,NULL,,NULL,NULL,NULL,,NULL,,NULL
03/04/2023,SU10-X-40,SU10,Sample location delocated to a 10km square (see metadata),410000,100000,415000,105000,3,74,40,no,no,0,,2,,0,,8.1,,yes,NA,2,,30,,1,,,NA,,NA,,NA,,NA,,NA,,NA,,NA,,NA,30,,1,,yes,normal,normal,0,,50,,50,,turn and lift,yes,NA,yes,NA,yes,NA,small corer,yes,NA,yes,NA,yes,normal,19,,19,,turn and lift,NULL,,NULL,NULL,NULL,,NULL,,NULL
04/04/2023,SU10-X-40,SU10,Sample location delocated to a 10km square (see metadata),410000,100000,415000,105000,4,86,11,no,no,0,,0,,0,,9.1,,yes,NA,2,,30,,1,,,NA,,NA,,NA,,NA,,NA,,NA,,NA,,NA,30,,1,,yes,normal,normal,0,,47,,47,,turn and lift,yes,NA,yes,NA,yes,NA,large corer (tip same as ABC),yes,NA,yes,NA,yes,normal,19,,19,,dig and tip,NULL,,NULL,NULL,NULL,,NULL,,NULL
04/04/2023,SU10-X-40,SU10,Sample location delocated to a 10km square (see metadata),410000,100000,415000,105000,4,86,28,no,no,0,,0,,0,,11.1,,yes,NA,2,,30,,1,,,NA,,NA,,NA,,NA,,NA,,NA,,NA,,NA,30,,1,,yes,normal,normal,0,,45,,45,,turn and lift,yes,NA,yes,NA,yes,NA,small corer,yes,NA,yes,NA,yes,normal,19,,19,,dig and tip,NULL,,NULL,NULL,NULL,,NULL,,NULL
04/04/2023,SU10-X-40,SU10,Sample location delocated to a 10km square (see metadata),410000,100000,415000,105000,4,86,59,no,no,0,,0,,0,,10.5,,yes,NA,2,,30,,1,,,NA,,NA,,NA,,NA,,NA,,NA,,NA,,NA,30,,1,,yes,normal,normal,0,,47,,47,,turn and lift,yes,NA,yes,NA,yes,NA,small corer,yes,NA,yes,NA,yes,normal,17,,,NA,turn and lift,NULL,,NULL,NULL,NULL,,NULL,,NULL
04/04/2023,SU10-X-40,SU10,Sample location delocated to a 10km square (see metadata),410000,100000,415000,105000,4,86,46,no,no,0,,0,,0,,11.1,,yes,NA,2,,30,,1,,,NA,,NA,,NA,,NA,,NA,,NA,,NA,,NA,30,,1,,yes,normal,normal,0,,49,,49,,turn and lift,yes,NA,yes,NA,yes,NA,small corer,yes,NA,yes,NA,yes,normal,19.5,,19.5,,turn and lift,NULL,,NULL,NULL,NULL,,NULL,,NULL
05/04/2023,SU10-X-40,SU10,Sample location delocated to a 10km square (see metadata),410000,100000,415000,105000,1,112,11,no,yes,0,,7,,0,,7.8,,yes,NA,2,,15,,3,,30,,2,,,NA,,NA,,NA,,NA,,NA,,NA,30,,2.5,,yes,normal,normal,0,,42,,42,,turn and lift,yes,NA,yes,NA,yes,NA,small corer,yes,NA,yes,NA,yes,normal,18.5,,18.5,,turn and lift,NULL,,NULL,NULL,NULL,,NULL,,NULL
05/04/2023,SU10-X-40,SU10,Sample location delocated to a 10km square (see metadata),410000,100000,415000,105000,1,112,28,yes,no,0,,7,,0,,7.8,,yes,NA,1,,10,,1,,20,,4,,30,,3,,,NA,,NA,,NA,,NA,30,,2.7,,yes,normal,normal,0,,43,,,NA,turn and lift,yes,NA,yes,NA,yes,NA,small corer,yes,NA,yes,NA,yes,normal,19,,18,,dig and tip,NULL,,NULL,NULL,NULL,,NULL,,NULL
05/04/2023,SU10-X-40,SU10,Sample location delocated to a 10km square (see metadata),410000,100000,415000,105000,1,112,59,no,no,0,,10,,0,,7.8,,yes,NA,1,,15,,1.5,,30,,2,,,NA,,NA,,NA,,NA,,NA,,NA,30,,1.8,,yes,normal,normal,0,,46,,46,,turn and lift,yes,NA,yes,NA,yes,NA,small corer,yes,NA,yes,NA,yes,normal,18,,,NA,dig and tip,NULL,,NULL,NULL,NULL,,NULL,,NULL
05/04/2023,SU10-X-40,SU10,Sample location delocated to a 10km square (see metadata),410000,100000,415000,105000,1,112,46,no,no,0,,3,,0,,8,,yes,NA,2,,10,,1,,30,,2,,,NA,,NA,,NA,,NA,,NA,,NA,30,,1.7,,yes,normal,normal,0,,40,,40,,turn and lift,yes,NA,yes,NA,yes,NA,small corer,yes,NA,yes,NA,yes,normal,18,,18,,dig and tip,NULL,,NULL,NULL,NULL,,NULL,,NULL
05/04/2023,SU10-X-40,SU10,Sample location delocated to a 10km square (see metadata),410000,100000,415000,105000,6,84,11,no,no,0,,5,,0,,9.8,,no,Root mat. Unable to break apart,,NA,,NA,,NA,,NA,,NA,,NA,,NA,,NA,,NA,,NA,,NA,,NA,,NA,yes,normal,normal,0,,43,,43,,dig and tip,yes,NA,yes,NA,yes,NA,small corer,yes,NA,yes,NA,yes,normal,18,,18,,dig and tip,NULL,,NULL,NULL,NULL,,NULL,,NULL
05/04/2023,SU10-X-40,SU10,Sample location delocated to a 10km square (see metadata),410000,100000,415000,105000,6,84,28,no,no,0,,2,,0,,9.7,,yes,NA,2,,30,,2,,,NA,,NA,,NA,,NA,,NA,,NA,,NA,,NA,30,,2,,yes,normal,normal,0,,42,,42,,turn and lift,yes,NA,yes,NA,yes,NA,small corer,yes,NA,yes,NA,yes,normal,20,,20,,turn and lift,NULL,,NULL,NULL,NULL,,NULL,,NULL
05/04/2023,SU10-X-40,SU10,Sample location delocated to a 10km square (see metadata),410000,100000,415000,105000,6,84,59,no,yes,0,,6,,0,,9.3,,yes,NA,2,,30,,2,,,NA,,NA,,NA,,NA,,NA,,NA,,NA,,NA,30,,2,,yes,normal,normal,0,,45,,45,,dig and tip,yes,NA,yes,NA,yes,NA,small corer,yes,NA,yes,NA,yes,normal,18,,18,,dig and tip,NULL,,NULL,NULL,NULL,,NULL,,NULL
05/04/2023,SU10-X-40,SU10,Sample location delocated to a 10km square (see metadata),410000,100000,415000,105000,6,84,46,no,yes,0,,7,,0,,9.3,,no,Rush roots dominate soil profile,,NA,,NA,,NA,,NA,,NA,,NA,,NA,,NA,,NA,,NA,,NA,,NA,,NA,yes,normal,normal,0,,43,,43,,dig and tip,yes,NA,yes,NA,yes,NA,small corer,yes,NA,yes,NA,yes,normal,18,,18,,turn and lift,NULL,,NULL,NULL,NULL,,NULL,,NULL
11/03/2024,SU26-X-21,SU26,Sample location delocated to a 10km square (see metadata),420000,160000,425000,165000,3,72,59,yes,yes,0,,30,,0,,7.6,,yes,NA,3,,30,,3,,,NA,,NA,,NA,,NA,,NA,,NA,,NA,,NA,30,,3,,yes,catcher,catcher,0,,46,,,NA,turn and lift,yes,NA,yes,NA,yes,NA,small corer,yes,NA,yes,NA,yes,catcher,18.3,,18.3,,turn and lift,no,,NA,NA,NA,,NA,1,
11/03/2024,SU26-X-21,SU26,Sample location delocated to a 10km square (see metadata),420000,160000,425000,165000,3,72,28,yes,yes,0,,25,,0,,7.8,,yes,NA,1,,30,,2.5,,,NA,,NA,,NA,,NA,,NA,,NA,,NA,,NA,30,,2.5,,yes,catcher,catcher,0,,40,,,NA,turn and lift,yes,NA,yes,NA,yes,NA,small corer,yes,NA,yes,NA,yes,catcher,20,,20,,turn and lift,no,,NA,NA,NA,,NA,1,
11/03/2024,SU26-X-21,SU26,Sample location delocated to a 10km square (see metadata),420000,160000,425000,165000,3,72,11,no,yes,0,,28,,0,,7.9,,yes,NA,,NULL,30,,3,,,NA,,NA,,NA,,NA,,NA,,NA,,NA,,NA,30,,3,,yes,catcher,catcher,0,,43,,,NA,turn and lift,yes,NA,yes,NA,yes,NA,small corer,yes,NA,yes,NA,yes,catcher,19,,19,,turn and lift,no,,NA,NA,NA,,NA,1,
11/03/2024,SU26-X-21,SU26,Sample location delocated to a 10km square (see metadata),420000,160000,425000,165000,3,72,46,no,yes,0,,19,,0,,7.9,,yes,NA,3,,30,,3,,,NA,,NA,,NA,,NA,,NA,,NA,,NA,,NA,30,,3,,yes,catcher,catcher,0,,41.5,,,NA,turn and lift,yes,NA,yes,NA,yes,NA,small corer,yes,NA,yes,NA,yes,catcher,18,,18,,turn and lift,no,,NA,NA,NA,,NA,1,
11/03/2024,SU26-X-21,SU26,Sample location delocated to a 10km square (see metadata),420000,160000,425000,165000,2,72,59,no,yes,0,,44,,0,,8.2,,yes,NA,2,,26,,2,,,NA,,NA,,NA,,NA,,NA,,NA,,NA,,NA,26,,2,,yes,catcher,catcher,0,,46,,,NA,turn and lift,yes,NA,yes,NA,yes,NA,small corer,yes,NA,yes,NA,yes,catcher,23,,23,,turn and lift,no,,NA,NA,NA,,NA,1,
11/03/2024,SU26-X-21,SU26,Sample location delocated to a 10km square (see metadata),420000,160000,425000,165000,2,72,46,yes,yes,0,,17,,0,,8.1,,no,NULL,,NA,,NA,,NA,,NA,,NA,,NA,,NA,,NA,,NA,,NA,,NA,,NA,,NA,yes,catcher,catcher,0,,46,,,NA,turn and lift,yes,NA,yes,NA,yes,NA,small corer,yes,NA,yes,NA,yes,catcher,18,,18,,turn and lift,no,,NA,NA,NA,,NA,1,
11/03/2024,SU26-X-21,SU26,Sample location delocated to a 10km square (see metadata),420000,160000,425000,165000,2,72,11,no,yes,0,,10,,0,,8.1,,yes,NA,2,,25,,2,,,NA,,NA,,NA,,NA,,NA,,NA,,NA,,NA,25,,2,,yes,catcher,catcher,1,,46,,,NA,turn and lift,yes,NA,yes,NA,yes,NA,small corer,yes,NA,yes,NA,yes,catcher,17.5,,17.5,,turn and lift,no,,NA,NA,NA,,NA,1,
11/03/2024,SU26-X-21,SU26,Sample location delocated to a 10km square (see metadata),420000,160000,425000,165000,2,72,28,no,yes,0,,18,,0,,8.5,,yes,NA,1,,30,,2,,,NA,,NA,,NA,,NA,,NA,,NA,,NA,,NA,30,,2,,yes,catcher,catcher,0,,47,,,NA,dig and tip,yes,NA,yes,NA,yes,NA,small corer,yes,NA,yes,NA,yes,catcher,17.5,,17.5,,turn and lift,no,,NA,NA,NA,,NA,1,
26/03/2024,SU29-X-51,SU29,Sample location delocated to a 10km square (see metadata),420000,190000,425000,195000,4,85,11,no,no,0,,13,,0,,10.7,,no,Ground too soft,,NA,,NA,,NA,,NA,,NA,,NA,,NA,,NA,,NA,,NA,,NA,,NA,,NA,yes,normal,normal,0,,26,,,NULL,turn and lift,yes,NA,no,big_stones,no,big_stones,small corer,yes,NA,yes,NA,yes,normal,21,,21,,turn and lift,no,,NA,NA,NA,,NA,1,
26/03/2024,SU29-X-51,SU29,Sample location delocated to a 10km square (see metadata),420000,190000,425000,195000,4,85,46,no,no,0,,18,,0,,10.3,,no,Ground too soft,,NA,,NA,,NA,,NA,,NA,,NA,,NA,,NA,,NA,,NA,,NA,,NA,,NA,yes,normal,normal,0,,25,,,NULL,turn and lift,yes,NA,no,big_stones,no,big_stones,small corer,yes,NA,yes,NA,yes,normal,22,,22,,turn and lift,no,,NA,NA,NA,,NA,1,
26/03/2024,SU29-X-51,SU29,Sample location delocated to a 10km square (see metadata),420000,190000,425000,195000,4,85,59,no,no,0,,10,,0,,10.4,,no,Ground too soft,,NA,,NA,,NA,,NA,,NA,,NA,,NA,,NA,,NA,,NA,,NA,,NA,,NA,yes,normal,normal,0,,23,,,NULL,turn and lift,yes,NA,no,big_stones,no,big_stones,small corer,yes,NA,yes,NA,no - big stones,normal,11,,11,,turn and lift,no,,NA,NA,NA,,NA,1,
26/03/2024,SU29-X-51,SU29,Sample location delocated to a 10km square (see metadata),420000,190000,425000,195000,4,85,28,no,no,0,,13,,0,,10.3,,no,Ground too soft,,NA,,NA,,NA,,NA,,NA,,NA,,NA,,NA,,NA,,NA,,NA,,NA,,NA,yes,normal,normal,0,,30,,,NULL,turn and lift,yes,NA,no,big_stones,no,big_stones,small corer,yes,NA,yes,NA,yes,normal,11,,11,,turn and lift,no,,NA,NA,NA,,NA,1,
27/03/2024,SU29-X-51,SU29,Sample location delocated to a 10km square (see metadata),420000,190000,425000,195000,3,92,46,no,no,0,,5,,0,,7.8,,yes,NA,,NULL,30,,1,,,NA,,NA,,NA,,NA,,NA,,NA,,NA,,NA,30,,1,,yes,normal,normal,0,,23,,,NULL,turn and lift,yes,NA,no,big_stones,no,big_stones,small corer,yes,NA,no,stones,yes,normal,16,,16,,turn and lift,no,,NA,NA,NA,,NA,1,
27/03/2024,SU29-X-51,SU29,Sample location delocated to a 10km square (see metadata),420000,190000,425000,195000,3,92,58,no,no,0,,0,,0,,7.2,,no,Stony ground,,NA,,NA,,NA,,NA,,NA,,NA,,NA,,NA,,NA,,NA,,NA,,NA,,NA,yes,normal,normal,0,,32,,,NULL,turn and lift,yes,NA,no,shallow_soil,no,big_stones,small corer,yes,NA,yes,NA,yes,normal,20,,20,,turn and lift,no,,NA,NA,NA,,NA,1,
27/03/2024,SU29-X-51,SU29,Sample location delocated to a 10km square (see metadata),420000,190000,425000,195000,3,92,28,no,no,0,,0,,0,,7.2,,no,Stony ground,,NA,,NA,,NA,,NA,,NA,,NA,,NA,,NA,,NA,,NA,,NA,,NA,,NA,yes,normal,normal,0,,20,,,NULL,turn and lift,yes,NA,no,big_stones,no,big_stones,small corer,yes,NA,yes,NA,yes,normal,21,,21,,turn and lift,no,,NA,NA,NA,,NA,1,
27/03/2024,SU29-X-51,SU29,Sample location delocated to a 10km square (see metadata),420000,190000,425000,195000,3,92,11,no,no,0,,0,,0,,7.1,,no,Stony ground,,NA,,NA,,NA,,NA,,NA,,NA,,NA,,NA,,NA,,NA,,NA,,NA,,NA,yes,normal,normal,0,,24.5,,,NULL,turn and lift,yes,NA,no,big_stones,no,big_stones,small corer,yes,partial - stones,no,stones,yes,normal,20,,20,,turn and lift,no,,NA,NA,NA,,NA,1,
12/04/2023,SU30-X-28,SU30,Sample location delocated to a 10km square (see metadata),430000,100000,435000,105000,1,85,46,no,no,0,,2,,0,,7.6,,no,Soil not appropriate very high stone content,,NA,,NA,,NA,,NA,,NA,,NA,,NA,,NA,,NA,,NA,,NA,,NA,,NA,yes,normal,normal,0,,50,,,NA,turn and lift,yes,NA,yes,NA,yes,NA,large corer (tip same as ABC),yes,NA,yes,NA,yes,normal,18,,18,,turn and lift,NULL,,NULL,NULL,NULL,,NULL,,NULL
12/04/2023,SU30-X-28,SU30,Sample location delocated to a 10km square (see metadata),430000,100000,435000,105000,1,85,59,no,no,0,,8,,0,,7.9,,no,"Soil not appropriate, high stone content.",,NA,,NA,,NA,,NA,,NA,,NA,,NA,,NA,,NA,,NA,,NA,,NA,,NA,yes,normal,normal,0,,46.5,,46.5,,turn and lift,yes,NA,yes,NA,yes,NA,large corer (tip same as ABC),yes,NA,yes,NA,yes,normal,17.5,,17.5,,turn and lift,NULL,,NULL,NULL,NULL,,NULL,,NULL
12/04/2023,SU30-X-28,SU30,Sample location delocated to a 10km square (see metadata),430000,100000,435000,105000,1,85,28,no,no,0,,2,,0,,8.1,,no,Soil not appropriate due to high stone content,,NA,,NA,,NA,,NA,,NA,,NA,,NA,,NA,,NA,,NA,,NA,,NA,,NA,yes,normal,normal,0,,47,,47,,turn and lift,yes,NA,yes,NA,yes,NA,large corer (tip same as ABC),yes,NA,yes,NA,yes,normal,19.4,,19.4,,turn and lift,NULL,,NULL,NULL,NULL,,NULL,,NULL
12/04/2023,SU30-X-28,SU30,Sample location delocated to a 10km square (see metadata),430000,100000,435000,105000,1,85,11,no,no,0,,4,,0,,8.1,,no,High stone content,,NA,,NA,,NA,,NA,,NA,,NA,,NA,,NA,,NA,,NA,,NA,,NA,,NA,yes,normal,normal,0,,47.1,,47.1,,turn and lift,yes,NA,yes,NA,yes,NA,large corer (tip same as ABC),yes,NA,yes,NA,yes,normal,19.5,,19.5,,turn and lift,NULL,,NULL,NULL,NULL,,NULL,,NULL
12/04/2023,SU30-X-28,SU30,Sample location delocated to a 10km square (see metadata),430000,100000,435000,105000,2,85,28,no,no,0,,15,,0,,9.2,,yes,NA,2,,30,,3,,,NA,,NA,,NA,,NA,,NA,,NA,,NA,,NA,30,,3,,yes,normal,normal,0,,47,,47,,turn and lift,yes,NA,yes,NA,yes,NA,small corer,yes,NA,yes,NA,yes,normal,17.6,,17.6,,turn and lift,NULL,,NULL,NULL,NULL,,NULL,,NULL
12/04/2023,SU30-X-28,SU30,Sample location delocated to a 10km square (see metadata),430000,100000,435000,105000,2,85,11,no,no,0,,34,,0,,8.1,,yes,NA,2,,30,,4,,,NA,,NA,,NA,,NA,,NA,,NA,,NA,,NA,30,,4,,yes,normal,normal,0,,48.5,,48.5,,turn and lift,yes,NA,yes,NA,yes,NA,small corer,yes,NA,yes,NA,yes,normal,18,,18,,dig and tip,NULL,,NULL,NULL,NULL,,NULL,,NULL
12/04/2023,SU30-X-28,SU30,Sample location delocated to a 10km square (see metadata),430000,100000,435000,105000,2,85,46,yes,no,0,,29,,0,,8.1,,yes,NA,2,,30,,4,,,NA,,NA,,NA,,NA,,NA,,NA,,NA,,NA,30,,4,,yes,normal,normal,0,,47.5,,47.5,,turn and lift,yes,NA,yes,NA,yes,NA,small corer,yes,NA,yes,partial - too wet,yes,normal,18,,18,,turn and lift,NULL,,NULL,NULL,NULL,,NULL,,NULL
12/04/2023,SU30-X-28,SU30,Sample location delocated to a 10km square (see metadata),430000,100000,435000,105000,2,85,59,yes,no,0,,10,,0,,8,,yes,NA,2,,30,,5,,,NA,,NA,,NA,,NA,,NA,,NA,,NA,,NA,30,,5,,yes,normal,normal,0,,46.5,,46.5,,turn and lift,yes,NA,yes,NA,yes,NA,small corer,yes,NA,yes,NA,yes,normal,19.5,,19.5,,turn and lift,NULL,,NULL,NULL,NULL,,NULL,,NULL
13/04/2023,SU30-X-28,SU30,Sample location delocated to a 10km square (see metadata),430000,100000,435000,105000,3,98,11,no,no,0,,6,,0,,8.5,,yes,NA,2,,30,,4,,,NA,,NA,,NA,,NA,,NA,,NA,,NA,,NA,30,,4,,yes,normal,normal,0,,48.7,,48.7,,turn and lift,yes,NA,yes,NA,yes,NA,small corer,yes,NA,yes,NA,yes,normal,19,,19,,turn and lift,NULL,,NULL,NULL,NULL,,NULL,,NULL
13/04/2023,SU30-X-28,SU30,Sample location delocated to a 10km square (see metadata),430000,100000,435000,105000,3,98,28,no,no,0,,3,,0,,8.5,,yes,NA,2,,25,,4,,,NA,,NA,,NA,,NA,,NA,,NA,,NA,,NA,25,,4,,yes,normal,normal,0,,47.5,,,NA,turn and lift,yes,NA,yes,NA,yes,NA,small corer,yes,NA,yes,NA,yes,normal,19,,,NA,turn and lift,NULL,,NULL,NULL,NULL,,NULL,,NULL
13/04/2023,SU30-X-28,SU30,Sample location delocated to a 10km square (see metadata),430000,100000,435000,105000,3,98,59,no,no,0,,17,,0,,9.1,,yes,NA,2,,30,,3,,,NA,,NA,,NA,,NA,,NA,,NA,,NA,,NA,30,,3,,yes,normal,normal,0,,41,,41,,turn and lift,yes,NA,yes,NA,yes,NA,small corer,yes,NA,yes,NA,yes,normal,25,,25,,dig and tip,NULL,,NULL,NULL,NULL,,NULL,,NULL
13/04/2023,SU30-X-28,SU30,Sample location delocated to a 10km square (see metadata),430000,100000,435000,105000,3,98,48,no,no,0,,11,,0,,8.8,,yes,NA,2,,20,,3,,,NA,,NA,,NA,,NA,,NA,,NA,,NA,,NA,20,,3,,yes,normal,normal,0,,47,,47,,turn and lift,yes,NA,yes,NA,yes,NA,small corer,yes,NA,yes,NA,yes,normal,17,,17,,dig and tip,NULL,,NULL,NULL,NULL,,NULL,,NULL
13/04/2023,SU30-X-28,SU30,Sample location delocated to a 10km square (see metadata),430000,100000,435000,105000,4,98,11,no,no,0,,8,,0,,9.2,,yes,NA,2,,10,,4,,30,,4,,,NA,,NA,,NA,,NA,,NA,,NA,30,,4,,yes,normal,normal,0,,48,,48,,turn and lift,yes,NA,yes,NA,yes,NA,small corer,yes,NA,yes,NA,yes,normal,20,,20,,turn and lift,NULL,,NULL,NULL,NULL,,NULL,,NULL
13/04/2023,SU30-X-28,SU30,Sample location delocated to a 10km square (see metadata),430000,100000,435000,105000,4,98,28,no,no,0,,12,,0,,9.3,,yes,NA,2,,25,,4,,,NA,,NA,,NA,,NA,,NA,,NA,,NA,,NA,25,,4,,yes,normal,normal,0,,48,,48,,turn and lift,yes,NA,yes,NA,yes,NA,small corer,yes,NA,yes,NA,yes,normal,18,,18,,turn and lift,NULL,,NULL,NULL,NULL,,NULL,,NULL
13/04/2023,SU30-X-28,SU30,Sample location delocated to a 10km square (see metadata),430000,100000,435000,105000,4,98,59,no,no,0,,2,,0,,9.5,,yes,NA,2,,20,,3,,,NA,,NA,,NA,,NA,,NA,,NA,,NA,,NA,20,,3,,yes,normal,normal,0,,48,,48,,turn and lift,yes,NA,yes,NA,yes,NA,small corer,yes,NA,yes,NA,yes,normal,20,,20,,turn and lift,NULL,,NULL,NULL,NULL,,NULL,,NULL
13/04/2023,SU30-X-28,SU30,Sample location delocated to a 10km square (see metadata),430000,100000,435000,105000,4,98,46,no,no,0,,6,,0,,10.9,,yes,NA,2,,30,,3,,,NA,,NA,,NA,,NA,,NA,,NA,,NA,,NA,30,,3,,yes,normal,normal,0,,48,,48,,turn and lift,yes,NA,yes,NA,yes,NA,small corer,yes,NA,yes,NA,yes,normal,20,,20,,turn and lift,NULL,,NULL,NULL,NULL,,NULL,,NULL
09/11/2023,SU38-X-26,SU38,Sample location delocated to a 10km square (see metadata),430000,180000,435000,185000,2,85,46,no,no,0,,3,,0,,7.7,,yes,NA,1,,10,,1.5,,30,,1.5,,,NA,,NA,,NA,,NA,,NA,,NA,30,,1.5,,yes,catcher,catcher,0,,47,,,NA,turn and lift,yes,NA,yes,NA,yes,NA,small corer,yes,NA,yes,NA,yes,catcher,19,,19,,turn and lift,no,,NA,NA,NA,,NA,1,
10/11/2023,SU38-X-26,SU38,Sample location delocated to a 10km square (see metadata),430000,180000,435000,185000,1,85,11,no,no,0,,5,,0,,8.4,,yes,NA,,NULL,25,,1.5,,,NA,,NA,,NA,,NA,,NA,,NA,,NA,,NA,25,,1.5,,yes,catcher,catcher,0,,46,,,NA,turn and lift,yes,NA,yes,NA,yes,NA,small corer,yes,NA,yes,NA,yes,catcher,18,,18,,turn and lift,no,,NA,NA,NA,,NA,1,
09/11/2023,SU38-X-26,SU38,Sample location delocated to a 10km square (see metadata),430000,180000,435000,185000,2,85,28,no,no,0,,1,,0,,8,,yes,NA,1,,8,,1.5,,30,,1.5,,,NA,,NA,,NA,,NA,,NA,,NA,30,,1.5,,yes,catcher,catcher,0,,49.5,,,NA,turn and lift,yes,NA,yes,NA,yes,NA,small corer,yes,NA,yes,NA,yes,catcher,19,,19,,turn and lift,no,,NA,NA,NA,,NA,1,
10/11/2023,SU38-X-26,SU38,Sample location delocated to a 10km square (see metadata),430000,180000,435000,185000,1,85,28,no,no,0,,5,,0,,8.3,,yes,NA,2,,21,,1.5,,,NA,,NA,,NA,,NA,,NA,,NA,,NA,,NA,21,,1.5,,yes,catcher,catcher,0,,47,,,NA,turn and lift,yes,NA,yes,NA,yes,NA,small corer,yes,NA,yes,partial - hit chalk,yes,catcher,20,,20,,turn and lift,no,,NA,NA,NA,,NA,1,
10/11/2023,SU38-X-26,SU38,Sample location delocated to a 10km square (see metadata),430000,180000,435000,185000,1,85,59,no,no,0,,6,,0,,8.3,,yes,NA,2,,20,,2,,,NA,,NA,,NA,,NA,,NA,,NA,,NA,,NA,20,,2,,yes,catcher,catcher,0,,47,,,NA,turn and lift,yes,NA,yes,NA,yes,NA,small corer,yes,NA,yes,NA,yes,normal,20,,20,,turn and lift,no,,NA,NA,NA,,NA,1,
09/11/2023,SU38-X-26,SU38,Sample location delocated to a 10km square (see metadata),430000,180000,435000,185000,2,85,59,no,no,0,,4,,0,,7.8,,yes,NA,1,,10,,1.5,,30,,1.5,,,NA,,NA,,NA,,NA,,NA,,NA,30,,1.5,,yes,catcher,catcher,0,,49.5,,,NA,turn and lift,yes,NA,yes,NA,yes,NA,small corer,yes,NA,yes,NA,yes,catcher,18.3,,18.3,,turn and lift,no,,NA,NA,NA,,NA,1,
09/11/2023,SU38-X-26,SU38,Sample location delocated to a 10km square (see metadata),430000,180000,435000,185000,2,85,11,no,no,0,,2,,0,,7.9,,yes,NA,1,,10,,1.5,,30,,1.5,,,NA,,NA,,NA,,NA,,NA,,NA,30,,1.5,,yes,catcher,catcher,0,,48,,,NA,turn and lift,yes,NA,yes,NA,yes,NA,small corer,yes,NA,yes,NA,yes,catcher,19.5,,19.5,,turn and lift,no,,NA,NA,NA,,NA,1,
10/11/2023,SU38-X-26,SU38,Sample location delocated to a 10km square (see metadata),430000,180000,435000,185000,1,85,46,no,no,0,,8,,0,,8.5,,yes,NA,2,,22,,2,,,NA,,NA,,NA,,NA,,NA,,NA,,NA,,NA,22,,2,,yes,catcher,catcher,0,,46.5,,,NA,turn and lift,yes,NA,yes,NA,yes,NA,small corer,yes,partial - hit rock,yes,NA,yes,catcher,19,,19,,turn and lift,no,,NA,NA,NA,,NA,1,
13/11/2023,SU50-X-83,SU50,Sample location delocated to a 10km square (see metadata),450000,100000,455000,105000,2,76,11,no,no,0,,2,,0,,11.1,,yes,NA,2,,10,,1.5,,,NA,,NA,,NA,,NA,,NA,,NA,,NA,,NA,10,,1.5,,yes,normal,normal,0,,47,,,NA,turn and lift,yes,NA,yes,NA,yes,NA,small corer,no,stones,no,stones,yes,normal,18.5,,18.5,,turn and lift,no,,NA,NA,NA,,NA,1,
13/11/2023,SU50-X-83,SU50,Sample location delocated to a 10km square (see metadata),450000,100000,455000,105000,2,76,28,no,no,0,,2,,0,,10.6,,yes,NA,2,,22,,1.5,,,NA,,NA,,NA,,NA,,NA,,NA,,NA,,NA,22,,1.5,,yes,normal,normal,1,,44,,,NA,turn and lift,yes,NA,yes,NA,yes,NA,small corer,no,stones,no,stones,yes,normal,16,,16,,turn and lift,no,,NA,NA,NA,,NA,1,
13/11/2023,SU50-X-83,SU50,Sample location delocated to a 10km square (see metadata),450000,100000,455000,105000,2,76,59,no,no,0,,6,,0,,10.4,,yes,NA,2,,25,,1.5,,,NA,,NA,,NA,,NA,,NA,,NA,,NA,,NA,25,,1.5,,yes,normal,normal,0,,46,,,NA,turn and lift,yes,NA,yes,NA,yes,NA,small corer,yes,NA,no,hit rock,yes,normal,26,,26,,turn and lift,no,,NA,NA,NA,,NA,1,
13/11/2023,SU50-X-83,SU50,Sample location delocated to a 10km square (see metadata),450000,100000,455000,105000,4,85,28,no,no,0,,7,,0,,10.8,,yes,NA,2,,25,,2,,,NA,,NA,,NA,,NA,,NA,,NA,,NA,,NA,25,,2,,yes,normal,normal,0,,46.5,,,NA,turn and lift,yes,NA,yes,NA,yes,NA,small corer,yes,NULL,yes,NA,yes,normal,18.5,,18.5,,turn and lift,no,,NA,NA,NA,,NA,1,
13/11/2023,SU50-X-83,SU50,Sample location delocated to a 10km square (see metadata),450000,100000,455000,105000,4,85,59,no,no,0,,10,,0,,11.3,,yes,NA,2,,25,,1.5,,,NA,,NA,,NA,,NA,,NA,,NA,,NA,,NA,25,,1.5,,yes,normal,normal,0,,45,,,NA,turn and lift,yes,NA,yes,NA,yes,NA,small corer,yes,NA,no,hit rock,yes,normal,18,,18,,turn and lift,no,,NA,NA,NA,,NA,1,
13/11/2023,SU50-X-83,SU50,Sample location delocated to a 10km square (see metadata),450000,100000,455000,105000,4,85,46,no,no,0,,2,,0,,11.3,,yes,NA,2,,20,,1.5,,,NA,,NA,,NA,,NA,,NA,,NA,,NA,,NA,20,,1.5,,yes,normal,normal,0,,47,,,NA,turn and lift,yes,NA,yes,NA,yes,NA,small corer,yes,NA,no,hit rock,yes,normal,18.4,,18.4,,turn and lift,no,,NA,NA,NA,,NA,1,
13/11/2023,SU50-X-83,SU50,Sample location delocated to a 10km square (see metadata),450000,100000,455000,105000,4,85,11,no,no,0,,7,,0,,10.7,,yes,NA,2,,25,,2,,,NA,,NA,,NA,,NA,,NA,,NA,,NA,,NA,25,,2,,yes,normal,normal,0,,44.5,,,NA,turn and lift,yes,NA,yes,NA,yes,NA,small corer,yes,NA,no,hit rock,yes,normal,16,,16,,turn and lift,no,,NA,NA,NA,,NA,1,
14/11/2023,SU50-X-83,SU50,Sample location delocated to a 10km square (see metadata),450000,100000,455000,105000,1,119,28,no,no,0,,2,,0,,11.3,,yes,NA,2,,20,,2,,,NA,,NA,,NA,,NA,,NA,,NA,,NA,,NA,20,,2,,yes,normal,normal,5,,46,,,NA,turn and lift,yes,NA,yes,NA,yes,NA,large corer (tip same as ABC),yes,NA,yes,NA,yes,normal,17,,,NA,turn and lift,no,,NA,NA,NA,,NA,1,
14/11/2023,SU50-X-83,SU50,Sample location delocated to a 10km square (see metadata),450000,100000,455000,105000,1,119,59,no,no,0,,4,,0,,11.3,,yes,NA,2,,10,,1.5,,,NA,,NA,,NA,,NA,,NA,,NA,,NA,,NA,10,,1.5,,yes,normal,normal,0,,49,,,NA,turn and lift,yes,NA,yes,NA,yes,NA,large corer (tip same as ABC),yes,NA,yes,NA,yes,normal,17,,,NA,turn and lift,no,,NA,NA,NA,,NA,1,
14/11/2023,SU50-X-83,SU50,Sample location delocated to a 10km square (see metadata),450000,100000,455000,105000,1,119,11,no,no,0,,2,,3,,11.6,,yes,NA,2,,20,,1.5,,,NA,,NA,,NA,,NA,,NA,,NA,,NA,,NA,20,,1.5,,yes,normal,normal,0,,48,,,NA,turn and lift,yes,NA,yes,NA,yes,NA,large corer (tip same as ABC),yes,NA,yes,NA,no - shallow,normal,24.5,,24.5,,turn and lift,no,,NA,NA,NA,,NA,1,
14/11/2023,SU50-X-83,SU50,Sample location delocated to a 10km square (see metadata),450000,100000,455000,105000,1,119,46,no,no,0,,4,,0,,11.5,,yes,NA,2,,20,,2,,,NA,,NA,,NA,,NA,,NA,,NA,,NA,,NA,20,,2,,yes,normal,normal,5,,44,,,NA,turn and lift,yes,NA,yes,NA,yes,NA,large corer (tip same as ABC),yes,NA,yes,NA,yes,normal,17.5,,17.5,,turn and lift,no,,NA,NA,NA,,NA,1,
13/11/2023,SU50-X-83,SU50,Sample location delocated to a 10km square (see metadata),450000,100000,455000,105000,2,76,46,no,no,0,,6,,0,,11.2,,yes,NA,2,,22,,2,,,NA,,NA,,NA,,NA,,NA,,NA,,NA,,NA,22,,2,,yes,normal,normal,0,,48,,,NA,turn and lift,yes,NA,yes,NA,yes,NA,small corer,no,dry and hard soil,no,dry and hard soil,yes,normal,24,,24,,turn and lift,no,,NA,NA,NA,,NA,1,
03/10/2023,SU58-X-30,SU58,Sample location delocated to a 10km square (see metadata),450000,180000,455000,185000,3,85,59,no,no,0,,4,,1,,15.5,,no,Field had been cultivated recently too crumbly,,NA,,NA,,NA,,NA,,NA,,NA,,NA,,NA,,NA,,NA,,NA,,NA,,NA,yes,normal,normal,0,,47,,,NA,turn and lift,yes,NA,yes,NA,yes,NA,small corer,yes,NA,yes,NA,yes,normal,17,,17,,turn and lift,no,,NA,NA,NA,,NA,,NA
03/10/2023,SU58-X-30,SU58,Sample location delocated to a 10km square (see metadata),450000,180000,455000,185000,3,85,46,no,no,0,,1,,0,,15.5,,no,Ground cultivated too crumbled ,,NA,,NA,,NA,,NA,,NA,,NA,,NA,,NA,,NA,,NA,,NA,,NA,,NA,yes,normal,normal,0,,43,,,NA,turn and lift,yes,NA,yes,NA,yes,NA,small corer,yes,NA,yes,NA,yes,normal,20,,20,,turn and lift,no,,NA,NA,NA,,NA,,NA
03/10/2023,SU58-X-30,SU58,Sample location delocated to a 10km square (see metadata),450000,180000,455000,185000,3,85,28,no,no,0,,4,,0,,15.8,,yes,NA,1,,30,,3,,,NA,,NA,,NA,,NA,,NA,,NA,,NA,,NA,30,,3,,yes,normal,normal,0,,42,,,NA,turn and lift,yes,NA,yes,NA,yes,NA,small corer,yes,NA,yes,NA,yes,normal,18,,18,,turn and lift,no,,NA,NA,NA,,NA,,NA
03/10/2023,SU58-X-30,SU58,Sample location delocated to a 10km square (see metadata),450000,180000,455000,185000,3,85,11,no,no,0,,0,,0,,15.6,,no,Ground cultivated it just crumbled,,NA,,NA,,NA,,NA,,NA,,NA,,NA,,NA,,NA,,NA,,NA,,NA,,NA,yes,normal,normal,0,,45,,,NA,turn and lift,yes,NA,yes,NA,yes,NA,small corer,yes,NA,yes,NA,yes,normal,21,,,NA,turn and lift,no,,NA,NA,NA,,NA,,NA
09/10/2023,SU62-X-52,SU62,Sample location delocated to a 10km square (see metadata),460000,120000,465000,125000,5,85,28,no,no,0,,1,,0,,15,,yes,NA,1,,15,,1,,,NA,,NA,,NA,,NA,,NA,,NA,,NA,,NA,15,,1,,yes,normal,normal,1,,43,,,NA,turn and lift,yes,NA,yes,NA,yes,NA,small corer,yes,NA,no,hit chalk ,yes,normal,25,,25,,turn and lift,no,,NA,NA,NA,,NA,1,
09/10/2023,SU62-X-52,SU62,Sample location delocated to a 10km square (see metadata),460000,120000,465000,125000,5,85,11,no,no,0,,1,,0,,15.1,,yes,NA,1,,10,,1,,,NA,,NA,,NA,,NA,,NA,,NA,,NA,,NA,10,,1,,yes,normal,normal,1,,45,,,NA,turn and lift,yes,NA,yes,NA,yes,NA,large corer (tip same as ABC),yes,NA,yes,NA,yes,normal,16,,16,,turn and lift,no,,NA,NA,NA,,NA,1,
09/10/2023,SU62-X-52,SU62,Sample location delocated to a 10km square (see metadata),460000,120000,465000,125000,5,85,46,no,no,0,,2,,0,,14.8,,yes,NA,1,,10,,1,,30,,1,,,NA,,NA,,NA,,NA,,NA,,NA,30,,1,,yes,normal,normal,1,,43,,,NA,turn and lift,yes,NA,yes,NA,yes,NA,large corer (tip same as ABC),yes,NA,yes,NA,yes,normal,22,,22,,turn and lift,no,,NA,NA,NA,,NA,1,
09/10/2023,SU62-X-52,SU62,Sample location delocated to a 10km square (see metadata),460000,120000,465000,125000,5,85,59,no,no,0,,2,,0,,15.3,,yes,NA,2,,10,,1,,30,,,NULL,,NA,,NA,,NA,,NA,,NA,,NA,30,,,NULL,yes,normal,normal,1,,44.5,,,NA,turn and lift,yes,NA,yes,NA,yes,NA,large corer (tip same as ABC),yes,NA,no,hit chalk ,yes,normal,16,,16,,turn and lift,no,,NA,NA,NA,,NA,1,
26/09/2023,SU63-X-94,SU63,Sample location delocated to a 10km square (see metadata),460000,130000,465000,135000,3,85,59,yes,no,0,,17,,7,,16.4,,yes,NA,2,,24,,1,,,NA,,NA,,NA,,NA,,NA,,NA,,NA,,NA,24,,1,,yes,normal,normal,0,,41,,41,,turn and lift,yes,NA,yes,NA,yes,NA,small corer,yes,NA,yes,NA,yes,normal,22,,22,,turn and lift,NULL,,NULL,NULL,NULL,,NULL,,NULL
26/09/2023,SU63-X-94,SU63,Sample location delocated to a 10km square (see metadata),460000,130000,465000,135000,3,85,46,no,no,0,,30,,5,,16.4,,yes,NA,2,,21,,1,,,NA,,NA,,NA,,NA,,NA,,NA,,NA,,NA,21,,1,,yes,normal,normal,0,,48,,36,,turn and lift,yes,NA,yes,NA,yes,NA,small corer,yes,NA,yes,NA,yes,normal,22,,,NA,turn and lift,NULL,,NULL,NULL,NULL,,NULL,,NULL
26/09/2023,SU63-X-94,SU63,Sample location delocated to a 10km square (see metadata),460000,130000,465000,135000,3,85,28,no,yes,1,,21,,7,,15.3,,yes,NA,2,,30,,1,,,NA,,NA,,NA,,NA,,NA,,NA,,NA,,NA,30,,1,,yes,normal,normal,0,,45,,45,,turn and lift,yes,NA,yes,NA,yes,NA,small corer,yes,NA,no,hit chalk,yes,normal,20,,,NA,turn and lift,NULL,,NULL,NULL,NULL,,NULL,,NULL
26/09/2023,SU63-X-94,SU63,Sample location delocated to a 10km square (see metadata),460000,130000,465000,135000,3,85,11,no,yes,0,,16,,3,,15.2,,yes,NA,2,,30,,2,,,NA,,NA,,NA,,NA,,NA,,NA,,NA,,NA,30,,2,,yes,normal,normal,0,,45,,45,,turn and lift,yes,NA,yes,NA,yes,NA,small corer,yes,NA,no,too hard,yes,normal,18,,18,,turn and lift,NULL,,NULL,NULL,NULL,,NULL,,NULL
27/09/2023,SU63-X-94,SU63,Sample location delocated to a 10km square (see metadata),460000,130000,465000,135000,1,84,59,no,no,2,,4,,0,,15.4,,no,Too many flints and gravel ,,NA,,NA,,NA,,NA,,NA,,NA,,NA,,NA,,NA,,NA,,NA,,NA,,NA,yes,normal,normal,0,,50,,,NA,turn and lift,yes,NA,yes,NA,yes,NA,large corer (tip same as ABC),yes,NA,yes,NA,yes,normal,19,,19,,turn and lift,no,,NA,NA,NA,,NA,,NA
27/09/2023,SU63-X-94,SU63,Sample location delocated to a 10km square (see metadata),460000,130000,465000,135000,1,84,28,no,no,3,,14,,0,,15.7,,yes,NA,2,,10,,1,,,NA,,NA,,NA,,NA,,NA,,NA,,NA,,NA,10,,1,,yes,normal,normal,0,,47,,,NA,turn and lift,yes,NA,yes,NA,yes,NA,large corer (tip same as ABC),yes,NA,yes,NA,yes,normal,18,,18,,turn and lift,no,,NA,NA,NA,,NA,,NA
27/09/2023,SU63-X-94,SU63,Sample location delocated to a 10km square (see metadata),460000,130000,465000,135000,1,84,11,yes,no,1,,5,,1,,15.6,,no,Ground too hard,,NA,,NA,,NA,,NA,,NA,,NA,,NA,,NA,,NA,,NA,,NA,,NA,,NA,yes,normal,normal,0,,48.6,,,NA,turn and lift,yes,NA,yes,NA,yes,NA,large corer (tip same as ABC),yes,NA,yes,NA,yes,normal,18,,18,,turn and lift,no,,NA,NA,NA,,NA,,NA
27/09/2023,SU63-X-94,SU63,Sample location delocated to a 10km square (see metadata),460000,130000,465000,135000,1,84,46,no,no,0,,10,,0,,15.5,,no,Too hard,,NA,,NA,,NA,,NA,,NA,,NA,,NA,,NA,,NA,,NA,,NA,,NA,,NA,yes,normal,normal,0,,46,,,NA,turn and lift,yes,NA,yes,NA,yes,NA,large corer (tip same as ABC),yes,NA,yes,NA,yes,normal,18,,18,,turn and lift,no,,NA,NA,NA,,NA,,NA
27/09/2023,SU63-X-94,SU63,Sample location delocated to a 10km square (see metadata),460000,130000,465000,135000,2,85,28,no,no,0,,0,,0,,17.5,,yes,NA,2,,10,,1,,,NA,,NA,,NA,,NA,,NA,,NA,,NA,,NA,10,,1,,yes,normal,normal,2,,48,,,NA,turn and lift,yes,NA,yes,NA,yes,NA,large corer (tip same as ABC),yes,NA,yes,NA,yes,normal,19,,19,,turn and lift,no,,NA,NA,NA,,NA,,NA
27/09/2023,SU63-X-94,SU63,Sample location delocated to a 10km square (see metadata),460000,130000,465000,135000,2,85,11,no,no,0,,0,,0,,17.7,,yes,NA,2,,10,,1,,,NA,,NA,,NA,,NA,,NA,,NA,,NA,,NA,10,,1,,yes,normal,normal,2,,46,,,NA,turn and lift,yes,NA,yes,NA,yes,NA,large corer (tip same as ABC),yes,NA,yes,NA,yes,normal,19,,19,,turn and lift,no,,NA,NA,NA,,NA,,NA
27/09/2023,SU63-X-94,SU63,Sample location delocated to a 10km square (see metadata),460000,130000,465000,135000,2,85,46,no,no,0,,4,,0,,17.9,,yes,NA,2,,15,,2,,,NA,,NA,,NA,,NA,,NA,,NA,,NA,,NA,15,,2,,yes,normal,normal,1,,44,,,NA,turn and lift,yes,NA,yes,NA,yes,NA,large corer (tip same as ABC),yes,NA,yes,NA,yes,normal,24,,24,,turn and lift,no,,NA,NA,NA,,NA,,NA
02/10/2023,SU63-X-94,SU63,Sample location delocated to a 10km square (see metadata),460000,130000,465000,135000,2,85,59,no,no,0,,5,,0,,16.5,,yes,NA,2,,10,,1.5,,,NA,,NA,,NA,,NA,,NA,,NA,,NA,,NA,10,,1.5,,yes,normal,normal,0,,40,,,NA,turn and lift,yes,NA,yes,NA,yes,NA,large corer (tip same as ABC),yes,NA,yes,NA,yes,normal,18.5,,18.5,,turn and lift,no,,NA,NA,NA,,NA,,NA
02/10/2023,SU63-X-94,SU63,Sample location delocated to a 10km square (see metadata),460000,130000,465000,135000,4,42,28,no,no,0,,5,,0,,16.2,,yes,NA,3,,10,,1,,,NA,,NA,,NA,,NA,,NA,,NA,,NA,,NA,10,,1,,yes,normal,normal,0,,45,,,NA,turn and lift,yes,NA,yes,NA,yes,NA,small corer,no,dry and hard soil,no,NULL,yes,normal,17,,17,,turn and lift,no,,NA,NA,NA,,NA,,NA
02/10/2023,SU63-X-94,SU63,Sample location delocated to a 10km square (see metadata),460000,130000,465000,135000,4,42,59,no,no,0,,4,,1,,16.3,,yes,NA,3,,10,,1,,,NA,,NA,,NA,,NA,,NA,,NA,,NA,,NA,10,,1,,yes,normal,normal,0,,45,,,NA,turn and lift,yes,NA,yes,NA,yes,NA,large corer (tip same as ABC),yes,NA,yes,NA,yes,normal,17,,17,,turn and lift,no,,NA,NA,NA,,NA,,NA
02/10/2023,SU63-X-94,SU63,Sample location delocated to a 10km square (see metadata),460000,130000,465000,135000,4,42,46,no,no,0,,4,,0,,16.6,,yes,NA,3,,10,,1.5,,,NA,,NA,,NA,,NA,,NA,,NA,,NA,,NA,10,,1.5,,yes,normal,normal,0,,45,,,NA,turn and lift,yes,NA,yes,NA,yes,NA,large corer (tip same as ABC),yes,NA,yes,NA,yes,normal,19,,19,,turn and lift,no,,NA,NA,NA,,NA,,NA
02/10/2023,SU63-X-94,SU63,Sample location delocated to a 10km square (see metadata),460000,130000,465000,135000,4,42,11,no,no,1,,14,,3,,16,,yes,NA,1,,15,,1,,,NA,,NA,,NA,,NA,,NA,,NA,,NA,,NA,15,,1,,yes,normal,normal,1,,46,,,NA,turn and lift,yes,NA,yes,NA,yes,NA,large corer (tip same as ABC),yes,NA,yes,NA,yes,normal,15.5,,15.5,,turn and lift,no,,NA,NA,NA,,NA,,NA
17/10/2023,SU92-X-21,SU92,Sample location delocated to a 10km square (see metadata),490000,120000,495000,125000,2,125,59,no,no,0,,13,,0,,10.2,,no,Soil fell apart,,NA,,NA,,NA,,NA,,NA,,NA,,NA,,NA,,NA,,NA,,NA,,NA,,NA,yes,normal,normal,0,,46,,,NA,turn and lift,yes,NA,yes,NA,yes,NA,small corer,yes,NA,yes,NA,yes,normal,24,,24,,turn and lift,no,,NA,NA,NA,,NA,1,
17/10/2023,SU92-X-21,SU92,Sample location delocated to a 10km square (see metadata),490000,120000,495000,125000,2,125,28,no,no,3,,15,,0,,10.5,,yes,NA,2,,30,,1.5,,,NA,,NA,,NA,,NA,,NA,,NA,,NA,,NA,30,,1.5,,yes,normal,normal,0,,43,,,NA,turn and lift,yes,NA,yes,NA,yes,NA,small corer,yes,NA,yes,NA,yes,normal,20,,,NA,turn and lift,no,,NA,NA,NA,,NA,1,
17/10/2023,SU92-X-21,SU92,Sample location delocated to a 10km square (see metadata),490000,120000,495000,125000,2,125,11,no,no,0,,5,,0,,10.6,,yes,NA,2,,25,,1,,,NA,,NA,,NA,,NA,,NA,,NA,,NA,,NA,25,,1,,yes,normal,normal,0,,47,,,NA,turn and lift,yes,NA,yes,NA,yes,NA,small corer,yes,NA,yes,NA,yes,normal,20,,20,,turn and lift,no,,NA,NA,NA,,NA,1,
17/10/2023,SU92-X-21,SU92,Sample location delocated to a 10km square (see metadata),490000,120000,495000,125000,2,125,46,no,no,0,,13,,0,,10.5,,no,Too crumbly soil fell apart ,,NA,,NA,,NA,,NA,,NA,,NA,,NA,,NA,,NA,,NA,,NA,,NA,,NA,yes,normal,normal,0,,42.5,,,NA,turn and lift,yes,NA,yes,NA,yes,NA,small corer,yes,NA,yes,NA,yes,normal,20,,20,,turn and lift,no,,NA,NA,NA,,NA,1,
20/10/2023,SU92-X-21,SU92,Sample location delocated to a 10km square (see metadata),490000,120000,495000,125000,3,85,59,no,no,0,,15,,0,,15.1,,yes,NA,,NULL,25,,1.5,,,NA,,NA,,NA,,NA,,NA,,NA,,NA,,NA,25,,1.5,,yes,catcher,catcher,0,,48,,,NA,turn and lift,yes,NA,no,big_stones,yes,NA,small corer,yes,NA,yes,NA,yes,catcher,19,,19,,turn and lift,no,,NA,NA,NA,,NA,1,
20/10/2023,SU92-X-21,SU92,Sample location delocated to a 10km square (see metadata),490000,120000,495000,125000,3,85,46,no,no,0,,7,,0,,15.5,,yes,NA,2,,30,,2,,,NA,,NA,,NA,,NA,,NA,,NA,,NA,,NA,30,,2,,yes,catcher,catcher,0,,48,,,NA,turn and lift,yes,NA,yes,NA,yes,NA,small corer,yes,NA,yes,NA,yes,catcher,19,,19,,turn and lift,no,,NA,NA,NA,,NA,1,
20/10/2023,SU92-X-21,SU92,Sample location delocated to a 10km square (see metadata),490000,120000,495000,125000,3,85,11,no,no,0,,12,,0,,14.2,,yes,NA,2,,25,,1.5,,,NA,,NA,,NA,,NA,,NA,,NA,,NA,,NA,25,,1.5,,yes,catcher,catcher,0,,45.5,,,NA,turn and lift,yes,NA,yes,NA,yes,NA,small corer,yes,NA,yes,NA,yes,catcher,19,,19,,turn and lift,no,,NA,NA,NA,,NA,1,
20/10/2023,SU92-X-21,SU92,Sample location delocated to a 10km square (see metadata),490000,120000,495000,125000,3,85,28,no,no,0,,5,,0,,14.4,,yes,NA,2,,30,,1.5,,,NA,,NA,,NA,,NA,,NA,,NA,,NA,,NA,30,,1.5,,yes,catcher,catcher,0,,50,,,NA,turn and lift,yes,NA,yes,NA,yes,NA,small corer,yes,NA,yes,NA,yes,catcher,19,,19,,turn and lift,no,,NA,NA,NA,,NA,1,
07/06/2023,SW72-X-01,SW72,Sample location delocated to a 10km square (see metadata),170000,20000,175000,25000,3,87,46,no,no,0,,1,,0,,14.1,,no,"Rocky, dry, crumbly ",,NA,,NA,,NA,,NA,,NA,,NA,,NA,,NA,,NA,,NA,,NA,,NA,,NA,yes,normal,normal,0,,41,,41,,turn and lift,yes,NA,yes,NA,yes,NA,large corer (tip same as ABC),yes,NA,yes,partial - hit rock,yes,normal,19.1,,19.1,,turn and lift,NULL,,NULL,NULL,NULL,,NULL,,NULL
07/06/2023,SW72-X-01,SW72,Sample location delocated to a 10km square (see metadata),170000,20000,175000,25000,3,87,59,no,no,0,,2,,0,,14.6,,yes,NA,,NULL,2.5,,1.5,,21,,3.5,,,NA,,NA,,NA,,NA,,NA,,NA,21,,3.3,,yes,normal,normal,0,,42,,42,,turn and lift,yes,NA,yes,NA,yes,NA,large corer (tip same as ABC),yes,NA,yes,NA,yes,normal,17.2,,17.2,,turn and lift,NULL,,NULL,NULL,NULL,,NULL,,NULL
07/06/2023,SW72-X-01,SW72,Sample location delocated to a 10km square (see metadata),170000,20000,175000,25000,3,87,28,no,no,0,,0,,0,,13.9,,yes,NA,,NULL,4,,1.5,,13,,3.5,,,NA,,NA,,NA,,NA,,NA,,NA,13,,2.9,,yes,normal,normal,0,,42,,42,,turn and lift,yes,NA,yes,NA,yes,NA,large corer (tip same as ABC),yes,NA,yes,NA,yes,normal,17.5,,17.5,,turn and lift,NULL,,NULL,NULL,NULL,,NULL,,NULL
07/06/2023,SW72-X-01,SW72,Sample location delocated to a 10km square (see metadata),170000,20000,175000,25000,3,87,11,no,no,0,,1,,0,,13.6,,no,"Hard, rocky, dry, little to no aggregation ",,NA,,NA,,NA,,NA,,NA,,NA,,NA,,NA,,NA,,NA,,NA,,NA,,NA,yes,normal,normal,0,,41.8,,41.8,,turn and lift,yes,NA,yes,NA,yes,NA,large corer (tip same as ABC),yes,NA,yes,NA,yes,normal,18,,18,,turn and lift,NULL,,NULL,NULL,NULL,,NULL,,NULL
07/06/2023,SW72-X-01,SW72,Sample location delocated to a 10km square (see metadata),170000,20000,175000,25000,2,57,11,no,no,0,,0,,0,,14.1,,yes,NA,,NULL,9,,3,,,NA,,NA,,NA,,NA,,NA,,NA,,NA,,NA,9,,3,,yes,normal,normal,0,,43.5,,43.5,,turn and lift,yes,NA,yes,NA,yes,NA,small corer,yes,NA,yes,NA,yes,normal,18.4,,18.4,,turn and lift,NULL,,NULL,NULL,NULL,,NULL,,NULL
07/06/2023,SW72-X-01,SW72,Sample location delocated to a 10km square (see metadata),170000,20000,175000,25000,2,57,28,no,no,0,,2,,0,,14.5,,yes,NA,,NULL,12,,3,,18,,1.5,,,NA,,NA,,NA,,NA,,NA,,NA,18,,2.5,,yes,normal,normal,0,,41.1,,41.1,,turn and lift,yes,NA,yes,NA,yes,NA,small corer,yes,NA,yes,NA,yes,normal,18.4,,18.4,,turn and lift,NULL,,NULL,NULL,NULL,,NULL,,NULL
07/06/2023,SW72-X-01,SW72,Sample location delocated to a 10km square (see metadata),170000,20000,175000,25000,2,57,46,no,no,0,,1,,0,,14.3,,no,Hard dry crumbly,,NA,,NA,,NA,,NA,,NA,,NA,,NA,,NA,,NA,,NA,,NA,,NA,,NA,yes,normal,normal,0,,43.2,,43.2,,turn and lift,yes,NA,yes,NA,yes,NA,small corer,yes,NA,yes,NA,yes,normal,18.3,,18.3,,turn and lift,NULL,,NULL,NULL,NULL,,NULL,,NULL
07/06/2023,SW72-X-01,SW72,Sample location delocated to a 10km square (see metadata),170000,20000,175000,25000,2,57,59,no,no,0,,2,,0,,14.3,,yes,NA,,NULL,5,,1,,11,,3,,19,,1.5,,,NA,,NA,,NA,,NA,19,,1.8,,yes,normal,normal,0,,43.6,,43.6,,turn and lift,yes,NA,yes,NA,yes,NA,small corer,yes,NA,yes,NA,yes,normal,18.1,,18.1,,turn and lift,NULL,,NULL,NULL,NULL,,NULL,,NULL
07/06/2023,SW72-X-01,SW72,Sample location delocated to a 10km square (see metadata),170000,20000,175000,25000,1,85,59,no,no,0,,0,,0,,18.6,,yes,NA,,NULL,15,,2,,30,,1,,,NA,,NA,,NA,,NA,,NA,,NA,30,,1.5,,yes,normal,normal,0,,42.3,,42.3,,turn and lift,yes,NA,yes,NA,yes,NA,small corer,yes,NA,yes,NA,yes,normal,18,,18,,turn and lift,NULL,,NULL,NULL,NULL,,NULL,,NULL
07/06/2023,SW72-X-01,SW72,Sample location delocated to a 10km square (see metadata),170000,20000,175000,25000,1,85,46,no,no,0,,1,,0,,18.1,,yes,NA,,NULL,15,,1,,30,,,NULL,,NA,,NA,,NA,,NA,,NA,,NA,30,,,NULL,yes,normal,normal,0,,41.7,,41.7,,turn and lift,yes,NA,yes,NA,yes,NA,small corer,yes,NA,yes,NA,yes,normal,15.5,,15.5,,turn and lift,NULL,,NULL,NULL,NULL,,NULL,,NULL
07/06/2023,SW72-X-01,SW72,Sample location delocated to a 10km square (see metadata),170000,20000,175000,25000,1,85,28,no,no,0,,3,,0,,18.6,,yes,NA,,NULL,2,,2.5,,10,,2,,30,,1.5,,,NA,,NA,,NA,,NA,30,,1.7,,yes,normal,normal,0,,41,,41,,turn and lift,yes,NA,yes,NA,yes,NA,small corer,yes,NA,yes,NA,yes,normal,17,,17,,turn and lift,NULL,,NULL,NULL,NULL,,NULL,,NULL
07/06/2023,SW72-X-01,SW72,Sample location delocated to a 10km square (see metadata),170000,20000,175000,25000,1,85,11,no,no,0,,0,,0,,18.4,,yes,NA,,NULL,2,,2.5,,10,,1,,20,,1.5,,,NA,,NA,,NA,,NA,20,,1.4,,yes,normal,normal,0,,43.1,,43.1,,turn and lift,yes,NA,yes,NA,yes,NA,small corer,yes,NA,yes,NA,yes,normal,18.1,,18.1,,turn and lift,NULL,,NULL,NULL,NULL,,NULL,,NULL
08/06/2023,SW72-X-01,SW72,Sample location delocated to a 10km square (see metadata),170000,20000,175000,25000,4,96,11,no,yes,0,,11,,0,,14.1,,yes,NA,,NULL,10,,1,,,NA,,NA,,NA,,NA,,NA,,NA,,NA,,NA,10,,1,,yes,normal,normal,0,,43.5,,43.5,,turn and lift,yes,NA,yes,NA,yes,NA,small corer,yes,NA,yes,NA,yes,normal,18.3,,18.3,,turn and lift,NULL,,NULL,NULL,NULL,,NULL,,NULL
08/06/2023,SW72-X-01,SW72,Sample location delocated to a 10km square (see metadata),170000,20000,175000,25000,4,96,28,no,yes,0,,4,,0,,15,,yes,NA,,NULL,10,,1,,22,,1.5,,,NA,,NA,,NA,,NA,,NA,,NA,22,,1.3,,yes,normal,normal,0,,44.6,,44.6,,turn and lift,yes,NA,yes,NA,yes,NA,small corer,yes,NA,yes,NA,yes,normal,18.9,,18.9,,turn and lift,NULL,,NULL,NULL,NULL,,NULL,,NULL
08/06/2023,SW72-X-01,SW72,Sample location delocated to a 10km square (see metadata),170000,20000,175000,25000,4,96,46,no,yes,0,,7,,0,,15.8,,yes,NA,,NULL,5,,1,,15,,1.5,,,NA,,NA,,NA,,NA,,NA,,NA,15,,1.3,,yes,normal,normal,0,,43.1,,43.1,,turn and lift,yes,NA,yes,NA,yes,NA,small corer,yes,NA,yes,NA,yes,normal,18.2,,18.2,,turn and lift,NULL,,NULL,NULL,NULL,,NULL,,NULL
08/06/2023,SW72-X-01,SW72,Sample location delocated to a 10km square (see metadata),170000,20000,175000,25000,4,96,59,no,yes,0,,7,,0,,15.2,,yes,NA,,NULL,8,,1,,22,,1.5,,,NA,,NA,,NA,,NA,,NA,,NA,22,,1.3,,yes,normal,normal,0,,43,,43,,turn and lift,yes,NA,yes,NA,yes,NA,small corer,yes,NA,yes,partial - dry and loose ,yes,normal,18.2,,18.2,,turn and lift,NULL,,NULL,NULL,NULL,,NULL,,NULL
03/05/2023,SW72-X-48,SW72,Sample location delocated to a 10km square (see metadata),170000,20000,175000,25000,3,85,11,no,no,0,,11,,0,,12.1,,yes,NA,,NULL,5,,1,,30,,1,,,NA,,NA,,NA,,NA,,NA,,NA,30,,1,,yes,normal,normal,0,,43.9,,43.9,,turn and lift,yes,NA,yes,NA,yes,NA,small corer,yes,NA,yes,NA,yes,normal,19.1,,19.1,,turn and lift,NULL,,NULL,NULL,NULL,,NULL,,NULL
03/05/2023,SW72-X-48,SW72,Sample location delocated to a 10km square (see metadata),170000,20000,175000,25000,3,85,46,yes,yes,3,,8,,0,,12.9,,yes,NA,,NULL,7,,1,,30,,1.5,,,NA,,NA,,NA,,NA,,NA,,NA,30,,1.4,,yes,normal,normal,0,,44.1,,44.1,,turn and lift,yes,NA,yes,NA,yes,NA,small corer,yes,NA,yes,NA,yes,normal,18.4,,18.4,,turn and lift,NULL,,NULL,NULL,NULL,,NULL,,NULL
03/05/2023,SW72-X-48,SW72,Sample location delocated to a 10km square (see metadata),170000,20000,175000,25000,3,85,59,yes,yes,1,,11,,1,,13.2,,yes,NA,,NULL,6,,1,,27,,2,,,NA,,NA,,NA,,NA,,NA,,NA,27,,1.8,,yes,normal,normal,0,,44.5,,44.5,,turn and lift,yes,NA,yes,NA,yes,NA,small corer,yes,NA,yes,NA,yes,normal,18.3,,18.3,,turn and lift,NULL,,NULL,NULL,NULL,,NULL,,NULL
03/05/2023,SW72-X-48,SW72,Sample location delocated to a 10km square (see metadata),170000,20000,175000,25000,1,85,11,no,no,0,,10,,0,,11.8,,no,NULL,,NA,,NA,,NA,,NA,,NA,,NA,,NA,,NA,,NA,,NA,,NA,,NA,,NA,yes,normal,normal,0,,42.5,,42.5,,turn and lift,yes,NA,yes,NA,yes,NA,small corer,yes,NA,yes,partial -stones,yes,normal,18.8,,18.8,,turn and lift,NULL,,NULL,NULL,NULL,,NULL,,NULL
03/05/2023,SW72-X-48,SW72,Sample location delocated to a 10km square (see metadata),170000,20000,175000,25000,1,85,28,no,no,0,,4,,0,,11.1,,yes,NA,,NULL,10,,1,,30,,1.5,,,NA,,NA,,NA,,NA,,NA,,NA,30,,1.3,,yes,normal,normal,0,,42.7,,42.7,,turn and lift,yes,NA,yes,NA,yes,NA,small corer,yes,NA,yes,NA,yes,normal,17.6,,17.6,,turn and lift,NULL,,NULL,NULL,NULL,,NULL,,NULL
03/05/2023,SW72-X-48,SW72,Sample location delocated to a 10km square (see metadata),170000,20000,175000,25000,1,85,59,yes,no,3,,7,,0,,12,,yes,NA,,NULL,7,,1,,27,,1.5,,,NA,,NA,,NA,,NA,,NA,,NA,27,,1.4,,yes,normal,normal,0,,44.8,,44.8,,turn and lift,yes,NA,yes,NA,yes,NA,small corer,yes,NA,yes,NA,yes,normal,18.6,,18.6,,turn and lift,NULL,,NULL,NULL,NULL,,NULL,,NULL
03/05/2023,SW72-X-48,SW72,Sample location delocated to a 10km square (see metadata),170000,20000,175000,25000,1,85,46,yes,no,0,,6,,0,,12,,yes,NA,,NULL,10,,1,,30,,2,,,NA,,NA,,NA,,NA,,NA,,NA,30,,1.7,,yes,normal,normal,0,,43,,43,,turn and lift,yes,NA,yes,NA,yes,NA,small corer,yes,NA,yes,partial - NULL,yes,normal,18.4,,18.4,,turn and lift,NULL,,NULL,NULL,NULL,,NULL,,NULL
03/05/2023,SW72-X-48,SW72,Sample location delocated to a 10km square (see metadata),170000,20000,175000,25000,4,84,11,no,no,,NULL,1,,0,,12,,yes,NA,,NULL,7,,1,,21,,1,,,NA,,NA,,NA,,NA,,NA,,NA,21,,1,,yes,normal,normal,0,,43.9,,43.9,,turn and lift,yes,NA,yes,NA,yes,NA,small corer,yes,NA,yes,partial -stones,yes,normal,18.3,,18.3,,turn and lift,NULL,,NULL,NULL,NULL,,NULL,,NULL
03/05/2023,SW72-X-48,SW72,Sample location delocated to a 10km square (see metadata),170000,20000,175000,25000,4,84,28,no,yes,0,,10,,1,,11.8,,yes,NA,,NULL,10,,1,,25,,1,,,NA,,NA,,NA,,NA,,NA,,NA,25,,1,,yes,normal,normal,0,,45,,45,,turn and lift,yes,NA,yes,NA,yes,NA,small corer,yes,partial - hit rock,no,hit rock,yes,normal,18.3,,18.3,,turn and lift,NULL,,NULL,NULL,NULL,,NULL,,NULL
03/05/2023,SW72-X-48,SW72,Sample location delocated to a 10km square (see metadata),170000,20000,175000,25000,4,84,46,no,no,0,,5,,0,,12.1,,yes,NA,,NULL,10,,1,,30,,1,,,NA,,NA,,NA,,NA,,NA,,NA,30,,1,,yes,normal,normal,0,,43.3,,43.3,,turn and lift,yes,NA,yes,NA,yes,NA,small corer,yes,NA,yes,partial - hit rock,yes,normal,18.5,,18.5,,turn and lift,NULL,,NULL,NULL,NULL,,NULL,,NULL
03/05/2023,SW72-X-48,SW72,Sample location delocated to a 10km square (see metadata),170000,20000,175000,25000,4,84,59,no,no,0,,9,,2,,12,,yes,NA,,NULL,9,,1,,20,,1,,,NA,,NA,,NA,,NA,,NA,,NA,20,,1,,yes,normal,normal,0,,43,,43,,turn and lift,yes,NA,yes,NA,yes,NA,small corer,yes,NA,yes,partial -stones,yes,normal,19,,19,,turn and lift,NULL,,NULL,NULL,NULL,,NULL,,NULL
03/05/2023,SW72-X-48,SW72,Sample location delocated to a 10km square (see metadata),170000,20000,175000,25000,6,61,11,no,no,0,,10,,0,,12.4,,yes,NA,,NULL,12,,1,,21,,1,,,NA,,NA,,NA,,NA,,NA,,NA,21,,1,,yes,normal,normal,0,,43.3,,43.3,,turn and lift,yes,NA,yes,NA,yes,NA,small corer,yes,NA,yes,partial -stones,yes,normal,18.8,,18.8,,turn and lift,NULL,,NULL,NULL,NULL,,NULL,,NULL
03/05/2023,SW72-X-48,SW72,Sample location delocated to a 10km square (see metadata),170000,20000,175000,25000,6,61,28,yes,yes,1,,6,,0,,12.5,,yes,NA,,NULL,10,,1,,20,,1,,,NA,,NA,,NA,,NA,,NA,,NA,20,,1,,yes,normal,normal,0,,43.5,,43.5,,turn and lift,yes,NA,yes,NA,yes,NA,small corer,yes,NA,yes,partial -stones,yes,normal,18.7,,18.7,,turn and lift,NULL,,NULL,NULL,NULL,,NULL,,NULL
03/05/2023,SW72-X-48,SW72,Sample location delocated to a 10km square (see metadata),170000,20000,175000,25000,6,61,46,no,no,0,,7,,0,,12.9,,yes,NA,,NULL,11,,1,,19,,1,,,NA,,NA,,NA,,NA,,NA,,NA,19,,1,,yes,normal,normal,0,,43.7,,43.7,,turn and lift,yes,NA,yes,NA,yes,NA,small corer,yes,NA,yes,partial -stones,yes,normal,19,,19,,turn and lift,NULL,,NULL,NULL,NULL,,NULL,,NULL
03/05/2023,SW72-X-48,SW72,Sample location delocated to a 10km square (see metadata),170000,20000,175000,25000,6,61,59,no,no,0,,15,,2,,12.5,,yes,NA,,NULL,12,,1,,22,,1,,,NA,,NA,,NA,,NA,,NA,,NA,22,,1,,yes,normal,normal,0,,44,,44,,turn and lift,yes,NA,yes,NA,yes,NA,small corer,yes,NA,yes,NA,yes,normal,19.1,,19.1,,turn and lift,NULL,,NULL,NULL,NULL,,NULL,,NULL
03/05/2023,SW72-X-48,SW72,Sample location delocated to a 10km square (see metadata),170000,20000,175000,25000,3,85,28,no,no,0,,13,,1,,12.4,,yes,NA,2,,5,,1,,30,,1.5,,,NA,,NA,,NA,,NA,,NA,,NA,30,,1.4,,yes,normal,normal,0,,44.7,,44.7,,turn and lift,yes,NA,yes,NA,yes,NA,small corer,yes,NA,yes,NA,yes,normal,19.3,,19.3,,turn and lift,NULL,,NULL,NULL,NULL,,NULL,,NULL
21/03/2024,SW83-X-65,SW83,Sample location delocated to a 10km square (see metadata),180000,30000,185000,35000,3,111,11,yes,no,3,,10,,11,,12.3,,yes,NA,2,,30,,2,,,NA,,NA,,NA,,NA,,NA,,NA,,NA,,NA,30,,2,,yes,normal,normal,0,,42.3,,,NA,turn and lift,yes,NA,yes,NA,yes,NA,small corer,yes,NA,yes,NA,yes,normal,22,,22,,turn and lift,no,,NA,NA,NA,,NA,1,
21/03/2024,SW83-X-65,SW83,Sample location delocated to a 10km square (see metadata),180000,30000,185000,35000,3,111,28,no,no,2,,8,,3,,12.5,,yes,NA,2,,30,,2,,,NA,,NA,,NA,,NA,,NA,,NA,,NA,,NA,30,,2,,yes,normal,normal,0,,42.4,,,NA,turn and lift,yes,NA,yes,NA,yes,NA,small corer,yes,NA,yes,NA,yes,normal,19.5,,19.5,,turn and lift,no,,NA,NA,NA,,NA,1,
21/03/2024,SW83-X-65,SW83,Sample location delocated to a 10km square (see metadata),180000,30000,185000,35000,3,111,59,no,no,0,,6,,2,,12.7,,yes,NA,2,,20,,2,,30,,1.5,,,NA,,NA,,NA,,NA,,NA,,NA,30,,1.8,,yes,normal,normal,0,,43.4,,,NA,turn and lift,yes,NA,yes,NA,yes,NA,small corer,yes,NA,yes,NA,yes,normal,19.9,,19.9,,turn and lift,no,,NA,NA,NA,,NA,1,
21/03/2024,SW83-X-65,SW83,Sample location delocated to a 10km square (see metadata),180000,30000,185000,35000,3,111,46,yes,yes,3,,10,,0,,12.5,,yes,NA,2,,30,,1.5,,,NA,,NA,,NA,,NA,,NA,,NA,,NA,,NA,30,,1.5,,yes,normal,normal,0,,43.9,,,NA,turn and lift,yes,NA,yes,NA,yes,NA,small corer,yes,NA,yes,NA,yes,normal,20.9,,20.9,,turn and lift,no,,NA,NA,NA,,NA,1,
20/03/2024,SW83-X-65,SW83,Sample location delocated to a 10km square (see metadata),180000,30000,185000,35000,1,85,11,no,no,0,,3,,0,,12.3,,yes,NA,2,,30,,1,,,NA,,NA,,NA,,NA,,NA,,NA,,NA,,NA,30,,1,,yes,normal,normal,0,,44,,,NA,turn and lift,yes,NA,yes,NA,yes,NA,small corer,yes,NA,yes,NA,yes,normal,19,,19,,turn and lift,no,,NA,NA,NA,,NA,1,
20/03/2024,SW83-X-65,SW83,Sample location delocated to a 10km square (see metadata),180000,30000,185000,35000,1,85,46,no,no,0,,4,,0,,12.2,,yes,NA,2,,30,,1,,,NA,,NA,,NA,,NA,,NA,,NA,,NA,,NA,30,,1,,yes,normal,normal,0,,47,,,NA,turn and lift,yes,NA,yes,NA,no,big_stones,small corer,yes,NA,yes,NA,yes,normal,18,,18,,turn and lift,no,,NA,NA,NA,,NA,1,
20/03/2024,SW83-X-65,SW83,Sample location delocated to a 10km square (see metadata),180000,30000,185000,35000,1,85,59,no,no,0,,3,,0,,12.2,,yes,NA,2,,30,,1,,,NA,,NA,,NA,,NA,,NA,,NA,,NA,,NA,30,,1,,yes,normal,normal,0,,45,,,NA,turn and lift,yes,NA,yes,NA,yes,NA,small corer,yes,NA,yes,NA,yes,normal,18,,18,,turn and lift,no,,NA,NA,NA,,NA,1,
20/03/2024,SW83-X-65,SW83,Sample location delocated to a 10km square (see metadata),180000,30000,185000,35000,1,85,34,no,no,0,,6,,0,,12.3,,yes,NA,2,,30,,1,,,NA,,NA,,NA,,NA,,NA,,NA,,NA,,NA,30,,1,,yes,normal,normal,0,,41,,,NA,turn and lift,yes,NA,yes,NA,yes,NA,small corer,yes,NA,yes,NA,yes,normal,19,,19,,turn and lift,no,,NA,NA,NA,,NA,1,
21/03/2024,SW83-X-65,SW83,Sample location delocated to a 10km square (see metadata),180000,30000,185000,35000,2,114,59,no,no,0,,5,,0,,14.2,,yes,NA,2,,30,,1,,,NA,,NA,,NA,,NA,,NA,,NA,,NA,,NA,30,,1,,yes,normal,normal,0,,18.5,,,NULL,turn and lift,yes,NA,no,too_hard,no,too_hard,small corer,yes,NA,yes,partial -stones,yes,normal,21,,21,,turn and lift,no,,NA,NA,NA,,NA,1,
21/03/2024,SW83-X-65,SW83,Sample location delocated to a 10km square (see metadata),180000,30000,185000,35000,2,114,28,no,no,0,,1,,0,,14.2,,yes,NA,2,,30,,1,,,NA,,NA,,NA,,NA,,NA,,NA,,NA,,NA,30,,1,,yes,normal,normal,0,,46.5,,,NA,turn and lift,yes,NA,yes,NA,yes,NA,small corer,yes,NA,yes,NA,yes,normal,19,,19,,turn and lift,no,,NA,NA,NA,,NA,1,
21/03/2024,SW83-X-65,SW83,Sample location delocated to a 10km square (see metadata),180000,30000,185000,35000,2,114,11,no,no,0,,2,,0,,12.1,,yes,NA,2,,30,,1,,,NA,,NA,,NA,,NA,,NA,,NA,,NA,,NA,30,,1,,yes,normal,normal,0,,41,,,NA,turn and lift,yes,NA,yes,NA,yes,NA,small corer,yes,NA,yes,NA,yes,normal,18,,18,,turn and lift,no,,NA,NA,NA,,NA,1,
21/03/2024,SW83-X-65,SW83,Sample location delocated to a 10km square (see metadata),180000,30000,185000,35000,2,114,46,no,no,0,,2,,0,,12.2,,yes,NA,2,,30,,1,,,NA,,NA,,NA,,NA,,NA,,NA,,NA,,NA,30,,1,,yes,normal,normal,0,,42,,,NA,turn and lift,yes,NA,yes,NA,yes,NA,small corer,yes,NA,yes,NA,yes,normal,18,,18,,turn and lift,no,,NA,NA,NA,,NA,1,
21/03/2024,SW83-X-65,SW83,Sample location delocated to a 10km square (see metadata),180000,30000,185000,35000,4,141,59,no,no,0,,4,,0,,11.3,,yes,NA,2,,30,,1,,,NA,,NA,,NA,,NA,,NA,,NA,,NA,,NA,30,,1,,yes,normal,normal,0,,37,,37,,turn and lift,yes,NA,yes,NA,no,shallow_soil,small corer,yes,NA,yes,NA,yes,normal,18,,18,,turn and lift,no,,NA,NA,NA,,NA,1,
21/03/2024,SW83-X-65,SW83,Sample location delocated to a 10km square (see metadata),180000,30000,185000,35000,4,141,28,no,no,0,,2,,0,,11.3,,yes,NA,2,,30,,1,,,NA,,NA,,NA,,NA,,NA,,NA,,NA,,NA,30,,1,,yes,normal,normal,0,,47,,,NA,turn and lift,yes,NA,yes,NA,yes,NA,small corer,yes,NA,yes,NA,yes,normal,18,,18,,turn and lift,no,,NA,NA,NA,,NA,1,
21/03/2024,SW83-X-65,SW83,Sample location delocated to a 10km square (see metadata),180000,30000,185000,35000,4,141,11,no,no,0,,4,,0,,11.3,,yes,NA,2,,30,,1,,,NA,,NA,,NA,,NA,,NA,,NA,,NA,,NA,30,,1,,yes,normal,normal,0,,45,,,NA,turn and lift,yes,NA,yes,NA,yes,NA,small corer,yes,NA,yes,NA,yes,normal,20,,20,,turn and lift,no,,NA,NA,NA,,NA,1,
21/03/2024,SW83-X-65,SW83,Sample location delocated to a 10km square (see metadata),180000,30000,185000,35000,4,141,46,no,no,0,,2,,0,,11.2,,yes,NA,2,,30,,1,,,NA,,NA,,NA,,NA,,NA,,NA,,NA,,NA,30,,1,,yes,normal,normal,0,,46,,,NA,turn and lift,yes,NA,yes,NA,yes,NA,small corer,yes,NA,yes,NA,yes,normal,20,,20,,turn and lift,no,,NA,NA,NA,,NA,1,
18/03/2024,SW84-X-14,SW84,Sample location delocated to a 10km square (see metadata),180000,40000,185000,45000,3,70,11,no,no,0,,5,,0,,10.7,,yes,NA,2,,30,,2,,,NA,,NA,,NA,,NA,,NA,,NA,,NA,,NA,30,,2,,yes,normal,normal,0,,46,,,NA,turn and lift,yes,NA,yes,NA,yes,NA,small corer,yes,NA,yes,NA,yes,normal,19,,19,,turn and lift,no,,NA,NA,NA,,NA,1,
18/03/2024,SW84-X-14,SW84,Sample location delocated to a 10km square (see metadata),180000,40000,185000,45000,3,70,46,no,no,0,,5,,0,,10.6,,yes,NA,2,,30,,2,,,NA,,NA,,NA,,NA,,NA,,NA,,NA,,NA,30,,2,,yes,normal,normal,0,,45,,,NA,turn and lift,yes,NA,yes,NA,yes,NA,small corer,yes,NA,yes,NA,yes,normal,19,,19,,turn and lift,no,,NA,NA,NA,,NA,1,
18/03/2024,SW84-X-14,SW84,Sample location delocated to a 10km square (see metadata),180000,40000,185000,45000,3,70,59,no,no,0,,4,,0,,10.7,,yes,NA,1,,30,,2,,,NA,,NA,,NA,,NA,,NA,,NA,,NA,,NA,30,,2,,yes,normal,normal,0,,43,,,NA,turn and lift,yes,NA,yes,NA,yes,NA,small corer,yes,NA,yes,NA,yes,normal,18,,18,,turn and lift,no,,NA,NA,NA,,NA,1,
18/03/2024,SW84-X-14,SW84,Sample location delocated to a 10km square (see metadata),180000,40000,185000,45000,3,70,28,no,no,0,,5,,0,,10.7,,yes,NA,2,,30,,1.5,,,NA,,NA,,NA,,NA,,NA,,NA,,NA,,NA,30,,1.5,,yes,normal,normal,0,,43,,,NA,turn and lift,yes,NA,yes,NA,yes,NA,small corer,yes,NA,yes,NA,yes,normal,19,,,NA,turn and lift,no,,NA,NA,NA,,NA,1,
18/03/2024,SW84-X-14,SW84,Sample location delocated to a 10km square (see metadata),180000,40000,185000,45000,2,85,11,no,no,0,,5,,0,,11.1,,yes,NA,2,,30,,1,,,NA,,NA,,NA,,NA,,NA,,NA,,NA,,NA,30,,1,,yes,normal,normal,0,,46,,,NA,turn and lift,yes,NA,yes,NA,yes,NA,small corer,yes,NA,yes,NA,yes,normal,17,,17,,turn and lift,no,,NA,NA,NA,,NA,1,
18/03/2024,SW84-X-14,SW84,Sample location delocated to a 10km square (see metadata),180000,40000,185000,45000,2,85,46,no,no,0,,9,,0,,11,,no,NULL,,NA,,NA,,NA,,NA,,NA,,NA,,NA,,NA,,NA,,NA,,NA,,NA,,NA,yes,normal,normal,0,,46,,,NA,turn and lift,yes,NA,yes,NA,yes,NA,small corer,yes,NA,yes,NA,yes,normal,18,,18,,turn and lift,no,,NA,NA,NA,,NA,1,
18/03/2024,SW84-X-14,SW84,Sample location delocated to a 10km square (see metadata),180000,40000,185000,45000,2,85,59,no,no,0,,7,,0,,11.1,,no,NULL,,NA,,NA,,NA,,NA,,NA,,NA,,NA,,NA,,NA,,NA,,NA,,NA,,NA,yes,normal,normal,0,,45,,,NA,turn and lift,yes,NA,yes,NA,yes,NA,small corer,yes,NA,yes,NA,yes,normal,16,,16,,turn and lift,no,,NA,NA,NA,,NA,1,
18/03/2024,SW84-X-14,SW84,Sample location delocated to a 10km square (see metadata),180000,40000,185000,45000,2,85,28,no,no,0,,5,,0,,11,,yes,NA,,NULL,30,,1,,,NA,,NA,,NA,,NA,,NA,,NA,,NA,,NA,30,,1,,yes,normal,normal,0,,47,,,NA,turn and lift,yes,NA,yes,NA,yes,NA,small corer,yes,NA,yes,NA,yes,normal,18,,18,,turn and lift,no,,NA,NA,NA,,NA,1,
19/03/2024,SW84-X-14,SW84,Sample location delocated to a 10km square (see metadata),180000,40000,185000,45000,1,66,11,no,no,0,,3,,0,,11.5,,yes,NA,2,,30,,1,,,NA,,NA,,NA,,NA,,NA,,NA,,NA,,NA,30,,1,,yes,normal,normal,0,,45,,,NA,turn and lift,yes,NA,yes,NA,yes,NA,small corer,yes,NA,no,stones,yes,normal,17,,17,,turn and lift,no,,NA,NA,NA,,NA,1,
19/03/2024,SW84-X-14,SW84,Sample location delocated to a 10km square (see metadata),180000,40000,185000,45000,1,66,46,no,no,0,,3,,0,,11.5,,yes,NA,2,,30,,1,,,NA,,NA,,NA,,NA,,NA,,NA,,NA,,NA,30,,1,,yes,normal,normal,0,,46,,,NA,turn and lift,yes,NA,yes,NA,yes,NA,small corer,yes,NA,no,stones,yes,normal,18,,18,,turn and lift,no,,NA,NA,NA,,NA,1,
19/03/2024,SW84-X-14,SW84,Sample location delocated to a 10km square (see metadata),180000,40000,185000,45000,1,66,59,no,no,0,,2,,0,,11.4,,yes,NA,2,,30,,1,,,NA,,NA,,NA,,NA,,NA,,NA,,NA,,NA,30,,1,,yes,normal,normal,0,,43,,,NA,turn and lift,yes,NA,yes,NA,yes,NA,small corer,yes,NA,no,stones,yes,normal,17,,17,,turn and lift,no,,NA,NA,NA,,NA,1,
19/03/2024,SW84-X-14,SW84,Sample location delocated to a 10km square (see metadata),180000,40000,185000,45000,1,66,28,no,no,0,,2,,0,,11.2,,yes,NA,2,,30,,1,,,NA,,NA,,NA,,NA,,NA,,NA,,NA,,NA,30,,1,,yes,normal,normal,0,,46,,,NA,turn and lift,yes,NA,yes,NA,yes,NA,small corer,yes,NA,no,stones,yes,normal,17,,17,,turn and lift,no,,NA,NA,NA,,NA,1,
19/03/2024,SW84-X-14,SW84,Sample location delocated to a 10km square (see metadata),180000,40000,185000,45000,4,31,11,no,no,0,,2,,0,,12.3,,no,Ground too loose ,,NA,,NA,,NA,,NA,,NA,,NA,,NA,,NA,,NA,,NA,,NA,,NA,,NA,yes,normal,normal,0,,45,,,NA,turn and lift,yes,NA,yes,NA,yes,NA,small corer,yes,NA,yes,NA,yes,normal,16,,16,,turn and lift,no,,NA,NA,NA,,NA,1,
19/03/2024,SW84-X-14,SW84,Sample location delocated to a 10km square (see metadata),180000,40000,185000,45000,4,31,46,no,no,0,,2,,0,,12.2,,no,Too soft,,NA,,NA,,NA,,NA,,NA,,NA,,NA,,NA,,NA,,NA,,NA,,NA,,NA,yes,normal,normal,0,,47,,,NA,turn and lift,yes,NA,yes,NA,yes,NA,small corer,yes,NA,yes,NA,yes,normal,18,,18,,turn and lift,no,,NA,NA,NA,,NA,1,
19/03/2024,SW84-X-14,SW84,Sample location delocated to a 10km square (see metadata),180000,40000,185000,45000,4,31,59,no,no,0,,1,,0,,12.3,,no,Too soft,,NA,,NA,,NA,,NA,,NA,,NA,,NA,,NA,,NA,,NA,,NA,,NA,,NA,yes,normal,normal,0,,46,,,NA,turn and lift,yes,NA,yes,NA,yes,NA,small corer,yes,NA,no,stones,yes,normal,18,,18,,turn and lift,no,,NA,NA,NA,,NA,1,
19/03/2024,SW84-X-14,SW84,Sample location delocated to a 10km square (see metadata),180000,40000,185000,45000,4,31,28,no,no,0,,1,,0,,12.2,,no,Too soft,,NA,,NA,,NA,,NA,,NA,,NA,,NA,,NA,,NA,,NA,,NA,,NA,,NA,yes,normal,normal,0,,47,,,NA,turn and lift,yes,NA,yes,NA,yes,NA,small corer,yes,NA,yes,NA,yes,normal,18,,18,,turn and lift,no,,NA,NA,NA,,NA,1,
26/04/2023,SX06-X-23,SX06,Sample location delocated to a 10km square (see metadata),200000,60000,205000,65000,4,86,11,no,no,0,,13,,3,,8.7,,yes,NA,,NULL,9,,1,,29,,1.5,,,NA,,NA,,NA,,NA,,NA,,NA,29,,1.3,,yes,normal,normal,0,,43.2,,43.2,,turn and lift,yes,NA,yes,NA,yes,NA,small corer,yes,partial - stones,yes,NA,yes,normal,17.9,,17.9,,turn and lift,NULL,,NULL,NULL,NULL,,NULL,,NULL
26/04/2023,SX06-X-23,SX06,Sample location delocated to a 10km square (see metadata),200000,60000,205000,65000,4,86,28,yes,no,0,,14,,1,,8.9,,yes,NA,,NULL,7,,1,,29,,1.5,,,NA,,NA,,NA,,NA,,NA,,NA,29,,1.4,,yes,normal,normal,0,,44,,44,,turn and lift,yes,NA,yes,NA,yes,NA,small corer,yes,NA,yes,partial - stones,yes,normal,18.6,,18.6,,turn and lift,NULL,,NULL,NULL,NULL,,NULL,,NULL
26/04/2023,SX06-X-23,SX06,Sample location delocated to a 10km square (see metadata),200000,60000,205000,65000,4,86,46,no,no,0,,14,,0,,8.5,,yes,NA,,NULL,8,,1,,28,,2,,,NA,,NA,,NA,,NA,,NA,,NA,28,,1.7,,yes,normal,normal,0,,43.9,,43.9,,turn and lift,yes,NA,yes,NA,yes,NA,small corer,yes,NA,yes,NA,yes,normal,18.3,,18.3,,turn and lift,NULL,,NULL,NULL,NULL,,NULL,,NULL
26/04/2023,SX06-X-23,SX06,Sample location delocated to a 10km square (see metadata),200000,60000,205000,65000,4,86,59,no,no,0,,9,,0,,8.9,,yes,NA,2,,9,,1,,28,,1,,,NA,,NA,,NA,,NA,,NA,,NA,28,,1,,yes,normal,normal,0,,43.7,,43.7,,turn and lift,yes,NA,yes,NA,yes,NA,small corer,yes,NA,yes,NA,yes,normal,19.9,,19.9,,turn and lift,NULL,,NULL,NULL,NULL,,NULL,,NULL
26/04/2023,SX06-X-23,SX06,Sample location delocated to a 10km square (see metadata),200000,60000,205000,65000,2,85,11,no,no,0,,10,,0,,10.5,,yes,NA,,NULL,4,,1,,18,,1,,,NA,,NA,,NA,,NA,,NA,,NA,18,,1,,yes,normal,normal,0,,43.6,,43.6,,turn and lift,yes,NA,yes,NA,yes,NA,small corer,yes,partial - NULL,yes,NA,yes,normal,18.9,,18.9,,turn and lift,NULL,,NULL,NULL,NULL,,NULL,,NULL
26/04/2023,SX06-X-23,SX06,Sample location delocated to a 10km square (see metadata),200000,60000,205000,65000,2,85,28,no,no,0,,12,,0,,9.6,,yes,NA,,NULL,3,,1,,17,,1,,30,,1,,,NA,,NA,,NA,,NA,30,,1,,yes,normal,normal,0,,43.2,,43.2,,turn and lift,yes,NA,yes,NA,yes,NA,small corer,yes,NA,yes,partial - dry and loose ,yes,normal,18.6,,18.6,,turn and lift,NULL,,NULL,NULL,NULL,,NULL,,NULL
26/04/2023,SX06-X-23,SX06,Sample location delocated to a 10km square (see metadata),200000,60000,205000,65000,2,85,46,no,no,0,,8,,0,,9.7,,yes,NA,,NULL,8,,1,,28,,1,,,NA,,NA,,NA,,NA,,NA,,NA,28,,1,,yes,normal,normal,0,,44.6,,44.6,,turn and lift,yes,NA,yes,NA,yes,NA,small corer,yes,partial - loose soil,yes,partial - stones,yes,normal,18.6,,18.6,,turn and lift,NULL,,NULL,NULL,NULL,,NULL,,NULL
26/04/2023,SX06-X-23,SX06,Sample location delocated to a 10km square (see metadata),200000,60000,205000,65000,2,85,59,no,no,0,,20,,0,,10.2,,yes,NA,,NULL,12,,1,,30,,1,,,NA,,NA,,NA,,NA,,NA,,NA,30,,1,,yes,normal,normal,0,,44.3,,44.3,,turn and lift,yes,NA,yes,NA,yes,NA,small corer,yes,NA,yes,partial - hit rock,yes,normal,19.7,,19.7,,turn and lift,NULL,,NULL,NULL,NULL,,NULL,,NULL
26/04/2023,SX06-X-23,SX06,Sample location delocated to a 10km square (see metadata),200000,60000,205000,65000,3,85,46,no,no,0,,22,,0,,10.9,,yes,NA,,NULL,10,,1,,25,,1,,,NA,,NA,,NA,,NA,,NA,,NA,25,,1,,yes,normal,normal,0,,42.6,,42.6,,turn and lift,yes,NA,yes,NA,yes,NA,small corer,yes,NA,yes,NA,yes,normal,19.2,,19.2,,turn and lift,NULL,,NULL,NULL,NULL,,NULL,,NULL
26/04/2023,SX06-X-23,SX06,Sample location delocated to a 10km square (see metadata),200000,60000,205000,65000,3,85,59,no,yes,0,,14,,0,,11,,yes,NA,,NULL,5,,1,,17,,1,,30,,1,,,NA,,NA,,NA,,NA,30,,1,,yes,normal,normal,0,,45.2,,45.2,,turn and lift,yes,NA,yes,NA,yes,NA,small corer,yes,NA,yes,NA,yes,normal,18.3,,18.3,,turn and lift,NULL,,NULL,NULL,NULL,,NULL,,NULL
26/04/2023,SX06-X-23,SX06,Sample location delocated to a 10km square (see metadata),200000,60000,205000,65000,3,85,28,no,no,0,,10,,0,,11.3,,yes,NA,,NULL,8,,1,,20,,1.5,,,NA,,NA,,NA,,NA,,NA,,NA,20,,1.3,,yes,normal,normal,0,,44.1,,44.1,,turn and lift,yes,NA,yes,NA,yes,NA,small corer,yes,NA,yes,NA,yes,normal,19.1,,19.1,,turn and lift,NULL,,NULL,NULL,NULL,,NULL,,NULL
26/04/2023,SX06-X-23,SX06,Sample location delocated to a 10km square (see metadata),200000,60000,205000,65000,3,85,11,yes,no,0,,22,,2,,11,,yes,NA,,NULL,11,,1,,30,,1,,,NA,,NA,,NA,,NA,,NA,,NA,30,,1,,yes,normal,normal,0,,43.8,,43.8,,turn and lift,yes,NA,yes,NA,yes,NA,small corer,yes,NA,yes,NA,yes,normal,19,,19,,turn and lift,NULL,,NULL,NULL,NULL,,NULL,,NULL
27/04/2023,SX06-X-23,SX06,Sample location delocated to a 10km square (see metadata),200000,60000,205000,65000,1,59,11,no,no,0,,5,,0,,10.6,,yes,NA,,NULL,10,,1,,30,,1,,,NA,,NA,,NA,,NA,,NA,,NA,30,,1,,yes,normal,normal,0,,43.5,,43.5,,turn and lift,yes,NA,yes,NA,yes,NA,small corer,yes,NA,yes,partial - hit rock,yes,normal,18.1,,18.1,,turn and lift,NULL,,NULL,NULL,NULL,,NULL,,NULL
27/04/2023,SX06-X-23,SX06,Sample location delocated to a 10km square (see metadata),200000,60000,205000,65000,1,59,28,no,no,0,,4,,0,,10.7,,no,Too loose to obtain block  - recently cultivated,,NA,,NA,,NA,,NA,,NA,,NA,,NA,,NA,,NA,,NA,,NA,,NA,,NA,yes,normal,normal,0,,42.5,,,NA,turn and lift,yes,NA,yes,NA,yes,NA,small corer,yes,NA,yes,NA,yes,normal,19.5,,19.5,,turn and lift,NULL,,NULL,NULL,NULL,,NULL,,NULL
27/04/2023,SX06-X-23,SX06,Sample location delocated to a 10km square (see metadata),200000,60000,205000,65000,1,59,46,no,no,0,,0,,0,,10,,yes,NA,,NULL,15,,1,,30,,1.5,,,NA,,NA,,NA,,NA,,NA,,NA,30,,1.3,,yes,normal,normal,0,,43,,43,,turn and lift,yes,NA,yes,NA,yes,NA,small corer,yes,NA,yes,NA,yes,normal,18,,18,,turn and lift,NULL,,NULL,NULL,NULL,,NULL,,NULL
27/04/2023,SX06-X-23,SX06,Sample location delocated to a 10km square (see metadata),200000,60000,205000,65000,1,59,59,no,no,0,,3,,0,,10.5,,no,Too loose,,NA,,NA,,NA,,NA,,NA,,NA,,NA,,NA,,NA,,NA,,NA,,NA,,NA,yes,normal,normal,0,,43.9,,43.9,,turn and lift,yes,NA,yes,NA,yes,NA,small corer,yes,NA,yes,NA,yes,normal,19.2,,19.2,,turn and lift,NULL,,NULL,NULL,NULL,,NULL,,NULL
05/05/2023,SX06-X-23,SX06,Sample location delocated to a 10km square (see metadata),200000,60000,205000,65000,5,61,11,no,no,0,,7,,2,,12.6,,yes,NA,,NULL,5,,1,,15,,1.5,,30,,2,,,NA,,NA,,NA,,NA,30,,1.7,,yes,normal,normal,0,,42.6,,42.6,,turn and lift,yes,NA,yes,NA,yes,NA,small corer,yes,NA,yes,partial - stones,yes,normal,19.8,,19.8,,turn and lift,NULL,,NULL,NULL,NULL,,NULL,,NULL
05/05/2023,SX06-X-23,SX06,Sample location delocated to a 10km square (see metadata),200000,60000,205000,65000,5,61,28,no,no,6,,1,,0,,12.6,,yes,NA,,NULL,5,,1,,30,,2.5,,,NA,,NA,,NA,,NA,,NA,,NA,30,,2.3,,yes,normal,normal,0,,45.8,,45.8,,turn and lift,yes,NA,yes,NA,yes,NA,small corer,yes,NA,yes,partial - stones,yes,normal,19.5,,19.5,,turn and lift,NULL,,NULL,NULL,NULL,,NULL,,NULL
05/05/2023,SX06-X-23,SX06,Sample location delocated to a 10km square (see metadata),200000,60000,205000,65000,5,61,46,no,no,3,,9,,0,,12.6,,yes,NA,,NULL,9,,1,,30,,2,,,NA,,NA,,NA,,NA,,NA,,NA,30,,1.7,,yes,normal,normal,0,,43.9,,43.9,,turn and lift,yes,NA,yes,NA,yes,NA,small corer,yes,NA,yes,partial - stones,yes,normal,19,,19,,turn and lift,NULL,,NULL,NULL,NULL,,NULL,,NULL
05/05/2023,SX06-X-23,SX06,Sample location delocated to a 10km square (see metadata),200000,60000,205000,65000,5,61,59,no,no,0,,8,,1,,13,,yes,NA,,NULL,10,,1,,30,,1.5,,,NA,,NA,,NA,,NA,,NA,,NA,30,,1.3,,yes,normal,normal,0,,43.3,,43.3,,turn and lift,yes,NA,yes,NA,yes,NA,small corer,yes,NA,yes,partial - hit rock,yes,normal,18.8,,18.8,,turn and lift,NULL,,NULL,NULL,NULL,,NULL,,NULL
01/03/2024,SX07-X-56,SX07,Sample location delocated to a 10km square (see metadata),200000,70000,205000,75000,1,55,59,no,no,0,,2,,1,,6.4,,yes,NA,2,,6,,3,,10,,3,,15,,2.5,,18,,2,,21,,1.5,,21,,2.5,,yes,normal,normal,3,,42,,,NA,turn and lift,yes,NA,yes,NA,yes,NA,small corer,no,hit rock,no,hit rock,yes,normal,19,,19,,turn and lift,no,,NA,NA,NA,,NA,1,
01/03/2024,SX07-X-56,SX07,Sample location delocated to a 10km square (see metadata),200000,70000,205000,75000,1,55,28,yes,no,0,,5,,0,,7.4,,yes,NA,1,,6,,3,,11,,3,,16,,2.5,,20,,2,,23,,2,,23,,2.6,,yes,normal,normal,5,,42,,,NA,turn and lift,yes,NA,yes,NA,yes,NA,small corer,yes,NA,yes,partial - stones,yes,normal,20,,20,,turn and lift,no,,NA,NA,NA,,NA,1,
01/03/2024,SX07-X-56,SX07,Sample location delocated to a 10km square (see metadata),200000,70000,205000,75000,1,55,11,yes,no,1,,4,,0,,7.7,,yes,NA,1,,5,,3,,10,,3,,16,,2.5,,20,,2,,30,,1.5,,30,,2.3,,yes,normal,normal,5,,40,,,NA,turn and lift,yes,NA,yes,NA,yes,NA,small corer,yes,NA,no,hit rock,yes,normal,19,,19,,turn and lift,no,,NA,NA,NA,,NA,1,
01/03/2024,SX07-X-56,SX07,Sample location delocated to a 10km square (see metadata),200000,70000,205000,75000,1,55,46,yes,no,0,,4,,0,,7.1,,yes,NA,1,,5,,3,,10,,3,,15,,2.5,,19,,2,,30,,2,,30,,2.4,,yes,normal,normal,5,,40,,,NA,turn and lift,yes,NA,yes,NA,yes,NA,small corer,yes,NA,yes,partial - hit rock,yes,normal,18,,18,,dig and tip,no,,NA,NA,NA,,NA,1,
04/03/2024,SX07-X-56,SX07,Sample location delocated to a 10km square (see metadata),200000,70000,205000,75000,3,88,59,yes,no,0,,4,,0,,7.3,,yes,NA,1,,5,,3,,11,,3,,15,,2.5,,19,,2,,30,,2,,30,,2.4,,yes,normal,normal,6,,43,,,NA,turn and lift,yes,NA,yes,NA,yes,NA,small corer,yes,NA,yes,partial - stones,yes,normal,21,,21,,turn and lift,no,,NA,NA,NA,,NA,1,
04/03/2024,SX07-X-56,SX07,Sample location delocated to a 10km square (see metadata),200000,70000,205000,75000,3,88,46,yes,no,0,,5,,0,,8.5,,yes,NA,1,,4,,3,,8,,3,,13,,2,,16,,2,,30,,,NULL,30,,,NULL,yes,normal,normal,4,,40,,,NA,turn and lift,yes,NA,yes,NA,yes,NA,small corer,yes,NA,yes,NA,yes,normal,17,,,NA,turn and lift,no,,NA,NA,NA,,NA,1,
04/03/2024,SX07-X-56,SX07,Sample location delocated to a 10km square (see metadata),200000,70000,205000,75000,3,88,28,no,no,0,,0,,0,,8.2,,yes,NA,1,,6,,3,,11,,3,,15,,2.5,,18,,2.5,,21,,2,,21,,2.7,,yes,normal,normal,0,,40,,,NA,turn and lift,yes,NA,yes,NA,yes,NA,small corer,yes,NA,yes,NA,yes,normal,17,,17,,turn and lift,no,,NA,NA,NA,,NA,1,
04/03/2024,SX07-X-56,SX07,Sample location delocated to a 10km square (see metadata),200000,70000,205000,75000,3,88,11,no,no,2,,0,,0,,8.1,,yes,NA,1,,6,,3,,12,,3,,17,,2.5,,22,,2.5,,30,,2,,30,,2.6,,yes,normal,normal,0,,40,,,NA,turn and lift,yes,NA,yes,NA,yes,NA,small corer,yes,NA,yes,NA,yes,normal,17,,17,,turn and lift,no,,NA,NA,NA,,NA,1,
21/02/2024,SX15-X-08,SX15,Sample location delocated to a 10km square (see metadata),210000,50000,215000,55000,4,7,59,yes,no,1,,12,,3,,7.8,,yes,NA,1,,6,,3,,13,,2,,18,,2.5,,21,,2,,30,,3,,30,,2.6,,yes,normal,normal,4,,44,,,NA,turn and lift,yes,NA,yes,NA,yes,NA,small corer,yes,NA,no,too wet,yes,normal,18,,18,,turn and lift,no,,NA,NA,NA,,NA,1,
21/02/2024,SX15-X-08,SX15,Sample location delocated to a 10km square (see metadata),210000,50000,215000,55000,4,7,28,yes,yes,0,,8,,2,,7.5,,yes,NA,1,,9,,4,,14,,3.5,,20,,3.5,,26,,2.5,,30,,3,,30,,3.4,,yes,normal,normal,4,,45,,,NA,turn and lift,yes,NA,yes,NA,yes,NA,small corer,yes,NA,yes,NA,yes,normal,21,,21,,turn and lift,no,,NA,NA,NA,,NA,1,
21/02/2024,SX15-X-08,SX15,Sample location delocated to a 10km square (see metadata),210000,50000,215000,55000,4,7,11,yes,yes,0,,12,,3,,7.9,,yes,NA,1,,6,,4,,11,,3.5,,15,,3.5,,20,,3,,23,,2.5,,23,,3.4,,yes,normal,normal,4,,44,,,NA,turn and lift,yes,NA,yes,NA,yes,NA,small corer,yes,NA,yes,NA,yes,normal,17,,17,,turn and lift,no,,NA,NA,NA,,NA,1,
21/02/2024,SX15-X-08,SX15,Sample location delocated to a 10km square (see metadata),210000,50000,215000,55000,4,7,46,yes,yes,1,,8,,0,,8.2,,yes,NA,1,,6,,4,,11,,3,,18,,2,,23,,2.5,,28,,2,,28,,2.7,,yes,normal,normal,4,,44,,,NA,turn and lift,yes,NA,yes,NA,yes,NA,small corer,yes,NA,yes,NA,yes,normal,21,,21,,turn and lift,no,,NA,NA,NA,,NA,1,
27/02/2024,SX15-X-08,SX15,Sample location delocated to a 10km square (see metadata),210000,50000,215000,55000,3,118,28,no,no,0,,8,,1,,8.1,,yes,NA,1,,6,,4,,11,,3,,17,,3,,22,,2.5,,25,,2.5,,25,,3.1,,yes,normal,normal,5,,44,,,NA,turn and lift,yes,NA,yes,NA,yes,NA,small corer,yes,NA,yes,NA,yes,normal,17,,17,,turn and lift,no,,NA,NA,NA,,NA,1,
27/02/2024,SX15-X-08,SX15,Sample location delocated to a 10km square (see metadata),210000,50000,215000,55000,3,118,59,yes,no,0,,8,,0,,6.7,,yes,NA,1,,6,,4,,11,,3.5,,17,,3,,24,,3,,29,,3,,29,,3.3,,yes,normal,normal,5,,44,,,NA,turn and lift,yes,NA,yes,NA,yes,NA,small corer,yes,NA,yes,NA,yes,normal,19,,19,,turn and lift,no,,NA,NA,NA,,NA,1,
27/02/2024,SX15-X-08,SX15,Sample location delocated to a 10km square (see metadata),210000,50000,215000,55000,3,118,46,no,no,0,,6,,1,,7.3,,yes,NA,1,,5,,4,,6,,4,,12,,3,,17,,3,,20,,2.5,,20,,3.2,,yes,normal,normal,5,,45,,,NA,turn and lift,yes,NA,yes,NA,yes,NA,small corer,yes,NA,yes,NA,yes,normal,19,,19,,turn and lift,no,,NA,NA,NA,,NA,1,
27/02/2024,SX15-X-08,SX15,Sample location delocated to a 10km square (see metadata),210000,50000,215000,55000,3,118,11,no,no,0,,3,,1,,7.3,,yes,NA,1,,7,,4,,12,,3.5,,17,,3.5,,23,,3,,,NULL,1,,23,,,NULL,yes,normal,normal,6,,45,,,NA,turn and lift,yes,NA,yes,NA,yes,NA,small corer,yes,NA,yes,partial - too wet,yes,normal,19,,19,,turn and lift,no,,NA,NA,NA,,NA,1,
28/02/2024,SX15-X-08,SX15,Sample location delocated to a 10km square (see metadata),210000,50000,215000,55000,1,80,51,yes,yes,1,,6,,1,,8.6,,yes,NA,1,,5,,3,,11,,3,,16,,2,,20,,2,,25,,1.5,,25,,2.3,,yes,normal,normal,7,,43,,,NA,turn and lift,yes,NA,yes,NA,yes,NA,small corer,yes,NA,yes,NA,yes,normal,19,,19,,turn and lift,no,,NA,NA,NA,,NA,1,
28/02/2024,SX15-X-08,SX15,Sample location delocated to a 10km square (see metadata),210000,50000,215000,55000,1,80,28,no,no,0,,0,,0,,7.6,,yes,NA,1,,6,,4,,11,,3,,17,,3,,20,,2,,23,,1.5,,23,,2.9,,yes,normal,normal,7,,45,,,NA,turn and lift,yes,NA,yes,NA,yes,NA,small corer,yes,NA,yes,NA,yes,normal,19,,19,,turn and lift,no,,NA,NA,NA,,NA,1,
28/02/2024,SX15-X-08,SX15,Sample location delocated to a 10km square (see metadata),210000,50000,215000,55000,1,80,46,yes,no,1,,2,,0,,8.9,,yes,NA,1,,4,,4,,8,,3,,13,,2.5,,16,,1.5,,18,,1,,18,,2.6,,yes,normal,normal,6,,43,,,NA,turn and lift,yes,NA,yes,NA,yes,NA,small corer,yes,NA,yes,NA,yes,normal,19,,19,,turn and lift,no,,NA,NA,NA,,NA,1,
28/02/2024,SX15-X-08,SX15,Sample location delocated to a 10km square (see metadata),210000,50000,215000,55000,1,80,11,yes,no,1,,6,,0,,8.3,,yes,NA,1,,5,,4.5,,12,,4,,16,,,NULL,20,,3,,30,,2,,30,,,NULL,yes,normal,normal,6,,45,,,NA,turn and lift,yes,NA,yes,NA,yes,NA,small corer,yes,NA,no,too wet,yes,normal,18,,18,,turn and lift,no,,NA,NA,NA,,NA,1,
29/02/2024,SX15-X-08,SX15,Sample location delocated to a 10km square (see metadata),210000,50000,215000,55000,2,60,59,yes,no,0,,2,,0,,8.5,,yes,NA,,NULL,5,,4,,9,,3,,13,,3,,20,,2,,25,,1,,25,,2.5,,yes,normal,normal,0,,42,,,NA,turn and lift,yes,NA,yes,NA,yes,NA,small corer,yes,NA,yes,NA,yes,normal,19,,19,,turn and lift,no,,NA,NA,NA,,NA,1,
29/02/2024,SX15-X-08,SX15,Sample location delocated to a 10km square (see metadata),210000,50000,215000,55000,2,60,28,no,no,0,,0,,0,,7.9,,yes,NA,1,,5,,3,,10,,3,,16,,2.5,,19,,2,,22,,2,,22,,2.6,,yes,normal,normal,0,,40,,,NA,turn and lift,yes,NA,yes,NA,yes,NA,small corer,yes,NA,yes,partial - hit rock,yes,normal,19,,19,,turn and lift,no,,NA,NA,NA,,NA,1,
29/02/2024,SX15-X-08,SX15,Sample location delocated to a 10km square (see metadata),210000,50000,215000,55000,2,60,46,no,no,0,,0,,0,,8.4,,yes,NA,3,,5,,5,,10,,4,,16,,4,,22,,2,,30,,1,,30,,3,,yes,normal,normal,0,,41,,,NA,turn and lift,yes,NA,yes,NA,yes,NA,small corer,yes,NA,yes,NA,yes,normal,18,,18,,turn and lift,no,,NA,NA,NA,,NA,1,
29/02/2024,SX15-X-08,SX15,Sample location delocated to a 10km square (see metadata),210000,50000,215000,55000,2,60,11,no,no,0,,0,,0,,7.7,,yes,NA,3,,5,,5,,8,,4,,11,,4,,15,,2,,20,,2,,20,,3.4,,yes,normal,normal,0,,42,,,NA,turn and lift,yes,NA,yes,NA,yes,NA,small corer,yes,NA,yes,partial - hit rock,yes,normal,19,,19,,turn and lift,no,,NA,NA,NA,,NA,1,
19/04/2023,SX16-X-83,SX16,Sample location delocated to a 10km square (see metadata),210000,60000,215000,65000,3,85,11,no,no,0,,9,,0,,11.1,,yes,NA,,NULL,10,,1,,30,,1.5,,,NA,,NA,,NA,,NA,,NA,,NA,30,,1.3,,yes,normal,normal,0,,46.4,,46.4,,turn and lift,yes,NA,yes,NA,yes,NA,small corer,yes,NA,yes,partial - hit rock,yes,normal,16.8,,16.8,,turn and lift,NULL,,NULL,NULL,NULL,,NULL,,NULL
19/04/2023,SX16-X-83,SX16,Sample location delocated to a 10km square (see metadata),210000,60000,215000,65000,3,85,46,no,no,0,,14,,0,,10.8,,yes,NA,,NULL,30,,1,,,NA,,NA,,NA,,NA,,NA,,NA,,NA,,NA,30,,1,,yes,normal,normal,1,,44,,44,,turn and lift,yes,NA,yes,NA,yes,NA,small corer,yes,NA,yes,NA,yes,normal,19.8,,19.8,,turn and lift,NULL,,NULL,NULL,NULL,,NULL,,NULL
19/04/2023,SX16-X-83,SX16,Sample location delocated to a 10km square (see metadata),210000,60000,215000,65000,3,85,59,no,no,0,,28,,48,,10.5,,yes,NA,,NULL,10,,1,,25,,1.5,,30,,1,,,NA,,NA,,NA,,NA,30,,1.3,,yes,normal,normal,1,,41,,41,,turn and lift,yes,NA,yes,NA,yes,NA,small corer,yes,NA,yes,NA,yes,normal,18.3,,18.3,,turn and lift,NULL,,NULL,NULL,NULL,,NULL,,NULL
20/04/2023,SX16-X-83,SX16,Sample location delocated to a 10km square (see metadata),210000,60000,215000,65000,1,84,11,no,no,0,,5,,1,,10.6,,yes,NA,,NULL,8,,1,,23,,1.5,,,NA,,NA,,NA,,NA,,NA,,NA,23,,1.3,,yes,normal,normal,1,,44.2,,44.2,,turn and lift,yes,NA,yes,NA,yes,NA,small corer,yes,NA,yes,NA,yes,normal,19.3,,19.3,,turn and lift,NULL,,NULL,NULL,NULL,,NULL,,NULL
20/04/2023,SX16-X-83,SX16,Sample location delocated to a 10km square (see metadata),210000,60000,215000,65000,1,84,28,no,no,0,,4,,2,,10.2,,yes,NA,,NULL,6,,1,,30,,1.5,,,NA,,NA,,NA,,NA,,NA,,NA,30,,1.4,,yes,normal,normal,0,,44.6,,44.6,,turn and lift,yes,NA,yes,NA,yes,NA,small corer,yes,NA,yes,NA,yes,normal,18.9,,18.9,,turn and lift,NULL,,NULL,NULL,NULL,,NULL,,NULL
20/04/2023,SX16-X-83,SX16,Sample location delocated to a 10km square (see metadata),210000,60000,215000,65000,1,84,46,no,no,0,,3,,1,,10.6,,yes,NA,,NULL,9,,1,,29,,1.5,,,NA,,NA,,NA,,NA,,NA,,NA,29,,1.3,,yes,normal,normal,0,,45.1,,45.1,,turn and lift,yes,NA,yes,NA,yes,NA,small corer,yes,NA,yes,NA,yes,normal,21,,21,,turn and lift,NULL,,NULL,NULL,NULL,,NULL,,NULL
20/04/2023,SX16-X-83,SX16,Sample location delocated to a 10km square (see metadata),210000,60000,215000,65000,1,84,59,no,no,0,,7,,4,,10.4,,yes,NA,,NULL,3.5,,1,,30,,1.5,,,NA,,NA,,NA,,NA,,NA,,NA,30,,1.4,,yes,normal,normal,0,,44.9,,44.9,,turn and lift,yes,NA,yes,NA,yes,NA,small corer,yes,NA,yes,NA,yes,normal,19.1,,19.1,,turn and lift,NULL,,NULL,NULL,NULL,,NULL,,NULL
20/04/2023,SX16-X-83,SX16,Sample location delocated to a 10km square (see metadata),210000,60000,215000,65000,4,85,11,no,no,0,,10,,1,,10.9,,yes,NA,,NULL,8,,1,,28,,1.5,,,NA,,NA,,NA,,NA,,NA,,NA,28,,1.4,,yes,normal,normal,0,,46,,46,,turn and lift,yes,NA,yes,NA,yes,NA,small corer,yes,NA,yes,NA,yes,normal,18.7,,18.7,,turn and lift,NULL,,NULL,NULL,NULL,,NULL,,NULL
20/04/2023,SX16-X-83,SX16,Sample location delocated to a 10km square (see metadata),210000,60000,215000,65000,4,85,28,no,no,0,,7,,13,,11.4,,yes,NA,,NULL,4,,1,,30,,1.5,,,NA,,NA,,NA,,NA,,NA,,NA,30,,1.4,,yes,normal,normal,0,,43.4,,43.4,,turn and lift,yes,NA,yes,NA,yes,NA,small corer,yes,NA,yes,NA,yes,normal,20.3,,20.3,,turn and lift,NULL,,NULL,NULL,NULL,,NULL,,NULL
20/04/2023,SX16-X-83,SX16,Sample location delocated to a 10km square (see metadata),210000,60000,215000,65000,4,85,59,no,no,0,,9,,6,,11.6,,yes,NA,,NULL,9.5,,1,,30,,1.5,,,NA,,NA,,NA,,NA,,NA,,NA,30,,1.3,,yes,normal,normal,0,,45.1,,45.1,,turn and lift,yes,NA,yes,NA,yes,NA,small corer,yes,NA,yes,NA,yes,normal,19,,19,,turn and lift,NULL,,NULL,NULL,NULL,,NULL,,NULL
20/04/2023,SX16-X-83,SX16,Sample location delocated to a 10km square (see metadata),210000,60000,215000,65000,4,85,46,no,no,0,,16,,2,,10.8,,yes,NA,,NULL,10,,1,,20,,1.5,,,NA,,NA,,NA,,NA,,NA,,NA,20,,1.3,,yes,normal,normal,0,,45.6,,45.6,,turn and lift,yes,NA,yes,NA,yes,NA,small corer,yes,NA,yes,NA,yes,normal,19.7,,19.7,,turn and lift,NULL,,NULL,NULL,NULL,,NULL,,NULL
19/04/2023,SX16-X-83,SX16,Sample location delocated to a 10km square (see metadata),210000,60000,215000,65000,3,85,28,no,no,0,,14,,0,,11.1,,yes,NA,,NULL,14,,1,,30,,1.5,,,NA,,NA,,NA,,NA,,NA,,NA,30,,1.3,,yes,normal,normal,1,,44.8,,44.8,,turn and lift,yes,NA,yes,NA,yes,NA,small corer,yes,NA,yes,NA,yes,normal,19.1,,19.1,,turn and lift,NULL,,NULL,NULL,NULL,,NULL,,NULL
25/03/2024,SX26-X-02,SX26,Sample location delocated to a 10km square (see metadata),220000,60000,225000,65000,1,109,46,yes,yes,0,,8,,2,,8.1,,yes,NA,1,,5,,3,,11,,3,,16,,3,,21,,2.5,,30,,2.5,,30,,2.8,,yes,normal,normal,6,,42,,,NA,turn and lift,yes,NA,yes,NA,yes,NA,small corer,yes,NA,yes,NA,yes,normal,17,,17,,turn and lift,no,,NA,NA,NA,,NA,1,
25/03/2024,SX26-X-02,SX26,Sample location delocated to a 10km square (see metadata),220000,60000,225000,65000,1,109,11,yes,yes,1,,2,,0,,8.6,,yes,NA,1,,6,,3.5,,12,,3,,17,,3,,21,,2.5,,30,,2.5,,30,,2.9,,yes,normal,normal,6,,43,,,NA,turn and lift,yes,NA,yes,NA,yes,NA,small corer,yes,NA,yes,NA,yes,normal,17,,17,,turn and lift,no,,NA,NA,NA,,NA,1,
25/03/2024,SX26-X-02,SX26,Sample location delocated to a 10km square (see metadata),220000,60000,225000,65000,1,109,28,yes,yes,1,,8,,0,,8.5,,yes,NA,1,,6,,3.5,,11,,3,,16,,2.5,,22,,2.5,,25,,2,,25,,2.8,,yes,normal,normal,6,,44,,,NA,turn and lift,yes,NA,yes,NA,yes,NA,small corer,yes,NA,yes,NA,yes,normal,21,,21,,turn and lift,no,,NA,NA,NA,,NA,1,
25/03/2024,SX26-X-02,SX26,Sample location delocated to a 10km square (see metadata),220000,60000,225000,65000,1,109,59,no,no,0,,5,,0,,8.4,,yes,NA,,NULL,25,,4,,30,,2,,,NA,,NA,,NA,,NA,,NA,,NA,30,,3.7,,yes,normal,normal,6,,41,,,NA,turn and lift,yes,NA,yes,NA,yes,NA,small corer,yes,NA,yes,NA,yes,normal,20,,20,,turn and lift,no,,NA,NA,NA,,NA,1,
27/03/2024,SX26-X-02,SX26,Sample location delocated to a 10km square (see metadata),220000,60000,225000,65000,4,159,11,no,yes,0,,6,,0,,8.2,,yes,NA,,NULL,25,,3,,30,,2.5,,,NA,,NA,,NA,,NA,,NA,,NA,30,,2.9,,yes,normal,normal,0,,45,,,NA,turn and lift,yes,NA,yes,NA,yes,NA,small corer,yes,NA,yes,NA,yes,normal,20,,20,,turn and lift,no,,NA,NA,NA,,NA,1,
27/03/2024,SX26-X-02,SX26,Sample location delocated to a 10km square (see metadata),220000,60000,225000,65000,4,159,46,yes,yes,1,,7,,0,,8.9,,yes,NA,1,,5,,3,,11,,2.5,,16,,2.5,,21,,2,,30,,2,,30,,2.4,,yes,normal,normal,6,,41,,,NA,turn and lift,yes,NA,yes,NA,yes,NA,small corer,yes,NA,yes,NA,yes,normal,21,,21,,turn and lift,no,,NA,NA,NA,,NA,1,
27/03/2024,SX26-X-02,SX26,Sample location delocated to a 10km square (see metadata),220000,60000,225000,65000,4,159,59,no,no,0,,5,,0,,8.2,,yes,NA,,NULL,30,,1.5,,,NA,,NA,,NA,,NA,,NA,,NA,,NA,,NA,30,,1.5,,yes,normal,normal,6,,43,,,NA,turn and lift,yes,NA,yes,NA,yes,NA,small corer,yes,NA,yes,NA,yes,normal,19,,19,,turn and lift,no,,NA,NA,NA,,NA,1,
27/03/2024,SX26-X-02,SX26,Sample location delocated to a 10km square (see metadata),220000,60000,225000,65000,4,159,28,no,no,1,,9,,0,,8.5,,yes,NA,1,,6,,3,,12,,3,,17,,3,,21,,2,,30,,2,,30,,2.6,,yes,normal,normal,0,,41,,,NA,turn and lift,yes,NA,yes,NA,yes,NA,small corer,yes,NA,yes,NA,yes,normal,22,,22,,turn and lift,no,,NA,NA,NA,,NA,1,
26/02/2024,SX47-X-43,SX47,Sample location delocated to a 10km square (see metadata),240000,70000,245000,75000,2,85,11,no,no,0,,12,,8,,6.3,,yes,NA,2,,5,,3,,13,,2,,30,,2,,,NA,,NA,,NA,,NA,30,,2.2,,yes,normal,normal,0,,40,,,NA,turn and lift,yes,NA,yes,NA,yes,NA,small corer,yes,NA,yes,partial - hit rock,yes,normal,18.5,,18.5,,turn and lift,no,,NA,NA,NA,,NA,1,
26/02/2024,SX47-X-43,SX47,Sample location delocated to a 10km square (see metadata),240000,70000,245000,75000,2,85,28,no,no,0,,10,,17,,6.3,,yes,NA,2,,7,,2.5,,18,,1.5,,30,,1.5,,,NA,,NA,,NA,,NA,30,,1.7,,yes,normal,normal,0,,40,,,NA,turn and lift,yes,NA,yes,NA,yes,NA,small corer,yes,NA,yes,NA,yes,normal,19.5,,19.5,,turn and lift,no,,NA,NA,NA,,NA,1,
26/02/2024,SX47-X-43,SX47,Sample location delocated to a 10km square (see metadata),240000,70000,245000,75000,2,85,46,no,no,0,,17,,9,,6.3,,yes,NA,2,,6,,2,,18,,1.5,,30,,1,,,NA,,NA,,NA,,NA,30,,1.4,,yes,normal,normal,0,,40,,,NA,turn and lift,yes,NA,yes,NA,yes,NA,small corer,yes,NA,yes,partial - hit rock,yes,normal,18.5,,18.5,,turn and lift,no,,NA,NA,NA,,NA,1,
26/02/2024,SX47-X-43,SX47,Sample location delocated to a 10km square (see metadata),240000,70000,245000,75000,2,85,59,no,no,0,,19,,17,,6.3,,yes,NA,2,,7,,2,,14,,1.5,,22,,1,,30,,1,,,NA,,NA,30,,1.4,,yes,normal,normal,0,,40,,,NA,turn and lift,yes,NA,yes,NA,yes,NA,small corer,yes,NA,yes,partial - hit rock,yes,normal,18.6,,18.6,,turn and lift,no,,NA,NA,NA,,NA,1,
11/04/2023,SX57-X-54,SX57,Sample location delocated to a 10km square (see metadata),250000,70000,255000,75000,1,85,11,no,no,0,,3,,0,,7.8,,yes,NA,2,,30,,1,,,NA,,NA,,NA,,NA,,NA,,NA,,NA,,NA,30,,1,,yes,normal,normal,0,,41,,41,,turn and lift,yes,NA,yes,NA,yes,NA,small corer,yes,NA,yes,NA,yes,normal,19,,19,,turn and lift,NULL,,NULL,NULL,NULL,,NULL,,NULL
11/04/2023,SX57-X-54,SX57,Sample location delocated to a 10km square (see metadata),250000,70000,255000,75000,1,85,28,no,no,0,,4,,0,,7.9,,yes,NA,2,,30,,1,,,NA,,NA,,NA,,NA,,NA,,NA,,NA,,NA,30,,1,,yes,normal,normal,0,,45,,,NA,turn and lift,yes,NA,yes,NA,yes,NA,small corer,yes,NA,yes,NA,yes,normal,20,,20,,turn and lift,NULL,,NULL,NULL,NULL,,NULL,,NULL
11/04/2023,SX57-X-54,SX57,Sample location delocated to a 10km square (see metadata),250000,70000,255000,75000,1,85,59,no,no,0,,14,,0,,7.9,,yes,NA,2,,30,,1,,,NA,,NA,,NA,,NA,,NA,,NA,,NA,,NA,30,,1,,yes,normal,catcher,0,,44,,44,,turn and lift,yes,NA,yes,NA,yes,NA,small corer,yes,NA,yes,NA,yes,normal,19,,19,,turn and lift,NULL,,NULL,NULL,NULL,,NULL,,NULL
11/04/2023,SX57-X-54,SX57,Sample location delocated to a 10km square (see metadata),250000,70000,255000,75000,1,85,46,no,no,0,,6,,0,,7.7,,yes,NA,2,,30,,1,,,NA,,NA,,NA,,NA,,NA,,NA,,NA,,NA,30,,1,,yes,normal,normal,0,,44.5,,44.5,,turn and lift,yes,NA,yes,NA,yes,NA,small corer,yes,NA,yes,NA,yes,normal,18.5,,18.5,,turn and lift,NULL,,NULL,NULL,NULL,,NULL,,NULL
11/04/2023,SX57-X-54,SX57,Sample location delocated to a 10km square (see metadata),250000,70000,255000,75000,3,108,11,no,no,0,,0,,0,,9.5,,yes,NA,,NULL,30,,1,,,NA,,NA,,NA,,NA,,NA,,NA,,NA,,NA,30,,1,,yes,normal,normal,4,,41,,41,,turn and lift,yes,NA,yes,NA,yes,NA,small corer,yes,NA,yes,NA,yes,normal,18,,,NA,turn and lift,NULL,,NULL,NULL,NULL,,NULL,,NULL
11/04/2023,SX57-X-54,SX57,Sample location delocated to a 10km square (see metadata),250000,70000,255000,75000,3,108,28,no,no,0,,4,,0,,8,,yes,NA,,NULL,30,,1,,,NA,,NA,,NA,,NA,,NA,,NA,,NA,,NA,30,,1,,yes,normal,normal,4,,41,,41,,turn and lift,yes,NA,yes,NA,yes,NA,small corer,yes,NA,yes,NA,yes,normal,19,,19,,turn and lift,NULL,,NULL,NULL,NULL,,NULL,,NULL
11/04/2023,SX57-X-54,SX57,Sample location delocated to a 10km square (see metadata),250000,70000,255000,75000,3,108,59,no,no,0,,10,,0,,8.1,,yes,NA,,NULL,15,,1,,30,,1.5,,,NA,,NA,,NA,,NA,,NA,,NA,30,,1.3,,yes,normal,normal,3,,37,,37,,turn and lift,yes,NA,yes,NA,yes,NA,small corer,yes,NA,yes,NA,yes,normal,18,,18,,turn and lift,NULL,,NULL,NULL,NULL,,NULL,,NULL
11/04/2023,SX57-X-54,SX57,Sample location delocated to a 10km square (see metadata),250000,70000,255000,75000,3,108,46,no,no,0,,2,,0,,8.2,,yes,NA,,NULL,30,,1,,,NA,,NA,,NA,,NA,,NA,,NA,,NA,,NA,30,,1,,yes,normal,normal,3,,42.5,,42.5,,turn and lift,yes,NA,yes,NA,yes,NA,small corer,yes,NA,yes,NA,yes,normal,17,,17,,turn and lift,NULL,,NULL,NULL,NULL,,NULL,,NULL
12/04/2023,SX57-X-54,SX57,Sample location delocated to a 10km square (see metadata),250000,70000,255000,75000,4,12,11,no,no,0,,15,,0,,6.2,,yes,NA,,NULL,30,,1.5,,,NA,,NA,,NA,,NA,,NA,,NA,,NA,,NA,30,,1.5,,yes,normal,normal,0,,42,,42,,turn and lift,yes,NA,yes,NA,yes,NA,small corer,yes,NA,yes,NA,yes,normal,20,,20,,turn and lift,NULL,,NULL,NULL,NULL,,NULL,,NULL
12/04/2023,SX57-X-54,SX57,Sample location delocated to a 10km square (see metadata),250000,70000,255000,75000,4,12,28,no,no,0,,2,,0,,6,,yes,NA,,NULL,30,,1.5,,,NA,,NA,,NA,,NA,,NA,,NA,,NA,,NA,30,,1.5,,yes,normal,normal,0,,44,,44,,turn and lift,yes,NA,yes,NA,yes,NA,small corer,yes,NA,yes,NA,yes,normal,19,,19,,turn and lift,NULL,,NULL,NULL,NULL,,NULL,,NULL
12/04/2023,SX57-X-54,SX57,Sample location delocated to a 10km square (see metadata),250000,70000,255000,75000,4,12,59,no,no,0,,5,,0,,6.9,,yes,NA,2,,30,,1.5,,,NA,,NA,,NA,,NA,,NA,,NA,,NA,,NA,30,,1.5,,yes,normal,normal,2,,42,,42,,turn and lift,yes,NA,yes,NA,yes,NA,small corer,yes,NA,yes,NA,yes,normal,20,,20,,turn and lift,NULL,,NULL,NULL,NULL,,NULL,,NULL
12/04/2023,SX57-X-54,SX57,Sample location delocated to a 10km square (see metadata),250000,70000,255000,75000,4,12,46,no,no,0,,3,,0,,6.9,,yes,NA,2,,30,,2,,,NA,,NA,,NA,,NA,,NA,,NA,,NA,,NA,30,,2,,yes,normal,normal,3,,43.5,,43.5,,turn and lift,yes,NA,yes,NA,yes,NA,small corer,yes,NA,yes,NA,yes,normal,19.5,,19.5,,turn and lift,NULL,,NULL,NULL,NULL,,NULL,,NULL
12/04/2023,SX57-X-54,SX57,Sample location delocated to a 10km square (see metadata),250000,70000,255000,75000,2,113,11,no,no,0,,5,,0,,6.9,,yes,NA,2,,10,,2,,30,,1.5,,,NA,,NA,,NA,,NA,,NA,,NA,30,,1.7,,yes,normal,normal,0,,44,,44,,turn and lift,yes,NA,yes,NA,yes,NA,small corer,yes,NA,yes,NA,yes,normal,19,,,NA,turn and lift,NULL,,NULL,NULL,NULL,,NULL,,NULL
12/04/2023,SX57-X-54,SX57,Sample location delocated to a 10km square (see metadata),250000,70000,255000,75000,2,113,28,no,no,0,,6,,0,,7.1,,yes,NA,,NULL,10,,2.5,,30,,1.5,,,NA,,NA,,NA,,NA,,NA,,NA,30,,1.8,,yes,normal,normal,0,,43,,43,,turn and lift,yes,NA,yes,NA,yes,NA,small corer,yes,NA,yes,NA,yes,normal,18.5,,18.5,,turn and lift,NULL,,NULL,NULL,NULL,,NULL,,NULL
12/04/2023,SX57-X-54,SX57,Sample location delocated to a 10km square (see metadata),250000,70000,255000,75000,2,113,46,no,no,0,,2,,0,,7.1,,yes,NA,,NULL,12,,2,,30,,1.5,,,NA,,NA,,NA,,NA,,NA,,NA,30,,1.7,,yes,normal,normal,2,,43.6,,43.6,,turn and lift,yes,NA,yes,NA,yes,NA,small corer,yes,NA,yes,NA,yes,normal,19.7,,19.7,,turn and lift,NULL,,NULL,NULL,NULL,,NULL,,NULL
12/04/2023,SX57-X-54,SX57,Sample location delocated to a 10km square (see metadata),250000,70000,255000,75000,2,113,59,no,no,0,,4,,0,,6.8,,yes,NA,,NULL,10,,2,,30,,1.5,,,NA,,NA,,NA,,NA,,NA,,NA,30,,1.7,,yes,normal,normal,0,,43,,43,,turn and lift,yes,NA,yes,NA,yes,NA,small corer,yes,NA,yes,NA,yes,normal,19,,19,,turn and lift,NULL,,NULL,NULL,NULL,,NULL,,NULL
16/05/2023,SX69-X-05,SX69,Sample location delocated to a 10km square (see metadata),260000,90000,265000,95000,2,100,11,no,no,0,,12,,0,,11,,yes,NA,1,,10,,2.5,,30,,2,,,NA,,NA,,NA,,NA,,NA,,NA,30,,2.2,,yes,normal,normal,0,,45,,45,,turn and lift,yes,NA,yes,NA,yes,NA,small corer,yes,NA,yes,NA,yes,normal,19,,19,,turn and lift,NULL,,NULL,NULL,NULL,,NULL,,NULL
16/05/2023,SX69-X-05,SX69,Sample location delocated to a 10km square (see metadata),260000,90000,265000,95000,2,100,28,yes,no,0,,7,,1,,10.9,,yes,NA,1,,10,,1.5,,30,,2,,,NA,,NA,,NA,,NA,,NA,,NA,30,,1.8,,yes,normal,normal,0,,45,,45,,turn and lift,yes,NA,yes,NA,yes,NA,small corer,yes,NA,yes,NA,yes,normal,19,,19,,turn and lift,NULL,,NULL,NULL,NULL,,NULL,,NULL
16/05/2023,SX69-X-05,SX69,Sample location delocated to a 10km square (see metadata),260000,90000,265000,95000,2,100,59,yes,no,0,,9,,0,,11.2,,yes,NA,1,,10,,2,,30,,1.5,,,NA,,NA,,NA,,NA,,NA,,NA,30,,1.7,,yes,normal,normal,0,,44,,44,,turn and lift,yes,NA,yes,NA,yes,NA,small corer,yes,NA,yes,NA,yes,normal,20,,,NA,turn and lift,NULL,,NULL,NULL,NULL,,NULL,,NULL
16/05/2023,SX69-X-05,SX69,Sample location delocated to a 10km square (see metadata),260000,90000,265000,95000,2,100,46,yes,no,0,,7,,0,,11.4,,yes,NA,1,,20,,2.5,,30,,2,,,NA,,NA,,NA,,NA,,NA,,NA,30,,2.3,,yes,normal,normal,0,,42,,42,,turn and lift,yes,NA,yes,NA,yes,NA,small corer,yes,NA,yes,NA,yes,normal,19,,19,,turn and lift,NULL,,NULL,NULL,NULL,,NULL,,NULL
16/05/2023,SX69-X-05,SX69,Sample location delocated to a 10km square (see metadata),260000,90000,265000,95000,4,95,11,no,yes,1,,28,,13,,11.3,,yes,NA,,NULL,10,,2,,30,,2.5,,,NA,,NA,,NA,,NA,,NA,,NA,30,,2.3,,yes,normal,normal,2,,40.5,,40.5,,turn and lift,yes,NA,yes,NA,yes,NA,small corer,yes,NA,yes,NA,yes,normal,19,,,NA,turn and lift,NULL,,NULL,NULL,NULL,,NULL,,NULL
16/05/2023,SX69-X-05,SX69,Sample location delocated to a 10km square (see metadata),260000,90000,265000,95000,4,95,28,no,no,0,,23,,11,,11.2,,yes,NA,,NULL,20,,1,,30,,2.5,,,NA,,NA,,NA,,NA,,NA,,NA,30,,1.5,,yes,normal,normal,2,,41,,41,,turn and lift,yes,NA,yes,NA,yes,NA,small corer,yes,NA,yes,NA,yes,normal,17,,17,,turn and lift,NULL,,NULL,NULL,NULL,,NULL,,NULL
16/05/2023,SX69-X-05,SX69,Sample location delocated to a 10km square (see metadata),260000,90000,265000,95000,4,95,59,no,yes,1,,24,,10,,11.3,,yes,NA,,NULL,25,,1.5,,30,,2.5,,,NA,,NA,,NA,,NA,,NA,,NA,30,,1.7,,yes,normal,normal,3,,43,,43,,turn and lift,yes,NA,yes,NA,yes,NA,small corer,yes,NA,yes,NA,yes,normal,21,,21,,turn and lift,NULL,,NULL,NULL,NULL,,NULL,,NULL
16/05/2023,SX69-X-05,SX69,Sample location delocated to a 10km square (see metadata),260000,90000,265000,95000,4,95,46,no,no,0,,19,,7,,11.3,,yes,NA,,NULL,15,,1.5,,30,,2,,,NA,,NA,,NA,,NA,,NA,,NA,30,,1.8,,yes,normal,normal,1,,42,,42,,turn and lift,yes,NA,yes,NA,yes,NA,small corer,yes,NA,yes,NA,yes,normal,19,,19,,turn and lift,NULL,,NULL,NULL,NULL,,NULL,,NULL
16/05/2023,SX69-X-05,SX69,Sample location delocated to a 10km square (see metadata),260000,90000,265000,95000,5,22,11,yes,no,0,,10,,3,,11.2,,yes,NA,2,,10,,2,,30,,1.5,,,NA,,NA,,NA,,NA,,NA,,NA,30,,1.7,,yes,normal,normal,0,,43.5,,43.5,,turn and lift,yes,NA,yes,NA,yes,NA,small corer,yes,NA,yes,NA,yes,normal,20,,20,,turn and lift,NULL,,NULL,NULL,NULL,,NULL,,NULL
16/05/2023,SX69-X-05,SX69,Sample location delocated to a 10km square (see metadata),260000,90000,265000,95000,5,22,28,yes,no,0,,8,,0,,11,,yes,NA,2,,10,,2,,30,,1.5,,,NA,,NA,,NA,,NA,,NA,,NA,30,,1.7,,yes,normal,normal,0,,42,,42,,turn and lift,yes,NA,yes,NA,yes,NA,small corer,yes,NA,yes,NA,yes,normal,18,,18,,turn and lift,NULL,,NULL,NULL,NULL,,NULL,,NULL
16/05/2023,SX69-X-05,SX69,Sample location delocated to a 10km square (see metadata),260000,90000,265000,95000,5,22,59,yes,no,0,,15,,3,,10.9,,yes,NA,2,,10,,2.5,,30,,2,,,NA,,NA,,NA,,NA,,NA,,NA,30,,2.2,,yes,normal,normal,0,,43,,43,,turn and lift,yes,NA,yes,NA,yes,NA,small corer,yes,NA,yes,NA,yes,normal,16,,16,,turn and lift,NULL,,NULL,NULL,NULL,,NULL,,NULL
16/05/2023,SX69-X-05,SX69,Sample location delocated to a 10km square (see metadata),260000,90000,265000,95000,5,22,46,no,no,0,,8,,0,,10.9,,yes,NA,2,,10,,2,,30,,1.5,,,NA,,NA,,NA,,NA,,NA,,NA,30,,1.7,,yes,normal,normal,0,,42,,42,,turn and lift,yes,NA,yes,NA,yes,NA,small corer,yes,NA,yes,NA,yes,normal,19,,19,,turn and lift,NULL,,NULL,NULL,NULL,,NULL,,NULL
16/05/2023,SX69-X-05,SX69,Sample location delocated to a 10km square (see metadata),260000,90000,265000,95000,3,99,11,no,no,0,,19,,5,,11.5,,yes,NA,,NULL,25,,1.5,,30,,2.5,,,NA,,NA,,NA,,NA,,NA,,NA,30,,1.7,,yes,normal,normal,2,,43,,43,,turn and lift,yes,NA,yes,NA,yes,NA,small corer,yes,NA,yes,NA,yes,normal,19.5,,19.5,,turn and lift,NULL,,NULL,NULL,NULL,,NULL,,NULL
16/05/2023,SX69-X-05,SX69,Sample location delocated to a 10km square (see metadata),260000,90000,265000,95000,3,99,28,yes,yes,1,,18,,7,,11.8,,yes,NA,,NULL,20,,1,,30,,2,,,NA,,NA,,NA,,NA,,NA,,NA,30,,1.3,,yes,normal,normal,3,,42.5,,42.5,,turn and lift,yes,NA,yes,NA,yes,NA,small corer,yes,NA,yes,NA,yes,normal,20.5,,20.5,,turn and lift,NULL,,NULL,NULL,NULL,,NULL,,NULL
16/05/2023,SX69-X-05,SX69,Sample location delocated to a 10km square (see metadata),260000,90000,265000,95000,3,99,59,no,yes,1,,14,,0,,11.4,,yes,NA,,NULL,18,,1.5,,30,,2.5,,,NA,,NA,,NA,,NA,,NA,,NA,30,,1.9,,yes,normal,normal,4,,43,,43,,turn and lift,yes,NA,yes,NA,yes,NA,small corer,yes,NA,yes,NA,yes,normal,19.5,,19.5,,turn and lift,NULL,,NULL,NULL,NULL,,NULL,,NULL
16/05/2023,SX69-X-05,SX69,Sample location delocated to a 10km square (see metadata),260000,90000,265000,95000,3,99,46,no,no,0,,20,,4,,11.4,,yes,NA,,NULL,20,,1.5,,30,,2.5,,,NA,,NA,,NA,,NA,,NA,,NA,30,,1.8,,yes,normal,normal,3,,42.5,,42.5,,turn and lift,yes,NA,yes,NA,yes,NA,small corer,yes,NA,yes,NA,yes,normal,20.5,,20.5,,turn and lift,NULL,,NULL,NULL,NULL,,NULL,,NULL
13/06/2023,SX73-X-00,SX73,Sample location delocated to a 10km square (see metadata),270000,30000,275000,35000,3,148,28,no,no,0,,1,,0,,15,,no,Too dusty and dry to extract block,,NA,,NA,,NA,,NA,,NA,,NA,,NA,,NA,,NA,,NA,,NA,,NA,,NA,yes,serrated,normal,0,,41,,41,,turn and lift,yes,NA,yes,NA,yes,NA,small corer,yes,NA,yes,partial - dry and loose ,yes,normal,18,,18,,turn and lift,NULL,,NULL,NULL,NULL,,NULL,,NULL
13/06/2023,SX73-X-00,SX73,Sample location delocated to a 10km square (see metadata),270000,30000,275000,35000,3,148,11,no,no,0,,1,,0,,15,,yes,NA,2,,10,,1,,,NA,,NA,,NA,,NA,,NA,,NA,,NA,,NA,10,,1,,yes,normal,normal,0,,42.5,,42.5,,turn and lift,yes,NA,yes,NA,yes,NA,small corer,yes,NA,yes,NA,yes,normal,19,,19,,turn and lift,NULL,,NULL,NULL,NULL,,NULL,,NULL
13/06/2023,SX73-X-00,SX73,Sample location delocated to a 10km square (see metadata),270000,30000,275000,35000,3,148,59,no,no,0,,0,,0,,15,,yes,NA,2,,9,,1,,,NA,,NA,,NA,,NA,,NA,,NA,,NA,,NA,9,,1,,yes,normal,normal,0,,40,,40,,turn and lift,yes,NA,yes,NA,yes,NA,small corer,yes,NA,yes,partial - dry and loose ,yes,normal,19,,19,,turn and lift,NULL,,NULL,NULL,NULL,,NULL,,NULL
13/06/2023,SX73-X-00,SX73,Sample location delocated to a 10km square (see metadata),270000,30000,275000,35000,3,148,46,no,no,0,,0,,0,,15,,yes,NA,2,,9,,1,,,NA,,NA,,NA,,NA,,NA,,NA,,NA,,NA,9,,1,,yes,normal,normal,0,,42,,42,,turn and lift,yes,NA,yes,NA,yes,NA,small corer,yes,NA,yes,NA,yes,normal,19,,19,,turn and lift,NULL,,NULL,NULL,NULL,,NULL,,NULL
13/06/2023,SX73-X-00,SX73,Sample location delocated to a 10km square (see metadata),270000,30000,275000,35000,1,86,11,no,no,0,,0,,0,,15,,yes,NA,2,,10,,1,,,NA,,NA,,NA,,NA,,NA,,NA,,NA,,NA,10,,1,,yes,normal,normal,0,,42,,42,,turn and lift,yes,NA,yes,NA,yes,NA,small corer,yes,NA,no,hit rock,yes,normal,16,,16,,turn and lift,NULL,,NULL,NULL,NULL,,NULL,,NULL
13/06/2023,SX73-X-00,SX73,Sample location delocated to a 10km square (see metadata),270000,30000,275000,35000,1,86,28,no,no,0,,0,,0,,15,,yes,NA,2,,10,,1,,,NA,,NA,,NA,,NA,,NA,,NA,,NA,,NA,10,,1,,yes,normal,normal,0,,40.5,,40.5,,turn and lift,yes,NA,yes,NA,yes,NA,small corer,yes,NA,no,loose soil,yes,normal,17,,17,,turn and lift,NULL,,NULL,NULL,NULL,,NULL,,NULL
13/06/2023,SX73-X-00,SX73,Sample location delocated to a 10km square (see metadata),270000,30000,275000,35000,1,86,46,no,no,0,,0,,0,,15,,yes,NA,2,,10,,1,,,NA,,NA,,NA,,NA,,NA,,NA,,NA,,NA,10,,1,,yes,normal,normal,0,,41,,41,,turn and lift,yes,NA,yes,NA,yes,NA,small corer,yes,NA,no,hit rock,yes,normal,18,,18,,turn and lift,NULL,,NULL,NULL,NULL,,NULL,,NULL
13/06/2023,SX73-X-00,SX73,Sample location delocated to a 10km square (see metadata),270000,30000,275000,35000,1,86,59,no,no,0,,0,,0,,,NULL,yes,NA,2,,10,,1,,,NA,,NA,,NA,,NA,,NA,,NA,,NA,,NA,10,,1,,yes,normal,normal,0,,41,,41,,turn and lift,yes,NA,yes,NA,yes,NA,small corer,yes,NA,yes,NA,no,normal,0,,0,,turn and lift,NULL,,NULL,NULL,NULL,,NULL,,NULL
17/05/2023,SX74-X-66,SX74,Sample location delocated to a 10km square (see metadata),270000,40000,275000,45000,4,85,11,no,no,0,,13,,3,,15.7,,yes,NA,,NULL,8,,1,,30,,1,,,NA,,NA,,NA,,NA,,NA,,NA,30,,1,,yes,normal,normal,0,,44.3,,44.3,,turn and lift,yes,NA,yes,NA,yes,NA,small corer,yes,NA,yes,NA,yes,normal,17.9,,17.9,,turn and lift,NULL,,NULL,NULL,NULL,,NULL,,NULL
17/05/2023,SX74-X-66,SX74,Sample location delocated to a 10km square (see metadata),270000,40000,275000,45000,4,85,28,no,no,0,,8,,0,,15.7,,yes,NA,,NULL,9,,1,,30,,1,,,NA,,NA,,NA,,NA,,NA,,NA,30,,1,,yes,normal,normal,0,,45.4,,45.4,,turn and lift,yes,NA,yes,NA,yes,NA,small corer,yes,NA,yes,NA,yes,normal,19.2,,19.2,,turn and lift,NULL,,NULL,NULL,NULL,,NULL,,NULL
17/05/2023,SX74-X-66,SX74,Sample location delocated to a 10km square (see metadata),270000,40000,275000,45000,4,85,46,no,no,0,,14,,0,,15.7,,yes,NA,,NULL,7,,1,,30,,1,,,NA,,NA,,NA,,NA,,NA,,NA,30,,1,,yes,normal,normal,0,,44,,44,,turn and lift,yes,NA,yes,NA,yes,NA,small corer,yes,NA,yes,NA,yes,normal,18.9,,18.9,,turn and lift,NULL,,NULL,NULL,NULL,,NULL,,NULL
17/05/2023,SX74-X-66,SX74,Sample location delocated to a 10km square (see metadata),270000,40000,275000,45000,4,85,59,no,no,0,,6,,0,,15.7,,yes,NA,,NULL,9,,1,,30,,1,,,NA,,NA,,NA,,NA,,NA,,NA,30,,1,,yes,normal,normal,0,,43.4,,43.4,,turn and lift,yes,NA,yes,NA,yes,NA,small corer,yes,NA,yes,NA,yes,normal,19.1,,19.1,,turn and lift,NULL,,NULL,NULL,NULL,,NULL,,NULL
17/05/2023,SX74-X-66,SX74,Sample location delocated to a 10km square (see metadata),270000,40000,275000,45000,5,43,11,no,no,0,,7,,2,,15.7,,yes,NA,,NULL,12,,1,,30,,1,,,NA,,NA,,NA,,NA,,NA,,NA,30,,1,,yes,normal,normal,0,,43.8,,43.8,,turn and lift,yes,NA,yes,NA,yes,NA,small corer,yes,NA,yes,NA,yes,normal,18.9,,18.9,,turn and lift,NULL,,NULL,NULL,NULL,,NULL,,NULL
17/05/2023,SX74-X-66,SX74,Sample location delocated to a 10km square (see metadata),270000,40000,275000,45000,5,43,28,no,no,0,,9,,7,,15.7,,yes,NA,,NULL,14,,1,,30,,1,,,NA,,NA,,NA,,NA,,NA,,NA,30,,1,,yes,normal,normal,0,,43.9,,43.9,,turn and lift,yes,NA,yes,NA,yes,NA,small corer,yes,NA,yes,NA,yes,normal,19.4,,19.4,,turn and lift,NULL,,NULL,NULL,NULL,,NULL,,NULL
17/05/2023,SX74-X-66,SX74,Sample location delocated to a 10km square (see metadata),270000,40000,275000,45000,5,43,46,no,no,0,,26,,3,,15.7,,yes,NA,,NULL,11,,1,,30,,1,,,NA,,NA,,NA,,NA,,NA,,NA,30,,1,,yes,normal,normal,0,,44.4,,44.4,,turn and lift,yes,NA,yes,NA,yes,NA,small corer,yes,NA,yes,NA,yes,normal,19,,19,,turn and lift,NULL,,NULL,NULL,NULL,,NULL,,NULL
17/05/2023,SX74-X-66,SX74,Sample location delocated to a 10km square (see metadata),270000,40000,275000,45000,5,43,59,no,no,0,,22,,0,,15.7,,yes,NA,,NULL,10,,1,,30,,1,,,NA,,NA,,NA,,NA,,NA,,NA,30,,1,,yes,normal,normal,0,,43.6,,43.6,,turn and lift,yes,NA,yes,NA,yes,NA,small corer,yes,NA,yes,NA,yes,normal,18.6,,18.6,,turn and lift,NULL,,NULL,NULL,NULL,,NULL,,NULL
17/05/2023,SX74-X-66,SX74,Sample location delocated to a 10km square (see metadata),270000,40000,275000,45000,3,84,11,no,no,1,,1,,0,,16,,yes,NA,,NULL,11,,1,,30,,1,,,NA,,NA,,NA,,NA,,NA,,NA,30,,1,,yes,normal,normal,1,,45.5,,45.5,,turn and lift,yes,NA,yes,NA,yes,NA,small corer,yes,NA,yes,NA,yes,normal,20,,20,,turn and lift,NULL,,NULL,NULL,NULL,,NULL,,NULL
17/05/2023,SX74-X-66,SX74,Sample location delocated to a 10km square (see metadata),270000,40000,275000,45000,3,84,28,no,no,0,,4,,0,,16,,yes,NA,,NULL,11,,1,,30,,1,,,NA,,NA,,NA,,NA,,NA,,NA,30,,1,,yes,normal,normal,0,,44.7,,44.7,,turn and lift,yes,NA,yes,NA,yes,NA,small corer,yes,NA,yes,NA,yes,normal,18.4,,18.4,,turn and lift,NULL,,NULL,NULL,NULL,,NULL,,NULL
17/05/2023,SX74-X-66,SX74,Sample location delocated to a 10km square (see metadata),270000,40000,275000,45000,3,84,46,no,no,0,,4,,0,,16,,yes,NA,,NULL,8,,1,,20,,1,,,NA,,NA,,NA,,NA,,NA,,NA,20,,1,,yes,normal,normal,0,,44.5,,44.5,,turn and lift,yes,NA,yes,NA,yes,NA,small corer,yes,NA,yes,partial - stones,yes,normal,18.7,,18.7,,turn and lift,NULL,,NULL,NULL,NULL,,NULL,,NULL
17/05/2023,SX74-X-66,SX74,Sample location delocated to a 10km square (see metadata),270000,40000,275000,45000,3,84,59,no,no,0,,9,,0,,16,,yes,NA,,NULL,12,,1,,24,,1,,,NA,,NA,,NA,,NA,,NA,,NA,24,,1,,yes,normal,normal,0,,33.4,,,NULL,turn and lift,yes,NA,yes,NA,yes,NA,small corer,yes,NA,yes,NA,yes,normal,18.4,,18.4,,turn and lift,NULL,,NULL,NULL,NULL,,NULL,,NULL
17/05/2023,SX74-X-66,SX74,Sample location delocated to a 10km square (see metadata),270000,40000,275000,45000,6,78,11,no,no,0,,9,,0,,16,,yes,NA,,NULL,15,,1,,27,,1.5,,,NA,,NA,,NA,,NA,,NA,,NA,27,,1.2,,yes,normal,normal,0,,42.8,,42.8,,turn and lift,yes,NA,yes,NA,yes,NA,small corer,yes,NA,yes,NA,yes,normal,19,,19,,turn and lift,NULL,,NULL,NULL,NULL,,NULL,,NULL
17/05/2023,SX74-X-66,SX74,Sample location delocated to a 10km square (see metadata),270000,40000,275000,45000,6,78,28,no,no,0,,6,,0,,16,,yes,NA,,NULL,13,,1,,30,,1,,,NA,,NA,,NA,,NA,,NA,,NA,30,,1,,yes,normal,normal,0,,44.2,,44.2,,turn and lift,yes,NA,yes,NA,yes,NA,small corer,yes,NA,yes,NA,yes,normal,18.2,,18.2,,turn and lift,NULL,,NULL,NULL,NULL,,NULL,,NULL
17/05/2023,SX74-X-66,SX74,Sample location delocated to a 10km square (see metadata),270000,40000,275000,45000,6,78,46,no,no,0,,1,,0,,16,,yes,NA,,NULL,11,,1,,30,,1,,,NA,,NA,,NA,,NA,,NA,,NA,30,,1,,yes,normal,normal,0,,41,,,NA,turn and lift,yes,NA,yes,NA,yes,NA,small corer,yes,NA,yes,NA,yes,normal,17.8,,17.8,,turn and lift,NULL,,NULL,NULL,NULL,,NULL,,NULL
17/05/2023,SX74-X-66,SX74,Sample location delocated to a 10km square (see metadata),270000,40000,275000,45000,6,78,59,no,no,0,,9,,0,,16,,yes,NA,,NULL,12,,1,,30,,1,,,NA,,NA,,NA,,NA,,NA,,NA,30,,1,,yes,normal,normal,0,,44.1,,44.1,,turn and lift,yes,NA,yes,NA,yes,NA,small corer,yes,NA,yes,NA,yes,normal,19.3,,19.3,,turn and lift,NULL,,NULL,NULL,NULL,,NULL,,NULL
19/02/2024,SX79-X-19,SX79,Sample location delocated to a 10km square (see metadata),270000,90000,275000,95000,2,85,11,no,yes,2,,2,,0,,9.3,,yes,NA,,NULL,10,,3.5,,14,,3.5,,30,,3.5,,,NA,,NA,,NA,,NA,30,,3.5,,yes,normal,normal,0,,43,,,NA,dig and tip,yes,NA,yes,NA,yes,NA,small corer,yes,NA,yes,partial - hit rock,yes,normal,19,,,NA,turn and lift,no,,NA,NA,NA,,NA,1,
19/02/2024,SX79-X-19,SX79,Sample location delocated to a 10km square (see metadata),270000,90000,275000,95000,2,85,28,yes,yes,4,,12,,1,,10.5,,yes,NA,3,,4,,2,,9,,3,,16,,2.5,,20,,2,,30,,3,,30,,2.6,,yes,normal,normal,1,,43,,,NA,turn and lift,yes,NA,yes,NA,yes,NA,small corer,yes,partial - too wet,no,too wet,yes,normal,20,,20,,turn and lift,no,,NA,NA,NA,,NA,1,
19/02/2024,SX79-X-19,SX79,Sample location delocated to a 10km square (see metadata),270000,90000,275000,95000,2,85,59,yes,yes,2,,5,,4,,7.2,,yes,NA,2,,6,,1.5,,13,,1.5,,20,,1.5,,28,,1.5,,30,,1.5,,30,,1.5,,yes,normal,normal,0,,46,,,NA,dig and tip,yes,NA,yes,NA,yes,NA,small corer,yes,NA,yes,partial - too wet,yes,normal,20,,20,,turn and lift,no,,NA,NA,NA,,NA,1,
19/02/2024,SX79-X-19,SX79,Sample location delocated to a 10km square (see metadata),270000,90000,275000,95000,2,85,40,yes,no,0,,10,,1,,8.4,,yes,NA,2,,6,,2,,16,,2,,20,,2,,26.5,,2,,30,,2,,30,,2,,yes,normal,normal,0,,44,,,NA,dig and tip,yes,NA,yes,NA,yes,NA,small corer,yes,NA,yes,NA,yes,normal,19,,19,,turn and lift,no,,NA,NA,NA,,NA,1,
20/02/2024,SX79-X-19,SX79,Sample location delocated to a 10km square (see metadata),270000,90000,275000,95000,4,86,28,yes,yes,0,,11,,1,,8.9,,yes,NA,1,,4,,2,,13,,2,,21,,2,,27,,1,,30,,1,,30,,1.7,,yes,normal,normal,3,,46.5,,,NA,turn and lift,yes,NA,yes,NA,yes,NA,small corer,yes,NA,yes,NA,yes,normal,20,,20,,turn and lift,no,,NA,NA,NA,,NA,1,
20/02/2024,SX79-X-19,SX79,Sample location delocated to a 10km square (see metadata),270000,90000,275000,95000,4,86,59,no,no,2,,12,,0,,9.1,,yes,NA,2,,7,,3.5,,15.5,,1.5,,25.5,,3,,30,,3,,,NA,,NA,30,,2.7,,yes,normal,normal,4,,43,,,NA,turn and lift,yes,NA,yes,NA,yes,NA,small corer,yes,NA,yes,NA,yes,normal,20,,20,,turn and lift,no,,NA,NA,NA,,NA,1,
20/02/2024,SX79-X-19,SX79,Sample location delocated to a 10km square (see metadata),270000,90000,275000,95000,4,86,46,yes,yes,3,,14,,3,,9,,yes,NA,1,,5,,3.5,,11,,1.5,,16.5,,,NULL,,NA,,NA,,NA,,NA,16,,,NULL,yes,normal,normal,4,,44,,,NA,turn and lift,yes,NA,yes,NA,yes,NA,small corer,yes,NA,yes,NA,yes,normal,21,,21,,turn and lift,no,,NA,NA,NA,,NA,1,
20/02/2024,SX79-X-19,SX79,Sample location delocated to a 10km square (see metadata),270000,90000,275000,95000,4,86,11,yes,yes,1,,12,,1,,10.3,,yes,NA,3,,5,,2,,13,,2,,18.5,,2,,27.5,,2,,30,,2,,30,,2,,yes,normal,normal,5,,45,,,NA,turn and lift,yes,NA,yes,NA,yes,NA,small corer,yes,NA,yes,NA,yes,normal,25,,25,,turn and lift,no,,NA,NA,NA,,NA,1,
02/05/2023,SY08-X-14,SY08,Sample location delocated to a 10km square (see metadata),300000,80000,305000,85000,3,85,11,no,no,0,,1,,0,,10.1,,yes,NA,,NULL,30,,1.5,,,NA,,NA,,NA,,NA,,NA,,NA,,NA,,NA,30,,1.5,,yes,normal,normal,0,,42,,42,,turn and lift,yes,NA,yes,NA,yes,NA,small corer,yes,NA,yes,NA,yes,normal,19,,19,,turn and lift,NULL,,NULL,NULL,NULL,,NULL,,NULL
02/05/2023,SY08-X-14,SY08,Sample location delocated to a 10km square (see metadata),300000,80000,305000,85000,3,85,28,no,no,0,,6,,1,,10,,yes,NA,,NULL,30,,1.5,,,NA,,NA,,NA,,NA,,NA,,NA,,NA,,NA,30,,1.5,,yes,normal,normal,0,,41,,41,,turn and lift,yes,NA,yes,NA,yes,NA,small corer,yes,NA,yes,partial - stones,yes,normal,19,,19,,turn and lift,NULL,,NULL,NULL,NULL,,NULL,,NULL
02/05/2023,SY08-X-14,SY08,Sample location delocated to a 10km square (see metadata),300000,80000,305000,85000,3,85,46,no,no,0,,0,,0,,10,,yes,NA,,NULL,20,,1.5,,30,,2.5,,,NA,,NA,,NA,,NA,,NA,,NA,30,,1.8,,yes,normal,normal,0,,42,,42,,turn and lift,yes,NA,yes,NA,yes,NA,small corer,yes,NA,yes,NA,yes,normal,19,,19,,turn and lift,NULL,,NULL,NULL,NULL,,NULL,,NULL
02/05/2023,SY08-X-14,SY08,Sample location delocated to a 10km square (see metadata),300000,80000,305000,85000,3,85,59,no,no,0,,3,,0,,10,,yes,NA,,NULL,30,,1.5,,,NA,,NA,,NA,,NA,,NA,,NA,,NA,,NA,30,,1.5,,yes,normal,normal,0,,41,,41,,turn and lift,yes,NA,yes,NA,yes,NA,small corer,yes,NA,yes,partial- stones,yes,normal,21,,21,,turn and lift,NULL,,NULL,NULL,NULL,,NULL,,NULL
02/05/2023,SY08-X-14,SY08,Sample location delocated to a 10km square (see metadata),300000,80000,305000,85000,1,85,28,no,no,0,,7,,0,,10,,yes,NA,,NULL,30,,2,,,NA,,NA,,NA,,NA,,NA,,NA,,NA,,NA,30,,2,,yes,normal,normal,0,,42,,42,,turn and lift,yes,NA,yes,NA,yes,NA,small corer,yes,NA,yes,NA,yes,normal,18,,18,,turn and lift,NULL,,NULL,NULL,NULL,,NULL,,NULL
02/05/2023,SY08-X-14,SY08,Sample location delocated to a 10km square (see metadata),300000,80000,305000,85000,1,85,59,no,no,0,,5,,0,,10,,yes,NA,,NULL,15,,2,,30,,2.5,,,NA,,NA,,NA,,NA,,NA,,NA,30,,2.3,,yes,normal,normal,0,,42,,42,,turn and lift,yes,NA,yes,NA,yes,NA,small corer,yes,NA,yes,NA,yes,normal,19,,19,,turn and lift,NULL,,NULL,NULL,NULL,,NULL,,NULL
02/05/2023,SY08-X-14,SY08,Sample location delocated to a 10km square (see metadata),300000,80000,305000,85000,1,85,46,no,no,1,,5,,0,,10,,yes,NA,,NULL,10,,2.5,,30,,2,,,NA,,NA,,NA,,NA,,NA,,NA,30,,2.2,,yes,normal,normal,0,,42,,42,,turn and lift,yes,NA,yes,NA,yes,NA,small corer,yes,NA,yes,NA,yes,normal,18,,18,,turn and lift,NULL,,NULL,NULL,NULL,,NULL,,NULL
02/05/2023,SY08-X-14,SY08,Sample location delocated to a 10km square (see metadata),300000,80000,305000,85000,1,85,11,no,no,0,,10,,2,,10,,yes,NA,,NULL,15,,2,,30,,2.5,,,NA,,NA,,NA,,NA,,NA,,NA,30,,2.3,,yes,normal,normal,0,,40,,40,,turn and lift,yes,NA,yes,NA,yes,NA,small corer,yes,NA,yes,NA,yes,normal,18,,18,,turn and lift,NULL,,NULL,NULL,NULL,,NULL,,NULL
02/05/2023,SY08-X-14,SY08,Sample location delocated to a 10km square (see metadata),300000,80000,305000,85000,2,85,11,no,no,0,,26,,3,,10.8,,yes,NA,,NULL,15,,2,,30,,1.5,,,NA,,NA,,NA,,NA,,NA,,NA,30,,1.8,,yes,normal,normal,0,,42,,42,,turn and lift,yes,NA,yes,NA,yes,NA,small corer,yes,NA,yes,NA,yes,normal,19,,19,,turn and lift,NULL,,NULL,NULL,NULL,,NULL,,NULL
02/05/2023,SY08-X-14,SY08,Sample location delocated to a 10km square (see metadata),300000,80000,305000,85000,2,85,28,no,yes,2,,7,,0,,10.1,,yes,NA,,NULL,15,,2,,30,,1.5,,,NA,,NA,,NA,,NA,,NA,,NA,30,,1.8,,yes,normal,normal,1,,43,,43,,turn and lift,yes,NA,yes,NA,yes,NA,small corer,yes,NA,yes,NA,yes,normal,19,,19,,turn and lift,NULL,,NULL,NULL,NULL,,NULL,,NULL
02/05/2023,SY08-X-14,SY08,Sample location delocated to a 10km square (see metadata),300000,80000,305000,85000,2,85,59,no,no,2,,9,,1,,10.4,,yes,NA,,NULL,30,,2,,,NA,,NA,,NA,,NA,,NA,,NA,,NA,,NA,30,,2,,yes,normal,normal,0,,42,,42,,turn and lift,yes,NA,yes,NA,yes,NA,small corer,yes,NA,no,Stones,yes,normal,18,,,NA,turn and lift,NULL,,NULL,NULL,NULL,,NULL,,NULL
02/05/2023,SY08-X-14,SY08,Sample location delocated to a 10km square (see metadata),300000,80000,305000,85000,2,85,46,no,yes,1,,10,,0,,10.5,,yes,NA,,NULL,15,,2,,30,,1.5,,,NA,,NA,,NA,,NA,,NA,,NA,30,,1.8,,yes,normal,normal,0,,42,,42,,turn and lift,yes,NA,yes,NA,yes,NA,small corer,yes,NA,yes,NA,yes,normal,19.5,,19.5,,turn and lift,NULL,,NULL,NULL,NULL,,NULL,,NULL
03/05/2023,SY08-X-14,SY08,Sample location delocated to a 10km square (see metadata),300000,80000,305000,85000,4,98,11,no,no,0,,14,,5,,10.6,,yes,NA,,NULL,30,,2,,,NA,,NA,,NA,,NA,,NA,,NA,,NA,,NA,30,,2,,yes,normal,normal,0,,42,,42,,turn and lift,yes,NA,yes,NA,yes,NA,small corer,yes,NA,yes,NA,yes,normal,19,,19,,turn and lift,NULL,,NULL,NULL,NULL,,NULL,,NULL
03/05/2023,SY08-X-14,SY08,Sample location delocated to a 10km square (see metadata),300000,80000,305000,85000,4,98,28,no,yes,3,,13,,4,,10.2,,yes,NA,,NULL,10,,2,,30,,1.5,,,NA,,NA,,NA,,NA,,NA,,NA,30,,1.7,,yes,normal,normal,0,,43,,43,,turn and lift,yes,NA,yes,NA,yes,NA,small corer,yes,NA,yes,NA,yes,normal,19,,19,,turn and lift,NULL,,NULL,NULL,NULL,,NULL,,NULL
03/05/2023,SY08-X-14,SY08,Sample location delocated to a 10km square (see metadata),300000,80000,305000,85000,4,98,59,no,yes,3,,8,,1,,10.2,,yes,NA,,NULL,15,,2,,30,,2,,,NA,,NA,,NA,,NA,,NA,,NA,30,,2,,yes,normal,normal,0,,43,,,NA,turn and lift,yes,NA,yes,NA,yes,NA,small corer,yes,NA,yes,NA,yes,normal,19,,19,,turn and lift,NULL,,NULL,NULL,NULL,,NULL,,NULL
03/05/2023,SY08-X-14,SY08,Sample location delocated to a 10km square (see metadata),300000,80000,305000,85000,4,98,46,no,no,0,,13,,1,,10.2,,yes,NA,,NULL,15,,2.5,,30,,2,,,NA,,NA,,NA,,NA,,NA,,NA,30,,2.3,,yes,normal,normal,0,,42,,42,,turn and lift,yes,NA,yes,NA,yes,NA,small corer,yes,NA,yes,NA,yes,normal,19,,19,,turn and lift,NULL,,NULL,NULL,NULL,,NULL,,NULL
06/02/2024,TA10-X-85,TA10,Sample location delocated to a 10km square (see metadata),510000,400000,515000,405000,3,87,11,yes,yes,0,,1,,0,,9.6,,yes,NA,2,,30,,1.5,,,NA,,NA,,NA,,NA,,NA,,NA,,NA,,NA,30,,1.5,,yes,normal,normal,0,,46,,,NA,turn and lift,yes,NA,yes,NA,yes,NA,small corer,yes,NA,yes,NA,yes,normal,20,,20,,turn and lift,no,,NA,NA,NA,,NA,1,
06/02/2024,TA10-X-85,TA10,Sample location delocated to a 10km square (see metadata),510000,400000,515000,405000,3,87,28,yes,yes,0,,0,,0,,9.3,,yes,NA,2,,30,,2,,,NA,,NA,,NA,,NA,,NA,,NA,,NA,,NA,30,,2,,yes,normal,normal,0,,45,,,NA,turn and lift,yes,NA,yes,NA,yes,NA,small corer,yes,NA,yes,NA,yes,normal,18.5,,18.5,,turn and lift,no,,NA,NA,NA,,NA,1,
06/02/2024,TA10-X-85,TA10,Sample location delocated to a 10km square (see metadata),510000,400000,515000,405000,3,87,59,yes,yes,0,,1,,0,,4,,yes,NA,2,,30,,1.5,,,NA,,NA,,NA,,NA,,NA,,NA,,NA,,NA,30,,1.5,,yes,normal,normal,0,,42.5,,,NA,turn and lift,yes,NA,no,big_stones,no,big_stones,small corer,yes,NA,yes,NA,yes,normal,19.5,,,NA,turn and lift,no,,NA,NA,NA,,NA,1,
06/02/2024,TA10-X-85,TA10,Sample location delocated to a 10km square (see metadata),510000,400000,515000,405000,3,87,46,yes,yes,0,,1,,0,,4,,yes,NA,2,,30,,2,,,NA,,NA,,NA,,NA,,NA,,NA,,NA,,NA,30,,2,,yes,normal,normal,0,,38.5,,38.5,,turn and lift,yes,NA,yes,NA,yes,NA,small corer,yes,NA,yes,NA,yes,normal,22,,22,,turn and lift,no,,NA,NA,NA,,NA,1,
07/02/2024,TA10-X-85,TA10,Sample location delocated to a 10km square (see metadata),510000,400000,515000,405000,4,85,46,no,no,0,,2,,0,,6,,yes,NA,2,,30,,2.5,,,NA,,NA,,NA,,NA,,NA,,NA,,NA,,NA,30,,2.5,,yes,normal,normal,1,,44.5,,,NA,turn and lift,yes,NA,yes,NA,yes,NA,small corer,yes,NA,no,stones,yes,normal,20.5,,20.5,,turn and lift,no,,NA,NA,NA,,NA,1,
07/02/2024,TA10-X-85,TA10,Sample location delocated to a 10km square (see metadata),510000,400000,515000,405000,4,85,11,no,no,0,,2,,0,,6.1,,yes,NA,3,,13,,2.5,,30,,3,,,NA,,NA,,NA,,NA,,NA,,NA,30,,2.8,,yes,normal,normal,1,,45.5,,,NA,turn and lift,yes,NA,yes,NA,yes,NA,small corer,yes,NA,yes,NA,yes,normal,20.5,,20.5,,turn and lift,no,,NA,NA,NA,,NA,1,
07/02/2024,TA10-X-85,TA10,Sample location delocated to a 10km square (see metadata),510000,400000,515000,405000,4,85,28,no,no,0,,4,,0,,6.5,,yes,NA,2,,30,,3,,,NA,,NA,,NA,,NA,,NA,,NA,,NA,,NA,30,,3,,yes,normal,normal,1,,47,,,NA,turn and lift,yes,NA,yes,NA,yes,NA,small corer,yes,NA,no,stones,yes,normal,19.5,,19.5,,turn and lift,no,,NA,NA,NA,,NA,1,
07/02/2024,TA10-X-85,TA10,Sample location delocated to a 10km square (see metadata),510000,400000,515000,405000,4,85,59,no,no,0,,8,,0,,6.6,,yes,NA,2,,30,,2.5,,,NA,,NA,,NA,,NA,,NA,,NA,,NA,,NA,30,,2.5,,yes,normal,normal,1,,45,,,NA,turn and lift,yes,NA,yes,NA,yes,NA,small corer,yes,NA,no,stones,yes,normal,22.5,,22.5,,turn and lift,no,,NA,NA,NA,,NA,1,
12/02/2024,TA10-X-85,TA10,Sample location delocated to a 10km square (see metadata),510000,400000,515000,405000,1,85,59,no,yes,0,,3,,0,,5.3,,yes,NA,2,,30,,2,,,NA,,NA,,NA,,NA,,NA,,NA,,NA,,NA,30,,2,,yes,normal,normal,1,,48.5,,,NA,turn and lift,yes,NA,yes,NA,yes,NA,small corer,yes,NA,yes,NA,yes,normal,22,,22,,turn and lift,no,,NA,NA,NA,,NA,1,
12/02/2024,TA10-X-85,TA10,Sample location delocated to a 10km square (see metadata),510000,400000,515000,405000,1,85,46,no,yes,0,,5,,0,,5.5,,yes,NA,2,,30,,1.5,,,NA,,NA,,NA,,NA,,NA,,NA,,NA,,NA,30,,1.5,,yes,normal,normal,1,,47.5,,,NA,turn and lift,yes,NA,yes,NA,yes,NA,small corer,yes,NA,no,stones,yes,normal,21.5,,21.5,,turn and lift,no,,NA,NA,NA,,NA,1,
12/02/2024,TA10-X-85,TA10,Sample location delocated to a 10km square (see metadata),510000,400000,515000,405000,1,85,11,no,yes,0,,4,,0,,5.7,,yes,NA,2,,30,,1,,,NA,,NA,,NA,,NA,,NA,,NA,,NA,,NA,30,,1,,yes,normal,normal,1,,46.5,,,NA,turn and lift,yes,NA,yes,NA,yes,NA,small corer,yes,NA,yes,NA,yes,normal,22,,22,,turn and lift,no,,NA,NA,NA,,NA,1,
12/02/2024,TA10-X-85,TA10,Sample location delocated to a 10km square (see metadata),510000,400000,515000,405000,1,85,28,no,yes,0,,3,,0,,6,,yes,NA,2,,30,,1,,,NA,,NA,,NA,,NA,,NA,,NA,,NA,,NA,30,,1,,yes,normal,normal,1,,44.5,,,NA,turn and lift,yes,NA,yes,NA,yes,NA,small corer,yes,NA,yes,NA,yes,normal,22.5,,22.5,,turn and lift,no,,NA,NA,NA,,NA,1,
13/02/2024,TA10-X-85,TA10,Sample location delocated to a 10km square (see metadata),510000,400000,515000,405000,2,98,11,yes,yes,1,,4,,0,,5.2,,yes,NA,2,,30,,2.5,,,NA,,NA,,NA,,NA,,NA,,NA,,NA,,NA,30,,2.5,,yes,normal,normal,0,,45,,,NA,turn and lift,yes,NA,yes,NA,yes,NA,small corer,yes,NA,yes,NA,yes,normal,19.5,,19.5,,turn and lift,no,,NA,NA,NA,,NA,1,
13/02/2024,TA10-X-85,TA10,Sample location delocated to a 10km square (see metadata),510000,400000,515000,405000,2,98,28,yes,yes,1,,2,,0,,5.2,,yes,NA,2,,30,,2,,,NA,,NA,,NA,,NA,,NA,,NA,,NA,,NA,30,,2,,yes,normal,normal,0,,45,,,NA,turn and lift,yes,NA,yes,NA,yes,NA,small corer,yes,NA,yes,NA,yes,normal,19,,19,,turn and lift,no,,NA,NA,NA,,NA,1,
13/02/2024,TA10-X-85,TA10,Sample location delocated to a 10km square (see metadata),510000,400000,515000,405000,2,98,59,yes,yes,1,,3,,0,,5.6,,yes,NA,2,,30,,2,,,NA,,NA,,NA,,NA,,NA,,NA,,NA,,NA,30,,2,,yes,normal,normal,0,,44.5,,,NA,turn and lift,yes,NA,yes,NA,yes,NA,small corer,yes,NA,yes,NA,yes,normal,20.5,,20.5,,turn and lift,no,,NA,NA,NA,,NA,1,
13/02/2024,TA10-X-85,TA10,Sample location delocated to a 10km square (see metadata),510000,400000,515000,405000,2,98,46,yes,yes,1,,2,,0,,5.8,,yes,NA,2,,30,,2,,,NA,,NA,,NA,,NA,,NA,,NA,,NA,,NA,30,,2,,yes,normal,normal,0,,45,,,NA,turn and lift,yes,NA,yes,NA,yes,NA,small corer,yes,NA,no,stones,yes,normal,18.5,,18.5,,turn and lift,no,,NA,NA,NA,,NA,1,
19/02/2024,TA12-X-94,TA12,Sample location delocated to a 10km square (see metadata),510000,420000,515000,425000,2,86,11,no,no,0,,9,,5,,10,,yes,NA,2,,30,,2.5,,,NA,,NA,,NA,,NA,,NA,,NA,,NA,,NA,30,,2.5,,yes,normal,normal,0,,45,,,NA,turn and lift,yes,NA,yes,NA,yes,NA,small corer,yes,NA,yes,NA,yes,normal,24,,24,,turn and lift,no,,NA,NA,NA,,NA,1,
19/02/2024,TA12-X-94,TA12,Sample location delocated to a 10km square (see metadata),510000,420000,515000,425000,2,86,28,no,no,0,,8,,15,,9,,yes,NA,2,,30,,2.5,,,NA,,NA,,NA,,NA,,NA,,NA,,NA,,NA,30,,2.5,,yes,normal,normal,0,,45,,,NA,turn and lift,yes,NA,yes,NA,yes,NA,small corer,yes,NA,yes,NA,yes,normal,22,,22,,turn and lift,no,,NA,NA,NA,,NA,1,
19/02/2024,TA12-X-94,TA12,Sample location delocated to a 10km square (see metadata),510000,420000,515000,425000,2,86,46,no,no,0,,2,,5,,9,,yes,NA,2,,30,,2.5,,,NA,,NA,,NA,,NA,,NA,,NA,,NA,,NA,30,,2.5,,yes,normal,normal,0,,44,,,NA,turn and lift,yes,NA,yes,NA,yes,NA,small corer,yes,NA,yes,NA,yes,normal,24,,24,,turn and lift,no,,NA,NA,NA,,NA,1,
19/02/2024,TA12-X-94,TA12,Sample location delocated to a 10km square (see metadata),510000,420000,515000,425000,2,86,59,no,no,0,,10,,10,,9.3,,yes,NA,2,,30,,2.5,,,NA,,NA,,NA,,NA,,NA,,NA,,NA,,NA,30,,2.5,,yes,normal,normal,0,,45,,,NA,turn and lift,yes,NA,yes,NA,yes,NA,small corer,yes,NA,yes,NA,yes,normal,22,,22,,turn and lift,no,,NA,NA,NA,,NA,1,
11/03/2024,TA14-X-65,TA14,Sample location delocated to a 10km square (see metadata),510000,440000,515000,445000,2,85,11,yes,no,0,,9,,0,,6.8,,yes,NA,,NULL,20,,2.5,,30,,2,,,NA,,NA,,NA,,NA,,NA,,NA,30,,2.3,,yes,normal,normal,0,,44,,,NA,turn and lift,yes,NA,yes,NA,yes,NA,small corer,yes,NA,yes,NA,yes,normal,16,,16,,turn and lift,no,,NA,NA,NA,,NA,1,
11/03/2024,TA14-X-65,TA14,Sample location delocated to a 10km square (see metadata),510000,440000,515000,445000,2,85,28,no,no,0,,15,,0,,6.4,,yes,NA,,NULL,15,,3,,30,,2,,,NA,,NA,,NA,,NA,,NA,,NA,30,,2.5,,yes,normal,normal,0,,43,,,NA,turn and lift,yes,NA,yes,NA,yes,NA,small corer,yes,NA,yes,NA,yes,normal,18,,18,,turn and lift,no,,NA,NA,NA,,NA,1,
11/03/2024,TA14-X-65,TA14,Sample location delocated to a 10km square (see metadata),510000,440000,515000,445000,2,85,59,yes,no,0,,5,,0,,6.8,,yes,NA,,NULL,15,,3,,30,,2,,,NA,,NA,,NA,,NA,,NA,,NA,30,,2.5,,yes,normal,normal,0,,45,,,NA,turn and lift,yes,NA,yes,NA,yes,NA,small corer,yes,NA,yes,partial -NULL,yes,normal,18,,18,,turn and lift,no,,NA,NA,NA,,NA,1,
11/03/2024,TA14-X-65,TA14,Sample location delocated to a 10km square (see metadata),510000,440000,515000,445000,2,85,46,no,no,0,,4,,0,,6.8,,yes,NA,,NULL,15,,3,,30,,2,,,NA,,NA,,NA,,NA,,NA,,NA,30,,2.5,,yes,normal,normal,0,,44,,,NA,turn and lift,yes,NA,yes,NA,yes,NA,small corer,yes,NA,yes,NA,yes,normal,19,,19,,turn and lift,no,,NA,NA,NA,,NA,1,
14/03/2024,TA20-X-79,TA20,Sample location delocated to a 10km square (see metadata),520000,400000,525000,405000,2,61,46,yes,yes,0,,1,,0,,9.3,,yes,NA,1,,30,,3,,,NA,,NA,,NA,,NA,,NA,,NA,,NA,,NA,30,,3,,yes,normal,normal,0,,42,,,NA,turn and lift,yes,NA,yes,NA,yes,NA,small corer,yes,NA,yes,NA,yes,normal,20,,20,,turn and lift,no,,NA,NA,NA,,NA,1,
14/03/2024,TA20-X-79,TA20,Sample location delocated to a 10km square (see metadata),520000,400000,525000,405000,2,61,59,yes,yes,0,,2,,0,,9.2,,yes,NA,,NULL,30,,3,,,NA,,NA,,NA,,NA,,NA,,NA,,NA,,NA,30,,3,,yes,normal,normal,0,,45,,,NA,turn and lift,yes,NA,yes,NA,yes,NA,small corer,yes,NA,yes,NA,yes,normal,20,,20,,turn and lift,no,,NA,NA,NA,,NA,1,
14/03/2024,TA20-X-79,TA20,Sample location delocated to a 10km square (see metadata),520000,400000,525000,405000,2,61,28,yes,yes,0,,2,,0,,9,,yes,NA,,NULL,30,,3,,,NA,,NA,,NA,,NA,,NA,,NA,,NA,,NA,30,,3,,yes,normal,normal,0,,45,,,NA,turn and lift,yes,NA,yes,NA,yes,NA,small corer,yes,NA,yes,NA,yes,normal,19.5,,19.5,,turn and lift,no,,NA,NA,NA,,NA,1,
14/03/2024,TA20-X-79,TA20,Sample location delocated to a 10km square (see metadata),520000,400000,525000,405000,2,61,11,yes,yes,0,,0,,0,,9,,yes,NA,,NULL,30,,3,,,NA,,NA,,NA,,NA,,NA,,NA,,NA,,NA,30,,3,,yes,normal,normal,0,,44,,,NA,turn and lift,yes,NA,yes,NA,yes,NA,small corer,yes,NA,yes,NA,yes,normal,18,,18,,turn and lift,no,,NA,NA,NA,,NA,1,
14/03/2024,TA20-X-79,TA20,Sample location delocated to a 10km square (see metadata),520000,400000,525000,405000,1,95,59,yes,no,3,,4,,2,,8.8,,yes,NA,2,,30,,2,,,NA,,NA,,NA,,NA,,NA,,NA,,NA,,NA,30,,2,,yes,normal,normal,0,,43.2,,,NA,turn and lift,yes,NA,yes,NA,yes,NA,small corer,yes,NA,yes,NA,yes,normal,19.8,,19.8,,turn and lift,no,,NA,NA,NA,,NA,1,
14/03/2024,TA20-X-79,TA20,Sample location delocated to a 10km square (see metadata),520000,400000,525000,405000,1,95,46,yes,yes,2,,8,,10,,8.8,,yes,NA,2,,30,,2,,,NA,,NA,,NA,,NA,,NA,,NA,,NA,,NA,30,,2,,yes,normal,normal,0,,43.2,,,NA,turn and lift,yes,NA,yes,NA,yes,NA,small corer,yes,NA,yes,NA,yes,normal,20.2,,20.2,,turn and lift,no,,NA,NA,NA,,NA,1,
14/03/2024,TA20-X-79,TA20,Sample location delocated to a 10km square (see metadata),520000,400000,525000,405000,1,95,11,yes,yes,1,,8,,7,,8.7,,yes,NA,2,,30,,2.5,,,NA,,NA,,NA,,NA,,NA,,NA,,NA,,NA,30,,2.5,,yes,normal,normal,0,,40.5,,,NA,turn and lift,yes,NA,yes,NA,yes,NA,small corer,yes,NA,yes,NA,yes,normal,18.1,,18.1,,turn and lift,no,,NA,NA,NA,,NA,1,
14/03/2024,TA20-X-79,TA20,Sample location delocated to a 10km square (see metadata),520000,400000,525000,405000,1,95,28,yes,yes,1,,10,,2,,8.6,,yes,NA,2,,30,,2,,,NA,,NA,,NA,,NA,,NA,,NA,,NA,,NA,30,,2,,yes,normal,normal,0,,41.9,,,NA,turn and lift,yes,NA,yes,NA,yes,NA,small corer,yes,NA,yes,NA,yes,normal,20.7,,20.7,,turn and lift,no,,NA,NA,NA,,NA,1,
20/02/2024,TA23-X-87,TA23,Sample location delocated to a 10km square (see metadata),520000,430000,525000,435000,4,86,11,yes,yes,2,,0,,0,,6.8,,yes,NA,2,,30,,2,,,NA,,NA,,NA,,NA,,NA,,NA,,NA,,NA,30,,2,,yes,normal,normal,0,,52,,,NA,turn and lift,yes,NA,yes,NA,yes,NA,small corer,yes,NA,yes,NA,yes,normal,20,,20,,turn and lift,no,,NA,NA,NA,,NA,1,
20/02/2024,TA23-X-87,TA23,Sample location delocated to a 10km square (see metadata),520000,430000,525000,435000,4,86,28,no,no,0,,2,,0,,7.1,,yes,NA,2,,30,,2,,,NA,,NA,,NA,,NA,,NA,,NA,,NA,,NA,30,,2,,yes,normal,normal,0,,48,,,NA,turn and lift,yes,NA,yes,NA,yes,NA,small corer,yes,NA,yes,NA,yes,normal,20,,20,,turn and lift,no,,NA,NA,NA,,NA,1,
20/02/2024,TA23-X-87,TA23,Sample location delocated to a 10km square (see metadata),520000,430000,525000,435000,4,86,46,no,no,0,,3,,0,,7.1,,yes,NA,2,,30,,2,,,NA,,NA,,NA,,NA,,NA,,NA,,NA,,NA,30,,2,,yes,normal,normal,0,,45,,,NA,turn and lift,yes,NA,yes,NA,yes,NA,small corer,yes,NA,yes,NA,yes,normal,19,,19,,turn and lift,no,,NA,NA,NA,,NA,1,
20/02/2024,TA23-X-87,TA23,Sample location delocated to a 10km square (see metadata),520000,430000,525000,435000,4,86,59,no,no,0,,7,,0,,7.1,,yes,NA,2,,30,,2,,,NA,,NA,,NA,,NA,,NA,,NA,,NA,,NA,30,,2,,yes,normal,normal,0,,48.5,,,NA,turn and lift,yes,NA,yes,NA,yes,NA,small corer,yes,NA,yes,NA,yes,normal,19.5,,19.5,,turn and lift,no,,NA,NA,NA,,NA,1,
21/02/2024,TA23-X-87,TA23,Sample location delocated to a 10km square (see metadata),520000,430000,525000,435000,3,85,11,no,no,0,,5,,0,,6.1,,yes,NA,2,,30,,2,,,NA,,NA,,NA,,NA,,NA,,NA,,NA,,NA,30,,2,,yes,normal,normal,0,,51,,,NA,turn and lift,yes,NA,yes,NA,yes,NA,small corer,yes,NA,yes,NA,yes,normal,22,,22,,turn and lift,no,,NA,NA,NA,,NA,1,
21/02/2024,TA23-X-87,TA23,Sample location delocated to a 10km square (see metadata),520000,430000,525000,435000,3,85,28,yes,no,0,,4,,0,,6.1,,yes,NA,2,,30,,2,,,NA,,NA,,NA,,NA,,NA,,NA,,NA,,NA,30,,2,,yes,normal,normal,0,,50,,,NA,turn and lift,yes,NA,yes,NA,yes,NA,small corer,yes,NA,yes,NA,yes,normal,22,,,NA,turn and lift,no,,NA,NA,NA,,NA,1,
21/02/2024,TA23-X-87,TA23,Sample location delocated to a 10km square (see metadata),520000,430000,525000,435000,3,85,46,no,no,0,,5,,0,,6.1,,yes,NA,2,,30,,2,,,NA,,NA,,NA,,NA,,NA,,NA,,NA,,NA,30,,2,,yes,normal,normal,0,,51,,,NA,turn and lift,yes,NA,yes,NA,yes,NA,small corer,yes,NA,yes,NA,yes,normal,23,,23,,turn and lift,no,,NA,NA,NA,,NA,1,
21/02/2024,TA23-X-87,TA23,Sample location delocated to a 10km square (see metadata),520000,430000,525000,435000,3,85,59,yes,no,0,,1,,0,,6.1,,yes,NA,2,,30,,2,,,NA,,NA,,NA,,NA,,NA,,NA,,NA,,NA,30,,2,,yes,normal,normal,0,,52.5,,,NA,turn and lift,yes,NA,yes,NA,yes,NA,small corer,yes,NA,yes,NA,yes,normal,21,,21,,turn and lift,no,,NA,NA,NA,,NA,1,
22/02/2024,TA23-X-87,TA23,Sample location delocated to a 10km square (see metadata),520000,430000,525000,435000,1,107,11,yes,yes,3,,1,,1,,5.4,,yes,NA,2,,30,,2.5,,,NA,,NA,,NA,,NA,,NA,,NA,,NA,,NA,30,,2.5,,yes,normal,normal,0,,50,,,NA,turn and lift,yes,NA,yes,NA,yes,NA,small corer,yes,NA,yes,NA,yes,serrated,21,,21,,turn and lift,no,,NA,NA,NA,,NA,1,
22/02/2024,TA23-X-87,TA23,Sample location delocated to a 10km square (see metadata),520000,430000,525000,435000,1,107,28,yes,yes,1,,3,,0,,5.4,,yes,NA,1,,20,,2.5,,30,,2,,,NA,,NA,,NA,,NA,,NA,,NA,30,,2.3,,yes,normal,normal,0,,51,,,NA,turn and lift,yes,NA,yes,NA,yes,NA,small corer,yes,NA,yes,NA,yes,normal,20,,20,,turn and lift,no,,NA,NA,NA,,NA,1,
22/02/2024,TA23-X-87,TA23,Sample location delocated to a 10km square (see metadata),520000,430000,525000,435000,1,107,46,yes,yes,3,,1,,0,,5.4,,yes,NA,2,,30,,2,,,NA,,NA,,NA,,NA,,NA,,NA,,NA,,NA,30,,2,,yes,normal,normal,0,,51,,,NA,turn and lift,yes,NA,yes,NA,yes,NA,small corer,yes,NA,yes,NA,yes,normal,20,,20,,turn and lift,no,,NA,NA,NA,,NA,1,
22/02/2024,TA23-X-87,TA23,Sample location delocated to a 10km square (see metadata),520000,430000,525000,435000,1,107,59,yes,yes,3,,2,,0,,5.5,,yes,NA,2,,30,,2,,,NA,,NA,,NA,,NA,,NA,,NA,,NA,,NA,30,,2,,yes,normal,normal,0,,51,,,NA,turn and lift,yes,NA,yes,NA,yes,NA,small corer,yes,NA,yes,NA,yes,normal,20,,20,,turn and lift,no,,NA,NA,NA,,NA,1,
23/02/2024,TA23-X-87,TA23,Sample location delocated to a 10km square (see metadata),520000,430000,525000,435000,2,84,11,no,no,0,,2,,0,,6.2,,yes,NA,2,,30,,2,,,NA,,NA,,NA,,NA,,NA,,NA,,NA,,NA,30,,2,,yes,normal,normal,0,,52,,,NA,turn and lift,yes,NA,yes,NA,yes,NA,small corer,yes,NA,yes,NA,yes,normal,22,,22,,turn and lift,no,,NA,NA,NA,,NA,1,
23/02/2024,TA23-X-87,TA23,Sample location delocated to a 10km square (see metadata),520000,430000,525000,435000,2,84,28,no,no,0,,0,,0,,6.2,,yes,NA,2,,30,,2,,,NA,,NA,,NA,,NA,,NA,,NA,,NA,,NA,30,,2,,yes,normal,normal,0,,51,,,NA,turn and lift,yes,NA,yes,NA,yes,NA,small corer,yes,NA,yes,NA,yes,normal,21,,21,,turn and lift,no,,NA,NA,NA,,NA,1,
23/02/2024,TA23-X-87,TA23,Sample location delocated to a 10km square (see metadata),520000,430000,525000,435000,2,84,46,no,no,0,,1,,0,,6.2,,yes,NA,2,,30,,2,,,NA,,NA,,NA,,NA,,NA,,NA,,NA,,NA,30,,2,,yes,normal,normal,0,,50.5,,,NA,turn and lift,yes,NA,yes,NA,yes,NA,small corer,yes,NA,yes,NA,yes,normal,21,,21,,turn and lift,no,,NA,NA,NA,,NA,1,
23/02/2024,TA23-X-87,TA23,Sample location delocated to a 10km square (see metadata),520000,430000,525000,435000,2,84,59,no,no,0,,1,,0,,6.2,,yes,NA,2,,30,,2,,,NA,,NA,,NA,,NA,,NA,,NA,,NA,,NA,30,,2,,yes,normal,normal,0,,51,,,NA,turn and lift,yes,NA,yes,NA,yes,NA,small corer,yes,NA,yes,NA,yes,normal,22,,22,,turn and lift,no,,NA,NA,NA,,NA,1,
27/03/2023,TF12-X-73,TF12,Sample location delocated to a 10km square (see metadata),510000,320000,515000,325000,3,85,11,yes,yes,0,,7,,4,,7.3,,yes,NA,2,,30,,2,,,NA,,NA,,NA,,NA,,NA,,NA,,NA,,NA,30,,2,,yes,normal,normal,0,,45,,45,,turn and lift,yes,NA,yes,NA,yes,NA,small corer,yes,NA,yes,NA,yes,normal,15,,15,,turn and lift,NULL,,NULL,NULL,NULL,,NULL,,NULL
27/03/2023,TF12-X-73,TF12,Sample location delocated to a 10km square (see metadata),510000,320000,515000,325000,3,85,46,yes,no,0,,3,,2,,7.6,,yes,NA,2,,30,,2,,,NA,,NA,,NA,,NA,,NA,,NA,,NA,,NA,30,,2,,yes,normal,normal,0,,45,,45,,turn and lift,yes,NA,yes,NA,yes,NA,small corer,yes,NA,yes,NA,yes,normal,15.4,,15.4,,turn and lift,NULL,,NULL,NULL,NULL,,NULL,,NULL
27/03/2023,TF12-X-73,TF12,Sample location delocated to a 10km square (see metadata),510000,320000,515000,325000,3,85,59,yes,no,0,,0,,0,,9.2,,yes,NA,2,,30,,2,,,NA,,NA,,NA,,NA,,NA,,NA,,NA,,NA,30,,2,,yes,normal,normal,0,,44,,44,,turn and lift,yes,NA,yes,NA,yes,NA,small corer,yes,NA,yes,NA,yes,normal,15,,15,,turn and lift,NULL,,NULL,NULL,NULL,,NULL,,NULL
27/03/2023,TF12-X-73,TF12,Sample location delocated to a 10km square (see metadata),510000,320000,515000,325000,3,85,2,yes,no,0,,4,,2,,8.6,,yes,NA,2,,30,,2,,,NA,,NA,,NA,,NA,,NA,,NA,,NA,,NA,30,,2,,yes,normal,normal,0,,42.5,,42.5,,turn and lift,yes,NA,yes,NA,yes,NA,small corer,yes,NA,yes,NA,yes,normal,19,,19,,turn and lift,NULL,,NULL,NULL,NULL,,NULL,,NULL
29/03/2023,TF12-X-73,TF12,Sample location delocated to a 10km square (see metadata),510000,320000,515000,325000,1,141,48,yes,yes,1,,11,,4,,7.4,,yes,NA,2,,30,,1.5,,,NA,,NA,,NA,,NA,,NA,,NA,,NA,,NA,30,,1.5,,yes,normal,normal,0,,45,,45,,turn and lift,yes,NA,yes,NA,yes,NA,small corer,yes,NA,yes,NA,yes,normal,19,,19,,turn and lift,NULL,,NULL,NULL,NULL,,NULL,,NULL
29/03/2023,TF12-X-73,TF12,Sample location delocated to a 10km square (see metadata),510000,320000,515000,325000,1,141,4,yes,yes,1,,12,,0,,7.6,,yes,NA,2,,30,,1.5,,,NA,,NA,,NA,,NA,,NA,,NA,,NA,,NA,30,,1.5,,yes,normal,normal,0,,40,,40,,turn and lift,yes,NA,yes,NA,yes,NA,small corer,yes,NA,yes,NA,yes,normal,16,,16,,turn and lift,NULL,,NULL,NULL,NULL,,NULL,,NULL
29/03/2023,TF12-X-73,TF12,Sample location delocated to a 10km square (see metadata),510000,320000,515000,325000,1,141,59,yes,yes,4,,9,,4,,8.1,,yes,NA,2,,29.5,,1.5,,30,,3,,,NA,,NA,,NA,,NA,,NA,,NA,30,,1.5,,yes,normal,normal,0,,46,,46,,turn and lift,yes,NA,yes,NA,yes,NA,small corer,yes,NA,yes,NA,yes,normal,20,,20,,turn and lift,NULL,,NULL,NULL,NULL,,NULL,,NULL
29/03/2023,TF12-X-73,TF12,Sample location delocated to a 10km square (see metadata),510000,320000,515000,325000,1,141,28,yes,yes,5,,6,,2,,8.2,,yes,NA,,NULL,30,,1.5,,,NA,,NA,,NA,,NA,,NA,,NA,,NA,,NA,30,,1.5,,yes,normal,normal,0,,44,,44,,turn and lift,yes,NA,yes,NA,yes,NA,small corer,yes,NA,yes,NA,yes,normal,16,,16,,turn and lift,NULL,,NULL,NULL,NULL,,NULL,,NULL
29/03/2023,TF12-X-73,TF12,Sample location delocated to a 10km square (see metadata),510000,320000,515000,325000,4,85,11,no,yes,0,,3,,0,,9.9,,yes,NA,2,,29.5,,1.5,,30,,1.5,,,NA,,NA,,NA,,NA,,NA,,NA,30,,1.5,,yes,normal,normal,,NULL,48,,48,,turn and lift,yes,NA,yes,NA,yes,NA,small corer,yes,NA,yes,NA,yes,normal,19,,19,,turn and lift,NULL,,NULL,NULL,NULL,,NULL,,NULL
29/03/2023,TF12-X-73,TF12,Sample location delocated to a 10km square (see metadata),510000,320000,515000,325000,4,85,46,no,no,0,,4,,0,,9.4,,yes,NA,2,,29.5,,1.5,,30,,1.5,,,NA,,NA,,NA,,NA,,NA,,NA,30,,1.5,,yes,normal,normal,0,,46.5,,46.5,,turn and lift,yes,NA,yes,NA,yes,NA,small corer,yes,NA,yes,NA,yes,normal,15,,15,,turn and lift,NULL,,NULL,NULL,NULL,,NULL,,NULL
29/03/2023,TF12-X-73,TF12,Sample location delocated to a 10km square (see metadata),510000,320000,515000,325000,4,85,59,yes,no,0,,1,,4,,10.5,,yes,NA,2,,30,,1.5,,,NA,,NA,,NA,,NA,,NA,,NA,,NA,,NA,30,,1.5,,yes,normal,normal,0,,45.2,,45.2,,turn and lift,yes,NA,yes,NA,yes,NA,small corer,yes,NA,yes,NA,yes,normal,19,,19,,turn and lift,NULL,,NULL,NULL,NULL,,NULL,,NULL
29/03/2023,TF12-X-73,TF12,Sample location delocated to a 10km square (see metadata),510000,320000,515000,325000,4,85,28,yes,no,0,,3,,3,,9.6,,yes,NA,,NULL,30,,2,,,NA,,NA,,NA,,NA,,NA,,NA,,NA,,NA,30,,2,,yes,normal,normal,0,,46.5,,46.5,,turn and lift,yes,NA,yes,NA,yes,NA,small corer,yes,NA,yes,NA,yes,normal,19,,19,,turn and lift,NULL,,NULL,NULL,NULL,,NULL,,NULL
18/03/2024,TF15-X-76,TF15,Sample location delocated to a 10km square (see metadata),510000,350000,515000,355000,2,86,12,yes,no,0,,17,,2,,9.8,,yes,NA,,NULL,30,,3.5,,,NA,,NA,,NA,,NA,,NA,,NA,,NA,,NA,30,,3.5,,yes,normal,normal,0,,46.5,,46.5,,turn and lift,yes,NA,yes,NA,yes,NA,small corer,yes,NA,yes,NA,yes,normal,22.1,,22.1,,turn and lift,NULL,,NULL,NULL,NULL,,NULL,,NULL
18/03/2024,TF15-X-76,TF15,Sample location delocated to a 10km square (see metadata),510000,350000,515000,355000,2,86,28,yes,no,0,,24,,3,,10.1,,yes,NA,,NULL,30,,3.5,,,NA,,NA,,NA,,NA,,NA,,NA,,NA,,NA,30,,3.5,,yes,normal,normal,0,,42,,45.4,,turn and lift,yes,NA,yes,NA,yes,NA,small corer,yes,NA,yes,NA,yes,normal,19,,19,,turn and lift,NULL,,NULL,NULL,NULL,,NULL,,NULL
18/03/2024,TF15-X-76,TF15,Sample location delocated to a 10km square (see metadata),510000,350000,515000,355000,2,86,59,no,no,0,,7,,7,,9.5,,yes,NA,,NULL,27,,4,,,NA,,NA,,NA,,NA,,NA,,NA,,NA,,NA,27,,4,,yes,normal,normal,0,,46.7,,46.7,,turn and lift,yes,NA,yes,NA,yes,NA,small corer,yes,NA,yes,NA,yes,normal,21.1,,21.1,,turn and lift,NULL,,NULL,NULL,NULL,,NULL,,NULL
18/03/2024,TF15-X-76,TF15,Sample location delocated to a 10km square (see metadata),510000,350000,515000,355000,2,86,46,no,yes,0,,15,,4,,9.4,,yes,NA,,NULL,27,,3.5,,,NA,,NA,,NA,,NA,,NA,,NA,,NA,,NA,27,,3.5,,yes,normal,normal,0,,45.9,,45.9,,turn and lift,yes,NA,yes,NA,yes,NA,small corer,yes,NA,yes,NA,yes,normal,20,,20,,turn and lift,NULL,,NULL,NULL,NULL,,NULL,,NULL
18/03/2024,TF15-X-76,TF15,Sample location delocated to a 10km square (see metadata),510000,350000,515000,355000,3,85,11,yes,no,0,,13,,7,,9.7,,yes,NA,,NULL,20,,4,,30,,3,,,NA,,NA,,NA,,NA,,NA,,NA,30,,3.7,,yes,normal,normal,0,,43,,43,,turn and lift,yes,NA,yes,NA,yes,NA,small corer,yes,NA,yes,NA,yes,normal,14.6,,14.6,,turn and lift,NULL,,NULL,NULL,NULL,,NULL,,NULL
18/03/2024,TF15-X-76,TF15,Sample location delocated to a 10km square (see metadata),510000,350000,515000,355000,3,85,28,yes,no,0,,14,,1,,9.5,,yes,NA,,NULL,20,,4,,30,,3,,,NA,,NA,,NA,,NA,,NA,,NA,30,,3.7,,yes,normal,normal,0,,50.5,,50.5,,turn and lift,yes,NA,yes,NA,yes,NA,small corer,yes,NA,yes,NA,yes,normal,20.4,,20.4,,turn and lift,NULL,,NULL,NULL,NULL,,NULL,,NULL
18/03/2024,TF15-X-76,TF15,Sample location delocated to a 10km square (see metadata),510000,350000,515000,355000,3,85,59,yes,no,0,,16,,0,,9.8,,yes,NA,,NULL,20,,4,,,NA,,NA,,NA,,NA,,NA,,NA,,NA,,NA,20,,4,,yes,normal,normal,0,,43.2,,43.2,,turn and lift,yes,NA,yes,NA,yes,NA,small corer,yes,NA,yes,NA,yes,normal,22.1,,22.1,,turn and lift,NULL,,NULL,NULL,NULL,,NULL,,NULL
18/03/2024,TF15-X-76,TF15,Sample location delocated to a 10km square (see metadata),510000,350000,515000,355000,3,85,46,yes,no,0,,19,,3,,9.4,,yes,NA,,NULL,17,,4,,30,,3,,,NA,,NA,,NA,,NA,,NA,,NA,30,,3.6,,yes,normal,normal,0,,48.1,,48.1,,turn and lift,yes,NA,yes,NA,yes,NA,small corer,yes,NA,yes,NA,yes,normal,19,,19,,turn and lift,NULL,,NULL,NULL,NULL,,NULL,,NULL
29/11/2023,TF16-X-56,TF16,Sample location delocated to a 10km square (see metadata),510000,360000,515000,365000,2,85,11,no,no,0,,8,,4,,4.9,,yes,NA,2,,15,,2,,30,,3,,,NA,,NA,,NA,,NA,,NA,,NA,30,,2.5,,yes,normal,normal,0,,46.6,,,NA,turn and lift,yes,NA,yes,NA,yes,NA,small corer,yes,NA,yes,NA,yes,normal,18.2,,18.2,,turn and lift,no,,NA,NA,NA,,NA,1,
29/11/2023,TF16-X-56,TF16,Sample location delocated to a 10km square (see metadata),510000,360000,515000,365000,2,85,28,no,no,0,,4,,2,,4.1,,yes,NA,2,,15,,2,,30,,3,,,NA,,NA,,NA,,NA,,NA,,NA,30,,2.5,,yes,normal,normal,0,,45.8,,,NA,turn and lift,yes,NA,yes,NA,yes,NA,small corer,yes,NA,yes,NA,yes,normal,17.2,,17.2,,turn and lift,no,,NA,NA,NA,,NA,1,
29/11/2023,TF16-X-56,TF16,Sample location delocated to a 10km square (see metadata),510000,360000,515000,365000,2,85,59,no,no,0,,6,,3,,4.8,,yes,NA,2,,15,,2,,30,,3,,,NA,,NA,,NA,,NA,,NA,,NA,30,,2.5,,yes,normal,normal,0,,45.5,,,NA,turn and lift,yes,NA,yes,NA,yes,NA,small corer,yes,NA,yes,NA,yes,normal,19.8,,19.8,,turn and lift,no,,NA,NA,NA,,NA,1,
29/11/2023,TF16-X-56,TF16,Sample location delocated to a 10km square (see metadata),510000,360000,515000,365000,2,85,46,no,no,0,,5,,2,,5.6,,yes,NA,2,,15,,2,,30,,2.5,,,NA,,NA,,NA,,NA,,NA,,NA,30,,2.3,,yes,normal,normal,0,,45.8,,,NA,turn and lift,yes,NA,yes,NA,yes,NA,small corer,yes,NA,yes,NA,yes,normal,18,,18,,turn and lift,no,,NA,NA,NA,,NA,1,
29/11/2023,TF16-X-56,TF16,Sample location delocated to a 10km square (see metadata),510000,360000,515000,365000,3,85,46,no,no,0,,6,,0,,4.2,,yes,NA,1,,10,,1.5,,30,,3,,,NA,,NA,,NA,,NA,,NA,,NA,30,,2.5,,yes,normal,normal,0,,45.7,,,NA,turn and lift,yes,NA,yes,NA,yes,NA,small corer,yes,NA,yes,NA,yes,normal,22.3,,22.3,,turn and lift,no,,NA,NA,NA,,NA,1,
29/11/2023,TF16-X-56,TF16,Sample location delocated to a 10km square (see metadata),510000,360000,515000,365000,3,85,59,no,no,0,,6,,4,,4.9,,yes,NA,1,,10,,1.5,,30,,3,,,NA,,NA,,NA,,NA,,NA,,NA,30,,2.5,,yes,normal,normal,0,,46.9,,,NA,turn and lift,yes,NA,yes,NA,yes,NA,small corer,yes,NA,yes,NA,yes,normal,17.9,,17.9,,turn and lift,no,,NA,NA,NA,,NA,1,
29/11/2023,TF16-X-56,TF16,Sample location delocated to a 10km square (see metadata),510000,360000,515000,365000,3,85,28,no,no,0,,7,,5,,4.7,,yes,NA,1,,10,,1.5,,30,,3,,,NA,,NA,,NA,,NA,,NA,,NA,30,,2.5,,yes,normal,normal,0,,45.4,,,NA,turn and lift,yes,NA,yes,NA,yes,NA,small corer,yes,NA,yes,NA,yes,normal,18.1,,18.1,,turn and lift,no,,NA,NA,NA,,NA,1,
29/11/2023,TF16-X-56,TF16,Sample location delocated to a 10km square (see metadata),510000,360000,515000,365000,3,85,11,no,no,0,,4,,3,,4.3,,yes,NA,1,,15,,1.5,,30,,3.5,,,NA,,NA,,NA,,NA,,NA,,NA,30,,2.5,,yes,normal,normal,0,,44.9,,,NA,turn and lift,yes,NA,yes,NA,yes,NA,small corer,yes,NA,yes,NA,yes,normal,17.7,,17.7,,turn and lift,no,,NA,NA,NA,,NA,1,
09/05/2023,TF22-X-99,TF22,Sample location delocated to a 10km square (see metadata),520000,320000,525000,325000,2,85,59,yes,no,0,,0,,0,,13.1,,yes,NA,2,,30,,4,,,NA,,NA,,NA,,NA,,NA,,NA,,NA,,NA,30,,4,,yes,normal,normal,0,,42,,42,,dig and tip,yes,NA,yes,NA,yes,NA,small corer,yes,NA,yes,NA,yes,normal,18,,18,,turn and lift,NULL,,NULL,NULL,NULL,,NULL,,NULL
09/05/2023,TF22-X-99,TF22,Sample location delocated to a 10km square (see metadata),520000,320000,525000,325000,2,85,28,yes,no,0,,4,,1,,12.3,,yes,NA,2,,30,,4,,,NA,,NA,,NA,,NA,,NA,,NA,,NA,,NA,30,,4,,yes,normal,normal,0,,46,,46,,dig and tip,yes,NA,yes,NA,yes,NA,small corer,yes,NA,yes,NA,yes,normal,18,,18,,turn and lift,NULL,,NULL,NULL,NULL,,NULL,,NULL
09/05/2023,TF22-X-99,TF22,Sample location delocated to a 10km square (see metadata),520000,320000,525000,325000,2,85,11,yes,no,0,,6,,3,,13.5,,yes,NA,2,,30,,4,,,NA,,NA,,NA,,NA,,NA,,NA,,NA,,NA,30,,4,,yes,normal,normal,0,,45,,45,,dig and tip,yes,NA,yes,NA,yes,NA,small corer,yes,NA,yes,NA,yes,normal,18,,18,,dig and tip,NULL,,NULL,NULL,NULL,,NULL,,NULL
09/05/2023,TF22-X-99,TF22,Sample location delocated to a 10km square (see metadata),520000,320000,525000,325000,2,85,46,no,no,0,,0,,0,,13.7,,yes,NA,2,,30,,4,,,NA,,NA,,NA,,NA,,NA,,NA,,NA,,NA,30,,4,,yes,normal,normal,0,,46,,46,,dig and tip,yes,NA,yes,NA,yes,NA,small corer,yes,NA,yes,NA,yes,normal,18,,18,,dig and tip,NULL,,NULL,NULL,NULL,,NULL,,NULL
10/05/2023,TF22-X-99,TF22,Sample location delocated to a 10km square (see metadata),520000,320000,525000,325000,3,127,11,no,no,0,,3,,1,,13.1,,yes,NA,1,,30,,4.5,,,NA,,NA,,NA,,NA,,NA,,NA,,NA,,NA,30,,4.5,,yes,normal,normal,0,,45,,45,,dig and tip,yes,NA,yes,NA,yes,NA,small corer,yes,NA,yes,NA,yes,normal,16,,16,,turn and lift,NULL,,NULL,NULL,NULL,,NULL,,NULL
10/05/2023,TF22-X-99,TF22,Sample location delocated to a 10km square (see metadata),520000,320000,525000,325000,3,127,46,no,no,0,,2,,0,,14.6,,yes,NA,1,,30,,4.5,,,NA,,NA,,NA,,NA,,NA,,NA,,NA,,NA,30,,4.5,,yes,normal,normal,0,,46,,46,,dig and tip,yes,NA,yes,NA,yes,NA,small corer,yes,NA,yes,NA,yes,normal,19,,19,,turn and lift,NULL,,NULL,NULL,NULL,,NULL,,NULL
10/05/2023,TF22-X-99,TF22,Sample location delocated to a 10km square (see metadata),520000,320000,525000,325000,3,127,28,no,no,0,,3,,1,,13.2,,yes,NA,1,,30,,4.5,,,NA,,NA,,NA,,NA,,NA,,NA,,NA,,NA,30,,4.5,,yes,normal,normal,0,,45,,45,,dig and tip,yes,NA,yes,NA,yes,NA,small corer,yes,NA,yes,NA,yes,normal,18,,18,,turn and lift,NULL,,NULL,NULL,NULL,,NULL,,NULL
10/05/2023,TF22-X-99,TF22,Sample location delocated to a 10km square (see metadata),520000,320000,525000,325000,3,127,59,no,no,0,,0,,0,,13.6,,yes,NA,1,,30,,4.5,,,NA,,NA,,NA,,NA,,NA,,NA,,NA,,NA,30,,4.5,,yes,normal,normal,0,,46,,46,,dig and tip,yes,NA,yes,NA,yes,NA,small corer,yes,NA,yes,NA,yes,normal,18,,18,,turn and lift,NULL,,NULL,NULL,NULL,,NULL,,NULL
10/05/2023,TF22-X-99,TF22,Sample location delocated to a 10km square (see metadata),520000,320000,525000,325000,4,98,11,yes,yes,0,,0,,0,,12.5,,yes,NA,1,,30,,4,,,NA,,NA,,NA,,NA,,NA,,NA,,NA,,NA,30,,4,,yes,normal,normal,0,,48,,48,,turn and lift,yes,NA,yes,NA,yes,NA,small corer,yes,NA,yes,NA,yes,normal,18,,18,,turn and lift,NULL,,NULL,NULL,NULL,,NULL,,NULL
10/05/2023,TF22-X-99,TF22,Sample location delocated to a 10km square (see metadata),520000,320000,525000,325000,4,98,28,yes,yes,0,,3,,1,,12.9,,yes,NA,1,,30,,4.5,,,NA,,NA,,NA,,NA,,NA,,NA,,NA,,NA,30,,4.5,,yes,normal,normal,0,,46,,46,,turn and lift,yes,NA,yes,NA,yes,NA,small corer,yes,NA,yes,NA,yes,normal,18,,18,,turn and lift,NULL,,NULL,NULL,NULL,,NULL,,NULL
10/05/2023,TF22-X-99,TF22,Sample location delocated to a 10km square (see metadata),520000,320000,525000,325000,4,98,59,yes,yes,0,,1,,0,,13.6,,yes,NA,1,,30,,3.5,,,NA,,NA,,NA,,NA,,NA,,NA,,NA,,NA,30,,3.5,,yes,normal,normal,0,,47,,47,,turn and lift,yes,NA,yes,NA,yes,NA,small corer,yes,NA,yes,NA,yes,normal,18,,18,,turn and lift,NULL,,NULL,NULL,NULL,,NULL,,NULL
10/05/2023,TF22-X-99,TF22,Sample location delocated to a 10km square (see metadata),520000,320000,525000,325000,4,98,46,yes,no,0,,0,,0,,15.6,,yes,NA,1,,30,,3.5,,,NA,,NA,,NA,,NA,,NA,,NA,,NA,,NA,30,,3.5,,yes,normal,normal,0,,46,,46,,turn and lift,yes,NA,yes,NA,yes,NA,small corer,yes,NA,yes,NA,yes,normal,19,,19,,turn and lift,NULL,,NULL,NULL,NULL,,NULL,,NULL
31/03/2023,TF23-X-61,TF23,Sample location delocated to a 10km square (see metadata),520000,330000,525000,335000,2,37,59,yes,no,0,,5,,0,,11.1,,yes,NA,2,,30,,3,,,NA,,NA,,NA,,NA,,NA,,NA,,NA,,NA,30,,3,,yes,normal,normal,0,,43,,43,,turn and lift,yes,NA,yes,NA,yes,NA,small corer,yes,NA,yes,NA,yes,normal,19,,19,,turn and lift,NULL,,NULL,NULL,NULL,,NULL,,NULL
31/03/2023,TF23-X-61,TF23,Sample location delocated to a 10km square (see metadata),520000,330000,525000,335000,2,37,28,yes,no,0,,5,,0,,11.7,,yes,NA,2,,30,,3,,,NA,,NA,,NA,,NA,,NA,,NA,,NA,,NA,30,,3,,yes,normal,normal,0,,45,,45,,turn and lift,yes,NA,yes,NA,yes,NA,small corer,yes,NA,yes,NA,yes,normal,19,,19,,turn and lift,NULL,,NULL,NULL,NULL,,NULL,,NULL
31/03/2023,TF23-X-61,TF23,Sample location delocated to a 10km square (see metadata),520000,330000,525000,335000,2,37,11,yes,no,0,,14,,1,,11.4,,yes,NA,2,,30,,3,,,NA,,NA,,NA,,NA,,NA,,NA,,NA,,NA,30,,3,,yes,normal,normal,0,,43,,43,,turn and lift,yes,NA,yes,NA,yes,NA,small corer,yes,NA,yes,NA,yes,normal,15,,15,,turn and lift,NULL,,NULL,NULL,NULL,,NULL,,NULL
31/03/2023,TF23-X-61,TF23,Sample location delocated to a 10km square (see metadata),520000,330000,525000,335000,2,37,46,yes,no,0,,5,,0,,11.9,,yes,NA,2,,30,,3,,,NA,,NA,,NA,,NA,,NA,,NA,,NA,,NA,30,,3,,yes,normal,normal,0,,43,,43,,turn and lift,yes,NA,yes,NA,yes,NA,small corer,yes,NA,yes,NA,yes,normal,16,,16,,turn and lift,NULL,,NULL,NULL,NULL,,NULL,,NULL
03/04/2023,TF23-X-61,TF23,Sample location delocated to a 10km square (see metadata),520000,330000,525000,335000,1,85,59,yes,yes,0,,4,,0,,7.7,,yes,NA,,NULL,30,,2,,,NA,,NA,,NA,,NA,,NA,,NA,,NA,,NA,30,,2,,yes,normal,normal,0,,41,,41,,turn and lift,yes,NA,yes,NA,yes,NA,small corer,yes,partial - loose soil,yes,NA,yes,normal,16,,16,,turn and lift,NULL,,NULL,NULL,NULL,,NULL,,NULL
03/04/2023,TF23-X-61,TF23,Sample location delocated to a 10km square (see metadata),520000,330000,525000,335000,1,85,46,yes,yes,0,,3,,0,,6.6,,yes,NA,2,,30,,2,,,NA,,NA,,NA,,NA,,NA,,NA,,NA,,NA,30,,2,,yes,normal,normal,0,,46,,46,,turn and lift,yes,NA,yes,NA,yes,NA,small corer,yes,NA,yes,NA,yes,normal,16,,16,,turn and lift,NULL,,NULL,NULL,NULL,,NULL,,NULL
03/04/2023,TF23-X-61,TF23,Sample location delocated to a 10km square (see metadata),520000,330000,525000,335000,1,85,11,yes,yes,0,,5,,0,,4.7,,yes,NA,2,,3,,1.5,,30,,3,,,NA,,NA,,NA,,NA,,NA,,NA,30,,2.9,,yes,normal,normal,0,,43,,43,,turn and lift,yes,NA,yes,NA,yes,NA,small corer,yes,NA,yes,NA,yes,normal,16,,16,,turn and lift,NULL,,NULL,NULL,NULL,,NULL,,NULL
03/04/2023,TF23-X-61,TF23,Sample location delocated to a 10km square (see metadata),520000,330000,525000,335000,1,85,28,yes,yes,0,,2,,2,,4.9,,yes,NA,2,,5,,1,,30,,3.5,,,NA,,NA,,NA,,NA,,NA,,NA,30,,3.1,,yes,normal,normal,0,,45,,45,,turn and lift,yes,NA,yes,NA,yes,NA,small corer,no,loose soil,no,NA,yes,normal,22,,22,,turn and lift,NULL,,NULL,NULL,NULL,,NULL,,NULL
03/04/2023,TF23-X-61,TF23,Sample location delocated to a 10km square (see metadata),520000,330000,525000,335000,3,49,59,yes,yes,0,,9,,0,,8.6,,yes,NA,2,,30,,1.5,,,NA,,NA,,NA,,NA,,NA,,NA,,NA,,NA,30,,1.5,,yes,normal,normal,0,,41,,41,,turn and lift,yes,NA,yes,NA,yes,NA,small corer,yes,NA,yes,NA,yes,normal,15,,15,,turn and lift,NULL,,NULL,NULL,NULL,,NULL,,NULL
03/04/2023,TF23-X-61,TF23,Sample location delocated to a 10km square (see metadata),520000,330000,525000,335000,3,49,28,yes,yes,0,,4,,0,,8.7,,yes,NA,2,,30,,1.5,,,NA,,NA,,NA,,NA,,NA,,NA,,NA,,NA,30,,1.5,,yes,normal,normal,0,,44,,,NA,dig and tip,yes,NA,yes,NA,yes,NA,small corer,yes,NA,yes,NA,yes,normal,17,,17,,turn and lift,NULL,,NULL,NULL,NULL,,NULL,,NULL
03/04/2023,TF23-X-61,TF23,Sample location delocated to a 10km square (see metadata),520000,330000,525000,335000,3,49,11,yes,yes,0,,3,,0,,9,,yes,NA,,NULL,30,,1.5,,,NA,,NA,,NA,,NA,,NA,,NA,,NA,,NA,30,,1.5,,yes,normal,normal,0,,44,,44,,dig and tip,yes,NA,yes,NA,yes,NA,small corer,yes,NA,yes,NA,yes,normal,,NULL,,NA,turn and lift,NULL,,NULL,NULL,NULL,,NULL,,NULL
03/04/2023,TF23-X-61,TF23,Sample location delocated to a 10km square (see metadata),520000,330000,525000,335000,3,49,46,yes,yes,0,,5,,0,,9.7,,yes,NA,,NULL,30,,1.5,,,NA,,NA,,NA,,NA,,NA,,NA,,NA,,NA,30,,1.5,,yes,normal,normal,0,,43,,43,,dig and tip,yes,NA,yes,NA,yes,NA,small corer,yes,NA,yes,NA,yes,normal,18,,18,,turn and lift,NULL,,NULL,NULL,NULL,,NULL,,NULL
04/04/2023,TF23-X-61,TF23,Sample location delocated to a 10km square (see metadata),520000,330000,525000,335000,4,85,11,yes,yes,0,,0,,0,,5.8,,yes,NA,2,,30,,2,,,NA,,NA,,NA,,NA,,NA,,NA,,NA,,NA,30,,2,,yes,normal,normal,0,,41,,41,,turn and lift,yes,NA,yes,NA,yes,NA,small corer,yes,NA,yes,NA,yes,normal,18,,18,,turn and lift,NULL,,NULL,NULL,NULL,,NULL,,NULL
04/04/2023,TF23-X-61,TF23,Sample location delocated to a 10km square (see metadata),520000,330000,525000,335000,4,85,46,yes,yes,0,,2,,0,,6.2,,yes,NA,2,,30,,2.5,,,NA,,NA,,NA,,NA,,NA,,NA,,NA,,NA,30,,2.5,,yes,normal,normal,0,,43,,43,,dig and tip,yes,NA,yes,NA,yes,NA,small corer,yes,NA,yes,NA,yes,normal,16,,16,,turn and lift,NULL,,NULL,NULL,NULL,,NULL,,NULL
04/04/2023,TF23-X-61,TF23,Sample location delocated to a 10km square (see metadata),520000,330000,525000,335000,4,85,59,yes,yes,0,,0,,1,,7.1,,yes,NA,2,,30,,2,,,NA,,NA,,NA,,NA,,NA,,NA,,NA,,NA,30,,2,,yes,normal,normal,0,,47,,47,,turn and lift,yes,NA,yes,NA,yes,NA,small corer,yes,NA,yes,NA,yes,normal,16,,16,,turn and lift,NULL,,NULL,NULL,NULL,,NULL,,NULL
04/04/2023,TF23-X-61,TF23,Sample location delocated to a 10km square (see metadata),520000,330000,525000,335000,4,85,28,yes,yes,0,,0,,0,,7.3,,yes,NA,2,,30,,2,,,NA,,NA,,NA,,NA,,NA,,NA,,NA,,NA,30,,2,,yes,normal,normal,0,,40,,40,,turn and lift,yes,NA,yes,NA,yes,NA,small corer,yes,NA,yes,NA,yes,normal,17,,17,,turn and lift,NULL,,NULL,NULL,NULL,,NULL,,NULL
06/03/2024,TF27-X-98,TF27,Sample location delocated to a 10km square (see metadata),520000,370000,525000,375000,4,85,46,yes,yes,0,,10,,2,,7.5,,yes,NA,1,,12,,3,,30,,1,,,NA,,NA,,NA,,NA,,NA,,NA,30,,1.8,,yes,normal,normal,0,,45,,45,,dig and tip,yes,NA,yes,NA,yes,NA,small corer,yes,NA,yes,NA,yes,normal,19,,19,,turn and lift,NULL,,NULL,NULL,NULL,,NULL,,NULL
06/03/2024,TF27-X-98,TF27,Sample location delocated to a 10km square (see metadata),520000,370000,525000,375000,4,85,11,yes,yes,0,,12,,1,,6.8,,yes,NA,1,,11,,3,,30,,1,,,NA,,NA,,NA,,NA,,NA,,NA,30,,1.7,,yes,normal,normal,0,,42,,42,,turn and lift,yes,NA,yes,NA,yes,NA,small corer,yes,NA,yes,NA,yes,normal,18,,18,,turn and lift,NULL,,NULL,NULL,NULL,,NULL,,NULL
06/03/2024,TF27-X-98,TF27,Sample location delocated to a 10km square (see metadata),520000,370000,525000,375000,4,85,28,yes,yes,0,,16,,2,,7,,yes,NA,1,,12,,3,,30,,1,,,NA,,NA,,NA,,NA,,NA,,NA,30,,1.8,,yes,normal,normal,0,,41,,41,,turn and lift,yes,NA,yes,NA,yes,NA,small corer,yes,NA,yes,NA,yes,normal,17.5,,17.5,,turn and lift,NULL,,NULL,NULL,NULL,,NULL,,NULL
06/03/2024,TF27-X-98,TF27,Sample location delocated to a 10km square (see metadata),520000,370000,525000,375000,4,85,59,yes,yes,0,,20,,5,,7.8,,yes,NA,1,,11,,3,,30,,1,,,NA,,NA,,NA,,NA,,NA,,NA,30,,1.7,,yes,normal,normal,0,,45,,45,,turn and lift,yes,NA,yes,NA,yes,NA,small corer,yes,NA,yes,NA,yes,normal,18,,18,,turn and lift,NULL,,NULL,NULL,NULL,,NULL,,NULL
14/03/2024,TF27-X-98,TF27,Sample location delocated to a 10km square (see metadata),520000,370000,525000,375000,1,98,11,no,no,0,,21,,2,,11.1,,yes,NA,,NULL,30,,1,,,NA,,NA,,NA,,NA,,NA,,NA,,NA,,NA,30,,1,,yes,normal,normal,0,,40.1,,40.1,,turn and lift,yes,NA,yes,NA,yes,NA,small corer,yes,NA,yes,NA,yes,normal,19.7,,19.7,,turn and lift,NULL,,NULL,NULL,NULL,,NULL,,NULL
14/03/2024,TF27-X-98,TF27,Sample location delocated to a 10km square (see metadata),520000,370000,525000,375000,1,98,28,yes,no,0,,20,,8,,9.7,,yes,NA,,NULL,30,,2,,,NA,,NA,,NA,,NA,,NA,,NA,,NA,,NA,30,,2,,yes,normal,normal,0,,42,,42,,turn and lift,yes,NA,yes,NA,yes,NA,small corer,yes,NA,yes,NA,yes,normal,15.5,,15.5,,turn and lift,NULL,,NULL,NULL,NULL,,NULL,,NULL
14/03/2024,TF27-X-98,TF27,Sample location delocated to a 10km square (see metadata),520000,370000,525000,375000,1,98,59,yes,no,0,,11,,1,,10.6,,yes,NA,1,,30,,1.5,,,NA,,NA,,NA,,NA,,NA,,NA,,NA,,NA,30,,1.5,,yes,normal,normal,0,,45,,45,,turn and lift,yes,NA,yes,NA,yes,NA,small corer,yes,NA,yes,NA,yes,normal,18.6,,18.6,,turn and lift,NULL,,NULL,NULL,NULL,,NULL,,NULL
14/03/2024,TF27-X-98,TF27,Sample location delocated to a 10km square (see metadata),520000,370000,525000,375000,1,98,46,no,no,0,,15,,0,,10.8,,yes,NA,,NULL,30,,1,,,NA,,NA,,NA,,NA,,NA,,NA,,NA,,NA,30,,1,,yes,normal,normal,0,,41,,41,,turn and lift,yes,NA,yes,NA,yes,NA,small corer,yes,NA,yes,NA,yes,normal,20.4,,20.4,,turn and lift,NULL,,NULL,NULL,NULL,,NULL,,NULL
16/05/2023,TF29-X-04,TF29,Sample location delocated to a 10km square (see metadata),520000,390000,525000,395000,4,73,11,no,yes,1,,4,,5,,12,,yes,NA,2,,30,,3,,,NA,,NA,,NA,,NA,,NA,,NA,,NA,,NA,30,,3,,yes,normal,normal,0,,46,,46,,turn and lift,yes,NA,yes,NA,yes,NA,small corer,yes,NA,yes,NA,yes,normal,18,,18,,turn and lift,NULL,,NULL,NULL,NULL,,NULL,,NULL
16/05/2023,TF29-X-04,TF29,Sample location delocated to a 10km square (see metadata),520000,390000,525000,395000,4,73,28,yes,no,0,,8,,6,,12,,yes,NA,2,,30,,3,,,NA,,NA,,NA,,NA,,NA,,NA,,NA,,NA,30,,3,,yes,normal,normal,0,,47,,47,,turn and lift,yes,NA,yes,NA,yes,NA,small corer,yes,NA,yes,NA,yes,normal,18,,18,,turn and lift,NULL,,NULL,NULL,NULL,,NULL,,NULL
16/05/2023,TF29-X-04,TF29,Sample location delocated to a 10km square (see metadata),520000,390000,525000,395000,4,73,59,yes,no,0,,3,,1,,11.4,,yes,NA,2,,30,,3,,,NA,,NA,,NA,,NA,,NA,,NA,,NA,,NA,30,,3,,yes,normal,normal,0,,42,,42,,turn and lift,yes,NA,yes,NA,yes,NA,small corer,yes,NA,yes,NA,yes,normal,18,,18,,turn and lift,NULL,,NULL,NULL,NULL,,NULL,,NULL
16/05/2023,TF29-X-04,TF29,Sample location delocated to a 10km square (see metadata),520000,390000,525000,395000,4,73,46,no,no,0,,1,,0,,13.8,,yes,NA,2,,30,,3,,,NA,,NA,,NA,,NA,,NA,,NA,,NA,,NA,30,,3,,yes,normal,normal,0,,44,,44,,turn and lift,yes,NA,yes,NA,yes,NA,small corer,yes,NA,yes,NA,yes,normal,18,,18,,turn and lift,NULL,,NULL,NULL,NULL,,NULL,,NULL
16/05/2023,TF29-X-04,TF29,Sample location delocated to a 10km square (see metadata),520000,390000,525000,395000,2,85,11,no,no,0,,1,,0,,12.7,,yes,NA,2,,30,,1.5,,,NA,,NA,,NA,,NA,,NA,,NA,,NA,,NA,30,,1.5,,yes,normal,normal,0,,47,,47,,turn and lift,yes,NA,yes,NA,yes,NA,small corer,yes,NA,yes,partial - stones,yes,normal,16,,16,,turn and lift,NULL,,NULL,NULL,NULL,,NULL,,NULL
16/05/2023,TF29-X-04,TF29,Sample location delocated to a 10km square (see metadata),520000,390000,525000,395000,2,85,34,yes,yes,0,,5,,1,,12.6,,yes,NA,2,,30,,1.5,,,NA,,NA,,NA,,NA,,NA,,NA,,NA,,NA,30,,1.5,,yes,normal,normal,0,,44,,44,,turn and lift,yes,NA,yes,NA,yes,NA,small corer,yes,NA,yes,NA,yes,normal,18,,18,,turn and lift,NULL,,NULL,NULL,NULL,,NULL,,NULL
16/05/2023,TF29-X-04,TF29,Sample location delocated to a 10km square (see metadata),520000,390000,525000,395000,2,85,46,yes,no,0,,4,,3,,13.5,,yes,NA,2,,30,,1.5,,,NA,,NA,,NA,,NA,,NA,,NA,,NA,,NA,30,,1.5,,yes,normal,normal,0,,46,,46,,turn and lift,yes,NA,yes,NA,yes,NA,small corer,yes,NA,yes,NA,yes,normal,19,,19,,turn and lift,NULL,,NULL,NULL,NULL,,NULL,,NULL
16/05/2023,TF29-X-04,TF29,Sample location delocated to a 10km square (see metadata),520000,390000,525000,395000,2,85,59,no,no,0,,4,,0,,13.6,,yes,NA,2,,30,,1.5,,,NA,,NA,,NA,,NA,,NA,,NA,,NA,,NA,30,,1.5,,yes,normal,normal,0,,45,,45,,turn and lift,yes,NA,yes,NA,yes,NA,small corer,yes,NA,yes,NA,yes,normal,19,,19,,turn and lift,NULL,,NULL,NULL,NULL,,NULL,,NULL
17/05/2023,TF29-X-04,TF29,Sample location delocated to a 10km square (see metadata),520000,390000,525000,395000,1,98,11,no,no,0,,0,,0,,11.5,,yes,NA,2,,30,,1.5,,,NA,,NA,,NA,,NA,,NA,,NA,,NA,,NA,30,,1.5,,yes,normal,normal,0,,46,,46,,turn and lift,yes,NA,yes,NA,yes,NA,small corer,yes,NA,yes,partial - NULL,yes,normal,18,,18,,turn and lift,NULL,,NULL,NULL,NULL,,NULL,,NULL
17/05/2023,TF29-X-04,TF29,Sample location delocated to a 10km square (see metadata),520000,390000,525000,395000,1,98,51,no,no,0,,3,,0,,11.7,,yes,NA,2,,30,,1.5,,,NA,,NA,,NA,,NA,,NA,,NA,,NA,,NA,30,,1.5,,yes,normal,normal,0,,42,,42,,turn and lift,yes,NA,yes,NA,yes,NA,small corer,yes,NA,yes,partial - NULL,yes,normal,18,,18,,turn and lift,NULL,,NULL,NULL,NULL,,NULL,,NULL
17/05/2023,TF29-X-04,TF29,Sample location delocated to a 10km square (see metadata),520000,390000,525000,395000,1,98,28,no,no,0,,3,,0,,12,,yes,NA,2,,30,,1.5,,,NA,,NA,,NA,,NA,,NA,,NA,,NA,,NA,30,,1.5,,yes,normal,normal,0,,47,,47,,turn and lift,yes,NA,yes,NA,yes,NA,small corer,yes,NA,yes,partial - NULL,yes,normal,19,,19,,turn and lift,NULL,,NULL,NULL,NULL,,NULL,,NULL
17/05/2023,TF29-X-04,TF29,Sample location delocated to a 10km square (see metadata),520000,390000,525000,395000,1,98,38,no,no,0,,2,,0,,12,,yes,NA,2,,30,,1.5,,,NA,,NA,,NA,,NA,,NA,,NA,,NA,,NA,30,,1.5,,yes,normal,normal,0,,46,,46,,turn and lift,yes,NA,yes,NA,yes,NA,small corer,yes,NA,yes,NA,yes,normal,24,,24,,turn and lift,NULL,,NULL,NULL,NULL,,NULL,,NULL
17/05/2023,TF29-X-04,TF29,Sample location delocated to a 10km square (see metadata),520000,390000,525000,395000,3,85,11,no,no,0,,2,,2,,12.4,,yes,NA,2,,30,,2,,,NA,,NA,,NA,,NA,,NA,,NA,,NA,,NA,30,,2,,yes,normal,normal,0,,46,,46,,turn and lift,yes,NA,yes,NA,yes,NA,small corer,yes,NA,yes,NA,yes,normal,19,,19,,turn and lift,NULL,,NULL,NULL,NULL,,NULL,,NULL
17/05/2023,TF29-X-04,TF29,Sample location delocated to a 10km square (see metadata),520000,390000,525000,395000,3,85,28,no,no,0,,3,,2,,12.3,,yes,NA,2,,30,,2,,,NA,,NA,,NA,,NA,,NA,,NA,,NA,,NA,30,,2,,yes,normal,normal,0,,45,,45,,turn and lift,yes,NA,yes,NA,yes,NA,small corer,yes,NA,yes,NA,yes,normal,22,,22,,turn and lift,NULL,,NULL,NULL,NULL,,NULL,,NULL
17/05/2023,TF29-X-04,TF29,Sample location delocated to a 10km square (see metadata),520000,390000,525000,395000,3,85,59,no,no,0,,1,,0,,12.7,,yes,NA,2,,30,,2,,,NA,,NA,,NA,,NA,,NA,,NA,,NA,,NA,30,,2,,yes,normal,normal,0,,45,,45,,turn and lift,yes,NA,yes,NA,yes,NA,small corer,yes,NA,yes,partial - NULL,yes,normal,20,,20,,turn and lift,NULL,,NULL,NULL,NULL,,NULL,,NULL
17/05/2023,TF29-X-04,TF29,Sample location delocated to a 10km square (see metadata),520000,390000,525000,395000,3,85,46,yes,no,0,,3,,0,,12.7,,yes,NA,2,,30,,2,,,NA,,NA,,NA,,NA,,NA,,NA,,NA,,NA,30,,2,,yes,normal,normal,0,,45,,45,,turn and lift,yes,NA,yes,NA,yes,NA,small corer,yes,NA,yes,partial - NULL,yes,normal,17,,17,,turn and lift,NULL,,NULL,NULL,NULL,,NULL,,NULL
19/05/2023,TF29-X-04,TF29,Sample location delocated to a 10km square (see metadata),520000,390000,525000,395000,5,109,11,no,no,0,,1,,0,,13.6,,yes,NA,2,,30,,1,,,NA,,NA,,NA,,NA,,NA,,NA,,NA,,NA,30,,1,,yes,normal,normal,,NULL,45,,45,,turn and lift,yes,NA,yes,NA,yes,NA,small corer,yes,NA,yes,partial - stones,yes,normal,18,,18,,turn and lift,NULL,,NULL,NULL,NULL,,NULL,,NULL
19/05/2023,TF29-X-04,TF29,Sample location delocated to a 10km square (see metadata),520000,390000,525000,395000,5,109,28,no,no,0,,0,,0,,13.9,,yes,NA,2,,30,,1,,,NA,,NA,,NA,,NA,,NA,,NA,,NA,,NA,30,,1,,yes,normal,normal,0,,47,,,NA,turn and lift,yes,NA,yes,NA,yes,NA,small corer,yes,NA,yes,partial - stones,yes,normal,20,,20,,turn and lift,NULL,,NULL,NULL,NULL,,NULL,,NULL
19/05/2023,TF29-X-04,TF29,Sample location delocated to a 10km square (see metadata),520000,390000,525000,395000,5,109,59,no,no,0,,0,,0,,14,,yes,NA,2,,30,,1,,,NA,,NA,,NA,,NA,,NA,,NA,,NA,,NA,30,,1,,yes,normal,normal,0,,45,,45,,turn and lift,yes,NA,yes,NA,yes,NA,small corer,yes,NA,yes,partial - NULL,yes,normal,18,,18,,turn and lift,NULL,,NULL,NULL,NULL,,NULL,,NULL
19/05/2023,TF29-X-04,TF29,Sample location delocated to a 10km square (see metadata),520000,390000,525000,395000,5,109,46,yes,no,0,,0,,0,,14.4,,yes,NA,2,,30,,1,,,NA,,NA,,NA,,NA,,NA,,NA,,NA,,NA,30,,1,,yes,normal,normal,0,,45,,45,,turn and lift,yes,NA,yes,NA,yes,NA,small corer,yes,NA,no,stones and hit chalk,yes,normal,18,,18,,turn and lift,NULL,,NULL,NULL,NULL,,NULL,,NULL
28/11/2023,TF30-X-14,TF30,Sample location delocated to a 10km square (see metadata),530000,300000,535000,305000,4,85,11,no,no,0,,7,,2,,5.5,,yes,NA,1,,30,,2.5,,,NA,,NA,,NA,,NA,,NA,,NA,,NA,,NA,30,,2.5,,yes,normal,normal,0,,44.6,,,NA,turn and lift,yes,NA,yes,NA,yes,NA,small corer,yes,NA,yes,NA,yes,normal,18.6,,18.6,,turn and lift,no,,NA,NA,NA,,NA,1,
28/11/2023,TF30-X-14,TF30,Sample location delocated to a 10km square (see metadata),530000,300000,535000,305000,4,85,46,no,no,0,,0,,0,,5.4,,yes,NA,1,,30,,2.5,,,NA,,NA,,NA,,NA,,NA,,NA,,NA,,NA,30,,2.5,,yes,normal,normal,0,,45.2,,,NA,turn and lift,yes,NA,yes,NA,yes,NA,small corer,yes,NA,yes,NA,yes,normal,16.5,,16.5,,turn and lift,no,,NA,NA,NA,,NA,1,
28/11/2023,TF30-X-14,TF30,Sample location delocated to a 10km square (see metadata),530000,300000,535000,305000,4,85,59,no,no,0,,3,,0,,4.9,,yes,NA,1,,30,,2.5,,,NA,,NA,,NA,,NA,,NA,,NA,,NA,,NA,30,,2.5,,yes,normal,normal,0,,47,,,NA,turn and lift,yes,NA,yes,NA,yes,NA,small corer,yes,NA,yes,NA,yes,normal,18.1,,18.1,,turn and lift,no,,NA,NA,NA,,NA,1,
28/11/2023,TF30-X-14,TF30,Sample location delocated to a 10km square (see metadata),530000,300000,535000,305000,4,85,28,no,no,0,,2,,1,,5,,yes,NA,1,,30,,2.5,,,NA,,NA,,NA,,NA,,NA,,NA,,NA,,NA,30,,2.5,,yes,normal,normal,0,,46.5,,,NA,turn and lift,yes,NA,yes,NA,yes,NA,small corer,yes,NA,yes,NA,yes,normal,18.6,,18.6,,turn and lift,no,,NA,NA,NA,,NA,1,
04/01/2024,TF30-X-14,TF30,Sample location delocated to a 10km square (see metadata),530000,300000,535000,305000,3,99,46,no,no,0,,9,,2,,7.3,,yes,NA,3,,30,,3,,,NA,,NA,,NA,,NA,,NA,,NA,,NA,,NA,30,,3,,yes,normal,normal,0,,47,,,NA,turn and lift,yes,NA,yes,NA,yes,NA,small corer,yes,NA,yes,NA,yes,normal,18,,18,,turn and lift,no,,NA,NA,NA,,NA,1,
04/01/2024,TF30-X-14,TF30,Sample location delocated to a 10km square (see metadata),530000,300000,535000,305000,3,99,59,no,no,0,,3,,2,,7.7,,yes,NA,3,,30,,3,,,NA,,NA,,NA,,NA,,NA,,NA,,NA,,NA,30,,3,,yes,normal,normal,0,,46.5,,,NA,turn and lift,yes,NA,yes,NA,yes,NA,small corer,yes,NA,yes,NA,yes,normal,18.1,,18.1,,turn and lift,no,,NA,NA,NA,,NA,1,
04/01/2024,TF30-X-14,TF30,Sample location delocated to a 10km square (see metadata),530000,300000,535000,305000,3,99,28,no,no,0,,14,,4,,7.7,,yes,NA,3,,30,,3.5,,,NA,,NA,,NA,,NA,,NA,,NA,,NA,,NA,30,,3.5,,yes,normal,normal,0,,45.3,,,NA,turn and lift,yes,NA,yes,NA,yes,NA,small corer,yes,NA,yes,NA,yes,normal,18.6,,18.6,,turn and lift,no,,NA,NA,NA,,NA,1,
04/01/2024,TF30-X-14,TF30,Sample location delocated to a 10km square (see metadata),530000,300000,535000,305000,3,99,11,no,no,0,,15,,9,,7.6,,yes,NA,3,,30,,3.5,,,NA,,NA,,NA,,NA,,NA,,NA,,NA,,NA,30,,3.5,,yes,normal,normal,0,,46.7,,,NA,turn and lift,yes,NA,yes,NA,yes,NA,small corer,yes,NA,yes,NA,yes,normal,17.5,,17.5,,turn and lift,no,,NA,NA,NA,,NA,1,
05/04/2023,TF32-X-48,TF32,Sample location delocated to a 10km square (see metadata),530000,320000,535000,325000,1,85,59,no,no,0,,5,,0,,6.5,,yes,NA,,NULL,30,,2,,,NA,,NA,,NA,,NA,,NA,,NA,,NA,,NA,30,,2,,yes,normal,normal,0,,45,,45,,turn and lift,yes,NA,yes,NA,yes,NA,small corer,yes,NA,yes,NA,yes,normal,19,,,NA,turn and lift,NULL,,NULL,NULL,NULL,,NULL,,NULL
05/04/2023,TF32-X-48,TF32,Sample location delocated to a 10km square (see metadata),530000,320000,535000,325000,1,85,28,no,no,0,,9,,1,,6.9,,yes,NA,2,,30,,1.5,,,NA,,NA,,NA,,NA,,NA,,NA,,NA,,NA,30,,1.5,,yes,normal,normal,0,,45,,45,,turn and lift,yes,NA,yes,NA,yes,NA,small corer,yes,NA,yes,NA,yes,normal,17.8,,17.8,,turn and lift,NULL,,NULL,NULL,NULL,,NULL,,NULL
05/04/2023,TF32-X-48,TF32,Sample location delocated to a 10km square (see metadata),530000,320000,535000,325000,1,85,11,no,no,0,,7,,0,,7.1,,yes,NA,2,,30,,1,,,NA,,NA,,NA,,NA,,NA,,NA,,NA,,NA,30,,1,,yes,normal,normal,0,,46,,46,,turn and lift,yes,NA,yes,NA,yes,NA,small corer,yes,NA,yes,NA,yes,normal,19.4,,19.4,,turn and lift,NULL,,NULL,NULL,NULL,,NULL,,NULL
05/04/2023,TF32-X-48,TF32,Sample location delocated to a 10km square (see metadata),530000,320000,535000,325000,1,85,46,no,no,0,,1,,0,,7.2,,yes,NA,2,,30,,1,,,NA,,NA,,NA,,NA,,NA,,NA,,NA,,NA,30,,1,,yes,normal,normal,0,,43.4,,43.4,,turn and lift,yes,NA,yes,NA,yes,NA,small corer,yes,NA,yes,NA,yes,normal,16.7,,16.7,,turn and lift,NULL,,NULL,NULL,NULL,,NULL,,NULL
13/02/2024,TF35-X-06,TF35,Sample location delocated to a 10km square (see metadata),530000,350000,535000,355000,1,86,46,no,no,0,,1,,0,,8.2,,yes,NA,,NULL,30,,5,,,NA,,NA,,NA,,NA,,NA,,NA,,NA,,NA,30,,5,,yes,normal,normal,0,,42.5,,,NA,turn and lift,yes,NA,yes,NA,yes,NA,small corer,yes,NA,yes,partial - hit rock,yes,normal,17,,17,,turn and lift,no,,NA,NA,NA,,NA,1,
13/02/2024,TF35-X-06,TF35,Sample location delocated to a 10km square (see metadata),530000,350000,535000,355000,1,86,59,no,no,0,,1,,0,,8.4,,yes,NA,,NULL,10,,2,,30,,1.5,,,NA,,NA,,NA,,NA,,NA,,NA,30,,1.7,,yes,normal,normal,0,,46.7,,,NA,turn and lift,yes,NA,yes,NA,yes,NA,small corer,yes,NA,yes,NA,yes,normal,17,,17,,turn and lift,no,,NA,NA,NA,,NA,1,
13/02/2024,TF35-X-06,TF35,Sample location delocated to a 10km square (see metadata),530000,350000,535000,355000,1,86,11,no,no,0,,3,,0,,10,,yes,NA,,NULL,15,,2,,30,,3.5,,,NA,,NA,,NA,,NA,,NA,,NA,30,,2.8,,yes,normal,normal,0,,44,,,NA,turn and lift,yes,NA,yes,NA,yes,NA,small corer,yes,NA,yes,NA,yes,normal,16,,,NA,turn and lift,no,,NA,NA,NA,,NA,1,
13/02/2024,TF35-X-06,TF35,Sample location delocated to a 10km square (see metadata),530000,350000,535000,355000,1,86,28,no,no,0,,2,,0,,10.1,,yes,NA,,NULL,30,,2.5,,,NA,,NA,,NA,,NA,,NA,,NA,,NA,,NA,30,,2.5,,yes,normal,normal,0,,46,,,NA,turn and lift,yes,NA,yes,NA,yes,NA,small corer,yes,NA,yes,NA,yes,normal,16,,16,,turn and lift,no,,NA,NA,NA,,NA,1,
15/02/2024,TF35-X-06,TF35,Sample location delocated to a 10km square (see metadata),530000,350000,535000,355000,4,85,46,yes,no,0,,3,,0,,9.8,,yes,NA,,NULL,30,,2.5,,,NA,,NA,,NA,,NA,,NA,,NA,,NA,,NA,30,,2.5,,yes,normal,normal,0,,46,,,NA,turn and lift,yes,NA,yes,NA,yes,NA,small corer,yes,NA,yes,NA,yes,normal,16,,16,,turn and lift,no,,NA,NA,NA,,NA,1,
15/02/2024,TF35-X-06,TF35,Sample location delocated to a 10km square (see metadata),530000,350000,535000,355000,4,85,59,yes,no,0,,5,,0,,9.9,,yes,NA,,NULL,30,,2,,,NA,,NA,,NA,,NA,,NA,,NA,,NA,,NA,30,,2,,yes,normal,normal,0,,4,,,NULL,turn and lift,yes,NA,yes,NA,yes,NA,small corer,yes,NA,yes,NA,yes,normal,17,,17,,turn and lift,no,,NA,NA,NA,,NA,1,
15/02/2024,TF35-X-06,TF35,Sample location delocated to a 10km square (see metadata),530000,350000,535000,355000,4,85,28,yes,no,0,,5,,0,,9.9,,yes,NA,,NULL,20,,2,,30,,1,,,NA,,NA,,NA,,NA,,NA,,NA,30,,1.7,,yes,normal,normal,0,,45,,,NA,turn and lift,yes,NA,yes,NA,yes,NA,small corer,yes,NA,yes,NA,yes,normal,17,,17,,turn and lift,no,,NA,NA,NA,,NA,1,
15/02/2024,TF35-X-06,TF35,Sample location delocated to a 10km square (see metadata),530000,350000,535000,355000,4,85,11,yes,no,0,,2,,0,,10,,yes,NA,,NULL,30,,2.5,,,NA,,NA,,NA,,NA,,NA,,NA,,NA,,NA,30,,2.5,,yes,normal,normal,0,,44.5,,,NA,turn and lift,yes,NA,yes,NA,yes,NA,small corer,yes,NA,yes,NA,yes,normal,16.5,,16.5,,turn and lift,no,,NA,NA,NA,,NA,1,
21/03/2024,TF35-X-06,TF35,Sample location delocated to a 10km square (see metadata),530000,350000,535000,355000,3,21,11,yes,no,0,,0,,0,,9.7,,yes,NA,2,,16,,1,,,NA,,NA,,NA,,NA,,NA,,NA,,NA,,NA,16,,1,,yes,normal,normal,0,,41,,,NA,turn and lift,yes,NA,yes,NA,yes,NA,small corer,yes,NA,yes,NA,yes,normal,21,,21,,turn and lift,no,,NA,NA,NA,,NA,1,
21/03/2024,TF35-X-06,TF35,Sample location delocated to a 10km square (see metadata),530000,350000,535000,355000,3,21,28,yes,no,0,,2,,0,,9.7,,yes,NA,1,,20,,2,,30,,2,,,NA,,NA,,NA,,NA,,NA,,NA,30,,2,,yes,normal,normal,0,,40.1,,,NA,turn and lift,yes,NA,yes,NA,yes,NA,small corer,yes,NA,yes,NA,yes,normal,19,,19,,turn and lift,no,,NA,NA,NA,,NA,1,
21/03/2024,TF35-X-06,TF35,Sample location delocated to a 10km square (see metadata),530000,350000,535000,355000,3,21,46,no,no,0,,2,,0,,9.4,,yes,NA,2,,17,,1,,,NA,,NA,,NA,,NA,,NA,,NA,,NA,,NA,17,,1,,yes,normal,normal,0,,47,,,NA,turn and lift,yes,NA,yes,NA,yes,NA,small corer,yes,NA,yes,NA,yes,normal,20,,,NA,turn and lift,no,,NA,NA,NA,,NA,1,
21/03/2024,TF35-X-06,TF35,Sample location delocated to a 10km square (see metadata),530000,350000,535000,355000,3,21,59,no,no,0,,4,,0,,9.4,,yes,NA,2,,18,,1,,,NA,,NA,,NA,,NA,,NA,,NA,,NA,,NA,18,,1,,yes,normal,normal,0,,41,,,NA,turn and lift,yes,NA,yes,NA,yes,NA,small corer,yes,NA,yes,NA,yes,normal,22,,,NA,turn and lift,no,,NA,NA,NA,,NA,1,
03/05/2023,TF35-X-23,TF35,Sample location delocated to a 10km square (see metadata),530000,350000,535000,355000,3,98,11,no,no,0,,5,,7,,10.4,,yes,NA,2,,20,,2.5,,30,,3,,,NA,,NA,,NA,,NA,,NA,,NA,30,,2.7,,yes,normal,normal,0,,45,,45,,turn and lift,yes,NA,yes,NA,yes,NA,small corer,yes,NA,yes,NA,yes,normal,18,,18,,turn and lift,NULL,,NULL,NULL,NULL,,NULL,,NULL
03/05/2023,TF35-X-23,TF35,Sample location delocated to a 10km square (see metadata),530000,350000,535000,355000,3,98,28,no,no,0,,5,,9,,10.6,,yes,NA,2,,20,,2.5,,30,,3,,,NA,,NA,,NA,,NA,,NA,,NA,30,,2.7,,yes,normal,normal,0,,42,,42,,turn and lift,yes,NA,yes,NA,yes,NA,small corer,yes,NA,yes,NA,yes,normal,19,,19,,turn and lift,NULL,,NULL,NULL,NULL,,NULL,,NULL
03/05/2023,TF35-X-23,TF35,Sample location delocated to a 10km square (see metadata),530000,350000,535000,355000,3,98,46,no,no,0,,8,,5,,10.8,,yes,NA,2,,20,,2.5,,30,,3,,,NA,,NA,,NA,,NA,,NA,,NA,30,,2.7,,yes,normal,normal,0,,46,,46,,turn and lift,yes,NA,yes,NA,yes,NA,small corer,yes,NA,yes,NA,yes,normal,19,,19,,turn and lift,NULL,,NULL,NULL,NULL,,NULL,,NULL
03/05/2023,TF35-X-23,TF35,Sample location delocated to a 10km square (see metadata),530000,350000,535000,355000,3,98,59,no,no,0,,9,,6,,10.6,,yes,NA,2,,20,,2.5,,30,,3,,,NA,,NA,,NA,,NA,,NA,,NA,30,,2.7,,yes,normal,normal,0,,45,,45,,turn and lift,yes,NA,yes,NA,yes,NA,small corer,yes,NA,yes,NA,yes,normal,19,,19,,turn and lift,NULL,,NULL,NULL,NULL,,NULL,,NULL
04/05/2023,TF35-X-23,TF35,Sample location delocated to a 10km square (see metadata),530000,350000,535000,355000,2,32,11,no,no,0,,1,,0,,10.7,,yes,NA,2,,30,,3.5,,,NA,,NA,,NA,,NA,,NA,,NA,,NA,,NA,30,,3.5,,yes,normal,normal,0,,44,,44,,turn and lift,yes,NA,yes,NA,yes,NA,small corer,yes,NA,yes,NA,yes,normal,17,,17,,turn and lift,NULL,,NULL,NULL,NULL,,NULL,,NULL
04/05/2023,TF35-X-23,TF35,Sample location delocated to a 10km square (see metadata),530000,350000,535000,355000,2,32,28,yes,no,0,,1,,3,,10.2,,yes,NA,2,,30,,3.5,,,NA,,NA,,NA,,NA,,NA,,NA,,NA,,NA,30,,3.5,,yes,normal,normal,0,,45,,45,,turn and lift,yes,NA,yes,NA,yes,NA,small corer,yes,NA,yes,NA,yes,normal,19,,19,,turn and lift,NULL,,NULL,NULL,NULL,,NULL,,NULL
04/05/2023,TF35-X-23,TF35,Sample location delocated to a 10km square (see metadata),530000,350000,535000,355000,2,32,59,yes,no,0,,3,,0,,10.4,,yes,NA,2,,30,,3.5,,,NA,,NA,,NA,,NA,,NA,,NA,,NA,,NA,30,,3.5,,yes,normal,normal,0,,45,,45,,turn and lift,yes,NA,yes,NA,yes,NA,small corer,yes,NA,yes,NA,yes,normal,17,,17,,turn and lift,NULL,,NULL,NULL,NULL,,NULL,,NULL
04/05/2023,TF35-X-23,TF35,Sample location delocated to a 10km square (see metadata),530000,350000,535000,355000,2,32,46,yes,no,0,,4,,0,,10.3,,yes,NA,2,,30,,3.5,,,NA,,NA,,NA,,NA,,NA,,NA,,NA,,NA,30,,3.5,,yes,normal,normal,0,,46,,46,,turn and lift,yes,NA,yes,NA,yes,NA,small corer,yes,NA,yes,NA,yes,normal,18,,18,,turn and lift,NULL,,NULL,NULL,NULL,,NULL,,NULL
04/05/2023,TF35-X-23,TF35,Sample location delocated to a 10km square (see metadata),530000,350000,535000,355000,4,85,11,yes,no,0,,7,,1,,11.5,,yes,NA,,NULL,30,,4,,,NA,,NA,,NA,,NA,,NA,,NA,,NA,,NA,30,,4,,yes,normal,normal,0,,45,,45,,turn and lift,yes,NA,yes,NA,yes,NA,small corer,yes,NA,yes,NA,yes,normal,18,,18,,turn and lift,NULL,,NULL,NULL,NULL,,NULL,,NULL
04/05/2023,TF35-X-23,TF35,Sample location delocated to a 10km square (see metadata),530000,350000,535000,355000,4,85,28,yes,no,0,,3,,0,,11.9,,yes,NA,2,,30,,4,,,NA,,NA,,NA,,NA,,NA,,NA,,NA,,NA,30,,4,,yes,normal,normal,0,,44,,44,,turn and lift,yes,NA,yes,NA,yes,NA,small corer,yes,NA,yes,NA,yes,normal,18,,18,,turn and lift,NULL,,NULL,NULL,NULL,,NULL,,NULL
04/05/2023,TF35-X-23,TF35,Sample location delocated to a 10km square (see metadata),530000,350000,535000,355000,4,85,59,yes,no,0,,3,,2,,12.4,,yes,NA,2,,30,,4,,,NA,,NA,,NA,,NA,,NA,,NA,,NA,,NA,30,,4,,yes,normal,normal,0,,45,,45,,turn and lift,yes,NA,yes,NA,yes,NA,small corer,yes,NA,yes,NA,yes,normal,18,,18,,turn and lift,NULL,,NULL,NULL,NULL,,NULL,,NULL
04/05/2023,TF35-X-23,TF35,Sample location delocated to a 10km square (see metadata),530000,350000,535000,355000,4,85,46,yes,no,0,,2,,3,,12.2,,yes,NA,,NULL,30,,4,,,NA,,NA,,NA,,NA,,NA,,NA,,NA,,NA,30,,4,,yes,normal,normal,0,,44,,44,,turn and lift,yes,NA,yes,NA,yes,NA,small corer,yes,NA,yes,NA,yes,normal,19,,19,,turn and lift,NULL,,NULL,NULL,NULL,,NULL,,NULL
15/11/2023,TF40-X-88,TF40,Sample location delocated to a 10km square (see metadata),540000,300000,545000,305000,3,85,46,no,no,0,,1,,0,,8.3,,yes,NA,1,,30,,2,,,NA,,NA,,NA,,NA,,NA,,NA,,NA,,NA,30,,2,,yes,normal,normal,0,,47,,,NA,turn and lift,yes,NA,yes,NA,yes,NA,small corer,yes,NA,yes,NA,yes,normal,15.4,,15.4,,turn and lift,no,,NA,NA,NA,,NA,1,
15/11/2023,TF40-X-88,TF40,Sample location delocated to a 10km square (see metadata),540000,300000,545000,305000,1,85,11,no,no,0,,2,,0,,8,,yes,NA,,NULL,15,,1,,30,,1.5,,,NA,,NA,,NA,,NA,,NA,,NA,30,,1.3,,yes,normal,normal,0,,44.2,,,NA,dig and tip,yes,NA,yes,NA,yes,NA,small corer,yes,NA,yes,NA,yes,normal,20.1,,20.1,,dig and tip,no,,NA,NA,NA,,NA,1,
15/11/2023,TF40-X-88,TF40,Sample location delocated to a 10km square (see metadata),540000,300000,545000,305000,3,85,28,no,no,0,,0,,1,,7.8,,yes,NA,1,,30,,2,,,NA,,NA,,NA,,NA,,NA,,NA,,NA,,NA,30,,2,,yes,normal,normal,0,,45.4,,,NA,turn and lift,yes,NA,yes,NA,yes,NA,small corer,yes,NA,yes,NA,yes,normal,17.8,,17.8,,turn and lift,no,,NA,NA,NA,,NA,1,
15/11/2023,TF40-X-88,TF40,Sample location delocated to a 10km square (see metadata),540000,300000,545000,305000,1,85,59,no,no,0,,1,,1,,7.6,,yes,NA,2,,15,,1,,30,,2,,,NA,,NA,,NA,,NA,,NA,,NA,30,,1.5,,yes,normal,normal,0,,43.9,,,NA,dig and tip,yes,NA,yes,NA,yes,NA,small corer,yes,NA,yes,NA,yes,normal,18.1,,18.1,,dig and tip,no,,NA,NA,NA,,NA,1,
15/11/2023,TF40-X-88,TF40,Sample location delocated to a 10km square (see metadata),540000,300000,545000,305000,2,85,59,no,no,0,,0,,0,,7.8,,yes,NA,2,,30,,1.5,,,NA,,NA,,NA,,NA,,NA,,NA,,NA,,NA,30,,1.5,,yes,normal,normal,0,,44.6,,,NA,dig and tip,yes,NA,yes,NA,yes,NA,small corer,yes,NA,yes,NA,yes,normal,22.7,,22.7,,dig and tip,no,,NA,NA,NA,,NA,1,
15/11/2023,TF40-X-88,TF40,Sample location delocated to a 10km square (see metadata),540000,300000,545000,305000,2,85,46,no,no,0,,6,,0,,7.6,,yes,NA,,NULL,30,,1,,,NA,,NA,,NA,,NA,,NA,,NA,,NA,,NA,30,,1,,yes,normal,normal,0,,44.4,,,NA,dig and tip,yes,NA,yes,NA,yes,NA,small corer,yes,NA,yes,NA,yes,normal,21.1,,21.1,,dig and tip,no,,NA,NA,NA,,NA,1,
15/11/2023,TF40-X-88,TF40,Sample location delocated to a 10km square (see metadata),540000,300000,545000,305000,2,85,11,no,no,0,,5,,1,,8.1,,yes,NA,2,,30,,1.5,,,NA,,NA,,NA,,NA,,NA,,NA,,NA,,NA,30,,1.5,,yes,normal,normal,0,,43.2,,,NA,dig and tip,yes,NA,yes,NA,yes,NA,small corer,yes,NA,yes,NA,yes,normal,21.9,,21.9,,dig and tip,no,,NA,NA,NA,,NA,1,
15/11/2023,TF40-X-88,TF40,Sample location delocated to a 10km square (see metadata),540000,300000,545000,305000,2,85,28,no,no,0,,3,,3,,7.9,,yes,NA,2,,30,,1.5,,,NA,,NA,,NA,,NA,,NA,,NA,,NA,,NA,30,,1.5,,yes,normal,normal,0,,44.9,,,NA,dig and tip,yes,NA,yes,NA,yes,NA,small corer,yes,NA,yes,NA,yes,normal,21.1,,21.1,,dig and tip,no,,NA,NA,NA,,NA,1,
15/11/2023,TF40-X-88,TF40,Sample location delocated to a 10km square (see metadata),540000,300000,545000,305000,3,85,11,no,no,0,,1,,1,,7.9,,yes,NA,1,,30,,1.5,,,NA,,NA,,NA,,NA,,NA,,NA,,NA,,NA,30,,1.5,,yes,normal,normal,0,,46.1,,,NA,turn and lift,yes,NA,yes,NA,yes,NA,small corer,yes,NA,yes,NA,yes,normal,19.4,,19.4,,turn and lift,no,,NA,NA,NA,,NA,1,
15/11/2023,TF40-X-88,TF40,Sample location delocated to a 10km square (see metadata),540000,300000,545000,305000,1,85,46,no,no,0,,1,,0,,7.6,,yes,NA,2,,30,,1,,,NA,,NA,,NA,,NA,,NA,,NA,,NA,,NA,30,,1,,yes,normal,normal,0,,41.5,,,NA,dig and tip,yes,NA,yes,NA,yes,NA,small corer,yes,NA,yes,NA,yes,normal,21.8,,21.8,,dig and tip,no,,NA,NA,NA,,NA,1,
15/11/2023,TF40-X-88,TF40,Sample location delocated to a 10km square (see metadata),540000,300000,545000,305000,1,85,28,no,no,0,,0,,0,,8,,yes,NA,2,,15,,1,,30,,1.5,,,NA,,NA,,NA,,NA,,NA,,NA,30,,1.3,,yes,normal,normal,0,,45.7,,,NA,dig and tip,yes,NA,yes,NA,yes,NA,small corer,yes,NA,yes,NA,yes,normal,23.8,,23.8,,dig and tip,no,,NA,NA,NA,,NA,1,
15/11/2023,TF40-X-88,TF40,Sample location delocated to a 10km square (see metadata),540000,300000,545000,305000,3,85,59,no,no,0,,1,,2,,7.7,,yes,NA,1,,15,,1.5,,30,,2.5,,,NA,,NA,,NA,,NA,,NA,,NA,30,,2,,yes,normal,normal,0,,45,,,NA,turn and lift,yes,NA,yes,NA,yes,NA,small corer,yes,NA,yes,NA,yes,normal,17.1,,17.1,,turn and lift,no,,NA,NA,NA,,NA,1,
16/11/2023,TF40-X-88,TF40,Sample location delocated to a 10km square (see metadata),540000,300000,545000,305000,4,98,59,no,no,0,,5,,0,,6.3,,yes,NA,2,,10,,1,,30,,1.5,,,NA,,NA,,NA,,NA,,NA,,NA,30,,1.3,,yes,normal,normal,0,,42.4,,,NA,turn and lift,yes,NA,yes,NA,yes,NA,small corer,yes,NA,yes,NA,yes,normal,17.2,,17.2,,turn and lift,no,,NA,NA,NA,,NA,1,
16/11/2023,TF40-X-88,TF40,Sample location delocated to a 10km square (see metadata),540000,300000,545000,305000,4,98,46,no,no,0,,3,,0,,6.5,,yes,NA,2,,15,,1,,30,,1.5,,,NA,,NA,,NA,,NA,,NA,,NA,30,,1.3,,yes,normal,normal,0,,43,,,NA,turn and lift,yes,NA,yes,NA,yes,NA,small corer,yes,NA,yes,NA,yes,normal,18.7,,18.7,,turn and lift,no,,NA,NA,NA,,NA,1,
16/11/2023,TF40-X-88,TF40,Sample location delocated to a 10km square (see metadata),540000,300000,545000,305000,4,98,11,no,no,0,,1,,2,,6.3,,yes,NA,2,,20,,1,,30,,1.5,,,NA,,NA,,NA,,NA,,NA,,NA,30,,1.2,,yes,normal,normal,0,,44.4,,,NA,turn and lift,yes,NA,yes,NA,yes,NA,small corer,yes,NA,yes,NA,yes,normal,19.8,,19.8,,turn and lift,no,,NA,NA,NA,,NA,1,
16/11/2023,TF40-X-88,TF40,Sample location delocated to a 10km square (see metadata),540000,300000,545000,305000,4,98,28,no,no,0,,3,,0,,6.5,,yes,NA,2,,20,,1,,30,,1,,,NA,,NA,,NA,,NA,,NA,,NA,30,,1,,yes,normal,normal,0,,43.6,,,NA,turn and lift,yes,NA,yes,NA,yes,NA,small corer,yes,NA,yes,NA,yes,normal,17.6,,17.6,,turn and lift,no,,NA,NA,NA,,NA,1,
13/02/2024,TF41-X-84,TF41,Sample location delocated to a 10km square (see metadata),540000,310000,545000,315000,1,131,28,no,no,0,,8,,0,,5.2,,yes,NA,2,,20,,1,,,NA,,NA,,NA,,NA,,NA,,NA,,NA,,NA,20,,1,,yes,normal,normal,0,,43,,,NA,turn and lift,yes,NA,yes,NA,yes,NA,small corer,yes,NA,yes,NA,yes,normal,15.5,,15.5,,turn and lift,no,,NA,NA,NA,,NA,1,
13/02/2024,TF41-X-84,TF41,Sample location delocated to a 10km square (see metadata),540000,310000,545000,315000,1,131,59,no,no,0,,7,,0,,8.2,,yes,NA,1,,30,,1.5,,,NA,,NA,,NA,,NA,,NA,,NA,,NA,,NA,30,,1.5,,yes,normal,normal,0,,49,,,NA,turn and lift,yes,NA,yes,NA,yes,NA,small corer,yes,NA,yes,NA,yes,normal,19,,19,,turn and lift,no,,NA,NA,NA,,NA,1,
13/02/2024,TF41-X-84,TF41,Sample location delocated to a 10km square (see metadata),540000,310000,545000,315000,1,131,46,yes,no,0,,3,,0,,8.2,,yes,NA,2,,27,,1,,,NA,,NA,,NA,,NA,,NA,,NA,,NA,,NA,27,,1,,yes,normal,normal,0,,43,,,NA,turn and lift,yes,NA,yes,NA,yes,NA,small corer,yes,NA,yes,NA,yes,normal,18,,18,,turn and lift,no,,NA,NA,NA,,NA,1,
13/02/2024,TF41-X-84,TF41,Sample location delocated to a 10km square (see metadata),540000,310000,545000,315000,1,131,11,no,no,0,,4,,0,,8.1,,yes,NA,2,,26,,1,,,NA,,NA,,NA,,NA,,NA,,NA,,NA,,NA,26,,1,,yes,normal,normal,0,,46,,,NA,turn and lift,yes,NA,yes,NA,yes,NA,small corer,yes,NA,yes,NA,yes,normal,18,,18,,turn and lift,no,,NA,NA,NA,,NA,1,
14/02/2024,TF41-X-84,TF41,Sample location delocated to a 10km square (see metadata),540000,310000,545000,315000,4,13,57,no,no,0,,1,,0,,10.7,,yes,NA,2,,18,,1,,30,,2,,,NA,,NA,,NA,,NA,,NA,,NA,30,,1.4,,yes,normal,normal,0,,45,,,NA,dig and tip,yes,NA,yes,NA,yes,NA,small corer,yes,NA,yes,NA,yes,normal,16,,16,,turn and lift,no,,NA,NA,NA,,NA,1,
14/02/2024,TF41-X-84,TF41,Sample location delocated to a 10km square (see metadata),540000,310000,545000,315000,4,13,11,no,no,0,,2,,0,,10.3,,yes,NA,2,,30,,1,,,NA,,NA,,NA,,NA,,NA,,NA,,NA,,NA,30,,1,,yes,normal,normal,0,,43,,,NA,dig and tip,yes,NA,yes,NA,yes,NA,small corer,yes,NA,yes,NA,yes,normal,16,,16,,dig and tip,no,,NA,NA,NA,,NA,1,
14/02/2024,TF41-X-84,TF41,Sample location delocated to a 10km square (see metadata),540000,310000,545000,315000,4,13,28,no,no,0,,4,,0,,10.5,,yes,NA,2,,30,,1,,,NA,,NA,,NA,,NA,,NA,,NA,,NA,,NA,30,,1,,yes,normal,normal,0,,45,,,NA,turn and lift,yes,NA,yes,NA,no,shallow_soil,small corer,yes,NA,yes,NA,yes,normal,19,,19,,dig and tip,no,,NA,NA,NA,,NA,1,
14/02/2024,TF41-X-84,TF41,Sample location delocated to a 10km square (see metadata),540000,310000,545000,315000,4,13,46,no,no,0,,2,,0,,9.5,,yes,NA,2,,30,,1,,,NA,,NA,,NA,,NA,,NA,,NA,,NA,,NA,30,,1,,yes,normal,normal,0,,42,,,NA,dig and tip,yes,NA,yes,NA,no,shallow_soil,small corer,yes,NA,yes,NA,yes,normal,20,,20,,turn and lift,no,,NA,NA,NA,,NA,1,
12/02/2024,TF41-X-84,TF41,Sample location delocated to a 10km square (see metadata),540000,310000,545000,315000,2,11,11,no,no,0,,0,,0,,6.3,,yes,NA,2,,20,,1,,,NA,,NA,,NA,,NA,,NA,,NA,,NA,,NA,20,,1,,yes,normal,normal,0,,41,,,NA,turn and lift,yes,NA,yes,NA,yes,NA,small corer,yes,NA,yes,NA,yes,normal,22,,22,,turn and lift,no,,NA,NA,NA,,NA,1,
12/02/2024,TF41-X-84,TF41,Sample location delocated to a 10km square (see metadata),540000,310000,545000,315000,2,11,28,yes,no,0,,2,,0,,6.5,,yes,NA,1,,20,,1,,30,,2,,,NA,,NA,,NA,,NA,,NA,,NA,30,,1.3,,yes,normal,normal,0,,41,,,NA,turn and lift,yes,NA,yes,NA,yes,NA,small corer,yes,NA,yes,NA,yes,normal,15,,15,,turn and lift,no,,NA,NA,NA,,NA,1,
12/02/2024,TF41-X-84,TF41,Sample location delocated to a 10km square (see metadata),540000,310000,545000,315000,2,11,46,no,no,0,,3,,0,,5,,yes,NA,,NULL,20,,1,,,NA,,NA,,NA,,NA,,NA,,NA,,NA,,NA,20,,1,,yes,normal,normal,0,,33.5,,,NULL,turn and lift,yes,NA,yes,NA,yes,NA,small corer,yes,NA,yes,NA,yes,normal,18,,18,,turn and lift,no,,NA,NA,NA,,NA,1,
12/02/2024,TF41-X-84,TF41,Sample location delocated to a 10km square (see metadata),540000,310000,545000,315000,2,11,59,no,no,0,,5,,0,,5,,yes,NA,2,,20,,1,,,NA,,NA,,NA,,NA,,NA,,NA,,NA,,NA,20,,1,,yes,normal,normal,0,,42,,,NA,turn and lift,yes,NA,yes,NA,yes,NA,small corer,yes,NA,yes,NA,yes,normal,15.2,,15.2,,turn and lift,no,,NA,NA,NA,,NA,1,
31/10/2023,TF42-X-59,TF42,Sample location delocated to a 10km square (see metadata),540000,320000,545000,325000,3,60,46,no,no,0,,3,,1,,9.5,,yes,NA,2,,30,,1.5,,,NA,,NA,,NA,,NA,,NA,,NA,,NA,,NA,30,,1.5,,yes,normal,normal,0,,46.7,,,NA,turn and lift,yes,NA,yes,NA,yes,NA,small corer,yes,NA,yes,NA,yes,normal,16.4,,16.4,,dig and tip,no,,NA,NA,NA,,NA,1,
31/10/2023,TF42-X-59,TF42,Sample location delocated to a 10km square (see metadata),540000,320000,545000,325000,3,60,59,no,no,0,,3,,0,,9.5,,yes,NA,2,,30,,1.5,,,NA,,NA,,NA,,NA,,NA,,NA,,NA,,NA,30,,1.5,,yes,normal,normal,0,,46.4,,,NA,turn and lift,yes,NA,yes,NA,yes,NA,small corer,yes,NA,yes,NA,yes,normal,19.2,,19.2,,dig and tip,no,,NA,NA,NA,,NA,1,
31/10/2023,TF42-X-59,TF42,Sample location delocated to a 10km square (see metadata),540000,320000,545000,325000,3,60,28,no,no,0,,3,,1,,9.4,,yes,NA,2,,30,,1.5,,,NA,,NA,,NA,,NA,,NA,,NA,,NA,,NA,30,,1.5,,yes,normal,normal,0,,46.1,,,NA,turn and lift,yes,NA,yes,NA,yes,NA,small corer,yes,NA,yes,NA,yes,normal,19.1,,19.1,,dig and tip,no,,NA,NA,NA,,NA,1,
31/10/2023,TF42-X-59,TF42,Sample location delocated to a 10km square (see metadata),540000,320000,545000,325000,3,60,11,no,no,0,,2,,1,,9.7,,yes,NA,2,,30,,1,,,NA,,NA,,NA,,NA,,NA,,NA,,NA,,NA,30,,1,,yes,normal,normal,0,,47.2,,,NA,turn and lift,yes,NA,yes,NA,yes,NA,small corer,yes,NA,yes,NA,yes,normal,18.6,,,NA,dig and tip,no,,NA,NA,NA,,NA,1,
01/11/2023,TF42-X-59,TF42,Sample location delocated to a 10km square (see metadata),540000,320000,545000,325000,4,72,46,no,no,0,,2,,0,,10.2,,yes,NA,2,,20,,1.5,,30,,1.5,,,NA,,NA,,NA,,NA,,NA,,NA,30,,1.5,,yes,normal,normal,0,,45.7,,,NA,turn and lift,yes,NA,yes,NA,yes,NA,small corer,yes,NA,yes,NA,yes,normal,19.1,,19.1,,dig and tip,no,,NA,NA,NA,,NA,1,
01/11/2023,TF42-X-59,TF42,Sample location delocated to a 10km square (see metadata),540000,320000,545000,325000,4,72,11,no,no,0,,3,,1,,10.5,,yes,NA,2,,20,,1.5,,30,,1.5,,,NA,,NA,,NA,,NA,,NA,,NA,30,,1.5,,yes,normal,normal,0,,45.5,,,NA,turn and lift,yes,NA,yes,NA,yes,NA,small corer,yes,NA,yes,NA,yes,normal,18.6,,18.6,,dig and tip,no,,NA,NA,NA,,NA,1,
01/11/2023,TF42-X-59,TF42,Sample location delocated to a 10km square (see metadata),540000,320000,545000,325000,4,72,28,no,no,0,,0,,1,,10.4,,yes,NA,2,,20,,2,,30,,1.5,,,NA,,NA,,NA,,NA,,NA,,NA,30,,1.8,,yes,normal,normal,0,,46.2,,,NA,turn and lift,yes,NA,yes,NA,yes,NA,small corer,yes,NA,yes,NA,yes,normal,16.9,,16.9,,dig and tip,no,,NA,NA,NA,,NA,1,
01/11/2023,TF42-X-59,TF42,Sample location delocated to a 10km square (see metadata),540000,320000,545000,325000,4,72,59,no,no,0,,1,,0,,10.3,,yes,NA,1,,20,,1.5,,30,,3,,,NA,,NA,,NA,,NA,,NA,,NA,30,,2,,yes,normal,normal,0,,43.6,,,NA,turn and lift,yes,NA,yes,NA,yes,NA,small corer,yes,NA,yes,NA,yes,normal,22.5,,22.5,,dig and tip,no,,NA,NA,NA,,NA,1,
01/11/2023,TF42-X-59,TF42,Sample location delocated to a 10km square (see metadata),540000,320000,545000,325000,2,84,46,no,no,0,,3,,2,,10.5,,yes,NA,1,,20,,1.5,,30,,3,,,NA,,NA,,NA,,NA,,NA,,NA,30,,2,,yes,normal,normal,0,,48.4,,,NA,turn and lift,yes,NA,yes,NA,yes,NA,small corer,yes,NA,yes,NA,yes,normal,19.8,,19.8,,dig and tip,no,,NA,NA,NA,,NA,1,
01/11/2023,TF42-X-59,TF42,Sample location delocated to a 10km square (see metadata),540000,320000,545000,325000,2,84,59,no,no,0,,6,,3,,10.8,,yes,NA,1,,20,,1.5,,30,,3,,,NA,,NA,,NA,,NA,,NA,,NA,30,,2,,yes,normal,normal,0,,45.5,,,NA,turn and lift,yes,NA,yes,NA,yes,NA,small corer,yes,NA,yes,NA,yes,normal,19.1,,19.1,,dig and tip,no,,NA,NA,NA,,NA,1,
01/11/2023,TF42-X-59,TF42,Sample location delocated to a 10km square (see metadata),540000,320000,545000,325000,2,84,28,no,no,0,,3,,3,,10.8,,yes,NA,1,,20,,1,,30,,2.5,,,NA,,NA,,NA,,NA,,NA,,NA,30,,1.5,,yes,normal,normal,0,,46.7,,,NA,turn and lift,yes,NA,yes,NA,yes,NA,small corer,yes,NA,yes,NA,yes,normal,20.2,,20.2,,dig and tip,no,,NA,NA,NA,,NA,1,
01/11/2023,TF42-X-59,TF42,Sample location delocated to a 10km square (see metadata),540000,320000,545000,325000,2,84,11,no,no,0,,10,,2,,10.7,,yes,NA,1,,20,,1.5,,30,,2.5,,,NA,,NA,,NA,,NA,,NA,,NA,30,,1.8,,yes,normal,normal,0,,44,,,NA,turn and lift,yes,NA,yes,NA,yes,NA,small corer,yes,NA,yes,NA,yes,normal,17.8,,17.8,,dig and tip,no,,NA,NA,NA,,NA,1,
18/03/2024,TF50-X-06,TF50,Sample location delocated to a 10km square (see metadata),550000,300000,555000,305000,3,85,11,no,no,0,,5,,2,,9.1,,yes,NA,1,,30,,3,,,NA,,NA,,NA,,NA,,NA,,NA,,NA,,NA,30,,3,,yes,normal,normal,0,,43,,,NA,turn and lift,yes,NA,yes,NA,yes,NA,small corer,yes,NA,yes,NA,yes,normal,19,,19,,turn and lift,no,,NA,NA,NA,,NA,1,
18/03/2024,TF50-X-06,TF50,Sample location delocated to a 10km square (see metadata),550000,300000,555000,305000,3,85,28,no,no,0,,10,,5,,9.1,,yes,NA,1,,30,,3,,,NA,,NA,,NA,,NA,,NA,,NA,,NA,,NA,30,,3,,yes,normal,normal,0,,43,,,NA,turn and lift,yes,NA,yes,NA,yes,NA,small corer,yes,NA,yes,NA,yes,normal,20,,20,,turn and lift,no,,NA,NA,NA,,NA,1,
18/03/2024,TF50-X-06,TF50,Sample location delocated to a 10km square (see metadata),550000,300000,555000,305000,3,85,46,no,no,0,,1,,0,,9.2,,yes,NA,1,,30,,3,,,NA,,NA,,NA,,NA,,NA,,NA,,NA,,NA,30,,3,,yes,normal,normal,0,,44,,,NA,turn and lift,yes,NA,yes,NA,yes,NA,small corer,yes,NA,yes,NA,yes,normal,20,,20,,turn and lift,no,,NA,NA,NA,,NA,1,
18/03/2024,TF50-X-06,TF50,Sample location delocated to a 10km square (see metadata),550000,300000,555000,305000,3,85,59,no,no,0,,1,,1,,9.7,,yes,NA,1,,30,,3,,,NA,,NA,,NA,,NA,,NA,,NA,,NA,,NA,30,,3,,yes,normal,normal,0,,44,,,NA,turn and lift,yes,NA,yes,NA,yes,NA,small corer,yes,NA,yes,NA,yes,normal,22,,22,,turn and lift,no,,NA,NA,NA,,NA,1,
19/03/2024,TF50-X-06,TF50,Sample location delocated to a 10km square (see metadata),550000,300000,555000,305000,1,70,11,yes,no,0,,3,,3,,9.8,,yes,NA,1,,30,,3,,,NA,,NA,,NA,,NA,,NA,,NA,,NA,,NA,30,,3,,yes,normal,normal,0,,44,,,NA,turn and lift,yes,NA,yes,NA,yes,NA,small corer,yes,NA,yes,NA,yes,normal,19,,19,,turn and lift,no,,NA,NA,NA,,NA,1,
19/03/2024,TF50-X-06,TF50,Sample location delocated to a 10km square (see metadata),550000,300000,555000,305000,1,70,28,yes,no,0,,2,,0,,9.9,,yes,NA,1,,30,,3,,,NA,,NA,,NA,,NA,,NA,,NA,,NA,,NA,30,,3,,yes,normal,normal,0,,43,,,NA,turn and lift,yes,NA,yes,NA,yes,NA,small corer,yes,NA,yes,NA,yes,normal,20,,20,,turn and lift,no,,NA,NA,NA,,NA,1,
19/03/2024,TF50-X-06,TF50,Sample location delocated to a 10km square (see metadata),550000,300000,555000,305000,1,70,46,yes,no,0,,4,,0,,10,,yes,NA,1,,30,,3,,,NA,,NA,,NA,,NA,,NA,,NA,,NA,,NA,30,,3,,yes,normal,normal,0,,43,,,NA,turn and lift,yes,NA,yes,NA,yes,NA,small corer,yes,NA,yes,NA,yes,normal,19,,19,,turn and lift,no,,NA,NA,NA,,NA,1,
19/03/2024,TF50-X-06,TF50,Sample location delocated to a 10km square (see metadata),550000,300000,555000,305000,1,70,59,yes,no,0,,6,,1,,10.2,,yes,NA,1,,30,,3,,,NA,,NA,,NA,,NA,,NA,,NA,,NA,,NA,30,,3,,yes,normal,normal,0,,45,,,NA,turn and lift,yes,NA,yes,NA,yes,NA,small corer,yes,NA,yes,NA,yes,normal,19,,19,,turn and lift,no,,NA,NA,NA,,NA,1,
04/05/2023,TF55-X-05,TF55,Sample location delocated to a 10km square (see metadata),550000,350000,555000,355000,1,85,19,yes,no,0,,8,,0,,10.6,,yes,NA,1,,30,,1.5,,,NA,,NA,,NA,,NA,,NA,,NA,,NA,,NA,30,,1.5,,yes,normal,normal,0,,46,,46,,turn and lift,yes,NA,yes,NA,yes,NA,small corer,yes,NA,yes,NA,yes,normal,19.5,,19.5,,turn and lift,NULL,,NULL,NULL,NULL,,NULL,,NULL
04/05/2023,TF55-X-05,TF55,Sample location delocated to a 10km square (see metadata),550000,350000,555000,355000,1,85,28,yes,yes,0,,7,,0,,10.4,,yes,NA,1,,30,,3,,,NA,,NA,,NA,,NA,,NA,,NA,,NA,,NA,30,,3,,yes,normal,normal,0,,45.5,,45.5,,turn and lift,yes,NA,yes,NA,yes,NA,small corer,yes,NA,yes,NA,yes,normal,18,,18,,turn and lift,NULL,,NULL,NULL,NULL,,NULL,,NULL
04/05/2023,TF55-X-05,TF55,Sample location delocated to a 10km square (see metadata),550000,350000,555000,355000,1,85,59,yes,yes,0,,2,,0,,10.4,,yes,NA,1,,30,,2.5,,,NA,,NA,,NA,,NA,,NA,,NA,,NA,,NA,30,,2.5,,yes,normal,normal,0,,43.5,,43.5,,turn and lift,yes,NA,yes,NA,yes,NA,small corer,yes,NA,yes,NA,yes,normal,18.5,,18.5,,turn and lift,NULL,,NULL,NULL,NULL,,NULL,,NULL
04/05/2023,TF55-X-05,TF55,Sample location delocated to a 10km square (see metadata),550000,350000,555000,355000,1,85,46,yes,no,0,,6,,0,,10.8,,yes,NA,1,,30,,3,,,NA,,NA,,NA,,NA,,NA,,NA,,NA,,NA,30,,3,,yes,normal,normal,0,,45,,45,,turn and lift,yes,NA,yes,NA,yes,NA,small corer,yes,NA,yes,NA,yes,normal,17,,17,,turn and lift,NULL,,NULL,NULL,NULL,,NULL,,NULL
04/05/2023,TF55-X-05,TF55,Sample location delocated to a 10km square (see metadata),550000,350000,555000,355000,2,72,11,yes,no,0,,16,,0,,10.9,,yes,NA,1,,30,,3,,,NA,,NA,,NA,,NA,,NA,,NA,,NA,,NA,30,,3,,yes,normal,normal,0,,46,,46,,turn and lift,yes,NA,yes,NA,yes,NA,small corer,yes,NA,yes,NA,yes,normal,18,,18,,turn and lift,NULL,,NULL,NULL,NULL,,NULL,,NULL
04/05/2023,TF55-X-05,TF55,Sample location delocated to a 10km square (see metadata),550000,350000,555000,355000,2,72,28,yes,no,0,,13,,0,,11.1,,yes,NA,1,,30,,3,,,NA,,NA,,NA,,NA,,NA,,NA,,NA,,NA,30,,3,,yes,normal,normal,0,,46,,46,,turn and lift,yes,NA,yes,NA,yes,NA,small corer,yes,NA,yes,NA,yes,normal,19,,19,,turn and lift,NULL,,NULL,NULL,NULL,,NULL,,NULL
04/05/2023,TF55-X-05,TF55,Sample location delocated to a 10km square (see metadata),550000,350000,555000,355000,2,72,59,yes,no,0,,12,,0,,11.2,,yes,NA,1,,30,,3,,,NA,,NA,,NA,,NA,,NA,,NA,,NA,,NA,30,,3,,yes,normal,normal,0,,45.5,,45.5,,turn and lift,yes,NA,yes,NA,yes,NA,small corer,yes,NA,yes,NA,yes,normal,18.5,,18.5,,turn and lift,NULL,,NULL,NULL,NULL,,NULL,,NULL
04/05/2023,TF55-X-05,TF55,Sample location delocated to a 10km square (see metadata),550000,350000,555000,355000,2,72,46,yes,no,0,,5,,0,,11.3,,yes,NA,1,,30,,2.5,,,NA,,NA,,NA,,NA,,NA,,NA,,NA,,NA,30,,2.5,,yes,normal,normal,0,,46,,46,,turn and lift,yes,NA,yes,NA,yes,NA,small corer,yes,NA,yes,NA,yes,normal,15,,15,,turn and lift,NULL,,NULL,NULL,NULL,,NULL,,NULL
03/05/2023,TL01-X-11,TL01,Sample location delocated to a 10km square (see metadata),500000,210000,505000,215000,3,85,28,no,no,0,,10,,0,,13.3,,yes,NA,1,,30,,3,,,NA,,NA,,NA,,NA,,NA,,NA,,NA,,NA,30,,3,,yes,normal,normal,0,,43,,43,,dig and tip,yes,NA,yes,NA,yes,NA,small corer,yes,NA,yes,NA,yes,normal,18,,18,,dig and tip,NULL,,NULL,NULL,NULL,,NULL,,NULL
03/05/2023,TL01-X-11,TL01,Sample location delocated to a 10km square (see metadata),500000,210000,505000,215000,3,85,59,no,no,0,,11,,0,,13.8,,yes,NA,3,,25,,4,,,NA,,NA,,NA,,NA,,NA,,NA,,NA,,NA,25,,4,,yes,normal,normal,0,,43,,43,,dig and tip,yes,NA,yes,NA,yes,NA,small corer,yes,NA,yes,NA,yes,normal,19,,19,,turn and lift,NULL,,NULL,NULL,NULL,,NULL,,NULL
03/05/2023,TL01-X-11,TL01,Sample location delocated to a 10km square (see metadata),500000,210000,505000,215000,3,85,46,no,no,0,,6,,0,,14.1,,yes,NA,1,,30,,4,,,NA,,NA,,NA,,NA,,NA,,NA,,NA,,NA,30,,4,,yes,normal,normal,0,,48,,48,,dig and tip,yes,NA,yes,NA,yes,NA,small corer,yes,NA,yes,NA,yes,normal,19,,19,,dig and tip,NULL,,NULL,NULL,NULL,,NULL,,NULL
03/05/2023,TL01-X-11,TL01,Sample location delocated to a 10km square (see metadata),500000,210000,505000,215000,3,85,11,no,no,0,,7,,0,,12.8,,yes,NA,1,,30,,4,,,NA,,NA,,NA,,NA,,NA,,NA,,NA,,NA,30,,4,,yes,normal,normal,0,,45,,45,,dig and tip,yes,NA,yes,NA,yes,NA,small corer,yes,NA,yes,NA,yes,normal,18.5,,18.5,,turn and lift,NULL,,NULL,NULL,NULL,,NULL,,NULL
28/11/2023,TL04-X-14,TL04,Sample location delocated to a 10km square (see metadata),500000,240000,505000,245000,2,71,59,yes,no,0,,3,,,NULL,4.6,,yes,NA,1,,15,,2.5,,30,,2,,,NA,,NA,,NA,,NA,,NA,,NA,30,,2.3,,yes,normal,normal,0,,44.5,,,NA,turn and lift,yes,NA,yes,NA,yes,NA,small corer,yes,NA,yes,NA,yes,normal,19,,19,,turn and lift,no,,NA,NA,NA,,NA,1,
28/11/2023,TL04-X-14,TL04,Sample location delocated to a 10km square (see metadata),500000,240000,505000,245000,2,71,28,no,no,0,,0,,0,,5.2,,yes,NA,1,,30,,2,,,NA,,NA,,NA,,NA,,NA,,NA,,NA,,NA,30,,2,,yes,normal,normal,0,,45.7,,,NA,turn and lift,yes,NA,yes,NA,yes,NA,small corer,yes,NA,yes,NA,yes,normal,19.8,,19.8,,turn and lift,no,,NA,NA,NA,,NA,1,
28/11/2023,TL04-X-14,TL04,Sample location delocated to a 10km square (see metadata),500000,240000,505000,245000,2,71,46,no,no,0,,4,,0,,5.5,,yes,NA,1,,20,,2.5,,30,,2,,,NA,,NA,,NA,,NA,,NA,,NA,30,,2.3,,yes,normal,normal,0,,46.3,,,NA,turn and lift,yes,NA,yes,NA,yes,NA,small corer,yes,NA,yes,NA,yes,normal,15,,15,,turn and lift,no,,NA,NA,NA,,NA,1,
28/11/2023,TL04-X-14,TL04,Sample location delocated to a 10km square (see metadata),500000,240000,505000,245000,2,71,11,no,no,0,,2,,0,,5.7,,yes,NA,1,,20,,2.5,,30,,2.5,,,NA,,NA,,NA,,NA,,NA,,NA,30,,2.5,,yes,normal,normal,0,,45.1,,,NA,turn and lift,yes,NA,yes,NA,yes,NA,small corer,yes,NA,yes,NA,yes,normal,19.5,,19.5,,turn and lift,no,,NA,NA,NA,,NA,1,
30/05/2023,TL12-X-01,TL12,Sample location delocated to a 10km square (see metadata),510000,220000,515000,225000,2,125,59,no,no,0,,0,,0,,15.1,,yes,NA,1,,20,,1,,,NA,,NA,,NA,,NA,,NA,,NA,,NA,,NA,20,,1,,yes,normal,normal,0,,43,,43,,turn and lift,yes,NA,yes,NA,yes,NA,small corer,yes,NA,yes,NA,yes,normal,18,,18,,dig and tip,NULL,,NULL,NULL,NULL,,NULL,,NULL
30/05/2023,TL12-X-01,TL12,Sample location delocated to a 10km square (see metadata),510000,220000,515000,225000,2,125,28,no,no,0,,0,,0,,14.8,,yes,NA,1,,25,,1,,,NA,,NA,,NA,,NA,,NA,,NA,,NA,,NA,25,,1,,yes,normal,normal,0,,43,,43,,turn and lift,yes,NA,yes,NA,yes,NA,small corer,yes,NA,yes,NA,yes,normal,18,,18,,turn and lift,NULL,,NULL,NULL,NULL,,NULL,,NULL
30/05/2023,TL12-X-01,TL12,Sample location delocated to a 10km square (see metadata),510000,220000,515000,225000,2,125,11,no,no,0,,0,,0,,14.9,,yes,NA,1,,30,,1,,,NA,,NA,,NA,,NA,,NA,,NA,,NA,,NA,30,,1,,yes,normal,normal,0,,43,,43,,dig and tip,yes,NA,yes,NA,yes,NA,small corer,yes,NA,yes,NA,yes,normal,18,,18,,dig and tip,NULL,,NULL,NULL,NULL,,NULL,,NULL
30/05/2023,TL12-X-01,TL12,Sample location delocated to a 10km square (see metadata),510000,220000,515000,225000,2,125,46,no,no,0,,1,,0,,15.1,,yes,NA,1,,30,,1,,,NA,,NA,,NA,,NA,,NA,,NA,,NA,,NA,30,,1,,yes,normal,normal,0,,43.1,,43.1,,turn and lift,yes,NA,yes,NA,yes,NA,small corer,yes,NA,yes,NA,yes,normal,18,,18,,dig and tip,NULL,,NULL,NULL,NULL,,NULL,,NULL
30/05/2023,TL12-X-01,TL12,Sample location delocated to a 10km square (see metadata),510000,220000,515000,225000,3,85,11,no,no,0,,1,,0,,12.3,,yes,NA,2,,20,,1,,,NA,,NA,,NA,,NA,,NA,,NA,,NA,,NA,20,,1,,yes,normal,normal,0,,47,,47,,turn and lift,yes,NA,yes,NA,yes,NA,large corer (tip same as ABC),yes,NA,yes,NA,yes,normal,18,,18,,dig and tip,NULL,,NULL,NULL,NULL,,NULL,,NULL
30/05/2023,TL12-X-01,TL12,Sample location delocated to a 10km square (see metadata),510000,220000,515000,225000,3,85,28,no,no,0,,0,,0,,13,,yes,NA,2,,25,,1,,,NA,,NA,,NA,,NA,,NA,,NA,,NA,,NA,25,,1,,yes,normal,normal,0,,41,,41,,turn and lift,yes,NA,yes,NA,yes,NA,large corer (tip same as ABC),yes,NA,yes,NA,yes,normal,19,,19,,dig and tip,NULL,,NULL,NULL,NULL,,NULL,,NULL
30/05/2023,TL12-X-01,TL12,Sample location delocated to a 10km square (see metadata),510000,220000,515000,225000,3,85,59,no,no,0,,1,,0,,12.1,,yes,NA,2,,25,,1,,,NA,,NA,,NA,,NA,,NA,,NA,,NA,,NA,25,,1,,yes,normal,normal,0,,47,,47,,turn and lift,yes,NA,yes,NA,yes,NA,small corer,yes,NA,yes,NA,yes,normal,18,,18,,dig and tip,NULL,,NULL,NULL,NULL,,NULL,,NULL
30/05/2023,TL12-X-01,TL12,Sample location delocated to a 10km square (see metadata),510000,220000,515000,225000,3,85,46,no,no,0,,0,,0,,12.3,,yes,NA,2,,25,,1,,,NA,,NA,,NA,,NA,,NA,,NA,,NA,,NA,25,,1,,yes,normal,normal,0,,47,,47,,turn and lift,yes,NA,yes,NA,yes,NA,large corer (tip same as ABC),yes,NA,yes,NA,yes,normal,18,,,NA,dig and tip,NULL,,NULL,NULL,NULL,,NULL,,NULL
31/05/2023,TL12-X-01,TL12,Sample location delocated to a 10km square (see metadata),510000,220000,515000,225000,5,109,11,no,no,0,,0,,1,,13.7,,yes,NA,1,,28,,1.5,,,NA,,NA,,NA,,NA,,NA,,NA,,NA,,NA,28,,1.5,,yes,normal,normal,0,,47.5,,47.5,,turn and lift,yes,NA,yes,NA,yes,NA,small corer,yes,NA,yes,NA,yes,normal,19,,19,,dig and tip,NULL,,NULL,NULL,NULL,,NULL,,NULL
31/05/2023,TL12-X-01,TL12,Sample location delocated to a 10km square (see metadata),510000,220000,515000,225000,5,109,28,yes,no,0,,0,,0,,12.2,,yes,NA,1,,25,,2,,,NA,,NA,,NA,,NA,,NA,,NA,,NA,,NA,25,,2,,yes,normal,normal,0,,48,,48,,turn and lift,yes,NA,yes,NA,yes,NA,large corer (tip same as ABC),yes,NA,yes,NA,yes,normal,19,,19,,dig and tip,NULL,,NULL,NULL,NULL,,NULL,,NULL
31/05/2023,TL12-X-01,TL12,Sample location delocated to a 10km square (see metadata),510000,220000,515000,225000,5,109,59,no,no,0,,0,,0,,12.2,,yes,NA,2,,30,,2,,,NA,,NA,,NA,,NA,,NA,,NA,,NA,,NA,30,,2,,yes,normal,normal,0,,47,,47,,turn and lift,yes,NA,yes,NA,yes,NA,small corer,yes,NA,yes,partial - stones,yes,normal,19,,19,,dig and tip,NULL,,NULL,NULL,NULL,,NULL,,NULL
31/05/2023,TL12-X-01,TL12,Sample location delocated to a 10km square (see metadata),510000,220000,515000,225000,5,109,46,no,no,0,,0,,0,,12.2,,yes,NA,1,,30,,2,,,NA,,NA,,NA,,NA,,NA,,NA,,NA,,NA,30,,2,,yes,normal,normal,0,,47,,47,,turn and lift,yes,NA,yes,NA,yes,NA,small corer,yes,NA,yes,NA,yes,normal,19,,19,,dig and tip,NULL,,NULL,NULL,NULL,,NULL,,NULL
11/03/2024,TL14-X-57,TL14,Sample location delocated to a 10km square (see metadata),510000,240000,515000,245000,1,85,11,no,no,0,,3,,0,,7.9,,yes,NA,1,,20,,2,,30,,1,,,NA,,NA,,NA,,NA,,NA,,NA,30,,1.7,,yes,normal,normal,3,,44,,,NA,turn and lift,yes,NA,yes,NA,yes,NA,small corer,yes,NA,yes,partial - stones,yes,normal,18,,18,,turn and lift,no,,NA,NA,NA,,NA,1,
11/03/2024,TL14-X-57,TL14,Sample location delocated to a 10km square (see metadata),510000,240000,515000,245000,1,85,28,no,no,0,,2,,0,,7.7,,yes,NA,1,,20,,2,,30,,1,,,NA,,NA,,NA,,NA,,NA,,NA,30,,1.7,,yes,normal,normal,3,,42.9,,,NA,turn and lift,yes,NA,yes,NA,yes,NA,small corer,yes,NA,yes,NA,yes,normal,19,,19,,turn and lift,no,,NA,NA,NA,,NA,1,
11/03/2024,TL14-X-57,TL14,Sample location delocated to a 10km square (see metadata),510000,240000,515000,245000,1,85,45,no,no,0,,2,,0,,7.8,,yes,NA,2,,10,,2,,30,,1,,,NA,,NA,,NA,,NA,,NA,,NA,30,,1.3,,yes,normal,normal,3,,43,,,NA,turn and lift,yes,NA,yes,NA,yes,NA,large corer (tip same as ABC),yes,NA,yes,NA,yes,normal,19,,19,,turn and lift,no,,NA,NA,NA,,NA,1,
11/03/2024,TL14-X-57,TL14,Sample location delocated to a 10km square (see metadata),510000,240000,515000,245000,1,85,59,no,no,0,,2,,0,,7.8,,yes,NA,2,,20,,2,,30,,1,,,NA,,NA,,NA,,NA,,NA,,NA,30,,1.7,,yes,normal,normal,3,,43,,,NA,turn and lift,yes,NA,yes,NA,yes,NA,small corer,yes,NA,yes,NA,yes,normal,19,,,NA,turn and lift,no,,NA,NA,NA,,NA,1,
11/03/2024,TL14-X-57,TL14,Sample location delocated to a 10km square (see metadata),510000,240000,515000,245000,2,84,11,no,no,0,,1,,0,,7.9,,yes,NA,1,,25,,2,,30,,1.5,,,NA,,NA,,NA,,NA,,NA,,NA,30,,1.9,,yes,normal,normal,0,,44,,,NA,turn and lift,yes,NA,yes,NA,yes,NA,small corer,yes,NA,yes,NA,yes,normal,22,,22,,turn and lift,no,,NA,NA,NA,,NA,1,
11/03/2024,TL14-X-57,TL14,Sample location delocated to a 10km square (see metadata),510000,240000,515000,245000,2,84,28,no,no,0,,4,,0,,7.8,,yes,NA,1,,25,,2,,30,,1.5,,,NA,,NA,,NA,,NA,,NA,,NA,30,,1.9,,yes,normal,normal,0,,43,,,NA,turn and lift,yes,NA,yes,NA,yes,NA,small corer,yes,NA,yes,NA,yes,normal,19,,19,,turn and lift,no,,NA,NA,NA,,NA,1,
11/03/2024,TL14-X-57,TL14,Sample location delocated to a 10km square (see metadata),510000,240000,515000,245000,2,84,46,no,no,0,,0,,0,,7.8,,yes,NA,1,,28,,2,,30,,1.5,,,NA,,NA,,NA,,NA,,NA,,NA,30,,2,,yes,normal,normal,0,,42,,,NA,turn and lift,yes,NA,yes,NA,yes,NA,small corer,yes,NA,yes,NA,yes,normal,20,,20,,turn and lift,no,,NA,NA,NA,,NA,1,
11/03/2024,TL14-X-57,TL14,Sample location delocated to a 10km square (see metadata),510000,240000,515000,245000,2,84,59,no,no,0,,2,,0,,7.7,,yes,NA,1,,25,,2,,30,,1.5,,,NA,,NA,,NA,,NA,,NA,,NA,30,,1.9,,yes,normal,normal,0,,43,,,NA,turn and lift,yes,NA,yes,NA,yes,NA,small corer,yes,NA,yes,NA,yes,normal,20,,20,,turn and lift,no,,NA,NA,NA,,NA,1,
13/03/2024,TL14-X-57,TL14,Sample location delocated to a 10km square (see metadata),510000,240000,515000,245000,4,85,11,yes,no,0,,4,,0,,9.7,,yes,NA,2,,30,,1,,,NA,,NA,,NA,,NA,,NA,,NA,,NA,,NA,30,,1,,yes,normal,normal,0,,45,,,NA,turn and lift,yes,NA,yes,NA,yes,NA,small corer,yes,NA,yes,NA,yes,normal,17.5,,17.5,,turn and lift,no,,NA,NA,NA,,NA,1,
13/03/2024,TL14-X-57,TL14,Sample location delocated to a 10km square (see metadata),510000,240000,515000,245000,4,85,28,yes,yes,2,,4,,1,,9.7,,yes,NA,1,,30,,2.5,,,NA,,NA,,NA,,NA,,NA,,NA,,NA,,NA,30,,2.5,,yes,normal,normal,0,,41,,,NA,turn and lift,yes,NA,yes,NA,yes,NA,small corer,yes,NA,yes,NA,yes,normal,20,,20,,turn and lift,no,,NA,NA,NA,,NA,1,
13/03/2024,TL14-X-57,TL14,Sample location delocated to a 10km square (see metadata),510000,240000,515000,245000,4,85,46,yes,yes,3,,4,,1,,10.6,,yes,NA,2,,30,,1.5,,,NA,,NA,,NA,,NA,,NA,,NA,,NA,,NA,30,,1.5,,yes,normal,normal,0,,41,,,NA,turn and lift,yes,NA,yes,NA,yes,NA,small corer,yes,NA,yes,NA,yes,normal,21,,21,,turn and lift,no,,NA,NA,NA,,NA,1,
13/03/2024,TL14-X-57,TL14,Sample location delocated to a 10km square (see metadata),510000,240000,515000,245000,4,85,59,yes,yes,2,,4,,0,,10.7,,yes,NA,1,,25,,1.5,,30,,1,,,NA,,NA,,NA,,NA,,NA,,NA,30,,1.4,,yes,normal,normal,0,,44,,,NA,turn and lift,yes,NA,yes,NA,yes,NA,small corer,yes,NA,yes,NA,yes,normal,21,,21,,turn and lift,no,,NA,NA,NA,,NA,1,
14/03/2024,TL14-X-57,TL14,Sample location delocated to a 10km square (see metadata),510000,240000,515000,245000,3,87,11,no,no,0,,3,,0,,6.5,,yes,NA,2,,30,,1,,,NA,,NA,,NA,,NA,,NA,,NA,,NA,,NA,30,,1,,yes,normal,normal,0,,43,,,NA,turn and lift,yes,NA,yes,NA,yes,NA,small corer,yes,NA,yes,NA,yes,normal,20,,20,,turn and lift,no,,NA,NA,NA,,NA,1,
14/03/2024,TL14-X-57,TL14,Sample location delocated to a 10km square (see metadata),510000,240000,515000,245000,3,87,30,no,no,0,,4,,0,,9.3,,yes,NA,2,,30,,1,,,NA,,NA,,NA,,NA,,NA,,NA,,NA,,NA,30,,1,,yes,normal,normal,0,,42,,,NA,turn and lift,yes,NA,yes,NA,yes,NA,small corer,yes,NA,yes,NA,yes,normal,19,,19,,turn and lift,no,,NA,NA,NA,,NA,1,
14/03/2024,TL14-X-57,TL14,Sample location delocated to a 10km square (see metadata),510000,240000,515000,245000,3,87,47,no,no,0,,4,,0,,9.3,,yes,NA,2,,30,,1,,,NA,,NA,,NA,,NA,,NA,,NA,,NA,,NA,30,,1,,yes,normal,normal,0,,42,,,NA,turn and lift,yes,NA,yes,NA,yes,NA,small corer,yes,NA,yes,NA,yes,normal,22,,22,,turn and lift,no,,NA,NA,NA,,NA,1,
14/03/2024,TL14-X-57,TL14,Sample location delocated to a 10km square (see metadata),510000,240000,515000,245000,3,87,59,no,no,0,,3,,0,,9.3,,yes,NA,2,,30,,1,,,NA,,NA,,NA,,NA,,NA,,NA,,NA,,NA,30,,1,,yes,normal,normal,0,,42,,,NA,turn and lift,yes,NA,yes,NA,yes,NA,small corer,yes,NA,yes,NA,yes,normal,20,,20,,turn and lift,no,,NA,NA,NA,,NA,1,
16/11/2023,TL17-X-00,TL17,Sample location delocated to a 10km square (see metadata),510000,270000,515000,275000,1,85,46,yes,no,0,,3,,2,,7.1,,yes,NA,2,,5,,2.5,,30,,4,,,NA,,NA,,NA,,NA,,NA,,NA,30,,3.8,,yes,normal,normal,0,,42,,,NA,turn and lift,yes,NA,yes,NA,yes,NA,small corer,yes,NA,yes,NA,yes,normal,15.5,,15.5,,turn and lift,no,,NA,NA,NA,,NA,1,
16/11/2023,TL17-X-00,TL17,Sample location delocated to a 10km square (see metadata),510000,270000,515000,275000,1,85,59,no,no,0,,1,,2,,7,,yes,NA,2,,5,,2,,30,,4,,,NA,,NA,,NA,,NA,,NA,,NA,30,,3.7,,yes,normal,normal,0,,45.2,,,NA,turn and lift,yes,NA,yes,NA,yes,NA,small corer,yes,NA,yes,NA,yes,normal,17,,17,,turn and lift,no,,NA,NA,NA,,NA,1,
16/11/2023,TL17-X-00,TL17,Sample location delocated to a 10km square (see metadata),510000,270000,515000,275000,1,85,28,no,no,0,,5,,1,,7,,yes,NA,2,,7.5,,2,,30,,4.5,,,NA,,NA,,NA,,NA,,NA,,NA,30,,3.9,,yes,normal,normal,0,,47.5,,,NA,turn and lift,yes,NA,yes,NA,yes,NA,small corer,yes,NA,yes,NA,yes,normal,19.5,,19.5,,turn and lift,no,,NA,NA,NA,,NA,1,
16/11/2023,TL17-X-00,TL17,Sample location delocated to a 10km square (see metadata),510000,270000,515000,275000,1,85,11,yes,no,0,,8,,1,,6.7,,yes,NA,2,,12.5,,3.5,,30,,4,,,NA,,NA,,NA,,NA,,NA,,NA,30,,3.8,,yes,normal,normal,0,,46.7,,,NA,turn and lift,yes,NA,yes,NA,yes,NA,small corer,yes,NA,yes,NA,yes,normal,17.9,,17.9,,turn and lift,no,,NA,NA,NA,,NA,1,
16/11/2023,TL17-X-00,TL17,Sample location delocated to a 10km square (see metadata),510000,270000,515000,275000,2,85,11,yes,no,0,,10,,4,,6.6,,yes,NA,2,,20,,2.5,,30,,3.5,,,NA,,NA,,NA,,NA,,NA,,NA,30,,2.8,,yes,normal,normal,0,,46.7,,,NA,turn and lift,yes,NA,yes,NA,yes,NA,small corer,yes,NA,yes,NA,yes,normal,15.4,,15.4,,turn and lift,no,,NA,NA,NA,,NA,1,
16/11/2023,TL17-X-00,TL17,Sample location delocated to a 10km square (see metadata),510000,270000,515000,275000,2,85,59,yes,no,0,,5,,0,,6.6,,yes,NA,2,,20,,2.5,,30,,3,,,NA,,NA,,NA,,NA,,NA,,NA,30,,2.7,,yes,normal,normal,0,,45.2,,,NA,turn and lift,yes,NA,yes,NA,yes,NA,small corer,yes,NA,yes,NA,yes,normal,18.8,,18.8,,turn and lift,no,,NA,NA,NA,,NA,1,
16/11/2023,TL17-X-00,TL17,Sample location delocated to a 10km square (see metadata),510000,270000,515000,275000,2,85,28,yes,no,0,,5,,2,,6.1,,yes,NA,2,,30,,2.5,,,NA,,NA,,NA,,NA,,NA,,NA,,NA,,NA,30,,2.5,,yes,normal,normal,0,,44.5,,,NA,turn and lift,yes,NA,yes,NA,yes,NA,small corer,yes,NA,yes,NA,yes,normal,17.5,,17.5,,turn and lift,no,,NA,NA,NA,,NA,1,
15/11/2023,TL17-X-00,TL17,Sample location delocated to a 10km square (see metadata),510000,270000,515000,275000,4,85,46,yes,no,0,,6,,2,,8.2,,yes,NA,2,,10,,2.5,,30,,3.5,,,NA,,NA,,NA,,NA,,NA,,NA,30,,3.2,,yes,normal,normal,0,,42.5,,,NA,turn and lift,yes,NA,yes,NA,yes,NA,small corer,yes,NA,yes,NA,yes,normal,21,,21,,turn and lift,no,,NA,NA,NA,,NA,1,
15/11/2023,TL17-X-00,TL17,Sample location delocated to a 10km square (see metadata),510000,270000,515000,275000,4,85,59,yes,no,0,,4,,1,,8.4,,yes,NA,2,,30,,4,,,NA,,NA,,NA,,NA,,NA,,NA,,NA,,NA,30,,4,,yes,normal,normal,0,,48.5,,,NA,turn and lift,yes,NA,yes,NA,yes,NA,small corer,yes,NA,yes,NA,yes,normal,18.5,,18.5,,turn and lift,no,,NA,NA,NA,,NA,1,
15/11/2023,TL17-X-00,TL17,Sample location delocated to a 10km square (see metadata),510000,270000,515000,275000,4,85,28,no,yes,0,,4,,4,,8.2,,yes,NA,2,,20,,3,,30,,3.5,,,NA,,NA,,NA,,NA,,NA,,NA,30,,3.2,,yes,normal,normal,0,,46.1,,,NA,turn and lift,yes,NA,yes,NA,yes,NA,small corer,yes,NA,yes,NA,yes,normal,17.5,,17.5,,turn and lift,no,,NA,NA,NA,,NA,1,
15/11/2023,TL17-X-00,TL17,Sample location delocated to a 10km square (see metadata),510000,270000,515000,275000,4,85,11,yes,no,0,,4,,0,,8.3,,yes,NA,,NULL,5,,1.5,,25,,3,,30,,4,,,NA,,NA,,NA,,NA,30,,2.9,,yes,normal,normal,0,,47,,,NA,turn and lift,yes,NA,yes,NA,yes,NA,small corer,yes,NA,yes,NA,yes,normal,21,,21,,turn and lift,no,,NA,NA,NA,,NA,1,
15/11/2023,TL17-X-00,TL17,Sample location delocated to a 10km square (see metadata),510000,270000,515000,275000,3,85,28,yes,no,0,,11,,5,,7.9,,yes,NA,2,,7.5,,1.5,,20,,2.5,,30,,3.5,,,NA,,NA,,NA,,NA,30,,2.6,,yes,normal,normal,0,,46,,,NA,turn and lift,yes,NA,yes,NA,yes,NA,small corer,yes,NA,yes,NA,yes,normal,19.6,,19.6,,turn and lift,no,,NA,NA,NA,,NA,1,
15/11/2023,TL17-X-00,TL17,Sample location delocated to a 10km square (see metadata),510000,270000,515000,275000,3,85,43,yes,no,0,,6,,7,,7.6,,yes,NA,1,,10,,1.5,,15,,2,,30,,3,,,NA,,NA,,NA,,NA,30,,2.3,,yes,normal,normal,0,,47.6,,,NA,turn and lift,yes,NA,yes,NA,yes,NA,small corer,yes,NA,yes,NA,yes,normal,16.8,,16.8,,turn and lift,no,,NA,NA,NA,,NA,1,
15/11/2023,TL17-X-00,TL17,Sample location delocated to a 10km square (see metadata),510000,270000,515000,275000,3,85,46,yes,no,0,,6,,14,,7.8,,yes,NA,1,,10,,1.5,,20,,2,,30,,3.5,,,NA,,NA,,NA,,NA,30,,2.3,,yes,normal,normal,0,,46,,,NA,turn and lift,yes,NA,yes,NA,yes,NA,small corer,yes,NA,yes,NA,yes,normal,18,,18,,turn and lift,no,,NA,NA,NA,,NA,1,
15/11/2023,TL17-X-00,TL17,Sample location delocated to a 10km square (see metadata),510000,270000,515000,275000,3,85,11,yes,no,0,,10,,7,,7.6,,yes,NA,2,,15,,1.5,,20,,2,,30,,3,,,NA,,NA,,NA,,NA,30,,2.1,,yes,normal,normal,0,,46.8,,,NA,turn and lift,yes,NA,yes,NA,yes,NA,small corer,yes,NA,yes,NA,yes,normal,15.5,,15.5,,turn and lift,no,,NA,NA,NA,,NA,1,
16/11/2023,TL17-X-00,TL17,Sample location delocated to a 10km square (see metadata),510000,270000,515000,275000,2,85,48,yes,no,0,,7,,10,,6.8,,yes,NA,1,,5,,1.5,,20,,2.5,,30,,3,,,NA,,NA,,NA,,NA,30,,2.5,,yes,normal,normal,0,,45,,,NA,turn and lift,yes,NA,yes,NA,yes,NA,small corer,yes,NA,yes,NA,yes,normal,17,,17,,turn and lift,no,,NA,NA,NA,,NA,1,
30/11/2023,TL23-X-84,TL23,Sample location delocated to a 10km square (see metadata),520000,230000,525000,235000,1,85,11,no,no,0,,2,,2,,2.7,,yes,NA,,NULL,30,,2.5,,,NA,,NA,,NA,,NA,,NA,,NA,,NA,,NA,30,,2.5,,yes,normal,normal,0,,48.1,,,NA,turn and lift,yes,NA,yes,NA,yes,NA,small corer,yes,NA,yes,NA,yes,normal,17.2,,17.2,,turn and lift,no,,NA,NA,NA,,NA,1,
30/11/2023,TL23-X-84,TL23,Sample location delocated to a 10km square (see metadata),520000,230000,525000,235000,1,85,28,no,no,0,,1,,0,,2.5,,yes,NA,2,,30,,3,,,NA,,NA,,NA,,NA,,NA,,NA,,NA,,NA,30,,3,,yes,normal,normal,0,,49.9,,,NA,turn and lift,yes,NA,yes,NA,yes,NA,small corer,yes,NA,yes,NA,yes,normal,18,,18,,turn and lift,no,,NA,NA,NA,,NA,1,
30/11/2023,TL23-X-84,TL23,Sample location delocated to a 10km square (see metadata),520000,230000,525000,235000,1,85,59,no,no,0,,0,,0,,2.5,,yes,NA,2,,30,,3,,,NA,,NA,,NA,,NA,,NA,,NA,,NA,,NA,30,,3,,yes,normal,normal,0,,42,,,NA,turn and lift,yes,NA,yes,NA,yes,NA,small corer,yes,NA,yes,NA,yes,normal,17.6,,17.6,,turn and lift,no,,NA,NA,NA,,NA,1,
30/11/2023,TL23-X-84,TL23,Sample location delocated to a 10km square (see metadata),520000,230000,525000,235000,1,85,46,no,no,0,,1,,0,,2.3,,yes,NA,2,,30,,3.5,,,NA,,NA,,NA,,NA,,NA,,NA,,NA,,NA,30,,3.5,,yes,normal,normal,0,,46.5,,,NA,turn and lift,yes,NA,yes,NA,yes,NA,small corer,yes,NA,yes,NA,yes,normal,16,,16,,turn and lift,no,,NA,NA,NA,,NA,1,
01/12/2023,TL23-X-84,TL23,Sample location delocated to a 10km square (see metadata),520000,230000,525000,235000,2,85,11,no,no,0,,1,,0,,3.1,,yes,NA,2,,30,,1.5,,,NA,,NA,,NA,,NA,,NA,,NA,,NA,,NA,30,,1.5,,yes,normal,normal,0,,43,,,NA,turn and lift,yes,NA,yes,NA,yes,NA,small corer,yes,NA,yes,NA,yes,normal,17,,17,,turn and lift,no,,NA,NA,NA,,NA,1,
01/12/2023,TL23-X-84,TL23,Sample location delocated to a 10km square (see metadata),520000,230000,525000,235000,2,85,28,no,no,0,,2,,1,,2.5,,yes,NA,2,,30,,1.5,,,NA,,NA,,NA,,NA,,NA,,NA,,NA,,NA,30,,1.5,,yes,normal,normal,0,,44.2,,,NA,turn and lift,yes,NA,yes,NA,yes,NA,small corer,yes,NA,yes,NA,yes,normal,16,,16,,turn and lift,no,,NA,NA,NA,,NA,1,
01/12/2023,TL23-X-84,TL23,Sample location delocated to a 10km square (see metadata),520000,230000,525000,235000,2,85,46,no,no,0,,2,,0,,2.1,,yes,NA,2,,30,,1,,,NA,,NA,,NA,,NA,,NA,,NA,,NA,,NA,30,,1,,yes,normal,normal,0,,43.2,,,NA,turn and lift,yes,NA,yes,NA,yes,NA,small corer,yes,NA,yes,NA,yes,normal,16.5,,16.5,,turn and lift,no,,NA,NA,NA,,NA,1,
01/12/2023,TL23-X-84,TL23,Sample location delocated to a 10km square (see metadata),520000,230000,525000,235000,2,85,59,no,no,0,,0,,0,,3.2,,yes,NA,2,,30,,1,,,NA,,NA,,NA,,NA,,NA,,NA,,NA,,NA,30,,1,,yes,normal,normal,0,,44,,,NA,turn and lift,yes,NA,yes,NA,yes,NA,small corer,yes,NA,yes,NA,yes,normal,15.9,,15.9,,turn and lift,no,,NA,NA,NA,,NA,1,
03/05/2023,TL26-X-45,TL26,Sample location delocated to a 10km square (see metadata),520000,260000,525000,265000,4,85,11,yes,yes,1,,5,,3,,11.2,,yes,NA,,NULL,7.5,,1.5,,30,,3.5,,,NA,,NA,,NA,,NA,,NA,,NA,30,,3,,yes,normal,normal,0,,44.1,,44.1,,turn and lift,yes,NA,yes,NA,yes,NA,small corer,yes,NA,yes,NA,yes,normal,17,,17,,turn and lift,NULL,,NULL,NULL,NULL,,NULL,,NULL
03/05/2023,TL26-X-45,TL26,Sample location delocated to a 10km square (see metadata),520000,260000,525000,265000,4,85,28,no,yes,0,,9,,2,,11.7,,yes,NA,,NULL,30,,2.5,,,NA,,NA,,NA,,NA,,NA,,NA,,NA,,NA,30,,2.5,,yes,normal,normal,0,,46,,46,,turn and lift,yes,NA,yes,NA,yes,NA,small corer,yes,NA,yes,NA,yes,normal,18,,18,,turn and lift,NULL,,NULL,NULL,NULL,,NULL,,NULL
03/05/2023,TL26-X-45,TL26,Sample location delocated to a 10km square (see metadata),520000,260000,525000,265000,4,85,46,yes,yes,0,,5,,0,,12.7,,yes,NA,,NULL,7.5,,1.5,,30,,3,,,NA,,NA,,NA,,NA,,NA,,NA,30,,2.6,,yes,normal,normal,0,,45,,45,,turn and lift,yes,NA,yes,NA,yes,NA,small corer,yes,NA,yes,NA,yes,normal,18.5,,18.5,,turn and lift,NULL,,NULL,NULL,NULL,,NULL,,NULL
03/05/2023,TL26-X-45,TL26,Sample location delocated to a 10km square (see metadata),520000,260000,525000,265000,4,85,51,no,no,0,,10,,1,,12,,yes,NA,,NULL,5,,1.5,,30,,2.5,,,NA,,NA,,NA,,NA,,NA,,NA,30,,2.3,,yes,normal,normal,0,,44,,44,,turn and lift,yes,NA,yes,NA,yes,NA,small corer,yes,NA,yes,NA,yes,normal,18,,18,,turn and lift,NULL,,NULL,NULL,NULL,,NULL,,NULL
04/05/2023,TL26-X-45,TL26,Sample location delocated to a 10km square (see metadata),520000,260000,525000,265000,2,85,11,yes,yes,0,,8,,1,,12.8,,yes,NA,2,,10,,2.5,,30,,3.5,,,NA,,NA,,NA,,NA,,NA,,NA,30,,3.2,,yes,normal,normal,0,,47,,47,,turn and lift,yes,NA,yes,NA,yes,NA,small corer,yes,NA,yes,NA,yes,normal,19,,19,,turn and lift,NULL,,NULL,NULL,NULL,,NULL,,NULL
04/05/2023,TL26-X-45,TL26,Sample location delocated to a 10km square (see metadata),520000,260000,525000,265000,2,85,59,no,yes,0,,10,,6,,11.8,,yes,NA,,NULL,5,,2.5,,20,,3.5,,30,,4,,,NA,,NA,,NA,,NA,30,,3.5,,yes,normal,normal,0,,48,,48,,turn and lift,yes,NA,yes,NA,yes,NA,small corer,yes,NA,yes,NA,yes,normal,17.3,,17.3,,turn and lift,NULL,,NULL,NULL,NULL,,NULL,,NULL
04/05/2023,TL26-X-45,TL26,Sample location delocated to a 10km square (see metadata),520000,260000,525000,265000,2,85,28,yes,no,0,,17,,10,,12.9,,yes,NA,2,,10,,3,,30,,4,,,NA,,NA,,NA,,NA,,NA,,NA,30,,3.7,,yes,normal,normal,0,,46.5,,46.5,,turn and lift,yes,NA,yes,NA,yes,NA,small corer,yes,NA,yes,NA,yes,normal,18,,,NA,turn and lift,NULL,,NULL,NULL,NULL,,NULL,,NULL
04/05/2023,TL26-X-45,TL26,Sample location delocated to a 10km square (see metadata),520000,260000,525000,265000,2,85,46,yes,yes,0,,8,,8,,11.1,,yes,NA,2,,10,,3,,30,,4,,,NA,,NA,,NA,,NA,,NA,,NA,30,,3.7,,yes,normal,normal,0,,46,,46,,turn and lift,yes,NA,yes,NA,yes,NA,small corer,yes,NA,yes,NA,yes,normal,17,,17,,turn and lift,NULL,,NULL,NULL,NULL,,NULL,,NULL
21/03/2023,TL28-X-35,TL28,Sample location delocated to a 10km square (see metadata),520000,280000,525000,285000,2,71,11,no,no,0,,13,,5,,10.9,,yes,NA,2,,5,,1.5,,30,,3.5,,,NA,,NA,,NA,,NA,,NA,,NA,30,,3.2,,yes,repacked (no tip),normal,0,,45.5,,45.5,,turn and lift,yes,NA,yes,NA,yes,NA,small corer,yes,NA,yes,NA,yes,normal,17,,17,,turn and lift,NULL,,NULL,NULL,NULL,,NULL,,NULL
21/03/2023,TL28-X-35,TL28,Sample location delocated to a 10km square (see metadata),520000,280000,525000,285000,2,71,46,yes,yes,0,,15,,2,,11,,yes,NA,2,,5,,1.5,,30,,3,,,NA,,NA,,NA,,NA,,NA,,NA,30,,2.8,,yes,normal,normal,0,,43.5,,43.5,,turn and lift,yes,NA,yes,NA,yes,NA,small corer,yes,NA,yes,NA,yes,normal,18,,18,,turn and lift,NULL,,NULL,NULL,NULL,,NULL,,NULL
21/03/2023,TL28-X-35,TL28,Sample location delocated to a 10km square (see metadata),520000,280000,525000,285000,2,71,42,no,yes,0,,13,,7,,11.5,,yes,NA,2,,7.5,,1.5,,30,,3.5,,,NA,,NA,,NA,,NA,,NA,,NA,30,,3,,yes,normal,normal,0,,45.5,,45.5,,turn and lift,yes,NA,yes,NA,yes,NA,small corer,yes,NA,yes,NA,yes,normal,18,,18,,turn and lift,NULL,,NULL,NULL,NULL,,NULL,,NULL
22/03/2023,TL28-X-35,TL28,Sample location delocated to a 10km square (see metadata),520000,280000,525000,285000,4,98,11,no,yes,0,,26,,5,,10.8,,yes,NA,2,,12.5,,1.5,,30,,3,,,NA,,NA,,NA,,NA,,NA,,NA,30,,2.4,,yes,normal,normal,0,,46.1,,,NA,turn and lift,yes,NA,yes,NA,yes,NA,small corer,yes,NA,yes,NA,yes,normal,20.2,,,NA,turn and lift,NULL,,NULL,NULL,NULL,,NULL,,NULL
22/03/2023,TL28-X-35,TL28,Sample location delocated to a 10km square (see metadata),520000,280000,525000,285000,4,98,46,no,no,0,,27,,9,,10,,yes,NA,2,,10,,1.5,,20,,2.5,,30,,2.5,,,NA,,NA,,NA,,NA,30,,2.2,,yes,normal,normal,0,,46.5,,46.5,,turn and lift,yes,NA,yes,NA,yes,NA,small corer,yes,NA,yes,NA,yes,normal,22,,22,,turn and lift,NULL,,NULL,NULL,NULL,,NULL,,NULL
22/03/2023,TL28-X-35,TL28,Sample location delocated to a 10km square (see metadata),520000,280000,525000,285000,4,98,59,no,yes,0,,25,,7,,10.1,,yes,NA,2,,10,,1.5,,20,,2.5,,30,,2.5,,,NA,,NA,,NA,,NA,30,,2.2,,yes,normal,normal,0,,48.5,,,NA,turn and lift,yes,NA,yes,NA,yes,NA,small corer,yes,NA,yes,NA,yes,normal,18.7,,,NA,turn and lift,NULL,,NULL,NULL,NULL,,NULL,,NULL
22/03/2023,TL28-X-35,TL28,Sample location delocated to a 10km square (see metadata),520000,280000,525000,285000,4,98,28,no,yes,0,,13,,13,,10.4,,yes,NA,2,,12.5,,1.5,,30,,2.5,,,NA,,NA,,NA,,NA,,NA,,NA,30,,2.1,,yes,normal,normal,0,,46,,,NA,turn and lift,yes,NA,yes,NA,yes,NA,small corer,yes,NA,yes,NA,yes,normal,17,,17,,turn and lift,NULL,,NULL,NULL,NULL,,NULL,,NULL
21/03/2023,TL28-X-35,TL28,Sample location delocated to a 10km square (see metadata),520000,280000,525000,285000,2,71,28,no,no,0,,14,,7,,11.1,,yes,NA,2,,5,,1.5,,30,,3.5,,,NA,,NA,,NA,,NA,,NA,,NA,30,,3.2,,yes,normal,normal,0,,45.5,,45.5,,turn and lift,yes,NA,yes,NA,yes,NA,small corer,yes,NA,yes,NA,yes,normal,18,,,NA,turn and lift,NULL,,NULL,NULL,NULL,,NULL,,NULL
14/04/2023,TL28-X-35,TL28,Sample location delocated to a 10km square (see metadata),520000,280000,525000,285000,1,85,59,no,yes,0,,4,,0,,8.5,,yes,NA,2,,7.5,,1.5,,30,,2,,,NA,,NA,,NA,,NA,,NA,,NA,30,,1.9,,yes,normal,normal,0,,43.1,,43.1,,turn and lift,yes,NA,yes,NA,yes,NA,small corer,yes,NA,yes,NA,yes,normal,18.7,,18.7,,turn and lift,NULL,,NULL,NULL,NULL,,NULL,,NULL
14/04/2023,TL28-X-35,TL28,Sample location delocated to a 10km square (see metadata),520000,280000,525000,285000,1,85,46,yes,yes,0,,6,,0,,8.9,,yes,NA,2,,30,,1.5,,,NA,,NA,,NA,,NA,,NA,,NA,,NA,,NA,30,,1.5,,yes,normal,normal,0,,41,,41,,turn and lift,yes,NA,yes,NA,yes,NA,small corer,yes,NA,yes,NA,yes,normal,18,,18,,turn and lift,NULL,,NULL,NULL,NULL,,NULL,,NULL
14/04/2023,TL28-X-35,TL28,Sample location delocated to a 10km square (see metadata),520000,280000,525000,285000,1,85,11,no,yes,0,,14,,1,,8.6,,yes,NA,2,,5,,1.5,,30,,2.5,,,NA,,NA,,NA,,NA,,NA,,NA,30,,2.3,,yes,normal,normal,0,,47,,47,,turn and lift,yes,NA,yes,NA,yes,NA,small corer,yes,NA,yes,NA,yes,normal,16.8,,16.8,,turn and lift,NULL,,NULL,NULL,NULL,,NULL,,NULL
14/04/2023,TL28-X-35,TL28,Sample location delocated to a 10km square (see metadata),520000,280000,525000,285000,1,85,29,yes,yes,0,,4,,0,,8.4,,yes,NA,2,,7.5,,1.5,,30,,2.5,,,NA,,NA,,NA,,NA,,NA,,NA,30,,2.3,,yes,normal,normal,0,,47.6,,47.6,,turn and lift,yes,NA,yes,NA,yes,NA,small corer,yes,NA,yes,NA,yes,normal,20,,20,,turn and lift,NULL,,NULL,NULL,NULL,,NULL,,NULL
11/03/2024,TL35-X-92,TL35,Sample location delocated to a 10km square (see metadata),530000,250000,535000,255000,4,85,11,no,no,0,,7,,3,,7.5,,yes,NA,2,,25,,2,,30,,1.5,,,NA,,NA,,NA,,NA,,NA,,NA,30,,1.9,,yes,normal,normal,0,,45,,,NA,turn and lift,yes,NA,yes,NA,yes,NA,small corer,yes,NA,yes,NA,yes,normal,20,,20,,turn and lift,no,,NA,NA,NA,,NA,1,
11/03/2024,TL35-X-92,TL35,Sample location delocated to a 10km square (see metadata),530000,250000,535000,255000,4,85,46,no,no,0,,11,,0,,7.4,,yes,NA,2,,23,,3,,30,,2,,,NA,,NA,,NA,,NA,,NA,,NA,30,,2.8,,yes,normal,normal,0,,43,,,NA,turn and lift,yes,NA,yes,NA,yes,NA,small corer,yes,NA,yes,NA,yes,normal,19,,19,,turn and lift,no,,NA,NA,NA,,NA,1,
11/03/2024,TL35-X-92,TL35,Sample location delocated to a 10km square (see metadata),530000,250000,535000,255000,4,85,59,no,no,0,,11,,0,,7.3,,yes,NA,1,,30,,2,,,NA,,NA,,NA,,NA,,NA,,NA,,NA,,NA,30,,2,,yes,normal,normal,0,,44,,,NA,turn and lift,yes,NA,yes,NA,yes,NA,small corer,yes,NA,yes,NA,yes,normal,18,,18,,turn and lift,no,,NA,NA,NA,,NA,1,
11/03/2024,TL35-X-92,TL35,Sample location delocated to a 10km square (see metadata),530000,250000,535000,255000,4,85,28,no,no,0,,0,,0,,7.2,,yes,NA,1,,30,,2,,,NA,,NA,,NA,,NA,,NA,,NA,,NA,,NA,30,,2,,yes,normal,normal,0,,45,,,NA,turn and lift,yes,NA,yes,NA,yes,NA,small corer,yes,NA,yes,NA,yes,normal,18,,,NA,turn and lift,no,,NA,NA,NA,,NA,1,
11/03/2024,TL35-X-92,TL35,Sample location delocated to a 10km square (see metadata),530000,250000,535000,255000,2,151,28,no,no,0,,6,,0,,7.1,,yes,NA,2,,30,,1,,,NA,,NA,,NA,,NA,,NA,,NA,,NA,,NA,30,,1,,yes,normal,normal,0,,47,,,NA,turn and lift,yes,NA,yes,NA,yes,NA,small corer,yes,NA,yes,NA,yes,normal,22,,22,,turn and lift,no,,NA,NA,NA,,NA,1,
11/03/2024,TL35-X-92,TL35,Sample location delocated to a 10km square (see metadata),530000,250000,535000,255000,2,151,59,no,no,0,,22,,0,,7.1,,yes,NA,1,,18,,2,,,NA,,NA,,NA,,NA,,NA,,NA,,NA,,NA,18,,2,,yes,normal,normal,0,,47,,,NA,turn and lift,yes,NA,yes,NA,yes,NA,small corer,yes,NA,yes,NA,yes,normal,19,,19,,turn and lift,no,,NA,NA,NA,,NA,1,
11/03/2024,TL35-X-92,TL35,Sample location delocated to a 10km square (see metadata),530000,250000,535000,255000,2,151,46,no,no,0,,8,,0,,7.2,,yes,NA,1,,20,,1,,,NA,,NA,,NA,,NA,,NA,,NA,,NA,,NA,20,,1,,yes,normal,normal,0,,48,,,NA,turn and lift,yes,NA,yes,NA,yes,NA,small corer,yes,NA,yes,NA,yes,normal,26,,26,,turn and lift,no,,NA,NA,NA,,NA,1,
11/03/2024,TL35-X-92,TL35,Sample location delocated to a 10km square (see metadata),530000,250000,535000,255000,2,151,11,yes,no,0,,13,,0,,7.1,,yes,NA,,NULL,30,,2,,,NA,,NA,,NA,,NA,,NA,,NA,,NA,,NA,30,,2,,yes,normal,normal,0,,44,,,NA,turn and lift,yes,NA,yes,NA,yes,NA,small corer,yes,NA,yes,NA,yes,normal,19,,19,,turn and lift,no,,NA,NA,NA,,NA,1,
12/03/2024,TL35-X-92,TL35,Sample location delocated to a 10km square (see metadata),530000,250000,535000,255000,1,84,28,no,no,0,,2,,0,,7.2,,no,Too wet ,,NA,,NA,,NA,,NA,,NA,,NA,,NA,,NA,,NA,,NA,,NA,,NA,,NA,yes,normal,normal,0,,40,,,NA,turn and lift,yes,NA,yes,NA,yes,NA,small corer,yes,NA,yes,NA,yes,normal,18,,18,,turn and lift,no,,NA,NA,NA,,NA,1,
12/03/2024,TL35-X-92,TL35,Sample location delocated to a 10km square (see metadata),530000,250000,535000,255000,1,84,11,no,no,0,,0,,0,,7.2,,no,Too wet,,NA,,NA,,NA,,NA,,NA,,NA,,NA,,NA,,NA,,NA,,NA,,NA,,NA,yes,normal,normal,0,,45,,,NA,turn and lift,yes,NA,yes,NA,yes,NA,small corer,yes,NA,yes,NA,yes,normal,20,,20,,turn and lift,no,,NA,NA,NA,,NA,1,
12/03/2024,TL35-X-92,TL35,Sample location delocated to a 10km square (see metadata),530000,250000,535000,255000,1,84,46,no,no,0,,0,,0,,7.2,,no,Too wet,,NA,,NA,,NA,,NA,,NA,,NA,,NA,,NA,,NA,,NA,,NA,,NA,,NA,yes,normal,normal,0,,46,,,NA,turn and lift,yes,NA,yes,NA,yes,NA,small corer,yes,NA,yes,NA,yes,normal,18,,18,,turn and lift,no,,NA,NA,NA,,NA,1,
12/03/2024,TL35-X-92,TL35,Sample location delocated to a 10km square (see metadata),530000,250000,535000,255000,1,84,59,no,no,0,,0,,0,,7.1,,no,Too wet,,NA,,NA,,NA,,NA,,NA,,NA,,NA,,NA,,NA,,NA,,NA,,NA,,NA,yes,normal,normal,0,,42,,,NA,turn and lift,no,too_wet,no,too_wet,no,too_wet,small corer,yes,NA,yes,NA,yes,normal,17,,17,,turn and lift,no,,NA,NA,NA,,NA,1,
05/03/2024,TL41-X-81,TL41,Sample location delocated to a 10km square (see metadata),540000,210000,545000,215000,4,77,46,no,no,0,,0,,0,,6.7,,yes,NA,2,,10,,1,,30,,2,,,NA,,NA,,NA,,NA,,NA,,NA,30,,1.7,,yes,normal,normal,1,,10,,,NULL,turn and lift,no,shallow_soil,no,big_stones,no,big_stones,small corer,yes,NA,yes,NA,no - shallow,normal,9.5,,9.5,,turn and lift,no,,NA,NA,NA,,NA,1,
05/03/2024,TL41-X-81,TL41,Sample location delocated to a 10km square (see metadata),540000,210000,545000,215000,4,77,59,no,no,0,,0,,0,,6.7,,no,Too stony,,NA,,NA,,NA,,NA,,NA,,NA,,NA,,NA,,NA,,NA,,NA,,NA,,NA,yes,normal,normal,1,,12,,,NULL,turn and lift,no,shallow_soil,no,big_stones,no,big_stones,small corer,yes,partial - stones,no,stones,no - shallow,normal,18,,,NA,turn and lift,no,,NA,NA,NA,,NA,1,
05/03/2024,TL41-X-81,TL41,Sample location delocated to a 10km square (see metadata),540000,210000,545000,215000,4,77,28,no,no,0,,0,,0,,0,,no,Too stony,,NA,,NA,,NA,,NA,,NA,,NA,,NA,,NA,,NA,,NA,,NA,,NA,,NA,yes,normal,normal,1,,12,,,NULL,turn and lift,no,shallow_soil,no,big_stones,no,big_stones,small corer,no,stones,no,stones,yes,normal,9,,9,,turn and lift,no,,NA,NA,NA,,NA,1,
05/03/2024,TL41-X-81,TL41,Sample location delocated to a 10km square (see metadata),540000,210000,545000,215000,4,77,11,no,no,0,,0,,0,,0,,no,Too stony,,NA,,NA,,NA,,NA,,NA,,NA,,NA,,NA,,NA,,NA,,NA,,NA,,NA,no-St,normal,normal,0,,11,,,NULL,turn and lift,no,shallow_soil,no,big_stones,no,big_stones,small corer,no,stones,no,stones,yes,normal,14,,14,,turn and lift,no,,NA,NA,NA,,NA,1,
06/03/2024,TL41-X-81,TL41,Sample location delocated to a 10km square (see metadata),540000,210000,545000,215000,3,94,59,no,no,0,,6,,0,,7.6,,yes,NA,1,,14,,3,,30,,1,,,NA,,NA,,NA,,NA,,NA,,NA,30,,1.9,,yes,normal,normal,0,,44,,,NA,turn and lift,yes,NA,yes,NA,yes,NA,small corer,yes,NA,no,stones,yes,normal,18,,18,,turn and lift,no,,NA,NA,NA,,NA,1,
06/03/2024,TL41-X-81,TL41,Sample location delocated to a 10km square (see metadata),540000,210000,545000,215000,3,94,46,no,no,0,,17,,0,,7.1,,yes,NA,1,,23,,1.5,,,NA,,NA,,NA,,NA,,NA,,NA,,NA,,NA,23,,1.5,,yes,normal,normal,0,,27,,,NULL,turn and lift,yes,NA,no,big_stones,no,big_stones,small corer,yes,NA,no,stones,yes,normal,19,,19,,turn and lift,no,,NA,NA,NA,,NA,1,
06/03/2024,TL41-X-81,TL41,Sample location delocated to a 10km square (see metadata),540000,210000,545000,215000,3,94,11,no,no,0,,14,,0,,7,,yes,NA,1,,8,,2,,30,,1,,,NA,,NA,,NA,,NA,,NA,,NA,30,,1.3,,yes,normal,normal,0,,15,,,NULL,turn and lift,yes,NA,no,big_stones,no,big_stones,small corer,yes,NA,no,stones,yes,normal,16.5,,16.5,,turn and lift,no,,NA,NA,NA,,NA,1,
06/03/2024,TL41-X-81,TL41,Sample location delocated to a 10km square (see metadata),540000,210000,545000,215000,3,94,28,no,no,0,,6,,0,,7.1,,yes,NA,1,,9,,2,,30,,1,,,NA,,NA,,NA,,NA,,NA,,NA,30,,1.3,,yes,normal,normal,0,,26,,,NULL,turn and lift,yes,NA,no,big_stones,no,big_stones,small corer,yes,partial - stones,no,stones,yes,normal,17,,17,,turn and lift,no,,NA,NA,NA,,NA,1,
07/03/2024,TL41-X-81,TL41,Sample location delocated to a 10km square (see metadata),540000,210000,545000,215000,2,85,11,no,no,1,,0,,0,,7.1,,yes,NA,2,,15,,1,,,NA,,NA,,NA,,NA,,NA,,NA,,NA,,NA,15,,1,,yes,normal,normal,0,,43,,,NA,turn and lift,yes,NA,yes,NA,yes,NA,small corer,yes,NA,yes,NA,yes,normal,20,,20,,turn and lift,no,,NA,NA,NA,,NA,1,
07/03/2024,TL41-X-81,TL41,Sample location delocated to a 10km square (see metadata),540000,210000,545000,215000,2,85,28,no,no,0,,9,,0,,7,,yes,NA,2,,30,,2,,,NA,,NA,,NA,,NA,,NA,,NA,,NA,,NA,30,,2,,yes,normal,normal,0,,45,,,NA,turn and lift,yes,NA,yes,NA,yes,NA,small corer,yes,NA,yes,NA,yes,normal,19,,,NA,turn and lift,no,,NA,NA,NA,,NA,1,
07/03/2024,TL41-X-81,TL41,Sample location delocated to a 10km square (see metadata),540000,210000,545000,215000,2,85,59,no,no,0,,15,,0,,7.1,,yes,NA,2,,30,,1.5,,,NA,,NA,,NA,,NA,,NA,,NA,,NA,,NA,30,,1.5,,yes,normal,normal,0,,43,,,NA,turn and lift,yes,NA,yes,NA,yes,NA,small corer,yes,NA,yes,NA,yes,normal,20.1,,20.1,,turn and lift,no,,NA,NA,NA,,NA,1,
07/03/2024,TL41-X-81,TL41,Sample location delocated to a 10km square (see metadata),540000,210000,545000,215000,2,85,46,no,no,0,,5,,0,,7.2,,yes,NA,2,,30,,1,,,NA,,NA,,NA,,NA,,NA,,NA,,NA,,NA,30,,1,,yes,normal,normal,0,,43,,,NA,turn and lift,yes,NA,yes,NA,yes,NA,small corer,yes,NA,yes,NA,yes,normal,18,,18,,turn and lift,no,,NA,NA,NA,,NA,1,
07/03/2024,TL41-X-81,TL41,Sample location delocated to a 10km square (see metadata),540000,210000,545000,215000,6,70,11,no,no,0,,8,,0,,8.2,,yes,NA,2,,30,,2,,,NA,,NA,,NA,,NA,,NA,,NA,,NA,,NA,30,,2,,yes,normal,normal,0,,42.1,,,NA,turn and lift,yes,NA,yes,NA,yes,NA,small corer,yes,NA,yes,NA,yes,normal,17.9,,17.9,,turn and lift,no,,NA,NA,NA,,NA,1,
07/03/2024,TL41-X-81,TL41,Sample location delocated to a 10km square (see metadata),540000,210000,545000,215000,6,70,28,no,no,0,,20,,0,,8.1,,yes,NA,2,,16,,2,,,NA,,NA,,NA,,NA,,NA,,NA,,NA,,NA,16,,2,,yes,normal,normal,0,,40,,,NA,turn and lift,yes,NA,yes,NA,yes,NA,small corer,yes,NA,no,NULL,yes,normal,19,,19,,turn and lift,no,,NA,NA,NA,,NA,1,
07/03/2024,TL41-X-81,TL41,Sample location delocated to a 10km square (see metadata),540000,210000,545000,215000,6,70,59,no,no,0,,8,,0,,6.2,,yes,NA,3,,10,,3,,,NA,,NA,,NA,,NA,,NA,,NA,,NA,,NA,10,,3,,yes,normal,normal,0,,41,,,NA,turn and lift,yes,NA,yes,NA,yes,NA,small corer,yes,NA,yes,partial - stones,yes,normal,18,,18,,turn and lift,no,,NA,NA,NA,,NA,1,
07/03/2024,TL41-X-81,TL41,Sample location delocated to a 10km square (see metadata),540000,210000,545000,215000,6,70,46,no,no,0,,7,,0,,6.1,,yes,NA,2,,15,,2,,30,,2.5,,,NA,,NA,,NA,,NA,,NA,,NA,30,,2.3,,yes,normal,normal,0,,44,,,NA,turn and lift,yes,NA,yes,NA,yes,NA,small corer,yes,NA,yes,NA,yes,normal,16,,16,,turn and lift,no,,NA,NA,NA,,NA,1,
16/01/2024,TL47-X-92,TL47,Sample location delocated to a 10km square (see metadata),540000,270000,545000,275000,3,56,11,no,no,0,,11,,3,,2,,yes,NA,2,,30,,2.5,,,NA,,NA,,NA,,NA,,NA,,NA,,NA,,NA,30,,2.5,,yes,normal,normal,0,,45.7,,,NA,turn and lift,yes,NA,yes,NA,yes,NA,small corer,yes,NA,yes,NA,yes,normal,20.1,,20.1,,turn and lift,no,,NA,NA,NA,,NA,1,
16/01/2024,TL47-X-92,TL47,Sample location delocated to a 10km square (see metadata),540000,270000,545000,275000,3,56,28,no,no,0,,7,,1,,2.3,,yes,NA,2,,30,,2.5,,,NA,,NA,,NA,,NA,,NA,,NA,,NA,,NA,30,,2.5,,yes,normal,normal,0,,43.5,,,NA,turn and lift,yes,NA,yes,NA,yes,NA,small corer,yes,NA,yes,NA,yes,normal,21,,21,,turn and lift,no,,NA,NA,NA,,NA,1,
16/01/2024,TL47-X-92,TL47,Sample location delocated to a 10km square (see metadata),540000,270000,545000,275000,3,56,59,no,no,0,,6,,4,,3.5,,yes,NA,2,,30,,2.5,,,NA,,NA,,NA,,NA,,NA,,NA,,NA,,NA,30,,2.5,,yes,normal,normal,0,,48.2,,,NA,turn and lift,yes,NA,yes,NA,yes,NA,small corer,yes,NA,yes,NA,yes,normal,26,,26,,turn and lift,no,,NA,NA,NA,,NA,1,
16/01/2024,TL47-X-92,TL47,Sample location delocated to a 10km square (see metadata),540000,270000,545000,275000,3,56,46,no,no,0,,2,,2,,4,,yes,NA,2,,30,,2.5,,,NA,,NA,,NA,,NA,,NA,,NA,,NA,,NA,30,,2.5,,yes,normal,normal,0,,42,,,NA,turn and lift,yes,NA,yes,NA,yes,NA,small corer,yes,NA,yes,NA,yes,normal,21.3,,21.3,,turn and lift,no,,NA,NA,NA,,NA,1,
17/01/2024,TL47-X-92,TL47,Sample location delocated to a 10km square (see metadata),540000,270000,545000,275000,2,50,46,no,no,0,,22,,5,,2.4,,yes,NA,2,,20,,2,,30,,2.5,,,NA,,NA,,NA,,NA,,NA,,NA,30,,2.2,,yes,normal,normal,1,,44.8,,,NA,turn and lift,yes,NA,yes,NA,yes,NA,small corer,yes,NA,yes,NA,yes,normal,19.2,,19.2,,dig and tip,no,,NA,NA,NA,,NA,1,
17/01/2024,TL47-X-92,TL47,Sample location delocated to a 10km square (see metadata),540000,270000,545000,275000,2,50,11,no,no,0,,6,,4,,1.6,,yes,NA,2,,20,,2,,30,,2.5,,,NA,,NA,,NA,,NA,,NA,,NA,30,,2.2,,yes,normal,normal,0,,45.8,,,NA,turn and lift,yes,NA,yes,NA,yes,NA,small corer,yes,NA,yes,NA,yes,normal,19.3,,19.3,,turn and lift,no,,NA,NA,NA,,NA,1,
17/01/2024,TL47-X-92,TL47,Sample location delocated to a 10km square (see metadata),540000,270000,545000,275000,2,50,28,no,no,0,,12,,5,,2,,yes,NA,2,,15,,2,,30,,2.5,,,NA,,NA,,NA,,NA,,NA,,NA,30,,2.3,,yes,normal,normal,0,,44,,,NA,turn and lift,yes,NA,yes,NA,yes,NA,small corer,yes,NA,yes,NA,yes,normal,18.6,,18.6,,turn and lift,no,,NA,NA,NA,,NA,1,
17/01/2024,TL47-X-92,TL47,Sample location delocated to a 10km square (see metadata),540000,270000,545000,275000,2,50,59,no,no,0,,10,,1,,2.6,,yes,NA,2,,30,,2.5,,,NA,,NA,,NA,,NA,,NA,,NA,,NA,,NA,30,,2.5,,yes,normal,normal,1,,45.2,,,NA,turn and lift,yes,NA,yes,NA,yes,NA,small corer,yes,NA,yes,NA,yes,normal,18,,18,,turn and lift,no,,NA,NA,NA,,NA,1,
17/01/2024,TL47-X-92,TL47,Sample location delocated to a 10km square (see metadata),540000,270000,545000,275000,1,85,11,no,no,0,,20,,2,,3,,yes,NA,2,,10,,2,,20,,2.5,,,NA,,NA,,NA,,NA,,NA,,NA,20,,2.3,,yes,normal,normal,0,,43.4,,,NA,turn and lift,yes,NA,yes,NA,yes,NA,small corer,yes,NA,yes,NA,yes,normal,17.8,,17.8,,turn and lift,no,,NA,NA,NA,,NA,1,
17/01/2024,TL47-X-92,TL47,Sample location delocated to a 10km square (see metadata),540000,270000,545000,275000,1,85,28,no,no,0,,17,,2,,1.8,,yes,NA,,NULL,10,,2,,30,,2.5,,,NA,,NA,,NA,,NA,,NA,,NA,30,,2.3,,yes,normal,normal,0,,43.9,,,NA,turn and lift,yes,NA,yes,NA,yes,NA,small corer,yes,NA,yes,NA,yes,normal,19.4,,19.4,,turn and lift,no,,NA,NA,NA,,NA,1,
17/01/2024,TL47-X-92,TL47,Sample location delocated to a 10km square (see metadata),540000,270000,545000,275000,1,85,59,no,no,0,,30,,8,,2.7,,yes,NA,2,,10,,2,,30,,2.5,,,NA,,NA,,NA,,NA,,NA,,NA,30,,2.3,,yes,normal,normal,0,,41.5,,,NA,turn and lift,yes,NA,yes,NA,yes,NA,small corer,yes,NA,yes,NA,yes,normal,18.3,,18.3,,turn and lift,no,,NA,NA,NA,,NA,1,
17/01/2024,TL47-X-92,TL47,Sample location delocated to a 10km square (see metadata),540000,270000,545000,275000,1,85,46,no,no,0,,31,,6,,2.6,,yes,NA,2,,10,,2,,25,,2.5,,,NA,,NA,,NA,,NA,,NA,,NA,25,,2.3,,yes,normal,normal,0,,45.2,,,NA,turn and lift,yes,NA,yes,NA,yes,NA,small corer,yes,NA,yes,NA,yes,normal,17.6,,17.6,,turn and lift,no,,NA,NA,NA,,NA,1,
18/01/2024,TL47-X-92,TL47,Sample location delocated to a 10km square (see metadata),540000,270000,545000,275000,5,48,46,no,no,0,,2,,0,,1.2,,yes,NA,2,,30,,1.5,,,NA,,NA,,NA,,NA,,NA,,NA,,NA,,NA,30,,1.5,,yes,normal,normal,0,,44.6,,,NA,turn and lift,yes,NA,yes,NA,yes,NA,small corer,yes,NA,yes,NA,yes,normal,18.7,,18.7,,turn and lift,no,,NA,NA,NA,,NA,1,
18/01/2024,TL47-X-92,TL47,Sample location delocated to a 10km square (see metadata),540000,270000,545000,275000,5,48,59,no,no,0,,12,,0,,1.6,,yes,NA,2,,10,,1.5,,30,,1,,,NA,,NA,,NA,,NA,,NA,,NA,30,,1.2,,yes,normal,normal,0,,45.6,,,NA,turn and lift,yes,NA,yes,NA,yes,NA,small corer,yes,NA,yes,NA,yes,normal,16.8,,16.8,,turn and lift,no,,NA,NA,NA,,NA,1,
18/01/2024,TL47-X-92,TL47,Sample location delocated to a 10km square (see metadata),540000,270000,545000,275000,5,48,28,no,no,0,,14,,3,,2.5,,yes,NA,2,,5,,1.5,,30,,1,,,NA,,NA,,NA,,NA,,NA,,NA,30,,1.1,,yes,normal,normal,0,,45.9,,,NA,turn and lift,yes,NA,yes,NA,yes,NA,small corer,yes,NA,yes,NA,yes,normal,18.1,,18.1,,turn and lift,no,,NA,NA,NA,,NA,1,
18/01/2024,TL47-X-92,TL47,Sample location delocated to a 10km square (see metadata),540000,270000,545000,275000,5,48,11,no,no,0,,2,,0,,2.9,,yes,NA,2,,30,,1,,,NA,,NA,,NA,,NA,,NA,,NA,,NA,,NA,30,,1,,yes,normal,normal,0,,46.1,,,NA,turn and lift,yes,NA,yes,NA,yes,NA,small corer,yes,NA,yes,NA,yes,normal,16.8,,16.8,,turn and lift,no,,NA,NA,NA,,NA,1,
09/11/2023,TL54-X-92,TL54,Sample location delocated to a 10km square (see metadata),550000,240000,555000,245000,3,85,59,yes,no,0,,1,,2,,7.3,,yes,NA,2,,5,,1.5,,30,,1,,,NA,,NA,,NA,,NA,,NA,,NA,30,,1.1,,yes,normal,normal,0,,47,,,NA,turn and lift,yes,NA,yes,NA,yes,NA,small corer,yes,NA,yes,NA,yes,normal,19,,19,,turn and lift,no,,NA,NA,NA,,NA,1,
09/11/2023,TL54-X-92,TL54,Sample location delocated to a 10km square (see metadata),550000,240000,555000,245000,3,85,28,yes,no,0,,2,,1,,7.5,,yes,NA,2,,7.5,,1,,22.5,,2.5,,30,,1.5,,,NA,,NA,,NA,,NA,30,,1.9,,yes,normal,normal,0,,46.5,,,NA,turn and lift,yes,NA,yes,NA,yes,NA,small corer,yes,NA,yes,NA,yes,normal,21,,21,,turn and lift,no,,NA,NA,NA,,NA,1,
09/11/2023,TL54-X-92,TL54,Sample location delocated to a 10km square (see metadata),550000,240000,555000,245000,3,85,11,no,no,0,,0,,0,,7.9,,yes,NA,2,,20,,1.5,,30,,1.5,,,NA,,NA,,NA,,NA,,NA,,NA,30,,1.5,,yes,normal,normal,0,,45.8,,,NA,turn and lift,yes,NA,yes,NA,yes,NA,small corer,no,stones,no,stones,yes,normal,17,,17,,turn and lift,no,,NA,NA,NA,,NA,1,
09/11/2023,TL54-X-92,TL54,Sample location delocated to a 10km square (see metadata),550000,240000,555000,245000,3,85,46,no,no,0,,3,,0,,8.1,,yes,NA,2,,5,,1.5,,30,,2,,,NA,,NA,,NA,,NA,,NA,,NA,30,,1.9,,yes,normal,normal,0,,45,,,NA,turn and lift,yes,NA,yes,NA,yes,NA,small corer,yes,NA,yes,NA,yes,normal,17.7,,17.7,,turn and lift,no,,NA,NA,NA,,NA,1,
04/12/2023,TL68-X-72,TL68,Sample location delocated to a 10km square (see metadata),560000,280000,565000,285000,1,85,11,yes,no,0,,3,,2,,4.1,,yes,NA,2,,20,,1,,30,,1,,,NA,,NA,,NA,,NA,,NA,,NA,30,,1,,yes,normal,normal,0,,40.5,,,NA,turn and lift,yes,NA,yes,NA,yes,NA,small corer,yes,NA,yes,NA,yes,normal,17.7,,17.7,,turn and lift,yes,40,,yes,Hisco,,NULL,1,
04/12/2023,TL68-X-72,TL68,Sample location delocated to a 10km square (see metadata),560000,280000,565000,285000,1,85,46,no,no,0,,2,,0,,4.1,,yes,NA,,NULL,30,,1,,,NA,,NA,,NA,,NA,,NA,,NA,,NA,,NA,30,,1,,yes,normal,normal,0,,43.8,,,NA,turn and lift,yes,NA,yes,NA,yes,NA,small corer,yes,NA,yes,NA,yes,normal,19.7,,19.7,,turn and lift,yes,42,,yes,Hisco,,NULL,1,
04/12/2023,TL68-X-72,TL68,Sample location delocated to a 10km square (see metadata),560000,280000,565000,285000,1,85,59,yes,no,0,,2,,0,,4.3,,yes,NA,2,,30,,1,,,NA,,NA,,NA,,NA,,NA,,NA,,NA,,NA,30,,1,,yes,normal,normal,0,,41,,,NA,turn and lift,yes,NA,yes,NA,yes,NA,small corer,yes,NA,yes,NA,yes,normal,16,,16,,turn and lift,yes,45,,yes,Hisco,,NULL,1,
04/12/2023,TL68-X-72,TL68,Sample location delocated to a 10km square (see metadata),560000,280000,565000,285000,1,85,28,yes,yes,0,,2,,2,,4.2,,yes,NA,2,,30,,1,,,NA,,NA,,NA,,NA,,NA,,NA,,NA,,NA,30,,1,,yes,normal,normal,0,,43.2,,,NA,turn and lift,yes,NA,yes,NA,yes,NA,small corer,yes,NA,yes,NA,yes,normal,19,,19,,turn and lift,yes,35,,yes,Hisco,,NULL,1,
04/12/2023,TL68-X-72,TL68,Sample location delocated to a 10km square (see metadata),560000,280000,565000,285000,4,98,11,yes,no,0,,5,,2,,4.7,,yes,NA,2,,30,,1,,,NA,,NA,,NA,,NA,,NA,,NA,,NA,,NA,30,,1,,yes,normal,normal,1,,47.5,,,NA,turn and lift,yes,NA,yes,NA,yes,NA,small corer,yes,NA,yes,NA,yes,normal,23.9,,23.9,,turn and lift,yes,19,,yes,Hisco,,NULL,1,
04/12/2023,TL68-X-72,TL68,Sample location delocated to a 10km square (see metadata),560000,280000,565000,285000,4,98,46,yes,no,0,,9,,0,,4.5,,yes,NA,2,,30,,2.5,,,NA,,NA,,NA,,NA,,NA,,NA,,NA,,NA,30,,2.5,,yes,normal,normal,1,,49.6,,,NA,turn and lift,yes,NA,yes,NA,yes,NA,small corer,yes,NA,yes,NA,yes,normal,24.5,,24.5,,turn and lift,yes,30,,yes,Hisco,,NULL,1,
04/12/2023,TL68-X-72,TL68,Sample location delocated to a 10km square (see metadata),560000,280000,565000,285000,4,98,59,yes,no,0,,8,,0,,4.5,,yes,NA,2,,10,,1,,30,,1.5,,,NA,,NA,,NA,,NA,,NA,,NA,30,,1.3,,yes,normal,normal,0,,48.2,,,NA,turn and lift,yes,NA,yes,NA,yes,NA,small corer,yes,NA,yes,NA,yes,normal,22,,22,,turn and lift,yes,36,,yes,Hisco,,NULL,1,
04/12/2023,TL68-X-72,TL68,Sample location delocated to a 10km square (see metadata),560000,280000,565000,285000,4,98,28,yes,no,0,,6,,0,,4.3,,yes,NA,2,,10,,1,,30,,1.5,,,NA,,NA,,NA,,NA,,NA,,NA,30,,1.3,,yes,normal,normal,0,,47.7,,,NA,turn and lift,yes,NA,yes,NA,yes,NA,small corer,yes,NA,yes,NA,yes,normal,19.5,,19.5,,turn and lift,yes,32,,yes,Hisco,,NULL,1,
05/12/2023,TL68-X-72,TL68,Sample location delocated to a 10km square (see metadata),560000,280000,565000,285000,3,85,11,yes,yes,0,,8,,1,,5,,yes,NA,2,,15,,2,,30,,3.5,,,NA,,NA,,NA,,NA,,NA,,NA,30,,2.8,,yes,normal,normal,0,,45.3,,,NA,turn and lift,yes,NA,yes,NA,yes,NA,small corer,yes,NA,yes,NA,yes,normal,19.8,,19.8,,turn and lift,yes,46,,yes,Hisco,,NULL,1,
05/12/2023,TL68-X-72,TL68,Sample location delocated to a 10km square (see metadata),560000,280000,565000,285000,3,85,46,yes,yes,0,,2,,2,,4.9,,yes,NA,2,,30,,1.5,,,NA,,NA,,NA,,NA,,NA,,NA,,NA,,NA,30,,1.5,,yes,normal,normal,0,,47.5,,,NA,turn and lift,yes,NA,yes,NA,yes,NA,small corer,yes,NA,yes,NA,yes,normal,19.9,,19.9,,turn and lift,yes,31,,yes,Hisco,,NULL,1,
05/12/2023,TL68-X-72,TL68,Sample location delocated to a 10km square (see metadata),560000,280000,565000,285000,3,85,59,yes,yes,0,,4,,0,,4.9,,yes,NA,2,,20,,1.5,,30,,2,,,NA,,NA,,NA,,NA,,NA,,NA,30,,1.7,,yes,normal,normal,0,,48,,,NA,turn and lift,yes,NA,yes,NA,yes,NA,small corer,yes,NA,yes,NA,yes,normal,20.5,,20.5,,turn and lift,yes,31,,yes,Hisco,,NULL,1,
05/12/2023,TL68-X-72,TL68,Sample location delocated to a 10km square (see metadata),560000,280000,565000,285000,3,85,28,yes,yes,0,,5,,1,,5.1,,yes,NA,,NULL,25,,1.5,,30,,3,,,NA,,NA,,NA,,NA,,NA,,NA,30,,1.8,,yes,normal,normal,0,,47.5,,,NA,turn and lift,yes,NA,yes,NA,yes,NA,small corer,yes,NA,yes,NA,yes,normal,20.9,,20.9,,turn and lift,yes,47,,yes,Hisco,,NULL,1,
05/12/2023,TL68-X-72,TL68,Sample location delocated to a 10km square (see metadata),560000,280000,565000,285000,2,85,28,yes,yes,0,,5,,1,,5.1,,yes,NA,2,,10,,1,,30,,2.5,,,NA,,NA,,NA,,NA,,NA,,NA,30,,2,,yes,normal,normal,0,,45,,,NA,turn and lift,yes,NA,yes,NA,yes,NA,small corer,yes,NA,yes,NA,yes,normal,20.9,,20.9,,turn and lift,yes,51,,yes,Hisco,,NULL,1,
05/12/2023,TL68-X-72,TL68,Sample location delocated to a 10km square (see metadata),560000,280000,565000,285000,2,85,11,yes,yes,0,,2,,0,,5.3,,yes,NA,2,,30,,1.5,,,NA,,NA,,NA,,NA,,NA,,NA,,NA,,NA,30,,1.5,,yes,normal,normal,0,,45,,,NA,turn and lift,yes,NA,yes,NA,yes,NA,small corer,yes,NA,yes,NA,yes,normal,15.5,,15.5,,turn and lift,yes,39,,yes,Hisco,,NULL,1,
05/12/2023,TL68-X-72,TL68,Sample location delocated to a 10km square (see metadata),560000,280000,565000,285000,2,85,46,yes,yes,0,,2,,0,,5.1,,yes,NA,2,,10,,1,,30,,2,,,NA,,NA,,NA,,NA,,NA,,NA,30,,1.7,,yes,normal,normal,0,,46,,,NA,turn and lift,yes,NA,yes,NA,yes,NA,small corer,yes,NA,yes,NA,yes,normal,18.9,,18.9,,turn and lift,yes,40,,yes,Hisco,,NULL,1,
05/12/2023,TL68-X-72,TL68,Sample location delocated to a 10km square (see metadata),560000,280000,565000,285000,2,85,59,yes,yes,0,,5,,1,,5.3,,yes,NA,2,,25,,1,,30,,2,,,NA,,NA,,NA,,NA,,NA,,NA,30,,1.2,,yes,normal,normal,0,,47.8,,,NA,turn and lift,yes,NA,yes,NA,yes,NA,small corer,yes,NA,yes,NA,yes,normal,17.3,,17.3,,turn and lift,yes,45,,yes,Hisco,,NULL,1,
14/02/2024,TL69-X-41,TL69,Sample location delocated to a 10km square (see metadata),560000,290000,565000,295000,1,85,11,no,no,0,,6,,0,,8.6,,yes,NA,2,,10,,3.5,,15,,3,,20,,2.5,,25,,2.5,,30,,1,,30,,2.7,,yes,normal,normal,2,,42.5,,,NA,turn and lift,yes,NA,yes,NA,yes,NA,small corer,yes,NA,yes,NA,yes,normal,18,,18,,turn and lift,no,,NA,NA,NA,,NA,1,
14/02/2024,TL69-X-41,TL69,Sample location delocated to a 10km square (see metadata),560000,290000,565000,295000,1,85,28,no,no,0,,1,,0,,9.3,,yes,NA,,NULL,11,,4,,13,,3.5,,30,,3,,,NA,,NA,,NA,,NA,30,,3.4,,yes,normal,normal,5,,44,,,NA,turn and lift,yes,NA,yes,NA,yes,NA,small corer,yes,NA,yes,NA,yes,normal,17,,17,,turn and lift,no,,NA,NA,NA,,NA,1,
14/02/2024,TL69-X-41,TL69,Sample location delocated to a 10km square (see metadata),560000,290000,565000,295000,1,85,59,no,no,0,,0,,0,,9.2,,yes,NA,2,,10,,3,,19,,2.5,,30,,2,,,NA,,NA,,NA,,NA,30,,2.5,,yes,normal,normal,3,,44,,,NA,turn and lift,yes,NA,yes,NA,yes,NA,small corer,yes,NA,yes,NA,yes,normal,18,,18,,turn and lift,no,,NA,NA,NA,,NA,1,
14/02/2024,TL69-X-41,TL69,Sample location delocated to a 10km square (see metadata),560000,290000,565000,295000,1,85,46,yes,yes,3,,3,,0,,9.5,,yes,NA,2,,10,,4,,14,,3,,18,,2,,22,,2,,30,,1.5,,30,,2.7,,yes,normal,normal,4,,43,,,NA,turn and lift,yes,NA,yes,NA,yes,NA,small corer,yes,NA,yes,NA,yes,normal,16.5,,16.5,,turn and lift,no,,NA,NA,NA,,NA,1,
18/04/2024,TL69-X-41,TL69,Sample location delocated to a 10km square (see metadata),560000,290000,565000,295000,2,163,59,no,no,0,,2,,0,,7.2,,yes,NA,,NULL,30,,2,,,NA,,NA,,NA,,NA,,NA,,NA,,NA,,NA,30,,2,,yes,normal,normal,0,,46,,,NA,turn and lift,yes,NA,yes,NA,yes,NA,small corer,yes,NA,yes,NA,yes,normal,17,,17,,turn and lift,no,,NA,NA,NA,,NA,1,
18/04/2024,TL69-X-41,TL69,Sample location delocated to a 10km square (see metadata),560000,290000,565000,295000,2,163,46,no,no,0,,2,,0,,7.3,,yes,NA,,NULL,10,,2,,30,,1.5,,,NA,,NA,,NA,,NA,,NA,,NA,30,,1.7,,yes,normal,normal,0,,48,,,NA,turn and lift,yes,NA,yes,NA,yes,NA,small corer,yes,NA,yes,NA,yes,normal,18,,18,,turn and lift,no,,NA,NA,NA,,NA,1,
18/04/2024,TL69-X-41,TL69,Sample location delocated to a 10km square (see metadata),560000,290000,565000,295000,2,163,11,no,no,0,,5,,0,,0,,yes,NA,,NULL,20,,2,,30,,1.5,,,NA,,NA,,NA,,NA,,NA,,NA,30,,1.8,,yes,normal,normal,0,,48,,,NA,turn and lift,yes,NA,yes,NA,yes,NA,small corer,yes,NA,yes,NA,yes,normal,18.5,,18.5,,turn and lift,no,,NA,NA,NA,,NA,1,
18/04/2024,TL69-X-41,TL69,Sample location delocated to a 10km square (see metadata),560000,290000,565000,295000,2,163,28,no,no,0,,5,,0,,7.6,,yes,NA,,NULL,20,,2,,30,,1.5,,,NA,,NA,,NA,,NA,,NA,,NA,30,,1.8,,yes,normal,normal,0,,48.5,,,NA,turn and lift,yes,NA,yes,NA,yes,NA,small corer,yes,NA,yes,NA,yes,normal,20,,20,,turn and lift,no,,NA,NA,NA,,NA,1,
07/06/2023,TL70-X-76,TL70,Sample location delocated to a 10km square (see metadata),570000,200000,575000,205000,3,32,11,no,no,0,,0,,0,,13.7,,yes,NA,2,,25,,1,,,NA,,NA,,NA,,NA,,NA,,NA,,NA,,NA,25,,1,,yes,normal,normal,1,,41,,41,,turn and lift,yes,NA,yes,NA,yes,NA,small corer,yes,partial - hard and dry soil,no,dry and hard soil,yes,normal,17,,17,,turn and lift,NULL,,NULL,NULL,NULL,,NULL,,NULL
07/06/2023,TL70-X-76,TL70,Sample location delocated to a 10km square (see metadata),570000,200000,575000,205000,3,32,28,no,no,0,,0,,0,,13.9,,yes,NA,2,,20,,1,,,NA,,NA,,NA,,NA,,NA,,NA,,NA,,NA,20,,1,,yes,normal,serrated,0,,41,,41,,turn and lift,yes,NA,yes,NA,yes,NA,small corer,yes,partial - stones,no,NULL,yes,normal,18,,18,,turn and lift,NULL,,NULL,NULL,NULL,,NULL,,NULL
07/06/2023,TL70-X-76,TL70,Sample location delocated to a 10km square (see metadata),570000,200000,575000,205000,3,32,59,no,no,0,,0,,0,,14.4,,yes,NA,2,,20,,1,,,NA,,NA,,NA,,NA,,NA,,NA,,NA,,NA,20,,1,,yes,normal,normal,1,,40,,40,,turn and lift,yes,NA,yes,NA,yes,NA,small corer,yes,partial - stones,no,NULL,yes,normal,17,,17,,turn and lift,NULL,,NULL,NULL,NULL,,NULL,,NULL
07/06/2023,TL70-X-76,TL70,Sample location delocated to a 10km square (see metadata),570000,200000,575000,205000,3,32,46,no,no,0,,0,,0,,14.6,,yes,NA,2,,20,,1,,,NA,,NA,,NA,,NA,,NA,,NA,,NA,,NA,20,,1,,yes,normal,normal,1,,40,,40,,turn and lift,yes,NA,yes,NA,yes,NA,small corer,yes,partial - stones,no,NULL,yes,normal,17,,17,,turn and lift,NULL,,NULL,NULL,NULL,,NULL,,NULL
07/06/2023,TL70-X-76,TL70,Sample location delocated to a 10km square (see metadata),570000,200000,575000,205000,5,57,11,no,no,0,,0,,0,,16.9,,yes,NA,2,,20,,1,,,NA,,NA,,NA,,NA,,NA,,NA,,NA,,NA,20,,1,,yes,normal,normal,0,,45,,45,,turn and lift,yes,NA,yes,NA,yes,NA,small corer,yes,partial - stones,no,NULL,yes,normal,16,,16,,turn and lift,NULL,,NULL,NULL,NULL,,NULL,,NULL
07/06/2023,TL70-X-76,TL70,Sample location delocated to a 10km square (see metadata),570000,200000,575000,205000,5,57,28,no,no,0,,0,,1,,18.1,,yes,NA,2,,20,,1,,,NA,,NA,,NA,,NA,,NA,,NA,,NA,,NA,20,,1,,yes,normal,normal,0,,47,,47,,turn and lift,yes,NA,yes,NA,yes,NA,small corer,yes,partial - stones,no,NULL,yes,normal,19,,19,,turn and lift,NULL,,NULL,NULL,NULL,,NULL,,NULL
07/06/2023,TL70-X-76,TL70,Sample location delocated to a 10km square (see metadata),570000,200000,575000,205000,5,57,46,no,no,0,,3,,0,,18,,yes,NA,2,,20,,1,,,NA,,NA,,NA,,NA,,NA,,NA,,NA,,NA,20,,1,,yes,normal,normal,0,,46,,46,,turn and lift,yes,NA,yes,NA,yes,NA,small corer,yes,partial - stones,no,NULL,yes,normal,19,,19,,turn and lift,NULL,,NULL,NULL,NULL,,NULL,,NULL
07/06/2023,TL70-X-76,TL70,Sample location delocated to a 10km square (see metadata),570000,200000,575000,205000,5,57,59,no,no,0,,0,,0,,19.8,,yes,NA,2,,20,,1,,,NA,,NA,,NA,,NA,,NA,,NA,,NA,,NA,20,,1,,yes,normal,normal,0,,42,,42,,turn and lift,yes,NA,yes,NA,yes,NA,small corer,yes,partial - stones,no,NULL,yes,normal,18,,18,,turn and lift,NULL,,NULL,NULL,NULL,,NULL,,NULL
27/02/2024,TL71-X-34,TL71,Sample location delocated to a 10km square (see metadata),570000,210000,575000,215000,3,84,11,yes,no,0,,6,,0,,4.4,,yes,NA,,NULL,10,,2.5,,30,,1.5,,,NA,,NA,,NA,,NA,,NA,,NA,30,,1.8,,yes,normal,normal,0,,42,,,NA,turn and lift,yes,NA,yes,NA,yes,NA,small corer,yes,NA,yes,NA,yes,normal,16,,16,,turn and lift,no,,NA,NA,NA,,NA,1,
27/02/2024,TL71-X-34,TL71,Sample location delocated to a 10km square (see metadata),570000,210000,575000,215000,3,84,46,yes,no,0,,4,,0,,4.2,,yes,NA,,NULL,25,,3,,30,,2,,,NA,,NA,,NA,,NA,,NA,,NA,30,,2.8,,yes,normal,normal,0,,40,,,NA,turn and lift,yes,NA,yes,NA,yes,NA,small corer,yes,NA,yes,NA,yes,normal,19.5,,19.5,,turn and lift,no,,NA,NA,NA,,NA,1,
27/02/2024,TL71-X-34,TL71,Sample location delocated to a 10km square (see metadata),570000,210000,575000,215000,3,84,59,yes,no,0,,1,,0,,3.9,,yes,NA,,NULL,30,,1.5,,,NA,,NA,,NA,,NA,,NA,,NA,,NA,,NA,30,,1.5,,yes,normal,normal,0,,44,,,NA,turn and lift,yes,NA,yes,NA,yes,NA,small corer,yes,NA,yes,NA,yes,normal,17,,17,,turn and lift,no,,NA,NA,NA,,NA,1,
27/02/2024,TL71-X-34,TL71,Sample location delocated to a 10km square (see metadata),570000,210000,575000,215000,3,84,28,yes,no,0,,3,,0,,3.9,,yes,NA,,NULL,10,,1.5,,30,,2,,,NA,,NA,,NA,,NA,,NA,,NA,30,,1.8,,yes,normal,normal,0,,41,,,NA,turn and lift,yes,NA,yes,NA,yes,NA,small corer,yes,NA,yes,NA,yes,normal,16,,16,,turn and lift,no,,NA,NA,NA,,NA,1,
27/02/2024,TL71-X-34,TL71,Sample location delocated to a 10km square (see metadata),570000,210000,575000,215000,1,85,59,no,no,0,,0,,0,,6.2,,yes,NA,,NULL,10,,5,,30,,3,,,NA,,NA,,NA,,NA,,NA,,NA,30,,3.7,,yes,normal,normal,0,,42,,,NA,turn and lift,yes,NA,yes,NA,yes,NA,small corer,yes,NA,yes,NA,yes,normal,17,,17,,turn and lift,no,,NA,NA,NA,,NA,1,
27/02/2024,TL71-X-34,TL71,Sample location delocated to a 10km square (see metadata),570000,210000,575000,215000,1,85,28,no,no,0,,1,,0,,6.2,,yes,NA,,NULL,24,,4,,30,,2.5,,,NA,,NA,,NA,,NA,,NA,,NA,30,,3.7,,yes,normal,normal,0,,45,,,NA,turn and lift,yes,NA,yes,NA,yes,NA,small corer,yes,NA,yes,NA,yes,normal,17,,17,,turn and lift,no,,NA,NA,NA,,NA,1,
27/02/2024,TL71-X-34,TL71,Sample location delocated to a 10km square (see metadata),570000,210000,575000,215000,1,85,11,no,no,0,,0,,0,,6.3,,yes,NA,,NULL,25,,3.5,,30,,2,,,NA,,NA,,NA,,NA,,NA,,NA,30,,3.3,,yes,normal,normal,0,,41,,,NA,turn and lift,yes,NA,yes,NA,yes,NA,small corer,yes,NA,yes,NA,yes,normal,18,,18,,turn and lift,no,,NA,NA,NA,,NA,1,
27/02/2024,TL71-X-34,TL71,Sample location delocated to a 10km square (see metadata),570000,210000,575000,215000,1,85,46,no,no,0,,0,,0,,6.2,,yes,NA,,NULL,25,,4,,30,,3,,,NA,,NA,,NA,,NA,,NA,,NA,30,,3.8,,yes,normal,normal,0,,44,,,NA,turn and lift,yes,NA,yes,NA,yes,NA,small corer,yes,NA,yes,NA,yes,normal,17.5,,17.5,,turn and lift,no,,NA,NA,NA,,NA,1,
28/02/2024,TL71-X-34,TL71,Sample location delocated to a 10km square (see metadata),570000,210000,575000,215000,2,72,11,no,no,0,,3,,0,,6.6,,yes,NA,,NULL,25,,4,,30,,3,,,NA,,NA,,NA,,NA,,NA,,NA,30,,3.8,,yes,normal,normal,1,,43,,,NA,turn and lift,yes,NA,yes,NA,yes,NA,small corer,yes,NA,yes,NA,yes,normal,17.5,,17.5,,turn and lift,no,,NA,NA,NA,,NA,1,
28/02/2024,TL71-X-34,TL71,Sample location delocated to a 10km square (see metadata),570000,210000,575000,215000,2,72,46,no,no,0,,5,,0,,5.9,,yes,NA,,NULL,26,,4.5,,30,,2,,,NA,,NA,,NA,,NA,,NA,,NA,30,,4.2,,yes,normal,normal,1,,42.5,,,NA,turn and lift,yes,NA,yes,NA,yes,NA,small corer,yes,NA,yes,NA,yes,normal,18,,18,,turn and lift,no,,NA,NA,NA,,NA,1,
28/02/2024,TL71-X-34,TL71,Sample location delocated to a 10km square (see metadata),570000,210000,575000,215000,2,72,59,no,no,0,,2,,0,,5.9,,yes,NA,,NULL,10,,5,,25,,4,,30,,3,,,NA,,NA,,NA,,NA,30,,4.2,,yes,normal,normal,0,,44.5,,,NA,turn and lift,yes,NA,yes,NA,yes,NA,small corer,yes,NA,yes,NA,yes,normal,15.5,,15.5,,turn and lift,no,,NA,NA,NA,,NA,1,
28/02/2024,TL71-X-34,TL71,Sample location delocated to a 10km square (see metadata),570000,210000,575000,215000,2,72,28,no,no,0,,5,,0,,6,,yes,NA,,NULL,10,,4,,25,,3,,,NA,,NA,,NA,,NA,,NA,,NA,25,,3.4,,yes,normal,normal,0,,44.5,,,NA,turn and lift,yes,NA,yes,NA,yes,NA,small corer,yes,NA,yes,NA,yes,normal,15.5,,,NA,turn and lift,no,,NA,NA,NA,,NA,1,
29/02/2024,TL71-X-34,TL71,Sample location delocated to a 10km square (see metadata),570000,210000,575000,215000,4,85,59,yes,no,0,,0,,0,,8.3,,yes,NA,,NULL,25,,5,,30,,4,,,NA,,NA,,NA,,NA,,NA,,NA,30,,4.8,,yes,normal,normal,0,,44.5,,,NA,turn and lift,yes,NA,yes,NA,yes,NA,small corer,yes,NA,yes,NA,yes,normal,16.5,,16.5,,turn and lift,no,,NA,NA,NA,,NA,1,
29/02/2024,TL71-X-34,TL71,Sample location delocated to a 10km square (see metadata),570000,210000,575000,215000,4,85,28,no,no,0,,4,,0,,8.1,,yes,NA,,NULL,10,,2.5,,30,,4,,,NA,,NA,,NA,,NA,,NA,,NA,30,,3.5,,yes,normal,normal,0,,44.5,,,NA,turn and lift,yes,NA,yes,NA,yes,NA,small corer,yes,NA,yes,NA,yes,normal,15.5,,15.5,,turn and lift,no,,NA,NA,NA,,NA,1,
29/02/2024,TL71-X-34,TL71,Sample location delocated to a 10km square (see metadata),570000,210000,575000,215000,4,85,11,no,no,0,,0,,0,,8,,yes,NA,,NULL,30,,4,,,NA,,NA,,NA,,NA,,NA,,NA,,NA,,NA,30,,4,,yes,normal,normal,0,,42,,,NA,turn and lift,yes,NA,yes,NA,yes,NA,small corer,yes,NA,yes,NA,yes,normal,17,,17,,turn and lift,no,,NA,NA,NA,,NA,1,
29/02/2024,TL71-X-34,TL71,Sample location delocated to a 10km square (see metadata),570000,210000,575000,215000,4,85,46,no,no,0,,0,,0,,8.1,,yes,NA,,NULL,30,,5,,,NA,,NA,,NA,,NA,,NA,,NA,,NA,,NA,30,,5,,yes,normal,normal,0,,44,,,NA,turn and lift,yes,NA,yes,NA,yes,NA,small corer,yes,NA,yes,NA,yes,normal,16,,16,,turn and lift,no,,NA,NA,NA,,NA,1,
04/01/2024,TL72-X-29,TL72,Sample location delocated to a 10km square (see metadata),570000,220000,575000,225000,2,85,59,yes,no,0,,4,,1,,6.7,,yes,NA,2,,10,,2,,30,,2.5,,,NA,,NA,,NA,,NA,,NA,,NA,30,,2.3,,yes,normal,normal,0,,43.9,,,NA,dig and tip,yes,NA,yes,NA,yes,NA,small corer,yes,NA,yes,NA,yes,normal,20.5,,20.5,,turn and lift,no,,NA,NA,NA,,NA,1,
04/01/2024,TL72-X-29,TL72,Sample location delocated to a 10km square (see metadata),570000,220000,575000,225000,2,85,46,yes,no,0,,4,,1,,6.7,,yes,NA,2,,30,,1.5,,,NA,,NA,,NA,,NA,,NA,,NA,,NA,,NA,30,,1.5,,yes,normal,normal,0,,45,,,NA,turn and lift,yes,NA,yes,NA,yes,NA,small corer,yes,NA,yes,NA,yes,normal,17,,17,,turn and lift,no,,NA,NA,NA,,NA,1,
04/01/2024,TL72-X-29,TL72,Sample location delocated to a 10km square (see metadata),570000,220000,575000,225000,2,85,28,yes,no,0,,2,,2,,6.3,,yes,NA,2,,20,,2,,30,,2.5,,,NA,,NA,,NA,,NA,,NA,,NA,30,,2.2,,yes,normal,normal,0,,40,,,NA,turn and lift,yes,NA,yes,NA,yes,NA,small corer,yes,NA,yes,NA,yes,normal,19,,19,,turn and lift,no,,NA,NA,NA,,NA,1,
04/01/2024,TL72-X-29,TL72,Sample location delocated to a 10km square (see metadata),570000,220000,575000,225000,2,85,11,yes,no,0,,2,,0,,6.5,,yes,NA,2,,5,,1,,30,,2,,,NA,,NA,,NA,,NA,,NA,,NA,30,,1.8,,yes,normal,normal,0,,46.5,,,NA,turn and lift,yes,NA,yes,NA,yes,NA,small corer,yes,NA,yes,NA,yes,normal,18,,18,,turn and lift,no,,NA,NA,NA,,NA,1,
04/01/2024,TL72-X-29,TL72,Sample location delocated to a 10km square (see metadata),570000,220000,575000,225000,4,85,11,yes,no,0,,7,,1,,6.8,,yes,NA,2,,25,,1.5,,30,,2,,,NA,,NA,,NA,,NA,,NA,,NA,30,,1.6,,yes,normal,normal,0,,41,,,NA,turn and lift,yes,NA,yes,NA,yes,NA,small corer,yes,NA,yes,NA,yes,normal,19.5,,19.5,,turn and lift,no,,NA,NA,NA,,NA,1,
04/01/2024,TL72-X-29,TL72,Sample location delocated to a 10km square (see metadata),570000,220000,575000,225000,4,85,28,yes,no,0,,4,,0,,6.7,,yes,NA,2,,30,,1.5,,,NA,,NA,,NA,,NA,,NA,,NA,,NA,,NA,30,,1.5,,yes,normal,normal,0,,44,,,NA,turn and lift,yes,NA,yes,NA,yes,NA,small corer,yes,NA,no,Stones,yes,normal,16.5,,16.5,,turn and lift,no,,NA,NA,NA,,NA,1,
04/01/2024,TL72-X-29,TL72,Sample location delocated to a 10km square (see metadata),570000,220000,575000,225000,4,85,59,yes,no,0,,4,,0,,6.7,,yes,NA,2,,30,,1,,,NA,,NA,,NA,,NA,,NA,,NA,,NA,,NA,30,,1,,yes,normal,normal,0,,48,,,NA,turn and lift,yes,NA,yes,NA,yes,NA,small corer,yes,NA,yes,partial - stones,yes,normal,20.5,,20.5,,turn and lift,no,,NA,NA,NA,,NA,1,
04/01/2024,TL72-X-29,TL72,Sample location delocated to a 10km square (see metadata),570000,220000,575000,225000,4,85,46,yes,no,0,,8,,4,,7,,yes,NA,,NULL,30,,1.5,,,NA,,NA,,NA,,NA,,NA,,NA,,NA,,NA,30,,1.5,,yes,normal,normal,0,,45,,,NA,turn and lift,yes,NA,yes,NA,yes,NA,small corer,yes,NA,yes,partial - stones,yes,normal,16,,16,,turn and lift,no,,NA,NA,NA,,NA,1,
22/01/2024,TL72-X-94,TL72,Sample location delocated to a 10km square (see metadata),570000,220000,575000,225000,1,85,11,yes,no,0,,2,,0,,5.5,,yes,NA,2,,10,,2.5,,20,,3.5,,30,,3,,,NA,,NA,,NA,,NA,30,,3,,yes,normal,normal,0,,49,,,NA,turn and lift,yes,NA,yes,NA,yes,NA,small corer,yes,NA,yes,NA,yes,normal,21,,21,,turn and lift,no,,NA,NA,NA,,NA,1,
22/01/2024,TL72-X-94,TL72,Sample location delocated to a 10km square (see metadata),570000,220000,575000,225000,1,85,28,yes,no,0,,5,,0,,6,,yes,NA,2,,10,,3,,30,,3.5,,,NA,,NA,,NA,,NA,,NA,,NA,30,,3.3,,yes,normal,normal,0,,48,,,NA,turn and lift,yes,NA,yes,NA,yes,NA,small corer,yes,NA,yes,NA,yes,normal,19.5,,19.5,,turn and lift,no,,NA,NA,NA,,NA,1,
22/01/2024,TL72-X-94,TL72,Sample location delocated to a 10km square (see metadata),570000,220000,575000,225000,1,85,59,yes,no,0,,4,,0,,5.2,,yes,NA,2,,10,,2,,25,,2.5,,30,,4,,,NA,,NA,,NA,,NA,30,,2.6,,yes,normal,normal,0,,48.2,,,NA,turn and lift,yes,NA,yes,NA,yes,NA,small corer,yes,NA,yes,NA,yes,normal,21,,21,,turn and lift,no,,NA,NA,NA,,NA,1,
22/01/2024,TL72-X-94,TL72,Sample location delocated to a 10km square (see metadata),570000,220000,575000,225000,1,85,46,yes,no,0,,8,,2,,5.8,,yes,NA,2,,5,,3,,30,,4,,,NA,,NA,,NA,,NA,,NA,,NA,30,,3.8,,yes,normal,normal,0,,45.9,,,NA,turn and lift,yes,NA,yes,NA,yes,NA,small corer,yes,NA,yes,NA,yes,normal,19,,19,,turn and lift,no,,NA,NA,NA,,NA,1,
22/01/2024,TL72-X-94,TL72,Sample location delocated to a 10km square (see metadata),570000,220000,575000,225000,4,72,11,yes,yes,0,,1,,0,,6.1,,yes,NA,2,,5,,1.5,,30,,3.5,,,NA,,NA,,NA,,NA,,NA,,NA,30,,3.2,,yes,normal,normal,0,,45,,,NA,turn and lift,yes,NA,yes,NA,yes,NA,small corer,yes,NA,yes,NA,yes,normal,18.6,,18.6,,turn and lift,no,,NA,NA,NA,,NA,1,
22/01/2024,TL72-X-94,TL72,Sample location delocated to a 10km square (see metadata),570000,220000,575000,225000,4,72,46,yes,yes,0,,8,,0,,5.9,,yes,NA,2,,5,,1.5,,20,,2.5,,30,,3,,,NA,,NA,,NA,,NA,30,,2.5,,yes,normal,normal,0,,45.8,,,NA,turn and lift,yes,NA,yes,NA,yes,NA,small corer,yes,NA,yes,NA,yes,normal,19.2,,19.2,,turn and lift,no,,NA,NA,NA,,NA,1,
22/01/2024,TL72-X-94,TL72,Sample location delocated to a 10km square (see metadata),570000,220000,575000,225000,4,72,59,yes,yes,0,,4,,1,,5.9,,yes,NA,2,,5,,3,,30,,4,,,NA,,NA,,NA,,NA,,NA,,NA,30,,3.8,,yes,normal,normal,0,,45.4,,,NA,turn and lift,yes,NA,yes,NA,yes,NA,small corer,yes,NA,yes,NA,yes,normal,18.5,,18.5,,turn and lift,no,,NA,NA,NA,,NA,1,
22/01/2024,TL72-X-94,TL72,Sample location delocated to a 10km square (see metadata),570000,220000,575000,225000,4,72,28,yes,yes,0,,2,,0,,5.7,,yes,NA,2,,10,,1.5,,30,,3.5,,,NA,,NA,,NA,,NA,,NA,,NA,30,,2.8,,yes,normal,normal,0,,46.5,,,NA,turn and lift,yes,NA,yes,NA,yes,NA,small corer,yes,NA,yes,NA,yes,normal,17,,17,,turn and lift,no,,NA,NA,NA,,NA,1,
23/01/2024,TL72-X-94,TL72,Sample location delocated to a 10km square (see metadata),570000,220000,575000,225000,3,96,46,yes,no,0,,0,,0,,4,,yes,NA,2,,10,,2,,20,,3,,30,,3.5,,,NA,,NA,,NA,,NA,30,,2.8,,yes,normal,normal,0,,44,,,NA,turn and lift,yes,NA,yes,NA,yes,NA,small corer,yes,NA,yes,NA,yes,normal,16.4,,16.4,,turn and lift,no,,NA,NA,NA,,NA,1,
23/01/2024,TL72-X-94,TL72,Sample location delocated to a 10km square (see metadata),570000,220000,575000,225000,3,96,11,yes,no,0,,2,,0,,4,,yes,NA,2,,20,,2,,30,,2.5,,,NA,,NA,,NA,,NA,,NA,,NA,30,,2.2,,yes,normal,normal,0,,45,,,NA,turn and lift,yes,NA,yes,NA,yes,NA,small corer,yes,NA,yes,NA,yes,normal,19.8,,19.8,,turn and lift,no,,NA,NA,NA,,NA,1,
23/01/2024,TL72-X-94,TL72,Sample location delocated to a 10km square (see metadata),570000,220000,575000,225000,3,96,28,no,no,0,,0,,0,,4,,yes,NA,2,,10,,2.5,,30,,3.5,,,NA,,NA,,NA,,NA,,NA,,NA,30,,3.2,,yes,normal,normal,0,,47,,,NA,turn and lift,yes,NA,yes,NA,yes,NA,small corer,yes,NA,yes,NA,yes,normal,21,,21,,turn and lift,no,,NA,NA,NA,,NA,1,
23/01/2024,TL72-X-94,TL72,Sample location delocated to a 10km square (see metadata),570000,220000,575000,225000,3,96,59,yes,no,0,,3,,0,,4.2,,yes,NA,2,,20,,2.5,,30,,3.5,,,NA,,NA,,NA,,NA,,NA,,NA,30,,2.8,,yes,normal,normal,0,,45,,,NA,turn and lift,yes,NA,yes,NA,yes,NA,small corer,yes,NA,yes,NA,yes,normal,20,,20,,turn and lift,no,,NA,NA,NA,,NA,1,
23/01/2024,TL72-X-94,TL72,Sample location delocated to a 10km square (see metadata),570000,220000,575000,225000,2,85,11,yes,no,0,,12,,2,,5.5,,yes,NA,1,,30,,1,,,NA,,NA,,NA,,NA,,NA,,NA,,NA,,NA,30,,1,,yes,normal,normal,0,,45,,,NA,turn and lift,yes,NA,yes,NA,yes,NA,small corer,yes,NA,yes,partial - hit rock,yes,normal,20.8,,20.8,,turn and lift,no,,NA,NA,NA,,NA,1,
23/01/2024,TL72-X-94,TL72,Sample location delocated to a 10km square (see metadata),570000,220000,575000,225000,2,85,46,yes,no,0,,8,,2,,5.3,,yes,NA,2,,10,,1,,30,,2,,,NA,,NA,,NA,,NA,,NA,,NA,30,,1.7,,yes,normal,normal,0,,44,,,NA,turn and lift,yes,NA,yes,NA,yes,NA,small corer,yes,NA,yes,NA,yes,normal,17.5,,17.5,,turn and lift,no,,NA,NA,NA,,NA,1,
23/01/2024,TL72-X-94,TL72,Sample location delocated to a 10km square (see metadata),570000,220000,575000,225000,2,85,59,yes,no,0,,9,,2,,5.4,,yes,NA,2,,30,,1.5,,,NA,,NA,,NA,,NA,,NA,,NA,,NA,,NA,30,,1.5,,yes,normal,normal,0,,44,,,NA,turn and lift,yes,NA,yes,NA,yes,NA,small corer,yes,NA,yes,NA,yes,normal,18.5,,18.5,,turn and lift,no,,NA,NA,NA,,NA,1,
23/01/2024,TL72-X-94,TL72,Sample location delocated to a 10km square (see metadata),570000,220000,575000,225000,2,85,28,yes,no,0,,6,,0,,5.4,,yes,NA,2,,20,,1,,30,,1.5,,,NA,,NA,,NA,,NA,,NA,,NA,30,,1.2,,yes,normal,normal,0,,44,,,NA,turn and lift,yes,NA,yes,NA,yes,NA,small corer,yes,NA,yes,NA,yes,normal,20.5,,20.5,,turn and lift,no,,NA,NA,NA,,NA,1,
26/01/2024,TL79-X-71,TL79,Sample location delocated to a 10km square (see metadata),570000,290000,575000,295000,2,85,46,no,no,0,,2,,0,,7.8,,yes,NA,2,,10,,1,,30,,2,,,NA,,NA,,NA,,NA,,NA,,NA,30,,1.7,,yes,normal,normal,0,,46,,,NA,turn and lift,yes,NA,yes,NA,yes,NA,small corer,yes,NA,yes,NA,yes,normal,20,,20,,turn and lift,no,,NA,NA,NA,,NA,1,
26/01/2024,TL79-X-71,TL79,Sample location delocated to a 10km square (see metadata),570000,290000,575000,295000,2,85,28,no,no,0,,1,,0,,6.7,,yes,NA,2,,25,,1,,30,,2,,,NA,,NA,,NA,,NA,,NA,,NA,30,,1.2,,yes,normal,normal,0,,46,,,NA,turn and lift,yes,NA,yes,NA,yes,NA,small corer,yes,NA,yes,partial - shallow soil,yes,normal,20.5,,20.5,,turn and lift,no,,NA,NA,NA,,NA,1,
26/01/2024,TL79-X-71,TL79,Sample location delocated to a 10km square (see metadata),570000,290000,575000,295000,2,85,11,no,no,0,,0,,0,,6.1,,yes,NA,2,,30,,1,,,NA,,NA,,NA,,NA,,NA,,NA,,NA,,NA,30,,1,,yes,normal,normal,0,,45,,,NA,turn and lift,yes,NA,yes,NA,yes,NA,small corer,yes,NA,yes,NA,yes,normal,19.5,,19.5,,turn and lift,no,,NA,NA,NA,,NA,1,
26/01/2024,TL79-X-71,TL79,Sample location delocated to a 10km square (see metadata),570000,290000,575000,295000,2,85,59,no,no,0,,0,,0,,7.1,,no,Too wet,,NA,,NA,,NA,,NA,,NA,,NA,,NA,,NA,,NA,,NA,,NA,,NA,,NA,no-Sh,normal,normal,0,,0,,,NULL,turn and lift,no,shallow_soil,no,shallow_soil,no,shallow_soil,small corer,yes,NA,yes,NA,no - shallow,normal,0,,0,,turn and lift,yes,5,,yes,Hisco,,NULL,1,
26/01/2024,TL79-X-71,TL79,Sample location delocated to a 10km square (see metadata),570000,290000,575000,295000,3,73,59,yes,no,0,,1,,0,,7.1,,yes,NA,2,,30,,1.5,,,NA,,NA,,NA,,NA,,NA,,NA,,NA,,NA,30,,1.5,,yes,normal,normal,0,,41,,,NA,turn and lift,yes,NA,yes,NA,yes,NA,small corer,yes,NA,yes,NA,yes,normal,19,,19,,turn and lift,no,,NA,NA,NA,,NA,1,
26/01/2024,TL79-X-71,TL79,Sample location delocated to a 10km square (see metadata),570000,290000,575000,295000,3,73,46,yes,no,0,,1,,0,,6.8,,yes,NA,2,,30,,2,,,NA,,NA,,NA,,NA,,NA,,NA,,NA,,NA,30,,2,,yes,normal,normal,0,,40,,,NA,turn and lift,yes,NA,yes,NA,yes,NA,small corer,yes,NA,yes,NA,yes,normal,18,,18,,turn and lift,no,,NA,NA,NA,,NA,1,
26/01/2024,TL79-X-71,TL79,Sample location delocated to a 10km square (see metadata),570000,290000,575000,295000,3,73,28,yes,no,0,,0,,0,,6.7,,yes,NA,2,,30,,1.5,,,NA,,NA,,NA,,NA,,NA,,NA,,NA,,NA,30,,1.5,,yes,normal,normal,0,,42,,,NA,turn and lift,yes,NA,yes,NA,yes,NA,small corer,yes,NA,yes,NA,yes,normal,18,,18,,turn and lift,no,,NA,NA,NA,,NA,1,
26/01/2024,TL79-X-71,TL79,Sample location delocated to a 10km square (see metadata),570000,290000,575000,295000,3,73,11,yes,no,0,,0,,0,,6.1,,yes,NA,2,,7.5,,1,,30,,2,,,NA,,NA,,NA,,NA,,NA,,NA,30,,1.8,,yes,normal,normal,0,,41,,,NA,turn and lift,yes,NA,yes,NA,yes,NA,small corer,yes,NA,yes,NA,yes,normal,19,,19,,turn and lift,no,,NA,NA,NA,,NA,1,
21/02/2024,TL90-X-27,TL90,Sample location delocated to a 10km square (see metadata),590000,200000,595000,205000,1,85,11,no,no,0,,0,,0,,8.4,,yes,NA,2,,10,,2,,30,,2.5,,,NA,,NA,,NA,,NA,,NA,,NA,30,,2.3,,yes,normal,normal,0,,42,,,NA,turn and lift,yes,NA,yes,NA,yes,NA,small corer,yes,NA,yes,NA,yes,normal,20,,20,,turn and lift,no,,NA,NA,NA,,NA,1,
21/02/2024,TL90-X-27,TL90,Sample location delocated to a 10km square (see metadata),590000,200000,595000,205000,1,85,46,no,no,0,,0,,0,,8.6,,yes,NA,2,,20,,2,,30,,3,,,NA,,NA,,NA,,NA,,NA,,NA,30,,2.3,,yes,normal,normal,0,,44,,,NA,turn and lift,yes,NA,yes,NA,yes,NA,small corer,yes,NA,yes,NA,yes,normal,21,,21,,turn and lift,no,,NA,NA,NA,,NA,1,
21/02/2024,TL90-X-27,TL90,Sample location delocated to a 10km square (see metadata),590000,200000,595000,205000,1,85,59,yes,no,0,,8,,4,,8.1,,yes,NA,2,,20,,1.5,,30,,2,,,NA,,NA,,NA,,NA,,NA,,NA,30,,1.7,,yes,normal,normal,0,,43,,,NA,turn and lift,yes,NA,yes,NA,yes,NA,small corer,yes,NA,yes,NA,yes,normal,18.2,,,NA,turn and lift,no,,NA,NA,NA,,NA,1,
21/02/2024,TL90-X-27,TL90,Sample location delocated to a 10km square (see metadata),590000,200000,595000,205000,1,85,28,yes,no,0,,5,,0,,8.2,,yes,NA,2,,20,,1.5,,30,,2,,,NA,,NA,,NA,,NA,,NA,,NA,30,,1.7,,yes,normal,normal,0,,42.5,,,NA,turn and lift,yes,NA,yes,NA,yes,NA,small corer,yes,NA,yes,NA,yes,normal,17,,17,,turn and lift,no,,NA,NA,NA,,NA,1,
26/02/2024,TL90-X-27,TL90,Sample location delocated to a 10km square (see metadata),590000,200000,595000,205000,4,85,11,yes,no,0,,5,,2,,6.1,,yes,NA,2,,20,,2,,22.5,,2.5,,,NA,,NA,,NA,,NA,,NA,,NA,22,,2.1,,yes,normal,normal,0,,42.5,,,NA,dig and tip,yes,NA,yes,NA,yes,NA,small corer,yes,NA,yes,NA,yes,normal,20,,20,,turn and lift,no,,NA,NA,NA,,NA,1,
26/02/2024,TL90-X-27,TL90,Sample location delocated to a 10km square (see metadata),590000,200000,595000,205000,4,85,46,yes,yes,2,,14,,11,,6.3,,yes,NA,2,,30,,2,,,NA,,NA,,NA,,NA,,NA,,NA,,NA,,NA,30,,2,,yes,normal,normal,0,,43,,,NA,turn and lift,yes,NA,yes,NA,yes,NA,small corer,yes,NA,yes,NA,yes,normal,18,,18,,turn and lift,no,,NA,NA,NA,,NA,1,
26/02/2024,TL90-X-27,TL90,Sample location delocated to a 10km square (see metadata),590000,200000,595000,205000,4,85,59,yes,yes,1,,9,,6,,6.3,,yes,NA,2,,10,,2,,30,,1.5,,,NA,,NA,,NA,,NA,,NA,,NA,30,,1.7,,yes,normal,normal,1,,45,,,NA,turn and lift,yes,NA,yes,NA,yes,NA,small corer,yes,NA,yes,NA,yes,normal,17.5,,17.5,,turn and lift,no,,NA,NA,NA,,NA,1,
26/02/2024,TL90-X-27,TL90,Sample location delocated to a 10km square (see metadata),590000,200000,595000,205000,4,85,28,no,no,0,,9,,3,,6.2,,yes,NA,2,,30,,2.5,,,NA,,NA,,NA,,NA,,NA,,NA,,NA,,NA,30,,2.5,,yes,normal,normal,0,,45,,,NA,turn and lift,yes,NA,yes,NA,yes,NA,small corer,yes,NA,yes,NA,yes,normal,19,,19,,turn and lift,no,,NA,NA,NA,,NA,1,
27/02/2024,TL90-X-27,TL90,Sample location delocated to a 10km square (see metadata),590000,200000,595000,205000,3,82,46,yes,yes,2,,6,,2,,5.6,,yes,NA,2,,30,,2.5,,,NA,,NA,,NA,,NA,,NA,,NA,,NA,,NA,30,,2.5,,yes,normal,normal,0,,44,,,NA,dig and tip,yes,NA,no,too_hard,no,shallow_soil,small corer,yes,NA,yes,NA,yes,normal,19.4,,19.4,,turn and lift,no,,NA,NA,NA,,NA,1,
27/02/2024,TL90-X-27,TL90,Sample location delocated to a 10km square (see metadata),590000,200000,595000,205000,3,82,11,no,no,0,,8,,6,,6.1,,yes,NA,2,,30,,2,,,NA,,NA,,NA,,NA,,NA,,NA,,NA,,NA,30,,2,,yes,normal,normal,0,,45.5,,,NA,dig and tip,yes,NA,yes,NA,yes,NA,small corer,yes,NA,yes,NA,yes,normal,19.1,,19.1,,turn and lift,no,,NA,NA,NA,,NA,1,
27/02/2024,TL90-X-27,TL90,Sample location delocated to a 10km square (see metadata),590000,200000,595000,205000,3,82,28,no,no,0,,19,,2,,6.1,,yes,NA,2,,15,,2,,30,,2.5,,,NA,,NA,,NA,,NA,,NA,,NA,30,,2.3,,yes,normal,normal,0,,43,,,NA,dig and tip,yes,NA,yes,NA,yes,NA,small corer,yes,NA,yes,NA,yes,normal,17.6,,17.6,,turn and lift,no,,NA,NA,NA,,NA,1,
27/02/2024,TL90-X-27,TL90,Sample location delocated to a 10km square (see metadata),590000,200000,595000,205000,3,82,59,yes,yes,2,,19,,0,,6.5,,yes,NA,2,,10,,2.5,,30,,3,,,NA,,NA,,NA,,NA,,NA,,NA,30,,2.8,,yes,normal,normal,0,,43,,,NA,dig and tip,yes,NA,yes,NA,yes,NA,small corer,yes,NA,yes,NA,yes,normal,18,,18,,turn and lift,no,,NA,NA,NA,,NA,1,
28/02/2024,TL90-X-27,TL90,Sample location delocated to a 10km square (see metadata),590000,200000,595000,205000,2,85,59,yes,yes,3,,10,,5,,6.4,,yes,NA,2,,30,,2,,,NA,,NA,,NA,,NA,,NA,,NA,,NA,,NA,30,,2,,yes,normal,normal,0,,42,,,NA,dig and tip,yes,NA,yes,NA,yes,NA,small corer,yes,NA,yes,NA,yes,normal,16.3,,16.3,,turn and lift,no,,NA,NA,NA,,NA,1,
28/02/2024,TL90-X-27,TL90,Sample location delocated to a 10km square (see metadata),590000,200000,595000,205000,2,85,46,yes,yes,2,,9,,6,,6.4,,yes,NA,2,,30,,2,,,NA,,NA,,NA,,NA,,NA,,NA,,NA,,NA,30,,2,,yes,normal,normal,0,,43,,,NA,dig and tip,yes,NA,yes,NA,yes,NA,small corer,yes,NA,yes,NA,yes,normal,18.8,,18.8,,turn and lift,no,,NA,NA,NA,,NA,1,
28/02/2024,TL90-X-27,TL90,Sample location delocated to a 10km square (see metadata),590000,200000,595000,205000,2,85,11,yes,yes,4,,15,,4,,6.5,,yes,NA,,NULL,15,,2,,30,,2.5,,,NA,,NA,,NA,,NA,,NA,,NA,30,,2.3,,yes,normal,normal,0,,43.5,,,NA,dig and tip,yes,NA,yes,NA,yes,NA,small corer,yes,NA,yes,NA,yes,normal,18.1,,18.1,,turn and lift,no,,NA,NA,NA,,NA,1,
28/02/2024,TL90-X-27,TL90,Sample location delocated to a 10km square (see metadata),590000,200000,595000,205000,2,85,28,yes,yes,2,,15,,8,,6.7,,yes,NA,2,,30,,2,,,NA,,NA,,NA,,NA,,NA,,NA,,NA,,NA,30,,2,,yes,normal,normal,0,,41,,,NA,turn and lift,yes,NA,yes,NA,yes,NA,small corer,yes,NA,yes,NA,yes,normal,11,,11,,turn and lift,no,,NA,NA,NA,,NA,1,
06/02/2024,TL97-X-69,TL97,Sample location delocated to a 10km square (see metadata),590000,270000,595000,275000,4,73,59,yes,no,0,,1,,1,,8.9,,yes,NA,2,,10,,1,,20,,1.5,,30,,1,,,NA,,NA,,NA,,NA,30,,1.2,,yes,normal,normal,0,,47,,,NA,turn and lift,yes,NA,yes,NA,yes,NA,small corer,yes,NA,yes,NA,yes,normal,20.5,,20.5,,turn and lift,no,,NA,NA,NA,,NA,1,
06/02/2024,TL97-X-69,TL97,Sample location delocated to a 10km square (see metadata),590000,270000,595000,275000,4,73,46,yes,no,0,,5,,0,,9.6,,yes,NA,2,,5,,1.5,,30,,2,,,NA,,NA,,NA,,NA,,NA,,NA,30,,1.9,,yes,normal,normal,0,,42,,,NA,turn and lift,yes,NA,yes,NA,yes,NA,small corer,yes,NA,yes,NA,yes,normal,21,,21,,turn and lift,no,,NA,NA,NA,,NA,1,
06/02/2024,TL97-X-69,TL97,Sample location delocated to a 10km square (see metadata),590000,270000,595000,275000,4,73,28,yes,no,0,,3,,0,,9.9,,yes,NA,2,,10,,1,,20,,2,,30,,1.5,,,NA,,NA,,NA,,NA,30,,1.5,,yes,normal,normal,0,,44.5,,,NA,turn and lift,yes,NA,yes,NA,yes,NA,small corer,yes,NA,yes,NA,yes,normal,18.5,,18.5,,turn and lift,no,,NA,NA,NA,,NA,1,
06/02/2024,TL97-X-69,TL97,Sample location delocated to a 10km square (see metadata),590000,270000,595000,275000,4,73,11,yes,no,0,,0,,0,,9.7,,yes,NA,2,,30,,2,,,NA,,NA,,NA,,NA,,NA,,NA,,NA,,NA,30,,2,,yes,normal,normal,0,,45.3,,,NA,turn and lift,yes,NA,yes,NA,yes,NA,small corer,yes,NA,yes,NA,yes,normal,20.5,,20.5,,turn and lift,no,,NA,NA,NA,,NA,1,
06/02/2024,TL97-X-69,TL97,Sample location delocated to a 10km square (see metadata),590000,270000,595000,275000,2,98,59,no,no,0,,7,,0,,10,,yes,NA,2,,20,,2,,30,,2.5,,,NA,,NA,,NA,,NA,,NA,,NA,30,,2.2,,yes,normal,normal,0,,43,,,NA,dig and tip,yes,NA,yes,NA,yes,NA,small corer,yes,NA,yes,NA,yes,normal,18.6,,18.6,,turn and lift,no,,NA,NA,NA,,NA,1,
06/02/2024,TL97-X-69,TL97,Sample location delocated to a 10km square (see metadata),590000,270000,595000,275000,2,98,54,yes,no,0,,4,,1,,10,,yes,NA,,NULL,22.5,,1.5,,30,,2.5,,,NA,,NA,,NA,,NA,,NA,,NA,30,,1.8,,yes,normal,normal,0,,48,,,NA,turn and lift,yes,NA,yes,NA,yes,NA,small corer,yes,NA,yes,NA,yes,normal,19.8,,19.8,,turn and lift,no,,NA,NA,NA,,NA,1,
06/02/2024,TL97-X-69,TL97,Sample location delocated to a 10km square (see metadata),590000,270000,595000,275000,2,98,28,yes,yes,0,,3,,0,,9.7,,yes,NA,,NULL,30,,3,,,NA,,NA,,NA,,NA,,NA,,NA,,NA,,NA,30,,3,,yes,normal,normal,0,,46,,,NA,turn and lift,yes,NA,yes,NA,yes,NA,small corer,yes,NA,yes,NA,yes,normal,18.7,,18.7,,turn and lift,no,,NA,NA,NA,,NA,1,
06/02/2024,TL97-X-69,TL97,Sample location delocated to a 10km square (see metadata),590000,270000,595000,275000,2,98,11,yes,yes,0,,2,,0,,9.6,,yes,NA,,NULL,30,,3,,,NA,,NA,,NA,,NA,,NA,,NA,,NA,,NA,30,,3,,yes,normal,normal,0,,46,,,NA,turn and lift,yes,NA,yes,NA,yes,NA,small corer,yes,NA,yes,NA,yes,normal,20,,20,,turn and lift,no,,NA,NA,NA,,NA,1,
07/02/2024,TL97-X-69,TL97,Sample location delocated to a 10km square (see metadata),590000,270000,595000,275000,3,85,59,yes,yes,0,,3,,0,,6.7,,yes,NA,2,,20,,1.5,,30,,2,,,NA,,NA,,NA,,NA,,NA,,NA,30,,1.7,,yes,normal,normal,0,,45,,,NA,turn and lift,yes,NA,yes,NA,yes,NA,small corer,yes,NA,no,stones,yes,normal,19.5,,19.5,,turn and lift,no,,NA,NA,NA,,NA,1,
07/02/2024,TL97-X-69,TL97,Sample location delocated to a 10km square (see metadata),590000,270000,595000,275000,3,85,46,yes,yes,0,,8,,3,,7,,yes,NA,2,,5,,2,,30,,2.5,,,NA,,NA,,NA,,NA,,NA,,NA,30,,2.4,,yes,normal,normal,0,,45,,,NA,turn and lift,yes,NA,yes,NA,yes,NA,small corer,yes,NA,no,stones,yes,normal,18.5,,18.5,,turn and lift,no,,NA,NA,NA,,NA,1,
07/02/2024,TL97-X-69,TL97,Sample location delocated to a 10km square (see metadata),590000,270000,595000,275000,3,85,28,yes,yes,0,,7,,0,,7,,yes,NA,2,,30,,1.5,,,NA,,NA,,NA,,NA,,NA,,NA,,NA,,NA,30,,1.5,,yes,normal,normal,0,,40.5,,,NA,turn and lift,yes,NA,yes,NA,yes,NA,small corer,yes,NA,yes,NA,yes,normal,22.3,,22.3,,turn and lift,no,,NA,NA,NA,,NA,1,
07/02/2024,TL97-X-69,TL97,Sample location delocated to a 10km square (see metadata),590000,270000,595000,275000,3,85,11,yes,yes,0,,13,,8,,7.2,,yes,NA,2,,30,,2,,,NA,,NA,,NA,,NA,,NA,,NA,,NA,,NA,30,,2,,yes,normal,normal,0,,44,,,NA,turn and lift,yes,NA,yes,NA,yes,NA,small corer,yes,NA,yes,NA,yes,normal,19,,19,,turn and lift,no,,NA,NA,NA,,NA,1,
08/06/2023,TM01-X-15,TM01,Sample location delocated to a 10km square (see metadata),600000,210000,605000,215000,1,85,11,yes,yes,1,,1,,0,,15.4,,yes,NA,2,,30,,1.5,,,NA,,NA,,NA,,NA,,NA,,NA,,NA,,NA,30,,1.5,,yes,normal,normal,0,,45,,45,,turn and lift,yes,NA,yes,NA,yes,NA,small corer,yes,NA,yes,NA,yes,normal,19,,19,,turn and lift,NULL,,NULL,NULL,NULL,,NULL,,NULL
08/06/2023,TM01-X-15,TM01,Sample location delocated to a 10km square (see metadata),600000,210000,605000,215000,1,85,28,no,no,0,,2,,1,,15,,yes,NA,2,,30,,1.5,,,NA,,NA,,NA,,NA,,NA,,NA,,NA,,NA,30,,1.5,,yes,normal,normal,0,,45,,45,,turn and lift,yes,NA,yes,NA,yes,NA,small corer,yes,NA,yes,NA,yes,normal,18,,18,,turn and lift,NULL,,NULL,NULL,NULL,,NULL,,NULL
08/06/2023,TM01-X-15,TM01,Sample location delocated to a 10km square (see metadata),600000,210000,605000,215000,1,85,59,no,no,0,,2,,0,,16.9,,yes,NA,2,,20,,1.5,,30,,2,,,NA,,NA,,NA,,NA,,NA,,NA,30,,1.7,,yes,normal,normal,0,,46,,46,,turn and lift,yes,NA,yes,NA,yes,NA,small corer,yes,NA,yes,NA,yes,normal,18,,18,,turn and lift,NULL,,NULL,NULL,NULL,,NULL,,NULL
08/06/2023,TM01-X-15,TM01,Sample location delocated to a 10km square (see metadata),600000,210000,605000,215000,1,85,46,no,yes,1,,1,,0,,15.6,,yes,NA,2,,30,,1,,,NA,,NA,,NA,,NA,,NA,,NA,,NA,,NA,30,,1,,yes,normal,normal,0,,43,,43,,turn and lift,yes,NA,yes,NA,yes,NA,small corer,yes,NA,yes,NA,yes,normal,19,,19,,turn and lift,NULL,,NULL,NULL,NULL,,NULL,,NULL
20/02/2024,TM17-X-85,TM17,Sample location delocated to a 10km square (see metadata),610000,270000,615000,275000,1,97,59,yes,yes,0,,11,,4,,7.3,,yes,NA,2,,30,,2,,,NA,,NA,,NA,,NA,,NA,,NA,,NA,,NA,30,,2,,yes,normal,normal,0,,45.8,,,NA,turn and lift,yes,NA,yes,NA,yes,NA,small corer,yes,NA,yes,NA,yes,normal,20,,20,,turn and lift,no,,NA,NA,NA,,NA,1,
20/02/2024,TM17-X-85,TM17,Sample location delocated to a 10km square (see metadata),610000,270000,615000,275000,1,97,46,yes,yes,0,,16,,6,,7.4,,yes,NA,2,,10,,2.5,,30,,2,,,NA,,NA,,NA,,NA,,NA,,NA,30,,2.2,,yes,normal,normal,0,,45.3,,,NA,turn and lift,yes,NA,yes,NA,yes,NA,small corer,yes,NA,yes,NA,yes,normal,20.3,,20.3,,turn and lift,no,,NA,NA,NA,,NA,1,
20/02/2024,TM17-X-85,TM17,Sample location delocated to a 10km square (see metadata),610000,270000,615000,275000,1,97,11,yes,yes,0,,7,,2,,7.8,,yes,NA,2,,20,,2,,30,,1.5,,,NA,,NA,,NA,,NA,,NA,,NA,30,,1.8,,yes,normal,normal,0,,47,,,NA,turn and lift,yes,NA,yes,NA,yes,NA,small corer,yes,NA,yes,NA,yes,normal,19.5,,19.5,,turn and lift,no,,NA,NA,NA,,NA,1,
20/02/2024,TM17-X-85,TM17,Sample location delocated to a 10km square (see metadata),610000,270000,615000,275000,1,97,28,yes,no,0,,13,,1,,8.1,,yes,NA,2,,10,,1.5,,30,,2,,,NA,,NA,,NA,,NA,,NA,,NA,30,,1.8,,yes,normal,normal,0,,45.8,,,NA,turn and lift,yes,NA,yes,NA,yes,NA,small corer,yes,NA,yes,NA,yes,normal,18,,18,,turn and lift,no,,NA,NA,NA,,NA,1,
20/02/2024,TM17-X-85,TM17,Sample location delocated to a 10km square (see metadata),610000,270000,615000,275000,4,98,59,yes,yes,0,,2,,1,,8.6,,yes,NA,2,,20,,2,,30,,1.5,,,NA,,NA,,NA,,NA,,NA,,NA,30,,1.8,,yes,normal,normal,0,,47.5,,,NA,turn and lift,yes,NA,yes,NA,yes,NA,small corer,yes,NA,yes,NA,yes,normal,19.3,,19.3,,turn and lift,no,,NA,NA,NA,,NA,1,
20/02/2024,TM17-X-85,TM17,Sample location delocated to a 10km square (see metadata),610000,270000,615000,275000,4,98,28,yes,yes,0,,8,,2,,8.4,,yes,NA,2,,10,,2,,30,,2.5,,,NA,,NA,,NA,,NA,,NA,,NA,30,,2.3,,yes,normal,normal,0,,44.5,,,NA,turn and lift,yes,NA,yes,NA,yes,NA,small corer,yes,NA,yes,NA,yes,normal,19.8,,19.8,,turn and lift,no,,NA,NA,NA,,NA,1,
20/02/2024,TM17-X-85,TM17,Sample location delocated to a 10km square (see metadata),610000,270000,615000,275000,4,98,27,yes,yes,0,,8,,1,,8.9,,yes,NA,2,,30,,2.5,,,NA,,NA,,NA,,NA,,NA,,NA,,NA,,NA,30,,2.5,,yes,normal,normal,0,,49,,,NA,turn and lift,yes,NA,yes,NA,yes,NA,small corer,yes,NA,yes,NA,yes,normal,20,,20,,turn and lift,no,,NA,NA,NA,,NA,1,
20/02/2024,TM17-X-85,TM17,Sample location delocated to a 10km square (see metadata),610000,270000,615000,275000,4,98,46,yes,yes,0,,9,,1,,8.8,,yes,NA,2,,20,,2,,30,,1.5,,,NA,,NA,,NA,,NA,,NA,,NA,30,,1.8,,yes,normal,normal,0,,47.4,,,NA,turn and lift,yes,NA,yes,NA,yes,NA,small corer,yes,NA,yes,NA,yes,normal,20.5,,20.5,,turn and lift,no,,NA,NA,NA,,NA,1,
22/02/2024,TM17-X-85,TM17,Sample location delocated to a 10km square (see metadata),610000,270000,615000,275000,3,85,11,yes,no,0,,8,,0,,8.3,,yes,NA,2,,10,,1.5,,30,,2,,,NA,,NA,,NA,,NA,,NA,,NA,30,,1.8,,yes,normal,normal,0,,46,,,NA,turn and lift,yes,NA,yes,NA,yes,NA,small corer,yes,NA,yes,NA,yes,normal,17,,17,,turn and lift,no,,NA,NA,NA,,NA,1,
22/02/2024,TM17-X-85,TM17,Sample location delocated to a 10km square (see metadata),610000,270000,615000,275000,3,85,28,yes,no,0,,5,,0,,8.4,,yes,NA,2,,10,,2,,30,,1.5,,,NA,,NA,,NA,,NA,,NA,,NA,30,,1.7,,yes,normal,normal,0,,43,,,NA,turn and lift,yes,NA,yes,NA,yes,NA,small corer,yes,NA,yes,NA,yes,normal,19.9,,19.9,,turn and lift,no,,NA,NA,NA,,NA,1,
22/02/2024,TM17-X-85,TM17,Sample location delocated to a 10km square (see metadata),610000,270000,615000,275000,3,85,59,yes,no,0,,4,,0,,8.6,,yes,NA,2,,5,,1.5,,20,,2.5,,30,,2,,,NA,,NA,,NA,,NA,30,,2.2,,yes,normal,normal,0,,47,,,NA,turn and lift,yes,NA,yes,NA,yes,NA,small corer,yes,NA,yes,NA,yes,normal,19.5,,19.5,,turn and lift,no,,NA,NA,NA,,NA,1,
22/02/2024,TM17-X-85,TM17,Sample location delocated to a 10km square (see metadata),610000,270000,615000,275000,3,85,46,yes,no,0,,7,,2,,8.6,,yes,NA,1,,10,,1.5,,30,,2.5,,,NA,,NA,,NA,,NA,,NA,,NA,30,,2.2,,yes,normal,normal,0,,46.5,,,NA,turn and lift,yes,NA,yes,NA,yes,NA,small corer,yes,NA,yes,NA,yes,normal,20,,20,,turn and lift,no,,NA,NA,NA,,NA,1,
14/03/2024,TM21-X-33,TM21,Sample location delocated to a 10km square (see metadata),620000,210000,625000,215000,4,85,46,yes,yes,1,,9,,3,,9.2,,yes,NA,2,,30,,1.5,,,NA,,NA,,NA,,NA,,NA,,NA,,NA,,NA,30,,1.5,,yes,normal,normal,0,,46,,,NA,turn and lift,yes,NA,yes,NA,yes,NA,small corer,yes,NA,yes,NA,yes,normal,18.9,,18.9,,turn and lift,no,,NA,NA,NA,,NA,1,
14/03/2024,TM21-X-33,TM21,Sample location delocated to a 10km square (see metadata),620000,210000,625000,215000,4,85,11,yes,yes,0,,5,,3,,9.1,,yes,NA,2,,15,,1.5,,30,,2.5,,,NA,,NA,,NA,,NA,,NA,,NA,30,,2,,yes,normal,normal,0,,46,,,NA,turn and lift,yes,NA,no,too_wet,no,too_wet,small corer,yes,NA,yes,NA,yes,normal,18.5,,18.5,,turn and lift,no,,NA,NA,NA,,NA,1,
14/03/2024,TM21-X-33,TM21,Sample location delocated to a 10km square (see metadata),620000,210000,625000,215000,4,85,28,yes,yes,0,,9,,4,,9.1,,yes,NA,2,,30,,1.5,,,NA,,NA,,NA,,NA,,NA,,NA,,NA,,NA,30,,1.5,,yes,normal,normal,0,,46.5,,,NA,turn and lift,yes,NA,yes,NA,yes,NA,small corer,yes,NA,yes,NA,yes,normal,20.5,,20.5,,turn and lift,no,,NA,NA,NA,,NA,1,
14/03/2024,TM21-X-33,TM21,Sample location delocated to a 10km square (see metadata),620000,210000,625000,215000,4,85,59,no,no,0,,8,,4,,9.3,,yes,NA,2,,20,,3.5,,30,,2,,,NA,,NA,,NA,,NA,,NA,,NA,30,,3,,yes,normal,normal,0,,29,,,NULL,turn and lift,yes,NA,no,too_wet,no,too_wet,small corer,yes,NA,yes,NA,yes,normal,20,,20,,turn and lift,no,,NA,NA,NA,,NA,1,
14/03/2024,TM21-X-33,TM21,Sample location delocated to a 10km square (see metadata),620000,210000,625000,215000,2,98,46,yes,no,0,,7,,5,,10.1,,yes,NA,2,,4,,2.5,,30,,3.5,,,NA,,NA,,NA,,NA,,NA,,NA,30,,3.4,,yes,normal,normal,0,,48,,,NA,turn and lift,yes,NA,yes,NA,yes,NA,small corer,yes,NA,yes,NA,yes,normal,18.8,,18.8,,turn and lift,no,,NA,NA,NA,,NA,1,
14/03/2024,TM21-X-33,TM21,Sample location delocated to a 10km square (see metadata),620000,210000,625000,215000,2,98,59,yes,yes,0,,17,,5,,10.2,,yes,NA,2,,4,,2,,30,,3,,,NA,,NA,,NA,,NA,,NA,,NA,30,,2.9,,yes,normal,normal,0,,46.5,,,NA,turn and lift,yes,NA,yes,NA,yes,NA,small corer,yes,NA,yes,NA,yes,normal,19.5,,19.5,,turn and lift,no,,NA,NA,NA,,NA,1,
14/03/2024,TM21-X-33,TM21,Sample location delocated to a 10km square (see metadata),620000,210000,625000,215000,2,98,28,yes,no,0,,10,,2,,10.2,,yes,NA,2,,4,,2,,30,,3,,,NA,,NA,,NA,,NA,,NA,,NA,30,,2.9,,yes,normal,normal,0,,46,,,NA,turn and lift,yes,NA,yes,NA,yes,NA,small corer,yes,NA,yes,NA,yes,normal,19,,19,,turn and lift,no,,NA,NA,NA,,NA,1,
14/03/2024,TM21-X-33,TM21,Sample location delocated to a 10km square (see metadata),620000,210000,625000,215000,2,98,11,yes,no,0,,10,,3,,10.3,,yes,NA,,NULL,4,,2,,30,,3.5,,,NA,,NA,,NA,,NA,,NA,,NA,30,,3.3,,yes,normal,normal,0,,45.6,,,NA,turn and lift,yes,NA,yes,NA,yes,NA,small corer,yes,NA,yes,NA,yes,normal,20.9,,20.9,,turn and lift,no,,NA,NA,NA,,NA,1,
27/02/2024,TM35-X-24,TM35,Sample location delocated to a 10km square (see metadata),630000,250000,635000,255000,4,70,19,no,no,0,,0,,0,,6.2,,yes,NA,2,,30,,1,,,NA,,NA,,NA,,NA,,NA,,NA,,NA,,NA,30,,1,,yes,normal,normal,0,,45,,,NA,turn and lift,yes,NA,yes,NA,yes,NA,small corer,yes,NA,yes,NA,yes,normal,19,,19,,turn and lift,no,,NA,NA,NA,,NA,1,
27/02/2024,TM35-X-24,TM35,Sample location delocated to a 10km square (see metadata),630000,250000,635000,255000,4,70,46,no,no,0,,0,,0,,6.3,,yes,NA,2,,28,,1,,,NA,,NA,,NA,,NA,,NA,,NA,,NA,,NA,28,,1,,yes,normal,normal,0,,42,,,NA,turn and lift,yes,NA,yes,NA,yes,NA,small corer,yes,NA,yes,NA,yes,normal,20,,20,,turn and lift,no,,NA,NA,NA,,NA,1,
27/02/2024,TM35-X-24,TM35,Sample location delocated to a 10km square (see metadata),630000,250000,635000,255000,4,70,59,no,no,0,,0,,0,,6.4,,yes,NA,2,,30,,1,,,NA,,NA,,NA,,NA,,NA,,NA,,NA,,NA,30,,1,,yes,normal,normal,0,,45,,,NA,turn and lift,yes,NA,yes,NA,yes,NA,small corer,yes,NA,yes,NA,yes,normal,21,,21,,turn and lift,no,,NA,NA,NA,,NA,1,
27/02/2024,TM35-X-24,TM35,Sample location delocated to a 10km square (see metadata),630000,250000,635000,255000,4,70,28,no,no,0,,0,,0,,6.4,,yes,NA,2,,30,,1,,,NA,,NA,,NA,,NA,,NA,,NA,,NA,,NA,30,,1,,yes,normal,normal,0,,48,,,NA,turn and lift,yes,NA,yes,NA,yes,NA,small corer,yes,NA,yes,NA,yes,normal,20,,20,,turn and lift,no,,NA,NA,NA,,NA,1,
20/02/2024,TM37-X-59,TM37,Sample location delocated to a 10km square (see metadata),630000,270000,635000,275000,2,83,28,yes,no,0,,9,,0,,7.4,,yes,NA,,NULL,15,,1,,20,,1.5,,30,,2,,,NA,,NA,,NA,,NA,30,,1.4,,yes,normal,normal,0,,41,,,NA,turn and lift,yes,NA,yes,NA,yes,NA,small corer,yes,NA,yes,NA,yes,normal,19.5,,19.5,,turn and lift,no,,NA,NA,NA,,NA,1,
20/02/2024,TM37-X-59,TM37,Sample location delocated to a 10km square (see metadata),630000,270000,635000,275000,2,83,11,yes,no,0,,6,,0,,7.3,,yes,NA,,NULL,30,,2,,,NA,,NA,,NA,,NA,,NA,,NA,,NA,,NA,30,,2,,yes,normal,normal,0,,44,,,NA,turn and lift,yes,NA,yes,NA,yes,NA,small corer,yes,NA,yes,NA,yes,normal,19,,19,,turn and lift,no,,NA,NA,NA,,NA,1,
20/02/2024,TM37-X-59,TM37,Sample location delocated to a 10km square (see metadata),630000,270000,635000,275000,2,83,46,yes,no,0,,9,,0,,7.5,,yes,NA,,NULL,15,,1,,30,,1.5,,,NA,,NA,,NA,,NA,,NA,,NA,30,,1.3,,yes,normal,normal,0,,41,,,NA,turn and lift,yes,NA,yes,NA,yes,NA,small corer,yes,NA,yes,NA,yes,normal,18,,18,,turn and lift,no,,NA,NA,NA,,NA,1,
20/02/2024,TM37-X-59,TM37,Sample location delocated to a 10km square (see metadata),630000,270000,635000,275000,2,83,59,yes,no,0,,3,,0,,7.6,,yes,NA,,NULL,20,,2,,30,,3,,,NA,,NA,,NA,,NA,,NA,,NA,30,,2.3,,yes,normal,normal,0,,41,,,NA,turn and lift,yes,NA,yes,NA,yes,NA,small corer,yes,NA,yes,NA,yes,normal,16,,16,,turn and lift,no,,NA,NA,NA,,NA,1,
16/10/2023,TQ21-X-12,TQ21,Sample location delocated to a 10km square (see metadata),520000,110000,525000,115000,1,85,28,no,no,0,,1,,0,,12.8,,yes,NA,1,,27,,1,,,NA,,NA,,NA,,NA,,NA,,NA,,NA,,NA,27,,1,,yes,normal,normal,1,,45,,,NA,turn and lift,yes,NA,yes,NA,yes,NA,small corer,yes,NA,yes,NA,yes,normal,17,,17,,turn and lift,no,,NA,NA,NA,,NA,1,
16/10/2023,TQ21-X-12,TQ21,Sample location delocated to a 10km square (see metadata),520000,110000,525000,115000,1,85,11,no,no,2,,6,,2,,15.2,,yes,NA,2,,25,,1,,,NA,,NA,,NA,,NA,,NA,,NA,,NA,,NA,25,,1,,yes,normal,normal,0,,46,,,NA,turn and lift,yes,NA,yes,NA,yes,NA,small corer,yes,NA,yes,NA,yes,normal,33,,33,,turn and lift,no,,NA,NA,NA,,NA,1,
16/10/2023,TQ21-X-12,TQ21,Sample location delocated to a 10km square (see metadata),520000,110000,525000,115000,1,85,46,yes,no,1,,2,,1,,13.7,,yes,NA,1,,20,,3,,,NA,,NA,,NA,,NA,,NA,,NA,,NA,,NA,20,,3,,yes,normal,normal,1,,44,,,NA,turn and lift,yes,NA,yes,NA,yes,NA,small corer,yes,NA,yes,NA,yes,normal,16,,16,,turn and lift,no,,NA,NA,NA,,NA,1,
16/10/2023,TQ21-X-12,TQ21,Sample location delocated to a 10km square (see metadata),520000,110000,525000,115000,1,85,59,no,no,0,,11,,0,,13.3,,yes,NA,1,,20,,2,,,NA,,NA,,NA,,NA,,NA,,NA,,NA,,NA,20,,2,,yes,normal,normal,0,,45,,,NA,turn and lift,yes,NA,yes,NA,yes,NA,small corer,yes,NA,yes,NA,yes,normal,15.5,,15.5,,turn and lift,no,,NA,NA,NA,,NA,1,
16/10/2023,TQ21-X-12,TQ21,Sample location delocated to a 10km square (see metadata),520000,110000,525000,115000,4,86,28,no,no,4,,17,,12,,11.5,,yes,NA,1,,25,,3,,,NA,,NA,,NA,,NA,,NA,,NA,,NA,,NA,25,,3,,yes,normal,normal,1,,46,,,NA,turn and lift,yes,NA,yes,NA,yes,NA,small corer,yes,NA,yes,NA,yes,normal,23,,23,,turn and lift,no,,NA,NA,NA,,NA,1,
16/10/2023,TQ21-X-12,TQ21,Sample location delocated to a 10km square (see metadata),520000,110000,525000,115000,4,86,11,no,yes,2,,13,,22,,12.3,,yes,NA,1,,20,,1.5,,,NA,,NA,,NA,,NA,,NA,,NA,,NA,,NA,20,,1.5,,yes,normal,normal,0,,44.5,,,NA,turn and lift,yes,NA,yes,NA,yes,NA,small corer,yes,NA,yes,NA,yes,normal,20,,20,,turn and lift,no,,NA,NA,NA,,NA,1,
16/10/2023,TQ21-X-12,TQ21,Sample location delocated to a 10km square (see metadata),520000,110000,525000,115000,4,86,46,no,yes,2,,8,,17,,12.2,,yes,NA,1,,23,,3,,,NA,,NA,,NA,,NA,,NA,,NA,,NA,,NA,23,,3,,yes,normal,normal,0,,47,,,NA,turn and lift,yes,NA,yes,NA,yes,NA,small corer,yes,NA,yes,NA,yes,normal,23,,23,,turn and lift,no,,NA,NA,NA,,NA,1,
16/10/2023,TQ21-X-12,TQ21,Sample location delocated to a 10km square (see metadata),520000,110000,525000,115000,4,86,59,no,yes,1,,6,,0,,11.4,,yes,NA,1,,22,,2.5,,,NA,,NA,,NA,,NA,,NA,,NA,,NA,,NA,22,,2.5,,yes,normal,normal,0,,44.5,,,NA,turn and lift,yes,NA,yes,NA,yes,NA,small corer,yes,NA,yes,NA,yes,normal,20,,20,,turn and lift,no,,NA,NA,NA,,NA,1,
22/01/2024,TQ21-X-14,TQ21,Sample location delocated to a 10km square (see metadata),520000,110000,525000,115000,3,96,11,no,no,0,,21,,0,,4.2,,yes,NA,1,,30,,4,,,NA,,NA,,NA,,NA,,NA,,NA,,NA,,NA,30,,4,,yes,normal,normal,0,,49,,,NA,turn and lift,yes,NA,yes,NA,yes,NA,small corer,yes,NA,yes,NA,yes,normal,20,,20,,turn and lift,no,,NA,NA,NA,,NA,1,
22/01/2024,TQ21-X-14,TQ21,Sample location delocated to a 10km square (see metadata),520000,110000,525000,115000,3,96,46,no,no,0,,21,,0,,5.5,,yes,NA,,NULL,20,,3,,,NA,,NA,,NA,,NA,,NA,,NA,,NA,,NA,20,,3,,yes,normal,normal,0,,44.5,,,NA,turn and lift,yes,NA,yes,NA,yes,NA,small corer,yes,NA,yes,NA,yes,normal,21,,21,,turn and lift,no,,NA,NA,NA,,NA,1,
22/01/2024,TQ21-X-14,TQ21,Sample location delocated to a 10km square (see metadata),520000,110000,525000,115000,3,96,59,no,no,0,,26,,0,,5.3,,yes,NA,1,,30,,4,,,NA,,NA,,NA,,NA,,NA,,NA,,NA,,NA,30,,4,,yes,normal,normal,0,,46,,,NA,turn and lift,yes,NA,yes,NA,yes,NA,small corer,no,too wet,no,NULL,yes,normal,19,,19,,turn and lift,no,,NA,NA,NA,,NA,1,
22/01/2024,TQ21-X-14,TQ21,Sample location delocated to a 10km square (see metadata),520000,110000,525000,115000,3,96,28,no,no,0,,33,,0,,5.5,,yes,NA,1,,30,,4,,,NA,,NA,,NA,,NA,,NA,,NA,,NA,,NA,30,,4,,yes,normal,normal,0,,29,,,NULL,dig and tip,yes,NA,yes,NA,no,too_wet,small corer,yes,NA,yes,NA,yes,normal,20,,20,,turn and lift,no,,NA,NA,NA,,NA,1,
22/01/2024,TQ21-X-14,TQ21,Sample location delocated to a 10km square (see metadata),520000,110000,525000,115000,2,85,28,no,no,0,,14,,0,,5.5,,yes,NA,1,,20,,4,,,NA,,NA,,NA,,NA,,NA,,NA,,NA,,NA,20,,4,,yes,normal,normal,0,,45,,,NA,turn and lift,yes,NA,yes,NA,yes,NA,small corer,no,too wet,no,NULL,yes,normal,20,,20,,turn and lift,no,,NA,NA,NA,,NA,1,
22/01/2024,TQ21-X-14,TQ21,Sample location delocated to a 10km square (see metadata),520000,110000,525000,115000,2,85,11,no,no,0,,11,,0,,5.8,,yes,NA,1,,30,,4,,,NA,,NA,,NA,,NA,,NA,,NA,,NA,,NA,30,,4,,yes,normal,normal,0,,40,,,NA,turn and lift,yes,NA,yes,NA,yes,NA,small corer,yes,NA,yes,NA,yes,normal,22,,22,,turn and lift,no,,NA,NA,NA,,NA,1,
22/01/2024,TQ21-X-14,TQ21,Sample location delocated to a 10km square (see metadata),520000,110000,525000,115000,2,85,46,no,no,0,,24,,0,,5.8,,yes,NA,1,,30,,4,,,NA,,NA,,NA,,NA,,NA,,NA,,NA,,NA,30,,4,,yes,normal,normal,0,,46,,,NA,turn and lift,yes,NA,yes,NA,yes,NA,small corer,no,too wet,no,NULL,yes,normal,20,,20,,turn and lift,no,,NA,NA,NA,,NA,1,
22/01/2024,TQ21-X-14,TQ21,Sample location delocated to a 10km square (see metadata),520000,110000,525000,115000,2,85,59,no,no,1,,22,,0,,5.8,,yes,NA,1,,30,,4,,,NA,,NA,,NA,,NA,,NA,,NA,,NA,,NA,30,,4,,yes,normal,normal,0,,40,,,NA,turn and lift,yes,NA,yes,NA,yes,NA,small corer,yes,NA,yes,NA,yes,normal,19,,19,,turn and lift,no,,NA,NA,NA,,NA,1,
23/01/2024,TQ21-X-14,TQ21,Sample location delocated to a 10km square (see metadata),520000,110000,525000,115000,1,73,11,no,no,0,,4,,5,,5.4,,yes,NA,3,,28,,4,,,NA,,NA,,NA,,NA,,NA,,NA,,NA,,NA,28,,4,,yes,normal,normal,0,,46,,,NA,turn and lift,yes,NA,yes,NA,yes,NA,small corer,yes,NA,yes,NA,yes,normal,18.5,,18.5,,turn and lift,no,,NA,NA,NA,,NA,1,
23/01/2024,TQ21-X-14,TQ21,Sample location delocated to a 10km square (see metadata),520000,110000,525000,115000,1,73,46,no,yes,0,,12,,4,,5.8,,yes,NA,1,,25,,3,,,NA,,NA,,NA,,NA,,NA,,NA,,NA,,NA,25,,3,,yes,normal,normal,0,,46.5,,,NA,turn and lift,yes,NA,yes,NA,yes,NA,small corer,yes,NA,yes,NA,yes,normal,17.9,,17.9,,turn and lift,no,,NA,NA,NA,,NA,1,
23/01/2024,TQ21-X-14,TQ21,Sample location delocated to a 10km square (see metadata),520000,110000,525000,115000,1,73,59,no,no,0,,14,,5,,5.9,,yes,NA,1,,27,,3,,,NA,,NA,,NA,,NA,,NA,,NA,,NA,,NA,27,,3,,yes,normal,normal,0,,48.5,,,NA,turn and lift,yes,NA,yes,NA,yes,NA,small corer,yes,NA,yes,NA,yes,normal,17.5,,17.5,,turn and lift,no,,NA,NA,NA,,NA,1,
23/01/2024,TQ21-X-14,TQ21,Sample location delocated to a 10km square (see metadata),520000,110000,525000,115000,1,73,28,no,yes,0,,7,,0,,6.1,,yes,NA,1,,30,,3,,,NA,,NA,,NA,,NA,,NA,,NA,,NA,,NA,30,,3,,yes,normal,normal,0,,46.5,,,NA,turn and lift,yes,NA,yes,NA,yes,NA,small corer,yes,NA,yes,NA,yes,normal,18.6,,18.6,,turn and lift,no,,NA,NA,NA,,NA,1,
21/06/2023,TQ34-X-47,TQ34,Sample location delocated to a 10km square (see metadata),530000,140000,535000,145000,2,82,49,yes,yes,3,,14,,0,,16.3,,yes,NA,2,,30,,1,,,NA,,NA,,NA,,NA,,NA,,NA,,NA,,NA,30,,1,,yes,normal,normal,2,,50.5,,50.5,,turn and lift,yes,NA,yes,NA,yes,NA,small corer,yes,NA,yes,NA,yes,normal,24,,24,,turn and lift,NULL,,NULL,NULL,NULL,,NULL,,NULL
21/06/2023,TQ34-X-47,TQ34,Sample location delocated to a 10km square (see metadata),530000,140000,535000,145000,2,82,59,yes,no,3,,4,,0,,17.5,,yes,NA,2,,30,,1,,,NA,,NA,,NA,,NA,,NA,,NA,,NA,,NA,30,,1,,yes,normal,normal,0,,50,,50,,turn and lift,yes,NA,yes,NA,yes,NA,small corer,yes,NA,yes,NA,yes,normal,19.5,,19.5,,turn and lift,NULL,,NULL,NULL,NULL,,NULL,,NULL
21/06/2023,TQ34-X-47,TQ34,Sample location delocated to a 10km square (see metadata),530000,140000,535000,145000,2,82,28,yes,yes,0,,5,,0,,16.8,,yes,NA,2,,30,,1,,,NA,,NA,,NA,,NA,,NA,,NA,,NA,,NA,30,,1,,yes,normal,normal,2,,49,,49,,turn and lift,yes,NA,yes,NA,yes,NA,small corer,yes,NA,yes,NA,yes,normal,19,,,NA,turn and lift,NULL,,NULL,NULL,NULL,,NULL,,NULL
21/06/2023,TQ34-X-47,TQ34,Sample location delocated to a 10km square (see metadata),530000,140000,535000,145000,2,82,15,no,yes,0,,7,,0,,17.1,,yes,NA,2,,30,,1,,,NA,,NA,,NA,,NA,,NA,,NA,,NA,,NA,30,,1,,yes,normal,normal,2,,51,,51,,turn and lift,yes,NA,yes,NA,yes,NA,small corer,yes,NA,yes,NA,yes,normal,18,,,NA,turn and lift,NULL,,NULL,NULL,NULL,,NULL,,NULL
18/03/2024,TQ35-X-64,TQ35,Sample location delocated to a 10km square (see metadata),530000,150000,535000,155000,4,85,11,no,yes,0,,2,,0,,10.5,,yes,NA,1,,25,,2,,,NA,,NA,,NA,,NA,,NA,,NA,,NA,,NA,25,,2,,yes,catcher,catcher,0,,46.5,,,NA,turn and lift,yes,NA,yes,NA,yes,NA,small corer,yes,NA,yes,NA,yes,catcher,18,,18,,turn and lift,no,,NA,NA,NA,,NA,1,
18/03/2024,TQ35-X-64,TQ35,Sample location delocated to a 10km square (see metadata),530000,150000,535000,155000,4,85,28,no,no,0,,9,,0,,9.2,,yes,NA,2,,30,,1.5,,,NA,,NA,,NA,,NA,,NA,,NA,,NA,,NA,30,,1.5,,yes,catcher,catcher,0,,39,,,NULL,turn and lift,yes,NA,yes,NA,yes,NA,small corer,yes,NA,yes,NA,yes,catcher,21,,21,,turn and lift,no,,NA,NA,NA,,NA,1,
18/03/2024,TQ35-X-64,TQ35,Sample location delocated to a 10km square (see metadata),530000,150000,535000,155000,4,85,59,no,yes,0,,16,,0,,10.5,,yes,NA,1,,30,,2,,,NA,,NA,,NA,,NA,,NA,,NA,,NA,,NA,30,,2,,yes,catcher,catcher,0,,47,,,NA,turn and lift,yes,NA,yes,NA,yes,NA,small corer,yes,NA,yes,NA,yes,catcher,18,,18,,turn and lift,no,,NA,NA,NA,,NA,1,
18/03/2024,TQ35-X-64,TQ35,Sample location delocated to a 10km square (see metadata),530000,150000,535000,155000,4,85,46,no,no,0,,5,,0,,9.7,,yes,NA,1,,30,,2,,,NA,,NA,,NA,,NA,,NA,,NA,,NA,,NA,30,,2,,yes,catcher,catcher,0,,46,,,NA,turn and lift,yes,NA,yes,NA,yes,NA,small corer,yes,NA,yes,NA,yes,catcher,19,,19,,turn and lift,no,,NA,NA,NA,,NA,1,
18/03/2024,TQ35-X-64,TQ35,Sample location delocated to a 10km square (see metadata),530000,150000,535000,155000,3,85,46,no,no,0,,1,,0,,12,,yes,NA,2,,30,,1.5,,,NA,,NA,,NA,,NA,,NA,,NA,,NA,,NA,30,,1.5,,yes,catcher,catcher,0,,46.5,,,NA,turn and lift,yes,NA,yes,NA,yes,NA,small corer,yes,NA,yes,NA,yes,catcher,19,,19,,turn and lift,no,,NA,NA,NA,,NA,1,
18/03/2024,TQ35-X-64,TQ35,Sample location delocated to a 10km square (see metadata),530000,150000,535000,155000,3,85,59,no,yes,2,,3,,0,,10.1,,yes,NA,1,,30,,2,,,NA,,NA,,NA,,NA,,NA,,NA,,NA,,NA,30,,2,,yes,catcher,catcher,0,,45,,,NA,turn and lift,yes,NA,yes,NA,yes,NA,small corer,yes,NA,yes,NA,yes,catcher,19,,19,,turn and lift,no,,NA,NA,NA,,NA,1,
18/03/2024,TQ35-X-64,TQ35,Sample location delocated to a 10km square (see metadata),530000,150000,535000,155000,3,85,28,no,yes,0,,9,,0,,10.5,,yes,NA,1,,30,,1.5,,,NA,,NA,,NA,,NA,,NA,,NA,,NA,,NA,30,,1.5,,yes,catcher,catcher,0,,46.5,,,NA,turn and lift,yes,NA,yes,NA,yes,NA,small corer,yes,NA,yes,NA,yes,catcher,18,,18,,turn and lift,no,,NA,NA,NA,,NA,1,
18/03/2024,TQ35-X-64,TQ35,Sample location delocated to a 10km square (see metadata),530000,150000,535000,155000,3,85,11,yes,yes,3,,0,,0,,10.1,,yes,NA,2,,30,,1,,,NA,,NA,,NA,,NA,,NA,,NA,,NA,,NA,30,,1,,yes,catcher,catcher,0,,47,,,NA,turn and lift,yes,NA,yes,NA,yes,NA,small corer,yes,NA,yes,NA,yes,catcher,18,,18,,turn and lift,no,,NA,NA,NA,,NA,1,
19/03/2024,TQ35-X-64,TQ35,Sample location delocated to a 10km square (see metadata),530000,150000,535000,155000,1,85,59,no,yes,1,,7,,0,,10.4,,yes,NA,2,,30,,1.5,,,NA,,NA,,NA,,NA,,NA,,NA,,NA,,NA,30,,1.5,,yes,catcher,catcher,0,,48,,,NA,turn and lift,yes,NA,yes,NA,yes,NA,small corer,yes,NA,yes,NA,yes,catcher,19.5,,19.5,,turn and lift,no,,NA,NA,NA,,NA,1,
19/03/2024,TQ35-X-64,TQ35,Sample location delocated to a 10km square (see metadata),530000,150000,535000,155000,1,85,46,yes,yes,0,,3,,0,,9.7,,yes,NA,1,,30,,2,,,NA,,NA,,NA,,NA,,NA,,NA,,NA,,NA,30,,2,,yes,catcher,catcher,0,,47,,,NA,turn and lift,yes,NA,yes,NA,yes,NA,small corer,yes,NA,yes,NA,yes,catcher,19,,19,,turn and lift,no,,NA,NA,NA,,NA,1,
19/03/2024,TQ35-X-64,TQ35,Sample location delocated to a 10km square (see metadata),530000,150000,535000,155000,1,85,11,no,yes,0,,17,,0,,10.4,,yes,NA,1,,30,,1.5,,,NA,,NA,,NA,,NA,,NA,,NA,,NA,,NA,30,,1.5,,yes,catcher,catcher,0,,47.5,,,NA,turn and lift,yes,NA,yes,NA,yes,NA,small corer,yes,NA,yes,NA,yes,catcher,18,,18,,turn and lift,no,,NA,NA,NA,,NA,1,
19/03/2024,TQ35-X-64,TQ35,Sample location delocated to a 10km square (see metadata),530000,150000,535000,155000,1,85,28,yes,yes,0,,11,,0,,9.8,,yes,NA,1,,30,,2.5,,,NA,,NA,,NA,,NA,,NA,,NA,,NA,,NA,30,,2.5,,yes,catcher,catcher,0,,44,,,NA,turn and lift,yes,NA,yes,NA,yes,NA,small corer,yes,NA,yes,NA,yes,catcher,19,,19,,turn and lift,no,,NA,NA,NA,,NA,1,
05/02/2024,TQ43-X-43,TQ43,Sample location delocated to a 10km square (see metadata),540000,130000,545000,135000,1,85,28,yes,yes,0,,38,,0,,8.3,,yes,NA,1,,30,,3,,,NA,,NA,,NA,,NA,,NA,,NA,,NA,,NA,30,,3,,yes,catcher,catcher,0,,48.5,,,NA,turn and lift,yes,NA,yes,NA,yes,NA,small corer,yes,NA,yes,NA,yes,catcher,19,,19,,turn and lift,no,,NA,NA,NA,,NA,1,
05/02/2024,TQ43-X-43,TQ43,Sample location delocated to a 10km square (see metadata),540000,130000,545000,135000,1,85,59,yes,yes,0,,46,,0,,8.2,,yes,NA,1,,30,,2.5,,,NA,,NA,,NA,,NA,,NA,,NA,,NA,,NA,30,,2.5,,yes,normal,catcher,0,,48.5,,,NA,turn and lift,yes,NA,yes,NA,yes,NA,small corer,yes,NA,yes,NA,yes,catcher,19,,19,,turn and lift,no,,NA,NA,NA,,NA,1,
05/02/2024,TQ43-X-43,TQ43,Sample location delocated to a 10km square (see metadata),540000,130000,545000,135000,1,85,46,yes,yes,0,,60,,0,,8.3,,yes,NA,1,,30,,2,,,NA,,NA,,NA,,NA,,NA,,NA,,NA,,NA,30,,2,,yes,catcher,catcher,0,,48,,,NA,turn and lift,yes,NA,yes,NA,yes,NA,small corer,yes,NA,yes,NA,yes,normal,19.5,,19.5,,turn and lift,no,,NA,NA,NA,,NA,1,
05/02/2024,TQ43-X-43,TQ43,Sample location delocated to a 10km square (see metadata),540000,130000,545000,135000,1,85,11,yes,yes,0,,35,,0,,8.6,,yes,NA,1,,30,,2.5,,,NA,,NA,,NA,,NA,,NA,,NA,,NA,,NA,30,,2.5,,yes,normal,catcher,0,,47,,,NA,turn and lift,yes,NA,yes,NA,yes,NA,small corer,yes,NA,yes,NA,yes,catcher,18.7,,18.7,,turn and lift,no,,NA,NA,NA,,NA,1,
05/02/2024,TQ43-X-43,TQ43,Sample location delocated to a 10km square (see metadata),540000,130000,545000,135000,2,48,46,yes,no,0,,5,,0,,8.3,,yes,NA,2,,25,,1.5,,,NA,,NA,,NA,,NA,,NA,,NA,,NA,,NA,25,,1.5,,yes,normal,normal,0,,43.5,,,NA,turn and lift,yes,NA,yes,NA,yes,NA,small corer,yes,NA,yes,NA,yes,normal,20,,20,,turn and lift,no,,NA,NA,NA,,NA,1,
05/02/2024,TQ43-X-43,TQ43,Sample location delocated to a 10km square (see metadata),540000,130000,545000,135000,2,48,11,yes,no,0,,17,,0,,8.4,,yes,NA,3,,28,,3,,,NA,,NA,,NA,,NA,,NA,,NA,,NA,,NA,28,,3,,yes,normal,normal,0,,42,,,NA,turn and lift,yes,NA,yes,NA,yes,NA,small corer,yes,NA,yes,NA,yes,normal,18,,18,,turn and lift,no,,NA,NA,NA,,NA,1,
05/02/2024,TQ43-X-43,TQ43,Sample location delocated to a 10km square (see metadata),540000,130000,545000,135000,2,48,28,yes,no,0,,16,,0,,8.4,,yes,NA,2,,29,,1.5,,,NA,,NA,,NA,,NA,,NA,,NA,,NA,,NA,29,,1.5,,yes,normal,normal,0,,40,,,NA,turn and lift,yes,NA,yes,NA,yes,NA,small corer,yes,NA,yes,NA,yes,normal,20,,20,,turn and lift,no,,NA,NA,NA,,NA,1,
05/02/2024,TQ43-X-43,TQ43,Sample location delocated to a 10km square (see metadata),540000,130000,545000,135000,2,48,59,yes,no,0,,5,,0,,8.4,,yes,NA,2,,25,,1.5,,,NA,,NA,,NA,,NA,,NA,,NA,,NA,,NA,25,,1.5,,yes,normal,normal,0,,42,,,NA,turn and lift,yes,NA,yes,NA,yes,NA,small corer,yes,NA,yes,NA,yes,normal,16,,16,,turn and lift,no,,NA,NA,NA,,NA,1,
06/02/2024,TQ43-X-43,TQ43,Sample location delocated to a 10km square (see metadata),540000,130000,545000,135000,3,85,59,yes,no,0,,18,,0,,9.7,,yes,NA,3,,20,,3,,,NA,,NA,,NA,,NA,,NA,,NA,,NA,,NA,20,,3,,yes,normal,normal,0,,40,,,NA,turn and lift,yes,NA,yes,NA,yes,NA,small corer,yes,NA,yes,NA,yes,normal,18,,18,,turn and lift,no,,NA,NA,NA,,NA,1,
06/02/2024,TQ43-X-43,TQ43,Sample location delocated to a 10km square (see metadata),540000,130000,545000,135000,3,85,46,yes,no,0,,33,,0,,9.8,,yes,NA,1,,30,,2.5,,,NA,,NA,,NA,,NA,,NA,,NA,,NA,,NA,30,,2.5,,yes,normal,normal,0,,50,,,NA,turn and lift,yes,NA,yes,NA,yes,NA,small corer,yes,NA,yes,NA,yes,normal,17,,17,,turn and lift,no,,NA,NA,NA,,NA,1,
06/02/2024,TQ43-X-43,TQ43,Sample location delocated to a 10km square (see metadata),540000,130000,545000,135000,3,85,11,yes,yes,0,,29,,0,,9.8,,yes,NA,1,,30,,3.5,,,NA,,NA,,NA,,NA,,NA,,NA,,NA,,NA,30,,3.5,,yes,normal,normal,0,,46,,,NA,turn and lift,yes,NA,yes,NA,yes,NA,small corer,yes,NA,yes,NA,yes,normal,19,,19,,turn and lift,no,,NA,NA,NA,,NA,1,
06/02/2024,TQ43-X-43,TQ43,Sample location delocated to a 10km square (see metadata),540000,130000,545000,135000,3,85,28,yes,yes,0,,33,,0,,9.8,,yes,NA,3,,30,,3,,,NA,,NA,,NA,,NA,,NA,,NA,,NA,,NA,30,,3,,yes,normal,normal,0,,43,,,NA,dig and tip,yes,NA,yes,NA,yes,NA,small corer,yes,NA,yes,NA,yes,normal,18,,18,,turn and lift,no,,NA,NA,NA,,NA,1,
06/02/2024,TQ43-X-43,TQ43,Sample location delocated to a 10km square (see metadata),540000,130000,545000,135000,4,61,11,yes,no,0,,36,,0,,9.5,,yes,NA,2,,28,,1.5,,,NA,,NA,,NA,,NA,,NA,,NA,,NA,,NA,28,,1.5,,yes,normal,normal,0,,44,,,NA,turn and lift,yes,NA,yes,NA,yes,NA,small corer,yes,NA,yes,NA,yes,normal,20,,20,,turn and lift,no,,NA,NA,NA,,NA,1,
06/02/2024,TQ43-X-43,TQ43,Sample location delocated to a 10km square (see metadata),540000,130000,545000,135000,4,61,28,yes,no,5,,28,,0,,9.5,,yes,NA,2,,30,,2,,,NA,,NA,,NA,,NA,,NA,,NA,,NA,,NA,30,,2,,yes,normal,normal,0,,47,,,NA,turn and lift,yes,NA,yes,NA,yes,NA,small corer,yes,NA,yes,NA,yes,normal,17,,17,,turn and lift,no,,NA,NA,NA,,NA,1,
06/02/2024,TQ43-X-43,TQ43,Sample location delocated to a 10km square (see metadata),540000,130000,545000,135000,4,61,59,yes,yes,0,,27,,0,,9.4,,yes,NA,2,,28,,1.5,,,NA,,NA,,NA,,NA,,NA,,NA,,NA,,NA,28,,1.5,,yes,normal,normal,0,,40,,,NA,turn and lift,yes,NA,yes,NA,yes,NA,small corer,yes,NA,yes,NA,yes,normal,18.2,,18.2,,turn and lift,no,,NA,NA,NA,,NA,1,
06/02/2024,TQ43-X-43,TQ43,Sample location delocated to a 10km square (see metadata),540000,130000,545000,135000,4,61,46,yes,yes,0,,49,,0,,9.8,,yes,NA,1,,30,,2.5,,,NA,,NA,,NA,,NA,,NA,,NA,,NA,,NA,30,,2.5,,yes,normal,normal,0,,42,,,NA,turn and lift,yes,NA,yes,NA,yes,NA,small corer,yes,NA,yes,NA,yes,normal,19,,19,,turn and lift,no,,NA,NA,NA,,NA,1,
06/03/2024,TQ59-X-57,TQ59,Sample location delocated to a 10km square (see metadata),550000,190000,555000,195000,3,110,11,no,no,0,,4,,4,,7,,yes,NA,2,,7.5,,1.5,,30,,3.5,,,NA,,NA,,NA,,NA,,NA,,NA,30,,3,,yes,normal,normal,0,,46,,,NA,turn and lift,yes,NA,yes,NA,yes,NA,small corer,yes,NA,yes,NA,yes,normal,21,,21,,turn and lift,no,,NA,NA,NA,,NA,1,
06/03/2024,TQ59-X-57,TQ59,Sample location delocated to a 10km square (see metadata),550000,190000,555000,195000,3,110,28,no,no,0,,7,,2,,7.1,,yes,NA,2,,7.5,,1.5,,30,,3,,,NA,,NA,,NA,,NA,,NA,,NA,30,,2.6,,yes,normal,normal,2,,47.5,,,NA,turn and lift,yes,NA,yes,NA,yes,NA,small corer,yes,NA,yes,NA,yes,normal,22,,22,,turn and lift,no,,NA,NA,NA,,NA,1,
06/03/2024,TQ59-X-57,TQ59,Sample location delocated to a 10km square (see metadata),550000,190000,555000,195000,3,110,59,no,no,0,,14,,0,,7.2,,yes,NA,2,,7.5,,1.5,,10.5,,3,,,NA,,NA,,NA,,NA,,NA,,NA,10,,1.9,,yes,normal,normal,2,,45,,,NA,turn and lift,yes,NA,yes,NA,yes,NA,small corer,yes,NA,yes,NA,yes,normal,21,,21,,turn and lift,no,,NA,NA,NA,,NA,1,
06/03/2024,TQ59-X-57,TQ59,Sample location delocated to a 10km square (see metadata),550000,190000,555000,195000,3,110,46,no,no,0,,11,,3,,7.3,,yes,NA,2,,7.5,,1.5,,30,,3,,,NA,,NA,,NA,,NA,,NA,,NA,30,,2.6,,yes,normal,normal,0,,46,,,NA,turn and lift,yes,NA,yes,NA,yes,NA,small corer,yes,NA,yes,NA,yes,normal,21,,,NA,turn and lift,no,,NA,NA,NA,,NA,1,
06/03/2024,TQ59-X-57,TQ59,Sample location delocated to a 10km square (see metadata),550000,190000,555000,195000,4,84,28,no,no,0,,8,,2,,7.3,,yes,NA,2,,7.5,,1.5,,30,,2,,,NA,,NA,,NA,,NA,,NA,,NA,30,,1.9,,yes,normal,normal,3,,44,,,NA,turn and lift,yes,NA,yes,NA,yes,NA,small corer,yes,NA,yes,NA,yes,normal,22,,22,,turn and lift,no,,NA,NA,NA,,NA,1,
06/03/2024,TQ59-X-57,TQ59,Sample location delocated to a 10km square (see metadata),550000,190000,555000,195000,4,84,11,no,no,0,,7,,7,,8,,yes,NA,2,,10,,1.5,,30,,3,,,NA,,NA,,NA,,NA,,NA,,NA,30,,2.5,,yes,normal,normal,0,,43,,,NA,turn and lift,yes,NA,yes,NA,yes,NA,small corer,yes,NA,yes,NA,yes,normal,21,,21,,turn and lift,no,,NA,NA,NA,,NA,1,
06/03/2024,TQ59-X-57,TQ59,Sample location delocated to a 10km square (see metadata),550000,190000,555000,195000,4,84,46,no,no,0,,10,,4,,8,,yes,NA,2,,10,,1.5,,30,,2,,,NA,,NA,,NA,,NA,,NA,,NA,30,,1.8,,yes,normal,normal,3,,44.6,,,NA,turn and lift,yes,NA,yes,NA,yes,NA,small corer,yes,NA,yes,NA,yes,normal,21,,21,,turn and lift,no,,NA,NA,NA,,NA,1,
06/03/2024,TQ59-X-57,TQ59,Sample location delocated to a 10km square (see metadata),550000,190000,555000,195000,4,84,59,no,no,0,,10,,0,,7.8,,yes,NA,2,,7.5,,1.5,,30,,2,,,NA,,NA,,NA,,NA,,NA,,NA,30,,1.9,,yes,normal,normal,0,,44.6,,,NA,turn and lift,yes,NA,yes,NA,yes,NA,small corer,yes,NA,yes,NA,yes,normal,22,,22,,turn and lift,no,,NA,NA,NA,,NA,1,
07/03/2024,TQ59-X-57,TQ59,Sample location delocated to a 10km square (see metadata),550000,190000,555000,195000,1,98,46,no,no,0,,6,,17,,7.1,,yes,NA,2,,10,,1.5,,30,,2,,,NA,,NA,,NA,,NA,,NA,,NA,30,,1.8,,yes,normal,normal,0,,47.8,,,NA,turn and lift,yes,NA,yes,NA,yes,NA,small corer,yes,NA,yes,NA,yes,normal,21.2,,21.2,,turn and lift,no,,NA,NA,NA,,NA,1,
07/03/2024,TQ59-X-57,TQ59,Sample location delocated to a 10km square (see metadata),550000,190000,555000,195000,1,98,59,yes,yes,0,,7,,34,,6.9,,yes,NA,2,,5,,1.5,,30,,2,,,NA,,NA,,NA,,NA,,NA,,NA,30,,1.9,,yes,normal,normal,0,,48.9,,,NA,turn and lift,yes,NA,yes,NA,yes,NA,small corer,yes,NA,yes,partial - stones,yes,normal,21.5,,21.5,,turn and lift,no,,NA,NA,NA,,NA,1,
07/03/2024,TQ59-X-57,TQ59,Sample location delocated to a 10km square (see metadata),550000,190000,555000,195000,1,98,28,yes,yes,0,,2,,42,,7,,yes,NA,2,,30,,1.5,,,NA,,NA,,NA,,NA,,NA,,NA,,NA,,NA,30,,1.5,,yes,normal,normal,0,,47.9,,,NA,turn and lift,yes,NA,yes,NA,yes,NA,small corer,yes,NA,yes,NA,yes,normal,21.1,,21.1,,turn and lift,no,,NA,NA,NA,,NA,1,
07/03/2024,TQ59-X-57,TQ59,Sample location delocated to a 10km square (see metadata),550000,190000,555000,195000,1,98,11,yes,yes,0,,11,,17,,7.1,,yes,NA,2,,10,,1.5,,30,,2,,,NA,,NA,,NA,,NA,,NA,,NA,30,,1.8,,yes,normal,normal,0,,47.5,,,NA,turn and lift,yes,NA,yes,NA,yes,NA,small corer,yes,NA,yes,NA,yes,normal,18.8,,18.8,,turn and lift,no,,NA,NA,NA,,NA,1,
07/03/2024,TQ59-X-57,TQ59,Sample location delocated to a 10km square (see metadata),550000,190000,555000,195000,2,72,11,no,no,0,,19,,6,,7.7,,yes,NA,2,,30,,1,,,NA,,NA,,NA,,NA,,NA,,NA,,NA,,NA,30,,1,,yes,normal,normal,0,,46.8,,,NA,turn and lift,yes,NA,yes,NA,yes,NA,small corer,yes,NA,yes,NA,yes,normal,20.3,,20.3,,turn and lift,no,,NA,NA,NA,,NA,1,
07/03/2024,TQ59-X-57,TQ59,Sample location delocated to a 10km square (see metadata),550000,190000,555000,195000,2,72,46,no,yes,0,,15,,7,,8.1,,yes,NA,2,,20,,1,,30,,1.5,,,NA,,NA,,NA,,NA,,NA,,NA,30,,1.2,,yes,normal,normal,0,,49.5,,,NA,turn and lift,yes,NA,yes,NA,yes,NA,small corer,yes,NA,yes,NA,yes,normal,20.9,,20.9,,turn and lift,no,,NA,NA,NA,,NA,1,
07/03/2024,TQ59-X-57,TQ59,Sample location delocated to a 10km square (see metadata),550000,190000,555000,195000,2,72,59,no,yes,0,,15,,6,,7.9,,yes,NA,2,,30,,1,,,NA,,NA,,NA,,NA,,NA,,NA,,NA,,NA,30,,1,,yes,normal,normal,0,,48.9,,,NA,turn and lift,yes,NA,yes,NA,yes,NA,small corer,yes,NA,yes,NA,yes,normal,22,,22,,turn and lift,no,,NA,NA,NA,,NA,1,
07/03/2024,TQ59-X-57,TQ59,Sample location delocated to a 10km square (see metadata),550000,190000,555000,195000,2,72,28,yes,yes,0,,18,,9,,8.1,,yes,NA,2,,30,,1,,,NA,,NA,,NA,,NA,,NA,,NA,,NA,,NA,30,,1,,yes,normal,normal,0,,45.5,,,NA,turn and lift,yes,NA,yes,NA,yes,NA,small corer,yes,NA,yes,NA,yes,normal,22,,22,,turn and lift,no,,NA,NA,NA,,NA,1,
06/11/2023,TQ60-X-20,TQ60,Sample location delocated to a 10km square (see metadata),560000,100000,565000,105000,4,85,11,no,no,0,,1,,0,,10,,yes,NA,1,,25,,4,,,NA,,NA,,NA,,NA,,NA,,NA,,NA,,NA,25,,4,,yes,normal,normal,2,,42,,,NA,dig and tip,yes,NA,yes,NA,yes,NA,small corer,yes,NA,yes,NA,yes,normal,16,,16,,dig and tip,no,,NA,NA,NA,,NA,1,
06/11/2023,TQ60-X-20,TQ60,Sample location delocated to a 10km square (see metadata),560000,100000,565000,105000,4,85,46,no,no,0,,7,,2,,10.4,,yes,NA,1,,30,,4,,,NA,,NA,,NA,,NA,,NA,,NA,,NA,,NA,30,,4,,yes,normal,normal,0,,40,,,NA,dig and tip,yes,NA,yes,NA,yes,NA,small corer,yes,NA,yes,NA,yes,normal,25.5,,25.5,,dig and tip,no,,NA,NA,NA,,NA,1,
06/11/2023,TQ60-X-20,TQ60,Sample location delocated to a 10km square (see metadata),560000,100000,565000,105000,4,85,59,no,no,0,,2,,4,,10.8,,yes,NA,1,,30,,4,,,NA,,NA,,NA,,NA,,NA,,NA,,NA,,NA,30,,4,,yes,normal,normal,0,,42,,,NA,dig and tip,yes,NA,yes,NA,yes,NA,small corer,yes,NA,yes,NA,yes,normal,22,,22,,dig and tip,no,,NA,NA,NA,,NA,1,
06/11/2023,TQ60-X-20,TQ60,Sample location delocated to a 10km square (see metadata),560000,100000,565000,105000,4,85,28,no,no,0,,10,,0,,9.4,,yes,NA,1,,28,,4,,,NA,,NA,,NA,,NA,,NA,,NA,,NA,,NA,28,,4,,yes,normal,normal,0,,45.5,,,NA,dig and tip,yes,NA,yes,NA,yes,NA,small corer,yes,NA,yes,NA,yes,normal,18,,18,,dig and tip,no,,NA,NA,NA,,NA,1,
24/04/2023,TQ86-X-90,TQ86,Sample location delocated to a 10km square (see metadata),580000,160000,585000,165000,1,98,59,no,no,0,,11,,0,,11,,yes,NA,2,,24,,2,,,NA,,NA,,NA,,NA,,NA,,NA,,NA,,NA,24,,2,,yes,normal,normal,0,,49,,49,,turn and lift,yes,NA,yes,NA,yes,NA,small corer,yes,NA,yes,NA,yes,normal,19,,19,,turn and lift,NULL,,NULL,NULL,NULL,,NULL,,NULL
24/04/2023,TQ86-X-90,TQ86,Sample location delocated to a 10km square (see metadata),580000,160000,585000,165000,1,98,28,no,no,0,,26,,0,,10.6,,yes,NA,2,,14,,1.5,,,NA,,NA,,NA,,NA,,NA,,NA,,NA,,NA,14,,1.5,,yes,normal,normal,0,,49,,49,,turn and lift,yes,NA,yes,NA,yes,NA,small corer,yes,NA,yes,NA,yes,normal,18.5,,18.5,,turn and lift,NULL,,NULL,NULL,NULL,,NULL,,NULL
24/04/2023,TQ86-X-90,TQ86,Sample location delocated to a 10km square (see metadata),580000,160000,585000,165000,1,98,11,no,no,0,,4,,0,,10.8,,yes,NA,2,,25,,2,,30,,3,,,NA,,NA,,NA,,NA,,NA,,NA,30,,2.2,,yes,normal,normal,0,,49,,49,,turn and lift,yes,NA,yes,NA,yes,NA,small corer,yes,NA,yes,NA,yes,normal,18,,18,,turn and lift,NULL,,NULL,NULL,NULL,,NULL,,NULL
24/04/2023,TQ86-X-90,TQ86,Sample location delocated to a 10km square (see metadata),580000,160000,585000,165000,1,98,46,no,no,0,,8,,0,,11.2,,yes,NA,2,,30,,2,,,NA,,NA,,NA,,NA,,NA,,NA,,NA,,NA,30,,2,,yes,normal,normal,0,,47.8,,47.8,,turn and lift,yes,NA,yes,NA,yes,NA,small corer,yes,NA,yes,NA,yes,normal,18,,18,,turn and lift,NULL,,NULL,NULL,NULL,,NULL,,NULL
24/04/2023,TQ86-X-90,TQ86,Sample location delocated to a 10km square (see metadata),580000,160000,585000,165000,4,85,46,no,no,0,,7,,0,,12.3,,yes,NA,2,,23,,2,,,NA,,NA,,NA,,NA,,NA,,NA,,NA,,NA,23,,2,,yes,normal,normal,0,,49,,49,,turn and lift,yes,NA,yes,NA,yes,NA,small corer,yes,NA,yes,NA,yes,normal,19.8,,19.8,,turn and lift,NULL,,NULL,NULL,NULL,,NULL,,NULL
24/04/2023,TQ86-X-90,TQ86,Sample location delocated to a 10km square (see metadata),580000,160000,585000,165000,4,85,11,yes,yes,0,,24,,0,,12.3,,yes,NA,,NULL,24,,2.5,,,NA,,NA,,NA,,NA,,NA,,NA,,NA,,NA,24,,2.5,,yes,normal,normal,0,,42.5,,42.5,,turn and lift,yes,NA,yes,NA,yes,NA,small corer,yes,NA,yes,NA,yes,normal,19,,19,,turn and lift,NULL,,NULL,NULL,NULL,,NULL,,NULL
24/04/2023,TQ86-X-90,TQ86,Sample location delocated to a 10km square (see metadata),580000,160000,585000,165000,4,85,28,no,no,0,,10,,0,,12.5,,yes,NA,2,,25,,2.5,,,NA,,NA,,NA,,NA,,NA,,NA,,NA,,NA,25,,2.5,,yes,normal,normal,0,,47,,47,,turn and lift,yes,NA,yes,NA,yes,NA,small corer,yes,NA,yes,NA,yes,normal,18.5,,18.5,,turn and lift,NULL,,NULL,NULL,NULL,,NULL,,NULL
24/04/2023,TQ86-X-90,TQ86,Sample location delocated to a 10km square (see metadata),580000,160000,585000,165000,4,85,59,no,no,0,,9,,0,,12.2,,yes,NA,2,,25,,3,,,NA,,NA,,NA,,NA,,NA,,NA,,NA,,NA,25,,3,,yes,normal,normal,0,,49,,49,,turn and lift,yes,NA,yes,NA,yes,NA,small corer,yes,NA,yes,NA,yes,normal,19,,19,,turn and lift,NULL,,NULL,NULL,NULL,,NULL,,NULL
25/04/2023,TQ86-X-90,TQ86,Sample location delocated to a 10km square (see metadata),580000,160000,585000,165000,2,86,11,yes,no,2,,17,,0,,9.8,,yes,NA,2,,30,,2.5,,,NA,,NA,,NA,,NA,,NA,,NA,,NA,,NA,30,,2.5,,yes,normal,normal,0,,46,,,NA,turn and lift,yes,NA,yes,NA,yes,NA,small corer,yes,NA,yes,NA,yes,normal,18,,18,,turn and lift,NULL,,NULL,NULL,NULL,,NULL,,NULL
25/04/2023,TQ86-X-90,TQ86,Sample location delocated to a 10km square (see metadata),580000,160000,585000,165000,2,86,28,no,no,2,,23,,0,,10.1,,yes,NA,2,,30,,2.5,,,NA,,NA,,NA,,NA,,NA,,NA,,NA,,NA,30,,2.5,,yes,normal,normal,0,,48,,48,,turn and lift,yes,NA,yes,NA,yes,NA,small corer,yes,NA,yes,NA,yes,normal,19,,19,,turn and lift,NULL,,NULL,NULL,NULL,,NULL,,NULL
25/04/2023,TQ86-X-90,TQ86,Sample location delocated to a 10km square (see metadata),580000,160000,585000,165000,2,86,59,no,no,0,,27,,0,,10.1,,yes,NA,2,,25,,2.5,,,NA,,NA,,NA,,NA,,NA,,NA,,NA,,NA,25,,2.5,,yes,normal,normal,0,,48,,48,,turn and lift,yes,NA,yes,NA,yes,NA,small corer,yes,NA,yes,NA,yes,normal,18,,,NA,turn and lift,NULL,,NULL,NULL,NULL,,NULL,,NULL
25/04/2023,TQ86-X-90,TQ86,Sample location delocated to a 10km square (see metadata),580000,160000,585000,165000,2,86,46,no,yes,4,,15,,0,,10.7,,yes,NA,2,,30,,2.5,,,NA,,NA,,NA,,NA,,NA,,NA,,NA,,NA,30,,2.5,,yes,normal,normal,0,,45,,45,,turn and lift,yes,NA,yes,NA,yes,NA,small corer,yes,NA,yes,NA,yes,normal,18,,18,,turn and lift,NULL,,NULL,NULL,NULL,,NULL,,NULL
25/04/2023,TQ86-X-90,TQ86,Sample location delocated to a 10km square (see metadata),580000,160000,585000,165000,3,83,11,no,no,0,,2,,0,,10,,yes,NA,2,,30,,2,,,NA,,NA,,NA,,NA,,NA,,NA,,NA,,NA,30,,2,,yes,normal,normal,0,,47,,47,,turn and lift,yes,NA,yes,NA,yes,NA,small corer,yes,NA,yes,NA,yes,normal,19,,19,,turn and lift,NULL,,NULL,NULL,NULL,,NULL,,NULL
25/04/2023,TQ86-X-90,TQ86,Sample location delocated to a 10km square (see metadata),580000,160000,585000,165000,3,83,28,no,no,0,,7,,0,,10.2,,yes,NA,2,,30,,2,,,NA,,NA,,NA,,NA,,NA,,NA,,NA,,NA,30,,2,,yes,normal,normal,0,,48,,48,,turn and lift,yes,NA,yes,NA,yes,NA,small corer,yes,NA,yes,NA,yes,normal,19,,19,,turn and lift,NULL,,NULL,NULL,NULL,,NULL,,NULL
25/04/2023,TQ86-X-90,TQ86,Sample location delocated to a 10km square (see metadata),580000,160000,585000,165000,3,83,59,no,no,0,,6,,0,,10.2,,yes,NA,2,,25,,2,,,NA,,NA,,NA,,NA,,NA,,NA,,NA,,NA,25,,2,,yes,normal,normal,0,,43,,43,,dig and tip,yes,NA,yes,NA,yes,NA,small corer,yes,NA,yes,NA,yes,normal,19,,19,,dig and tip,NULL,,NULL,NULL,NULL,,NULL,,NULL
25/04/2023,TQ86-X-90,TQ86,Sample location delocated to a 10km square (see metadata),580000,160000,585000,165000,3,83,46,no,no,0,,15,,0,,9.9,,yes,NA,2,,30,,3,,,NA,,NA,,NA,,NA,,NA,,NA,,NA,,NA,30,,3,,yes,normal,normal,0,,46,,46,,turn and lift,yes,NA,yes,NA,yes,NA,small corer,yes,NA,yes,NA,yes,normal,19,,19,,dig and tip,NULL,,NULL,NULL,NULL,,NULL,,NULL
26/10/2023,TQ93-X-13,TQ93,Sample location delocated to a 10km square (see metadata),590000,130000,595000,135000,3,85,46,no,yes,3,,7,,0,,12.8,,yes,NA,2,,30,,2.5,,,NA,,NA,,NA,,NA,,NA,,NA,,NA,,NA,30,,2.5,,yes,normal,normal,0,,41,,,NA,turn and lift,yes,NA,yes,NA,yes,NA,small corer,yes,NA,yes,NA,yes,normal,19,,19,,turn and lift,no,,NA,NA,NA,,NA,1,
26/10/2023,TQ93-X-13,TQ93,Sample location delocated to a 10km square (see metadata),590000,130000,595000,135000,3,85,11,no,no,0,,7,,0,,13.3,,yes,NA,2,,25,,3,,,NA,,NA,,NA,,NA,,NA,,NA,,NA,,NA,25,,3,,yes,normal,normal,0,,48,,,NA,turn and lift,yes,NA,yes,NA,yes,NA,small corer,yes,NA,yes,NA,yes,normal,18.7,,18.7,,turn and lift,no,,NA,NA,NA,,NA,1,
26/10/2023,TQ93-X-13,TQ93,Sample location delocated to a 10km square (see metadata),590000,130000,595000,135000,3,85,28,yes,yes,1,,6,,0,,12.9,,yes,NA,2,,25,,2.5,,,NA,,NA,,NA,,NA,,NA,,NA,,NA,,NA,25,,2.5,,yes,normal,normal,0,,46,,,NA,turn and lift,yes,NA,yes,NA,yes,NA,small corer,yes,NA,yes,NA,yes,normal,19,,19,,turn and lift,no,,NA,NA,NA,,NA,1,
26/10/2023,TQ93-X-13,TQ93,Sample location delocated to a 10km square (see metadata),590000,130000,595000,135000,3,85,59,yes,yes,2,,8,,0,,13.9,,yes,NA,2,,30,,3,,,NA,,NA,,NA,,NA,,NA,,NA,,NA,,NA,30,,3,,yes,normal,normal,0,,44,,,NA,turn and lift,yes,NA,yes,NA,yes,NA,small corer,yes,NA,yes,NA,yes,normal,18.5,,18.5,,turn and lift,no,,NA,NA,NA,,NA,1,
26/10/2023,TQ93-X-13,TQ93,Sample location delocated to a 10km square (see metadata),590000,130000,595000,135000,1,24,28,no,yes,1,,8,,0,,13.4,,yes,NA,2,,30,,2.5,,,NA,,NA,,NA,,NA,,NA,,NA,,NA,,NA,30,,2.5,,yes,normal,normal,0,,45,,,NA,turn and lift,yes,NA,yes,NA,yes,NA,small corer,yes,NA,yes,NA,yes,normal,19,,19,,turn and lift,no,,NA,NA,NA,,NA,1,
26/10/2023,TQ93-X-13,TQ93,Sample location delocated to a 10km square (see metadata),590000,130000,595000,135000,1,24,11,yes,yes,0,,10,,0,,13.4,,yes,NA,2,,30,,3,,,NA,,NA,,NA,,NA,,NA,,NA,,NA,,NA,30,,3,,yes,normal,normal,0,,47,,,NA,turn and lift,yes,NA,yes,NA,yes,NA,small corer,yes,NA,yes,NA,yes,normal,19,,19,,turn and lift,no,,NA,NA,NA,,NA,1,
26/10/2023,TQ93-X-13,TQ93,Sample location delocated to a 10km square (see metadata),590000,130000,595000,135000,1,24,46,no,yes,0,,2,,0,,13.4,,yes,NA,2,,30,,3,,,NA,,NA,,NA,,NA,,NA,,NA,,NA,,NA,30,,3,,yes,normal,normal,0,,46.5,,,NA,turn and lift,yes,NA,yes,NA,yes,NA,small corer,yes,NA,yes,NA,yes,normal,19,,19,,turn and lift,no,,NA,NA,NA,,NA,1,
26/10/2023,TQ93-X-13,TQ93,Sample location delocated to a 10km square (see metadata),590000,130000,595000,135000,1,24,59,no,no,0,,7,,0,,13.5,,yes,NA,,NULL,30,,3,,,NA,,NA,,NA,,NA,,NA,,NA,,NA,,NA,30,,3,,yes,normal,normal,0,,47,,,NA,turn and lift,yes,NA,yes,NA,yes,NA,small corer,yes,NA,yes,NA,yes,normal,18,,18,,turn and lift,no,,NA,NA,NA,,NA,1,
27/10/2023,TQ93-X-13,TQ93,Sample location delocated to a 10km square (see metadata),590000,130000,595000,135000,2,57,46,no,no,0,,4,,0,,11.4,,yes,NA,2,,30,,1.5,,,NA,,NA,,NA,,NA,,NA,,NA,,NA,,NA,30,,1.5,,yes,catcher,catcher,0,,45,,,NA,turn and lift,yes,NA,yes,NA,yes,NA,small corer,yes,NA,yes,NA,yes,catcher,19,,19,,turn and lift,no,,NA,NA,NA,,NA,1,
27/10/2023,TQ93-X-13,TQ93,Sample location delocated to a 10km square (see metadata),590000,130000,595000,135000,2,57,59,no,no,1,,0,,0,,11.2,,yes,NA,2,,30,,1.5,,,NA,,NA,,NA,,NA,,NA,,NA,,NA,,NA,30,,1.5,,yes,catcher,catcher,0,,45,,,NA,turn and lift,yes,NA,yes,NA,yes,NA,small corer,yes,NA,yes,NA,yes,catcher,19,,19,,dig and tip,no,,NA,NA,NA,,NA,1,
27/10/2023,TQ93-X-13,TQ93,Sample location delocated to a 10km square (see metadata),590000,130000,595000,135000,2,57,28,no,no,7,,0,,0,,11.4,,yes,NA,2,,30,,1.5,,,NA,,NA,,NA,,NA,,NA,,NA,,NA,,NA,30,,1.5,,yes,catcher,catcher,0,,45,,,NA,turn and lift,yes,NA,yes,NA,yes,NA,small corer,yes,NA,yes,NA,yes,catcher,19,,19,,dig and tip,no,,NA,NA,NA,,NA,1,
27/10/2023,TQ93-X-13,TQ93,Sample location delocated to a 10km square (see metadata),590000,130000,595000,135000,2,57,11,no,no,0,,7,,0,,11.2,,yes,NA,2,,30,,1.5,,,NA,,NA,,NA,,NA,,NA,,NA,,NA,,NA,30,,1.5,,yes,catcher,catcher,0,,49.5,,,NA,turn and lift,yes,NA,yes,NA,yes,NA,small corer,yes,NA,yes,NA,yes,catcher,19,,19,,turn and lift,no,,NA,NA,NA,,NA,1,
16/11/2023,TQ95-X-51,TQ95,Sample location delocated to a 10km square (see metadata),590000,150000,595000,155000,2,85,28,no,no,0,,7,,0,,6.5,,yes,NA,2,,20,,1.5,,,NA,,NA,,NA,,NA,,NA,,NA,,NA,,NA,20,,1.5,,yes,normal,normal,0,,46,,,NA,turn and lift,yes,NA,yes,NA,yes,NA,small corer,yes,NA,no,clay too compact,yes,normal,19,,19,,turn and lift,no,,NA,NA,NA,,NA,1,
16/11/2023,TQ95-X-51,TQ95,Sample location delocated to a 10km square (see metadata),590000,150000,595000,155000,2,85,11,no,no,0,,8,,0,,6.6,,yes,NA,2,,25,,1.5,,,NA,,NA,,NA,,NA,,NA,,NA,,NA,,NA,25,,1.5,,yes,normal,normal,0,,43,,,NA,turn and lift,yes,NA,yes,NA,yes,NA,small corer,yes,NA,no,clay too compact,yes,normal,19,,19,,turn and lift,no,,NA,NA,NA,,NA,1,
16/11/2023,TQ95-X-51,TQ95,Sample location delocated to a 10km square (see metadata),590000,150000,595000,155000,2,85,46,yes,no,0,,11,,0,,6.5,,no,Turned to slop cannot get good sample,,NA,,NA,,NA,,NA,,NA,,NA,,NA,,NA,,NA,,NA,,NA,,NA,,NA,yes,normal,normal,0,,45,,,NA,turn and lift,yes,NA,yes,NA,yes,NA,small corer,yes,NA,no,clay too compact,yes,normal,18.5,,18.5,,turn and lift,no,,NA,NA,NA,,NA,1,
16/11/2023,TQ95-X-51,TQ95,Sample location delocated to a 10km square (see metadata),590000,150000,595000,155000,2,85,59,no,no,0,,7,,0,,6.7,,no,Field has turned to slop cannot get good sample,,NA,,NA,,NA,,NA,,NA,,NA,,NA,,NA,,NA,,NA,,NA,,NA,,NA,yes,normal,normal,0,,47,,,NA,turn and lift,yes,NA,yes,NA,yes,NA,small corer,yes,NA,yes,NA,yes,normal,18.3,,18.3,,turn and lift,no,,NA,NA,NA,,NA,1,
17/11/2023,TQ95-X-51,TQ95,Sample location delocated to a 10km square (see metadata),590000,150000,595000,155000,4,85,59,no,no,0,,17,,0,,6.4,,yes,NA,1,,30,,2.5,,,NA,,NA,,NA,,NA,,NA,,NA,,NA,,NA,30,,2.5,,yes,normal,normal,0,,44,,,NA,turn and lift,yes,NA,yes,NA,yes,NA,small corer,yes,NA,yes,NA,yes,catcher,17,,17,,turn and lift,no,,NA,NA,NA,,NA,1,
17/11/2023,TQ95-X-51,TQ95,Sample location delocated to a 10km square (see metadata),590000,150000,595000,155000,4,85,46,no,no,0,,17,,0,,6.6,,yes,NA,1,,30,,2.5,,,NA,,NA,,NA,,NA,,NA,,NA,,NA,,NA,30,,2.5,,yes,catcher,catcher,0,,46,,,NA,turn and lift,yes,NA,yes,NA,yes,NA,small corer,yes,NA,yes,NA,yes,catcher,24,,24,,turn and lift,no,,NA,NA,NA,,NA,1,
17/11/2023,TQ95-X-51,TQ95,Sample location delocated to a 10km square (see metadata),590000,150000,595000,155000,4,85,11,yes,no,2,,13,,0,,7,,yes,NA,1,,30,,2.5,,,NA,,NA,,NA,,NA,,NA,,NA,,NA,,NA,30,,2.5,,yes,catcher,catcher,0,,49,,,NA,dig and tip,no  ,other,no,other,no,other,small corer,yes,NA,yes,NA,yes,catcher,19,,19,,turn and lift,no,,NA,NA,NA,,NA,1,
17/11/2023,TQ95-X-51,TQ95,Sample location delocated to a 10km square (see metadata),590000,150000,595000,155000,4,85,28,yes,no,1,,20,,0,,7.2,,yes,NA,1,,10,,1,,30,,2,,,NA,,NA,,NA,,NA,,NA,,NA,30,,1.7,,yes,catcher,catcher,0,,50,,,NA,turn and lift,no  ,big_stones,no,big_stones,no,big_stones,small corer,yes,NA,yes,NA,yes,catcher,17.5,,17.5,,turn and lift,no,,NA,NA,NA,,NA,1,
08/01/2024,TQ96-X-49,TQ96,Sample location delocated to a 10km square (see metadata),590000,160000,595000,165000,4,121,11,yes,no,0,,12,,0,,5.5,,yes,NA,,NULL,10,,2,,30,,4,,,NA,,NA,,NA,,NA,,NA,,NA,30,,3.3,,yes,normal,normal,2,,15.6,,,NULL,turn and lift,yes,NA,no,big_stones,no,big_stones,small corer,yes,NA,no,stones,yes,normal,20,,20,,turn and lift,no,,NA,NA,NA,,NA,1,
08/01/2024,TQ96-X-49,TQ96,Sample location delocated to a 10km square (see metadata),590000,160000,595000,165000,4,121,47,no,no,0,,8,,0,,5.3,,yes,NA,,NULL,20,,1,,,NA,,NA,,NA,,NA,,NA,,NA,,NA,,NA,20,,1,,yes,normal,normal,0,,23.2,,23.2,,turn and lift,yes,NA,no  ,too_hard,no  ,too_hard,small corer,yes,NA,yes,partial - stones,yes,normal,27.5,,27.5,,turn and lift,no,,NA,NA,NA,,NA,1,
08/01/2024,TQ96-X-49,TQ96,Sample location delocated to a 10km square (see metadata),590000,160000,595000,165000,4,121,59,no,no,0,,3,,0,,5.9,,yes,NA,3,,25,,1,,,NA,,NA,,NA,,NA,,NA,,NA,,NA,,NA,25,,1,,yes,normal,normal,0,,33,,,NULL,turn and lift,yes,NA,yes,NA,no  ,too_hard,large corer (tip same as ABC),yes,NA,no,hard layer,yes,normal,17.2,,17.2,,turn and lift,no,,NA,NA,NA,,NA,1,
08/01/2024,TQ96-X-49,TQ96,Sample location delocated to a 10km square (see metadata),590000,160000,595000,165000,4,121,28,no,no,0,,5,,0,,6.1,,yes,NA,3,,10,,1,,30,,3,,,NA,,NA,,NA,,NA,,NA,,NA,30,,2.3,,yes,normal,normal,0,,24,,25.3,,turn and lift,yes,NA,no  ,too_hard,no,too_hard,small corer,no,dry and hard soil,no,dry and hard soil,yes,normal,21,,21,,turn and lift,no,,NA,NA,NA,,NA,1,
20/11/2023,TR04-X-20,TR04,Sample location delocated to a 10km square (see metadata),600000,140000,605000,145000,4,85,59,no,yes,0,,10,,1,,9.2,,yes,NA,2,,20,,1,,,NA,,NA,,NA,,NA,,NA,,NA,,NA,,NA,20,,1,,yes,normal,normal,0,,44,,,NA,turn and lift,yes,NA,yes,NA,yes,NA,small corer,yes,NA,yes,NA,yes,normal,22,,22,,turn and lift,no,,NA,NA,NA,,NA,1,
20/11/2023,TR04-X-20,TR04,Sample location delocated to a 10km square (see metadata),600000,140000,605000,145000,4,85,28,no,no,0,,9,,0,,9.3,,yes,NA,2,,30,,1,,,NA,,NA,,NA,,NA,,NA,,NA,,NA,,NA,30,,1,,yes,normal,normal,0,,43,,,NA,turn and lift,yes,NA,yes,NA,yes,NA,small corer,yes,NA,yes,NA,yes,normal,20,,20,,turn and lift,no,,NA,NA,NA,,NA,1,
20/11/2023,TR04-X-20,TR04,Sample location delocated to a 10km square (see metadata),600000,140000,605000,145000,4,85,11,no,yes,0,,15,,4,,9.4,,yes,NA,2,,30,,1,,,NA,,NA,,NA,,NA,,NA,,NA,,NA,,NA,30,,1,,yes,normal,normal,2,,43,,,NA,turn and lift,yes,NA,yes,NA,yes,NA,small corer,yes,NA,yes,NA,yes,normal,20,,20,,dig and tip,no,,NA,NA,NA,,NA,1,
20/11/2023,TR04-X-20,TR04,Sample location delocated to a 10km square (see metadata),600000,140000,605000,145000,4,85,46,no,no,0,,10,,1,,9.5,,yes,NA,2,,10,,1,,,NA,,NA,,NA,,NA,,NA,,NA,,NA,,NA,10,,1,,yes,normal,normal,0,,43,,,NA,turn and lift,yes,NA,yes,NA,yes,NA,small corer,yes,NA,yes,NA,yes,normal,19,,19,,turn and lift,no,,NA,NA,NA,,NA,1,
20/11/2023,TR04-X-20,TR04,Sample location delocated to a 10km square (see metadata),600000,140000,605000,145000,1,85,59,no,no,0,,6,,0,,9.5,,yes,NA,2,,30,,1,,,NA,,NA,,NA,,NA,,NA,,NA,,NA,,NA,30,,1,,yes,normal,normal,2,,45,,,NA,turn and lift,yes,NA,yes,NA,yes,NA,small corer,yes,NA,yes,NA,yes,normal,20,,20,,turn and lift,no,,NA,NA,NA,,NA,1,
20/11/2023,TR04-X-20,TR04,Sample location delocated to a 10km square (see metadata),600000,140000,605000,145000,1,85,28,no,yes,0,,8,,1,,9.5,,yes,NA,2,,30,,1.5,,,NA,,NA,,NA,,NA,,NA,,NA,,NA,,NA,30,,1.5,,yes,normal,normal,0,,43.5,,,NA,turn and lift,yes,NA,yes,NA,yes,NA,small corer,yes,NA,yes,NA,yes,normal,20,,20,,turn and lift,no,,NA,NA,NA,,NA,1,
20/11/2023,TR04-X-20,TR04,Sample location delocated to a 10km square (see metadata),600000,140000,605000,145000,1,85,11,no,no,0,,11,,0,,9.4,,yes,NA,2,,30,,1.5,,,NA,,NA,,NA,,NA,,NA,,NA,,NA,,NA,30,,1.5,,yes,normal,normal,0,,44,,,NA,turn and lift,yes,NA,yes,NA,yes,NA,small corer,yes,NA,yes,NA,yes,normal,19,,19,,turn and lift,no,,NA,NA,NA,,NA,1,
21/11/2023,TR04-X-20,TR04,Sample location delocated to a 10km square (see metadata),600000,140000,605000,145000,1,85,46,no,no,0,,6,,0,,9.5,,yes,NA,2,,30,,1.5,,,NA,,NA,,NA,,NA,,NA,,NA,,NA,,NA,30,,1.5,,yes,normal,normal,1,,47,,,NA,turn and lift,yes,NA,yes,NA,yes,NA,small corer,yes,NA,yes,NA,yes,normal,17,,17,,turn and lift,no,,NA,NA,NA,,NA,1,
21/11/2023,TR04-X-20,TR04,Sample location delocated to a 10km square (see metadata),600000,140000,605000,145000,3,85,28,no,no,0,,16,,0,,5.6,,yes,NA,2,,30,,1,,,NA,,NA,,NA,,NA,,NA,,NA,,NA,,NA,30,,1,,yes,normal,normal,0,,43,,,NA,turn and lift,yes,NA,yes,NA,yes,NA,small corer,yes,NA,yes,NA,yes,normal,18,,18,,turn and lift,no,,NA,NA,NA,,NA,1,
21/11/2023,TR04-X-20,TR04,Sample location delocated to a 10km square (see metadata),600000,140000,605000,145000,3,85,11,no,no,0,,13,,0,,9.4,,no,Soil fell apart,,NA,,NA,,NA,,NA,,NA,,NA,,NA,,NA,,NA,,NA,,NA,,NA,,NA,yes,normal,normal,0,,32,,,NULL,dig and tip,yes,NA,yes,NA,yes,NA,small corer,yes,NA,yes,NA,yes,normal,29,,29,,turn and lift,no,,NA,NA,NA,,NA,1,
21/11/2023,TR04-X-20,TR04,Sample location delocated to a 10km square (see metadata),600000,140000,605000,145000,3,85,46,no,no,0,,7,,0,,9.5,,no,Soil crumbled,,NA,,NA,,NA,,NA,,NA,,NA,,NA,,NA,,NA,,NA,,NA,,NA,,NA,yes,normal,normal,0,,43,,,NA,turn and lift,yes,NA,yes,NA,yes,NA,small corer,yes,NA,yes,NA,yes,normal,19,,19,,turn and lift,no,,NA,NA,NA,,NA,1,
21/11/2023,TR04-X-20,TR04,Sample location delocated to a 10km square (see metadata),600000,140000,605000,145000,3,85,59,no,no,0,,22,,1,,9.6,,no,Soil fell apart,,NA,,NA,,NA,,NA,,NA,,NA,,NA,,NA,,NA,,NA,,NA,,NA,,NA,yes,normal,normal,0,,43,,,NA,turn and lift,yes,NA,yes,NA,yes,NA,small corer,yes,NA,yes,NA,yes,normal,19,,19,,turn and lift,no,,NA,NA,NA,,NA,1,
21/11/2023,TR04-X-20,TR04,Sample location delocated to a 10km square (see metadata),600000,140000,605000,145000,5,127,28,no,no,0,,8,,0,,9.8,,no,Soil fell apart. Crumbled,,NA,,NA,,NA,,NA,,NA,,NA,,NA,,NA,,NA,,NA,,NA,,NA,,NA,yes,normal,normal,0,,40,,,NA,turn and lift,yes,NA,yes,NA,yes,NA,small corer,no,NULL,no,NA,yes,normal,19,,19,,turn and lift,no,,NA,NA,NA,,NA,1,
22/11/2023,TR04-X-20,TR04,Sample location delocated to a 10km square (see metadata),600000,140000,605000,145000,5,127,59,no,no,0,,6,,0,,8.1,,yes,NA,2,,25,,1,,,NA,,NA,,NA,,NA,,NA,,NA,,NA,,NA,25,,1,,yes,normal,normal,0,,47,,,NA,turn and lift,yes,NA,yes,NA,yes,NA,small corer,yes,NA,yes,NA,yes,normal,19,,19,,dig and tip,no,,NA,NA,NA,,NA,1,
22/11/2023,TR04-X-20,TR04,Sample location delocated to a 10km square (see metadata),600000,140000,605000,145000,5,127,46,no,yes,0,,2,,0,,8.2,,yes,NA,2,,25,,1,,,NA,,NA,,NA,,NA,,NA,,NA,,NA,,NA,25,,1,,yes,normal,normal,0,,48,,,NA,turn and lift,yes,NA,yes,NA,yes,NA,small corer,yes,NA,yes,NA,yes,normal,19,,19,,dig and tip,no,,NA,NA,NA,,NA,1,
22/11/2023,TR04-X-20,TR04,Sample location delocated to a 10km square (see metadata),600000,140000,605000,145000,5,127,11,no,no,0,,7,,0,,8.1,,yes,NA,2,,22,,1,,,NA,,NA,,NA,,NA,,NA,,NA,,NA,,NA,22,,1,,yes,normal,normal,0,,49,,,NA,turn and lift,yes,NA,yes,NA,yes,NA,small corer,yes,NA,yes,NA,yes,normal,19,,19,,dig and tip,no,,NA,NA,NA,,NA,1,
18/09/2023,TR15-X-65,TR15,Sample location delocated to a 10km square (see metadata),610000,150000,615000,155000,4,85,59,no,no,0,,4,,0,,17.9,,yes,NA,2,,30,,1,,,NA,,NA,,NA,,NA,,NA,,NA,,NA,,NA,30,,1,,yes,normal,normal,0,,30,,30,,turn and lift,yes,NA,yes,NA,no,shallow_soil,small corer,yes,NA,no,hit rock,yes,normal,18,,18,,turn and lift,no,,NA,NA,NA,,NA,,NA
18/09/2023,TR15-X-65,TR15,Sample location delocated to a 10km square (see metadata),610000,150000,615000,155000,4,85,46,no,no,0,,2,,0,,18.1,,yes,NA,2,,30,,1,,,NA,,NA,,NA,,NA,,NA,,NA,,NA,,NA,30,,1,,yes,normal,normal,0,,44,,,NA,turn and lift,yes,NA,yes,NA,yes,NA,small corer,yes,NA,no,hit rock,yes,normal,17.5,,17.5,,turn and lift,no,,NA,NA,NA,,NA,,NA
18/09/2023,TR15-X-65,TR15,Sample location delocated to a 10km square (see metadata),610000,150000,615000,155000,4,85,11,no,no,0,,2,,0,,17.6,,yes,NA,2,,25,,1,,,NA,,NA,,NA,,NA,,NA,,NA,,NA,,NA,25,,1,,yes,normal,normal,0,,40,,,NA,turn and lift,yes,NA,yes,NA,yes,NA,small corer,yes,NA,no,hit chalk,yes,normal,18,,18,,turn and lift,no,,NA,NA,NA,,NA,,NA
18/09/2023,TR15-X-65,TR15,Sample location delocated to a 10km square (see metadata),610000,150000,615000,155000,4,85,28,no,no,0,,4,,1,,17.8,,yes,NA,2,,30,,1,,,NA,,NA,,NA,,NA,,NA,,NA,,NA,,NA,30,,1,,yes,normal,normal,0,,43.5,,,NA,turn and lift,yes,NA,yes,NA,yes,NA,small corer,yes,NA,yes,partial - hit chalk,yes,normal,19,,19,,dig and tip,no,,NA,NA,NA,,NA,,NA
26/02/2024,TR25-X-88,TR25,Sample location delocated to a 10km square (see metadata),620000,150000,625000,155000,4,85,46,no,yes,0,,7,,0,,6,,yes,NA,2,,30,,1,,,NA,,NA,,NA,,NA,,NA,,NA,,NA,,NA,30,,1,,yes,catcher,catcher,0,,47,,,NA,turn and lift,yes,NA,yes,NA,yes,NA,small corer,yes,NA,yes,NA,yes,catcher,18,,18,,turn and lift,no,,NA,NA,NA,,NA,1,
26/02/2024,TR25-X-88,TR25,Sample location delocated to a 10km square (see metadata),620000,150000,625000,155000,4,85,59,no,yes,1,,19,,0,,6.1,,yes,NA,2,,30,,1.5,,,NA,,NA,,NA,,NA,,NA,,NA,,NA,,NA,30,,1.5,,yes,normal,normal,0,,46.5,,,NA,turn and lift,yes,NA,yes,NA,yes,NA,small corer,yes,NA,yes,NA,yes,normal,18.5,,18.5,,turn and lift,no,,NA,NA,NA,,NA,1,
26/02/2024,TR25-X-88,TR25,Sample location delocated to a 10km square (see metadata),620000,150000,625000,155000,4,85,28,no,yes,0,,11,,0,,6.1,,yes,NA,2,,30,,1,,,NA,,NA,,NA,,NA,,NA,,NA,,NA,,NA,30,,1,,yes,normal,normal,0,,46,,,NA,turn and lift,yes,NA,yes,NA,yes,NA,small corer,yes,NA,yes,NA,yes,normal,18,,18,,turn and lift,no,,NA,NA,NA,,NA,1,
26/02/2024,TR25-X-88,TR25,Sample location delocated to a 10km square (see metadata),620000,150000,625000,155000,4,85,11,yes,yes,2,,19,,0,,6,,yes,NA,2,,30,,2,,,NA,,NA,,NA,,NA,,NA,,NA,,NA,,NA,30,,2,,yes,normal,normal,0,,44,,,NA,turn and lift,yes,NA,yes,NA,yes,NA,small corer,yes,NA,yes,NA,yes,normal,18,,18,,turn and lift,no,,NA,NA,NA,,NA,1,
26/02/2024,TR25-X-88,TR25,Sample location delocated to a 10km square (see metadata),620000,150000,625000,155000,3,85,59,no,no,0,,2,,0,,6.3,,yes,NA,2,,30,,1,,,NA,,NA,,NA,,NA,,NA,,NA,,NA,,NA,30,,1,,yes,catcher,catcher,0,,40,,,NA,turn and lift,yes,NA,yes,NA,yes,NA,small corer,yes,NA,yes,NA,yes,normal,19,,19,,turn and lift,no,,NA,NA,NA,,NA,1,
26/02/2024,TR25-X-88,TR25,Sample location delocated to a 10km square (see metadata),620000,150000,625000,155000,3,85,28,yes,no,0,,7,,0,,6.3,,yes,NA,2,,30,,1,,,NA,,NA,,NA,,NA,,NA,,NA,,NA,,NA,30,,1,,yes,catcher,catcher,0,,46,,,NA,turn and lift,yes,NA,yes,NA,yes,NA,small corer,yes,NA,yes,NA,yes,catcher,19,,19,,turn and lift,no,,NA,NA,NA,,NA,1,
26/02/2024,TR25-X-88,TR25,Sample location delocated to a 10km square (see metadata),620000,150000,625000,155000,3,85,11,no,no,0,,6,,0,,6.3,,yes,NA,2,,30,,1,,,NA,,NA,,NA,,NA,,NA,,NA,,NA,,NA,30,,1,,yes,catcher,catcher,0,,45,,,NA,turn and lift,yes,NA,yes,NA,yes,NA,small corer,yes,NA,yes,NA,yes,normal,18,,18,,turn and lift,no,,NA,NA,NA,,NA,1,
26/02/2024,TR25-X-88,TR25,Sample location delocated to a 10km square (see metadata),620000,150000,625000,155000,3,85,46,no,no,0,,14,,0,,6.5,,yes,NA,2,,30,,1.5,,,NA,,NA,,NA,,NA,,NA,,NA,,NA,,NA,30,,1.5,,yes,catcher,catcher,0,,47,,,NA,turn and lift,yes,NA,yes,NA,yes,NA,small corer,yes,NA,yes,NA,yes,catcher,19,,19,,turn and lift,no,,NA,NA,NA,,NA,1,
27/02/2024,TR25-X-88,TR25,Sample location delocated to a 10km square (see metadata),620000,150000,625000,155000,5,95,59,no,yes,0,,6,,0,,5.8,,yes,NA,2,,30,,1.5,,,NA,,NA,,NA,,NA,,NA,,NA,,NA,,NA,30,,1.5,,yes,catcher,catcher,0,,45,,,NA,turn and lift,yes,NA,yes,NA,yes,NA,small corer,yes,NA,yes,NA,yes,catcher,19,,19,,turn and lift,no,,NA,NA,NA,,NA,1,
27/02/2024,TR25-X-88,TR25,Sample location delocated to a 10km square (see metadata),620000,150000,625000,155000,5,95,28,no,yes,0,,17,,0,,5.9,,yes,NA,2,,28,,1.5,,,NA,,NA,,NA,,NA,,NA,,NA,,NA,,NA,28,,1.5,,yes,normal,normal,0,,44,,,NA,turn and lift,yes,NA,yes,NA,yes,NA,small corer,yes,NA,yes,NA,yes,catcher,19,,19,,turn and lift,no,,NA,NA,NA,,NA,1,
27/02/2024,TR25-X-88,TR25,Sample location delocated to a 10km square (see metadata),620000,150000,625000,155000,5,95,11,yes,no,0,,9,,0,,7,,yes,NA,2,,30,,1,,,NA,,NA,,NA,,NA,,NA,,NA,,NA,,NA,30,,1,,yes,catcher,catcher,0,,43,,,NA,turn and lift,yes,NA,yes,NA,yes,NA,small corer,yes,NA,yes,NA,yes,catcher,19,,19,,turn and lift,no,,NA,NA,NA,,NA,1,
27/02/2024,TR25-X-88,TR25,Sample location delocated to a 10km square (see metadata),620000,150000,625000,155000,5,95,46,yes,yes,0,,9,,0,,6.5,,yes,NA,2,,30,,1,,,NA,,NA,,NA,,NA,,NA,,NA,,NA,,NA,30,,1,,yes,catcher,catcher,0,,42,,,NA,turn and lift,yes,NA,yes,NA,yes,NA,small corer,yes,NA,yes,NA,yes,catcher,19.5,,19.5,,turn and lift,no,,NA,NA,NA,,NA,1,
27/02/2024,TR25-X-88,TR25,Sample location delocated to a 10km square (see metadata),620000,150000,625000,155000,1,85,28,no,yes,1,,22,,0,,6.7,,yes,NA,2,,30,,1,,,NA,,NA,,NA,,NA,,NA,,NA,,NA,,NA,30,,1,,yes,catcher,catcher,0,,45,,,NA,turn and lift,yes,NA,yes,NA,yes,NA,small corer,yes,NA,yes,NA,yes,catcher,18,,18,,turn and lift,no,,NA,NA,NA,,NA,1,
27/02/2024,TR25-X-88,TR25,Sample location delocated to a 10km square (see metadata),620000,150000,625000,155000,1,85,11,no,no,17,,0,,0,,6.8,,yes,NA,1,,30,,1.5,,,NA,,NA,,NA,,NA,,NA,,NA,,NA,,NA,30,,1.5,,yes,catcher,catcher,0,,44,,,NA,turn and lift,yes,NA,yes,NA,yes,NA,small corer,yes,NA,yes,NA,yes,catcher,18,,18,,turn and lift,no,,NA,NA,NA,,NA,1,
27/02/2024,TR25-X-88,TR25,Sample location delocated to a 10km square (see metadata),620000,150000,625000,155000,1,85,46,yes,no,0,,20,,0,,6.8,,yes,NA,2,,30,,1,,,NA,,NA,,NA,,NA,,NA,,NA,,NA,,NA,30,,1,,yes,catcher,catcher,0,,47,,,NA,turn and lift,yes,NA,yes,NA,yes,NA,small corer,yes,NA,yes,NA,yes,catcher,15,,15,,turn and lift,no,,NA,NA,NA,,NA,1,
27/02/2024,TR25-X-88,TR25,Sample location delocated to a 10km square (see metadata),620000,150000,625000,155000,1,85,59,no,no,0,,34,,0,,6.9,,yes,NA,2,,30,,1.5,,,NA,,NA,,NA,,NA,,NA,,NA,,NA,,NA,30,,1.5,,yes,catcher,catcher,0,,46,,,NA,turn and lift,yes,NA,yes,NA,yes,NA,small corer,yes,NA,yes,NA,yes,catcher,19,,19,,turn and lift,no,,NA,NA,NA,,NA,1,
04/03/2024,TR36-X-15,TR36,Sample location delocated to a 10km square (see metadata),630000,160000,635000,165000,1,72,11,no,yes,0,,11,,0,,6.8,,yes,NA,2,,30,,1.5,,,NA,,NA,,NA,,NA,,NA,,NA,,NA,,NA,30,,1.5,,yes,normal,normal,0,,47,,,NA,turn and lift,yes,NA,yes,NA,yes,NA,small corer,yes,NA,yes,NA,yes,normal,20,,20,,turn and lift,no,,NA,NA,NA,,NA,1,
04/03/2024,TR36-X-15,TR36,Sample location delocated to a 10km square (see metadata),630000,160000,635000,165000,1,72,59,yes,no,0,,16,,0,,0.8,,yes,NA,1,,30,,1.5,,,NA,,NA,,NA,,NA,,NA,,NA,,NA,,NA,30,,1.5,,yes,normal,normal,0,,46.5,,,NA,turn and lift,yes,NA,yes,NA,yes,NA,small corer,yes,NA,yes,NA,yes,normal,19,,19,,turn and lift,no,,NA,NA,NA,,NA,1,
04/03/2024,TR36-X-15,TR36,Sample location delocated to a 10km square (see metadata),630000,160000,635000,165000,1,72,28,yes,yes,0,,14,,0,,7,,yes,NA,1,,25,,1.5,,,NA,,NA,,NA,,NA,,NA,,NA,,NA,,NA,25,,1.5,,yes,normal,normal,0,,45,,,NA,turn and lift,yes,NA,yes,NA,yes,NA,small corer,yes,NA,yes,NA,yes,normal,19.5,,19.5,,turn and lift,no,,NA,NA,NA,,NA,1,
04/03/2024,TR36-X-15,TR36,Sample location delocated to a 10km square (see metadata),630000,160000,635000,165000,1,72,46,no,yes,0,,11,,0,,7.2,,yes,NA,1,,28,,2,,,NA,,NA,,NA,,NA,,NA,,NA,,NA,,NA,28,,2,,yes,normal,normal,0,,47,,,NA,turn and lift,yes,NA,yes,NA,yes,NA,small corer,yes,NA,yes,NA,yes,normal,21,,21,,turn and lift,no,,NA,NA,NA,,NA,1,
05/03/2024,TR36-X-15,TR36,Sample location delocated to a 10km square (see metadata),630000,160000,635000,165000,4,85,28,no,yes,0,,12,,0,,8.7,,yes,NA,1,,30,,2,,,NA,,NA,,NA,,NA,,NA,,NA,,NA,,NA,30,,2,,yes,catcher,catcher,0,,47,,,NA,turn and lift,yes,NA,yes,NA,yes,NA,small corer,yes,NA,yes,NA,yes,catcher,19.5,,19.5,,turn and lift,no,,NA,NA,NA,,NA,1,
05/03/2024,TR36-X-15,TR36,Sample location delocated to a 10km square (see metadata),630000,160000,635000,165000,4,85,11,no,no,0,,8,,0,,8.6,,yes,NA,1,,30,,2,,,NA,,NA,,NA,,NA,,NA,,NA,,NA,,NA,30,,2,,yes,catcher,catcher,0,,50,,,NA,turn and lift,yes,NA,yes,NA,yes,NA,small corer,yes,NA,yes,NA,yes,catcher,18,,18,,turn and lift,no,,NA,NA,NA,,NA,1,
05/03/2024,TR36-X-15,TR36,Sample location delocated to a 10km square (see metadata),630000,160000,635000,165000,4,85,46,no,no,0,,12,,0,,8.9,,yes,NA,1,,30,,2,,,NA,,NA,,NA,,NA,,NA,,NA,,NA,,NA,30,,2,,yes,catcher,catcher,0,,49,,,NA,turn and lift,yes,NA,yes,NA,yes,NA,small corer,yes,NA,yes,NA,yes,catcher,18,,18,,turn and lift,no,,NA,NA,NA,,NA,1,
05/03/2024,TR36-X-15,TR36,Sample location delocated to a 10km square (see metadata),630000,160000,635000,165000,4,85,59,no,no,0,,12,,0,,9,,yes,NA,1,,30,,2.5,,,NA,,NA,,NA,,NA,,NA,,NA,,NA,,NA,30,,2.5,,yes,catcher,catcher,0,,45.5,,,NA,turn and lift,yes,NA,yes,NA,yes,NA,small corer,yes,NA,yes,NA,yes,catcher,20,,20,,turn and lift,no,,NA,NA,NA,,NA,1,
05/03/2024,TR36-X-15,TR36,Sample location delocated to a 10km square (see metadata),630000,160000,635000,165000,3,117,28,no,yes,0,,8,,0,,9,,yes,NA,1,,15,,3,,25,,3,,,NA,,NA,,NA,,NA,,NA,,NA,25,,3,,yes,normal,normal,0,,43.5,,,NA,turn and lift,yes,NA,yes,NA,yes,NA,small corer,yes,NA,yes,NA,yes,normal,21,,21,,turn and lift,no,,NA,NA,NA,,NA,1,
05/03/2024,TR36-X-15,TR36,Sample location delocated to a 10km square (see metadata),630000,160000,635000,165000,3,117,59,no,yes,0,,12,,0,,8.9,,yes,NA,,NULL,20,,4,,30,,3,,,NA,,NA,,NA,,NA,,NA,,NA,30,,3.7,,yes,normal,catcher,0,,44,,,NA,turn and lift,yes,NA,yes,NA,yes,NA,small corer,yes,NA,yes,NA,yes,normal,18.5,,18.5,,turn and lift,no,,NA,NA,NA,,NA,1,
05/03/2024,TR36-X-15,TR36,Sample location delocated to a 10km square (see metadata),630000,160000,635000,165000,3,117,46,no,no,0,,14,,0,,8,,yes,NA,1,,30,,4,,,NA,,NA,,NA,,NA,,NA,,NA,,NA,,NA,30,,4,,yes,catcher,catcher,0,,46,,,NA,turn and lift,yes,NA,yes,NA,yes,NA,small corer,yes,NA,yes,NA,yes,normal,21,,21,,turn and lift,no,,NA,NA,NA,,NA,1,
05/03/2024,TR36-X-15,TR36,Sample location delocated to a 10km square (see metadata),630000,160000,635000,165000,3,117,11,no,no,0,,14,,0,,8.7,,yes,NA,1,,25,,3,,,NA,,NA,,NA,,NA,,NA,,NA,,NA,,NA,25,,3,,yes,catcher,catcher,0,,45,,,NA,turn and lift,yes,NA,yes,NA,yes,NA,small corer,yes,NA,yes,NA,yes,catcher,21,,21,,turn and lift,no,,NA,NA,NA,,NA,1,
