delocated_monad,10km_location,location_qualifier,easting_sw_delocated,northing_sw_delocated,easting_centroid_delocated,northing_centroid_delocated,plot_number,fizz_test,fizz_test_qualifier,soil_moisture_content,soil_moisture_content_qualifier,ACYC_SIR,ACYC_SIR_qualifier,AKGA_SIR,AKGA_SIR_qualifier,ARA_SIR,ARA_SIR_qualifier,ARG_SIR,ARG_SIR_qualifier,CIT_SIR,CIT_SIR_qualifier,CYS_SIR,CYS_SIR_qualifier,FRU_SIR,FRU_SIR_qualifier,GABA_SIR,GABA_SIR_qualifier,GLU_SIR,GLU_SIR_qualifier,LYS_SIR,LYS_SIR_qualifier,MAL_SIR,MAL_SIR_qualifier,NAGA_SIR,NAGA_SIR_qualifier,OXA_SIR,OXA_SIR_qualifier,PRO_SIR,PRO_SIR_qualifier,TRE_SIR,TRE_SIR_qualifier
NT91-X-85,NT91,Sample location delocated to a 10km square (see metadata),390000,610000,395000,615000,4,0,,77.92,,1.43,,5.64,,3.25,,7.71,,6.23,,3.51,,10.43,,5.09,,8.19,,3.9,,10.74,,4.24,,7.39,,5.54,,11.4,
NT94-X-59,NT94,Sample location delocated to a 10km square (see metadata),390000,640000,395000,645000,1,0,,16.54,,0.33,,6.26,,1.16,,0.74,,3.25,,0.58,,2,,0.6,,2.25,,0.21,,2.41,,1.53,,0.74,,0.84,,1.21,
NT94-X-59,NT94,Sample location delocated to a 10km square (see metadata),390000,640000,395000,645000,3,0,,15.4,,0.51,,4.5,,1.73,,0.42,,2.4,,0.64,,2.52,,0.51,,2.99,,0.4,,2.02,,1.73,,0.38,,1.31,,1.8,
NT94-X-59,NT94,Sample location delocated to a 10km square (see metadata),390000,640000,395000,645000,4,0,,16.59,,0.36,,3.48,,1.3,,1.25,,1.59,,0.56,,2.03,,0.9,,2.66,,0.15,,2.1,,1.58,,0.51,,0.92,,1.8,
NU02-X-18,NU02,Sample location delocated to a 10km square (see metadata),400000,620000,405000,625000,1,0,,19.97,,0.26,,5.17,,0.84,,0.46,,2.26,,1.21,,1.55,,0.48,,1.67,,0.24,,2.12,,1.02,,1.01,,1.52,,1.16,
NU02-X-18,NU02,Sample location delocated to a 10km square (see metadata),400000,620000,405000,625000,2,0,,18.62,,0.4,,5.17,,1.39,,0.64,,2.57,,1.06,,1.88,,0.77,,2.2,,0.25,,1.96,,1.01,,0.9,,1.66,,1.27,
NU02-X-18,NU02,Sample location delocated to a 10km square (see metadata),400000,620000,405000,625000,3,0,,33.36,,0.47,,6.74,,2.5,,1.7,,2.75,,1.07,,3.4,,1.43,,4.09,,0.49,,5.86,,2.57,,1.9,,2.15,,2.91,
NU02-X-18,NU02,Sample location delocated to a 10km square (see metadata),400000,620000,405000,625000,4,1,,17.86,,0.48,,6.29,,1.9,,0.41,,3.25,,0.73,,2.91,,0.59,,2.9,,0.22,,2.52,,1.38,,0.77,,1.36,,1.67,
NU12-X-33,NU12,Sample location delocated to a 10km square (see metadata),410000,620000,415000,625000,1,0,,22.28,,0.49,,5.34,,1.45,,0.91,,2.22,,1.02,,2.6,,0.72,,2.66,,0.32,,2.2,,1.8,,0.86,,1.49,,1.74,
NU12-X-33,NU12,Sample location delocated to a 10km square (see metadata),410000,620000,415000,625000,2,1,,18.87,,0.28,,7.09,,1.46,,,NULL,4.55,,1.86,,1.82,,0.37,,1.92,,0.51,,3.7,,0.8,,2.14,,0.91,,0.81,
NU12-X-33,NU12,Sample location delocated to a 10km square (see metadata),410000,620000,415000,625000,3,0,,28.03,,0.36,,1.97,,1.58,,1.44,,1.3,,0.89,,2.62,,1,,3.08,,0.22,,3.53,,2.84,,0.82,,1.47,,2.02,
NU12-X-33,NU12,Sample location delocated to a 10km square (see metadata),410000,620000,415000,625000,4,0,,19.93,,0.56,,6.13,,2.53,,0.67,,3.27,,1.04,,3.55,,0.89,,3.67,,0.37,,3.01,,2.16,,0.69,,1.88,,2.6,
NY22-X-66,NY22,Sample location delocated to a 10km square (see metadata),320000,520000,325000,525000,2,0,,36.4,,0.96,,11.42,,4.91,,2.32,,9.7,,1.91,,6.23,,2.24,,7.06,,1.11,,7.35,,4.71,,3.42,,2.75,,3.85,
NY22-X-66,NY22,Sample location delocated to a 10km square (see metadata),320000,520000,325000,525000,3,0,,37.61,,0.84,,13.48,,5.57,,3.7,,11.8,,2.23,,7.01,,2.29,,6.87,,1.43,,8.9,,5.02,,5.12,,4.46,,4.27,
NY22-X-66,NY22,Sample location delocated to a 10km square (see metadata),320000,520000,325000,525000,4,0,,35.2,,0.62,,8.73,,3.35,,2.25,,4.95,,1.54,,4.51,,1.67,,5.1,,0.87,,4.97,,3.94,,2.44,,3.25,,2.55,
NY22-X-70,NY22,Sample location delocated to a 10km square (see metadata),320000,520000,325000,525000,1,1,,42.04,,0.54,,9.43,,3.38,,1.53,,6.15,,1.8,,4.94,,1.66,,4.23,,0.81,,7.91,,3.99,,5.02,,2.45,,3.84,
NY22-X-70,NY22,Sample location delocated to a 10km square (see metadata),320000,520000,325000,525000,2,1,,61.87,,0.45,,3.8,,2.11,,2.19,,1.64,,2.19,,3.27,,1.67,,4.16,,1.65,,5.01,,3.5,,2.94,,2.42,,4.47,
NY22-X-70,NY22,Sample location delocated to a 10km square (see metadata),320000,520000,325000,525000,3,0,,48.31,,0.45,,2.58,,1.55,,1.76,,1.34,,1.9,,2.62,,1.07,,2.64,,0.76,,3.6,,1.8,,3.18,,2.64,,2.2,
NY22-X-70,NY22,Sample location delocated to a 10km square (see metadata),320000,520000,325000,525000,5,0,,77.99,,2.11,,65.32,,17,,9.4,,61.6,,3.71,,19.59,,9.27,,24.32,,3.98,,55.32,,13.3,,33.48,,6.19,,5.38,
NY22-X-70,NY22,Sample location delocated to a 10km square (see metadata),320000,520000,325000,525000,6,0,,58.6,,0.31,,2.47,,1.01,,1.89,,1.27,,2.55,,1.6,,1.13,,2.77,,0.69,,3.17,,1.9,,1.59,,1.59,,2.14,
NY22-X-70,NY22,Sample location delocated to a 10km square (see metadata),320000,520000,325000,525000,4,3,,26.02,,0.96,,6.05,,3.48,,1.06,,4.74,,1.1,,4.98,,1.45,,4.55,,0.66,,4.25,,3.16,,1.44,,2.03,,3.33,
NY32-X-19,NY32,Sample location delocated to a 10km square (see metadata),330000,520000,335000,525000,2,0,,80.6,,1.86,,5.24,,5.06,,10.32,,5.2,,3.46,,7.44,,6.28,,8.47,,4.27,,13.97,,9.17,,21.9,,6,,6.5,
NY32-X-19,NY32,Sample location delocated to a 10km square (see metadata),330000,520000,335000,525000,3,0,,78.49,,0.34,,6.17,,5.89,,8.59,,2.13,,3.63,,6.14,,3.34,,5.95,,3.6,,7.17,,8,,13.09,,4.24,,5.95,
NY32-X-19,NY32,Sample location delocated to a 10km square (see metadata),330000,520000,335000,525000,4,0,,78.33,,0.47,,4.86,,3.62,,5.54,,2.52,,3.91,,4.87,,2.51,,6.31,,2.23,,7.51,,7.03,,6.4,,3.56,,3.97,
NY47-X-95,NY47,Sample location delocated to a 10km square (see metadata),340000,570000,345000,575000,2,0,,33.17,,0.62,,4.27,,2.98,,2.35,,3.14,,1.58,,4,,1.71,,4,,0.67,,3.83,,3.09,,2.51,,2.25,,3.05,
NY47-X-95,NY47,Sample location delocated to a 10km square (see metadata),340000,570000,345000,575000,4,0,,34.97,,0.94,,8.94,,2.5,,2.89,,4.04,,1.96,,5.49,,2.03,,5.82,,0.61,,5.17,,4.26,,1.56,,2.46,,2.55,
NY50-X-38,NY50,Sample location delocated to a 10km square (see metadata),350000,500000,355000,505000,1,0,,48.88,,0.75,,8.22,,2.4,,0.33,,2.65,,1.97,,3.46,,0.96,,3.89,,0.78,,4.4,,3.78,,1.93,,1.58,,2.49,
NY50-X-38,NY50,Sample location delocated to a 10km square (see metadata),350000,500000,355000,505000,2,0,,25.88,,0.44,,3.02,,2.07,,0.34,,1.55,,1.19,,3.21,,1,,3.04,,0.48,,2.91,,2.31,,1.09,,1.36,,2.62,
NY50-X-38,NY50,Sample location delocated to a 10km square (see metadata),350000,500000,355000,505000,4,0,,30.27,,0.48,,7.05,,2.6,,0.98,,3.18,,1.29,,4.13,,1.34,,4.41,,0.83,,4.72,,3.58,,1.81,,1.78,,3.14,
NY54-X-44,NY54,Sample location delocated to a 10km square (see metadata),350000,540000,355000,545000,3,0,,20.23,,0.52,,5.11,,1.44,,0.87,,2.51,,0.9,,2.68,,0.82,,2.73,,0.32,,2.56,,1.83,,0.7,,1.27,,1.75,
NY55-X-94,NY55,Sample location delocated to a 10km square (see metadata),350000,550000,355000,555000,2,0,,75.65,,0.19,,2.09,,1.28,,5.93,,1.49,,1.51,,1.57,,1.96,,2.08,,1.6,,4.27,,4.3,,2.09,,0.95,,1.75,
NY55-X-94,NY55,Sample location delocated to a 10km square (see metadata),350000,550000,355000,555000,3,0,,72.83,,0.51,,3.1,,2.17,,4.83,,2.2,,3.41,,2.81,,2.11,,2.96,,1.28,,5.01,,4.91,,6.93,,1.84,,2.53,
NY56-X-21,NY56,Sample location delocated to a 10km square (see metadata),350000,560000,355000,565000,1,0,,30.24,,0.68,,2.78,,1.74,,1.76,,1.54,,1.67,,4.23,,1.25,,4.44,,0.49,,2.84,,3.14,,0.75,,2.6,,3.03,
NY56-X-21,NY56,Sample location delocated to a 10km square (see metadata),350000,560000,355000,565000,4,0,,23.42,,0.35,,4.28,,1.95,,1.5,,1.53,,1.33,,3.74,,1.23,,4.07,,0.54,,2.99,,3.07,,0.83,,2.16,,2.9,
NY56-X-21,NY56,Sample location delocated to a 10km square (see metadata),350000,560000,355000,565000,3,0,,22.27,,0.36,,6.3,,1.94,,1.61,,2.94,,0.83,,3.37,,1.23,,3.59,,0.41,,3.09,,2.73,,1.07,,1.83,,2.1,
NY56-X-21,NY56,Sample location delocated to a 10km square (see metadata),350000,560000,355000,565000,5,0,,27.52,,0.87,,5.29,,2.73,,0.73,,2.67,,1.42,,4.15,,1.15,,3.86,,0.63,,3.96,,2.83,,0.96,,1.99,,2.67,
NY62-X-90,NY62,Sample location delocated to a 10km square (see metadata),360000,520000,365000,525000,1,0,,29.16,,0.64,,5.68,,2.76,,1.43,,2.5,,1.35,,4.51,,1.35,,5.07,,0.44,,4.64,,3.82,,1.18,,2.53,,2.93,
NY62-X-90,NY62,Sample location delocated to a 10km square (see metadata),360000,520000,365000,525000,2,0,,32.39,,1.15,,4.56,,3.79,,1.25,,2.39,,1.47,,6,,1.8,,4.96,,0.5,,3.75,,3.76,,1.46,,3.53,,3.32,
NY63-X-26,NY63,Sample location delocated to a 10km square (see metadata),360000,530000,365000,535000,1,0,,23.22,,0.32,,5.45,,2.68,,1.16,,2.71,,0.97,,4.22,,1.26,,4.27,,0.48,,3.76,,2.87,,1.46,,1.69,,2.43,
NY63-X-26,NY63,Sample location delocated to a 10km square (see metadata),360000,530000,365000,535000,4,0,,37.03,,0.43,,7.43,,2.15,,1.16,,2.97,,1.48,,3.85,,1.49,,4.56,,0.54,,5,,2.13,,2.75,,2.34,,3.31,
NY73-X-32,NY73,Sample location delocated to a 10km square (see metadata),370000,530000,375000,535000,1,0,,77.23,,0.14,,2.53,,1.33,,4.71,,1.42,,1.96,,1.83,,2.58,,1.8,,2.82,,3.75,,4.1,,1.44,,0.83,,2.02,
NY73-X-32,NY73,Sample location delocated to a 10km square (see metadata),370000,530000,375000,535000,2,0,,64.04,,0.35,,2.34,,1.72,,2.67,,0.74,,1.83,,1.62,,1.93,,2.83,,0.44,,3.12,,2.86,,1.01,,1.87,,2.2,
NY73-X-32,NY73,Sample location delocated to a 10km square (see metadata),370000,530000,375000,535000,3,0,,74.5,,0.7,,6.59,,3.89,,7.06,,4.88,,5.38,,7.5,,3.92,,7.87,,3.88,,12.81,,5.34,,4.33,,5.16,,7.83,
NY73-X-32,NY73,Sample location delocated to a 10km square (see metadata),370000,530000,375000,535000,5,0,,72.48,,0.58,,2.28,,2.07,,3.66,,2.52,,3.09,,4.35,,3.19,,6.09,,2.49,,7.45,,2.75,,3.4,,2.61,,4.17,
NY73-X-32,NY73,Sample location delocated to a 10km square (see metadata),370000,530000,375000,535000,6,0,,57.68,,0.24,,1.23,,0.5,,2.06,,0.77,,0.85,,0.98,,1.3,,1,,0.29,,1.62,,1.91,,2.1,,0.62,,0.89,
NY75-X-14,NY75,Sample location delocated to a 10km square (see metadata),370000,550000,375000,555000,1,0,,32.65,,0.69,,9.32,,3.74,,0.94,,4.05,,1.75,,5.01,,1.7,,5.09,,0.66,,5.5,,4.13,,1.9,,1.71,,3.69,
NY75-X-14,NY75,Sample location delocated to a 10km square (see metadata),370000,550000,375000,555000,3,0,,32.13,,0.73,,7.73,,3.82,,1.47,,4.24,,1.47,,4.9,,1.82,,4.99,,0.69,,5.43,,3.84,,2.27,,2.79,,3.89,
NY75-X-14,NY75,Sample location delocated to a 10km square (see metadata),370000,550000,375000,555000,2,0,,28.01,,0.49,,5.69,,2.89,,1.29,,2.78,,1.34,,4.64,,1.38,,5.02,,0.49,,4.53,,3.19,,1.53,,1.66,,3.55,
NY82-X-38,NY82,Sample location delocated to a 10km square (see metadata),380000,520000,385000,525000,1,0,,76.53,,1.01,,10.04,,5.44,,9.39,,7.47,,8.04,,9.66,,7.13,,11.61,,5.75,,15.47,,9.48,,7.8,,4.89,,9.43,
NY82-X-38,NY82,Sample location delocated to a 10km square (see metadata),380000,520000,385000,525000,2,0,,85.23,,1.7,,10.06,,7.49,,6.54,,6.07,,5.24,,12.08,,7.07,,12.58,,6.47,,15.21,,10.12,,13.36,,9.61,,12.41,
NY82-X-38,NY82,Sample location delocated to a 10km square (see metadata),380000,520000,385000,525000,3,0,,39.59,,0.11,,0.89,,0.64,,0.93,,0.55,,0.86,,0.71,,0.47,,1.21,,0.32,,1.09,,1.13,,0.88,,0.67,,1.03,
NY89-X-97,NY89,Sample location delocated to a 10km square (see metadata),380000,590000,385000,595000,1,0,,30.06,,0.87,,6.24,,3.68,,1.08,,3.01,,2.15,,5.33,,1.82,,5.28,,0.96,,6.23,,4.53,,2.67,,2.99,,3.26,
NY89-X-97,NY89,Sample location delocated to a 10km square (see metadata),380000,590000,385000,595000,2,0,,29.19,,0.85,,6.74,,2.74,,1.65,,3.17,,1.62,,4.37,,1.63,,5.04,,0.7,,5.07,,4,,1.83,,2.61,,3.01,
NY89-X-97,NY89,Sample location delocated to a 10km square (see metadata),380000,590000,385000,595000,3,0,,27.54,,0.44,,5.27,,1.97,,1.74,,2.74,,1.5,,2.95,,1.25,,3.03,,0.51,,3.21,,2.3,,1.37,,1.77,,2.07,
NY89-X-97,NY89,Sample location delocated to a 10km square (see metadata),380000,590000,385000,595000,4,1,,29.48,,0.27,,8.57,,3.11,,1,,5.07,,1.46,,4.35,,1.58,,4.65,,0.14,,5.81,,2.64,,2.45,,2.11,,2.85,
NY90-X-38,NY90,Sample location delocated to a 10km square (see metadata),390000,500000,395000,505000,1,0,,78.53,,0.34,,1.09,,1.32,,2.66,,1.33,,2.33,,2.62,,1.77,,3.34,,1.59,,3.32,,1.98,,2.36,,1.72,,3.24,
NY90-X-38,NY90,Sample location delocated to a 10km square (see metadata),390000,500000,395000,505000,2,0,,73.23,,0.31,,1.15,,0.82,,3.72,,0.58,,0.9,,0.83,,0.78,,0.75,,1.28,,1.55,,1.34,,0.92,,0.54,,1.3,
NY90-X-38,NY90,Sample location delocated to a 10km square (see metadata),390000,500000,395000,505000,3,0,,81.37,,1.22,,7.14,,5.48,,7.01,,6.53,,4.37,,10.87,,4.38,,8.27,,1.46,,12.98,,5.27,,6.42,,6.76,,13.32,
NY90-X-38,NY90,Sample location delocated to a 10km square (see metadata),390000,500000,395000,505000,4,0,,78.4,,0.88,,5.2,,2.01,,6.65,,4.67,,3.45,,5.86,,4.11,,7.36,,3.68,,9.25,,4.97,,5.04,,3.31,,7.52,
NY90-X-38,NY90,Sample location delocated to a 10km square (see metadata),390000,500000,395000,505000,6,0,,76.79,,0.32,,1.41,,0.85,,4.46,,1.34,,1.31,,1.14,,1.24,,1.98,,1.93,,2.54,,2.79,,1.28,,1.04,,2.93,
NY90-X-69,NY90,Sample location delocated to a 10km square (see metadata),390000,500000,395000,505000,1,0,,38.56,,0.62,,16.39,,6.33,,1.56,,13.69,,1.06,,5.82,,1.81,,6,,0.89,,8.75,,2.58,,6.38,,2.24,,4.57,
NY90-X-69,NY90,Sample location delocated to a 10km square (see metadata),390000,500000,395000,505000,2,0,,37.94,,0.52,,8.74,,3.16,,1.91,,5.46,,1.22,,4.31,,1.57,,5.15,,0.5,,6.03,,2.98,,2,,2.5,,3.28,
NY90-X-69,NY90,Sample location delocated to a 10km square (see metadata),390000,500000,395000,505000,3,0,,44.26,,1.28,,8.35,,5.76,,1.96,,4.15,,2.47,,8.71,,2.27,,6.98,,1.01,,7.11,,5.83,,2.82,,4.58,,6.13,
NY90-X-69,NY90,Sample location delocated to a 10km square (see metadata),390000,500000,395000,505000,4,0,,61.92,,1.37,,27.09,,6.45,,,NULL,15.87,,10.75,,8.9,,2.14,,7.98,,2.75,,16.5,,6.73,,11.13,,5.83,,4.43,
NY99-X-69,NY99,Sample location delocated to a 10km square (see metadata),390000,590000,395000,595000,1,0,,66.96,,0.76,,10.06,,3.62,,6.24,,9.77,,4.21,,10.05,,6.56,,12.63,,3.26,,14.52,,4.57,,16.93,,7.25,,12.96,
NY99-X-69,NY99,Sample location delocated to a 10km square (see metadata),390000,590000,395000,595000,2,0,,71.66,,0.38,,9.08,,4.34,,7.34,,8.45,,5.16,,9.49,,6.59,,12.6,,5.25,,14.24,,4.56,,6.35,,4.57,,10.94,
NY99-X-69,NY99,Sample location delocated to a 10km square (see metadata),390000,590000,395000,595000,3,0,,62.14,,0.98,,10.29,,4.5,,4.96,,6.45,,5.04,,11.1,,4.4,,8.82,,4.62,,14.26,,3.03,,8.1,,5.02,,10.5,
NY99-X-69,NY99,Sample location delocated to a 10km square (see metadata),390000,590000,395000,595000,4,0,,67.33,,0.56,,9.78,,3.77,,4.17,,7.35,,5.94,,9.63,,6.04,,10.76,,4.05,,13.87,,4.51,,8.37,,3.65,,7.83,
NY99-X-69,NY99,Sample location delocated to a 10km square (see metadata),390000,590000,395000,595000,5,0,,66.44,,1.22,,11.25,,6.46,,5.35,,8.41,,6.74,,12.32,,6.46,,11.25,,6.04,,14.95,,5.8,,9.51,,7.41,,13.21,
NZ03-X-23,NZ03,Sample location delocated to a 10km square (see metadata),400000,530000,405000,535000,1,0,,61.93,,0.83,,7.63,,4.07,,4.63,,4.67,,6.15,,7.28,,5.21,,8.96,,3.64,,11.71,,5.28,,7.76,,4.77,,8.13,
NZ03-X-23,NZ03,Sample location delocated to a 10km square (see metadata),400000,530000,405000,535000,2,0,,41.61,,0.52,,9.84,,2.64,,2.52,,5.79,,2.55,,4.95,,3.03,,5.9,,1.89,,8.67,,3.32,,6.49,,2.74,,5.35,
NZ03-X-23,NZ03,Sample location delocated to a 10km square (see metadata),400000,530000,405000,535000,4,0,,61.4,,0.28,,2.16,,1.56,,3.11,,1.36,,2.73,,2.33,,1.97,,2.73,,1.1,,3.59,,2.24,,4.43,,2,,3.53,
NZ03-X-23,NZ03,Sample location delocated to a 10km square (see metadata),400000,530000,405000,535000,5,0,,34.39,,0.52,,5.79,,2.47,,1.3,,3.91,,1.55,,3.73,,1.6,,4.32,,0.52,,6.3,,3.26,,2.21,,1.97,,2.24,
NZ05-X-58,NZ05,Sample location delocated to a 10km square (see metadata),400000,550000,405000,555000,1,0,,32.19,,1.11,,6.94,,3.98,,1.89,,4.41,,1.61,,7.05,,2.38,,7.23,,0.58,,6.12,,4.66,,1.29,,4.05,,3.47,
NZ05-X-58,NZ05,Sample location delocated to a 10km square (see metadata),400000,550000,405000,555000,2,0,,25.87,,1.06,,5.06,,2.8,,0.77,,2.41,,1.62,,3.97,,1.03,,4.06,,0.62,,2.99,,2.34,,1,,2.87,,2.96,
NZ05-X-58,NZ05,Sample location delocated to a 10km square (see metadata),400000,550000,405000,555000,4,0,,30.32,,0.99,,7.73,,2.66,,0.06,,3.34,,2.01,,4.1,,1.03,,3.74,,0.95,,4.41,,2.6,,1.61,,3.32,,2.4,
NZ15-X-39,NZ15,Sample location delocated to a 10km square (see metadata),410000,550000,415000,555000,2,0,,22.34,,0.6,,6.42,,2.43,,0.86,,4.44,,0.99,,3.12,,1.07,,3.47,,0.28,,3.38,,2.75,,1.7,,1.24,,2.36,
NZ17-X-89,NZ17,Sample location delocated to a 10km square (see metadata),410000,570000,415000,575000,1,0,,23.1,,0.17,,3.67,,0.99,,0.44,,1.41,,0.48,,1.29,,0.55,,1.96,,0.23,,2.36,,1.49,,1.11,,0.82,,1.5,
NZ17-X-89,NZ17,Sample location delocated to a 10km square (see metadata),410000,570000,415000,575000,2,0,,22.77,,0.23,,2.51,,1.42,,0.77,,1.33,,0.78,,2.16,,0.87,,2.73,,0.11,,2.87,,1.96,,0.93,,1.14,,2.24,
NZ17-X-89,NZ17,Sample location delocated to a 10km square (see metadata),410000,570000,415000,575000,4,3,,22.65,,0.43,,5.92,,1.28,,0.24,,4.36,,1.47,,2.28,,0.53,,2.47,,0.3,,4.02,,1.15,,1.07,,0.69,,1,
NZ42-X-86,NZ42,Sample location delocated to a 10km square (see metadata),440000,520000,445000,525000,2,0,,16.29,,0.23,,5.86,,1.4,,0.19,,4.3,,0.29,,2,,0.88,,2.25,,0.19,,2.37,,0.99,,0.37,,0.69,,1.51,
NZ42-X-86,NZ42,Sample location delocated to a 10km square (see metadata),440000,520000,445000,525000,3,0,,17,,0.51,,5.83,,1.6,,0.27,,3.34,,0.6,,1.76,,0.33,,1.77,,0.13,,1.72,,0.63,,0.72,,1.43,,1.57,
NZ42-X-86,NZ42,Sample location delocated to a 10km square (see metadata),440000,520000,445000,525000,4,0,,17.63,,0.53,,8.99,,2.1,,0.08,,6.91,,3.05,,2.76,,0.72,,3.11,,0.56,,5.52,,1.3,,4.81,,0.8,,1.78,
NZ51-X-74,NZ51,Sample location delocated to a 10km square (see metadata),450000,510000,455000,515000,2,1,,20.02,,0.54,,6.67,,1.42,,0.12,,3.6,,1.24,,2.3,,0.61,,2.33,,0.36,,3.07,,1.25,,1.04,,1.33,,1.48,
NZ51-X-74,NZ51,Sample location delocated to a 10km square (see metadata),450000,510000,455000,515000,4,0,,21.96,,0.46,,6.63,,1.14,,0.28,,3.6,,1.32,,1.95,,0.59,,2.29,,0.28,,2.43,,1.06,,1.26,,1.24,,1.15,
NZ80-X-17,NZ80,Sample location delocated to a 10km square (see metadata),480000,500000,485000,505000,1,0,,28.79,,0.52,,4.96,,2.91,,0.92,,2.37,,1.27,,3.69,,1.23,,3.44,,0.7,,3.29,,2.35,,1.48,,1.76,,3.15,
NZ80-X-17,NZ80,Sample location delocated to a 10km square (see metadata),480000,500000,485000,505000,2,0,,27.33,,0.36,,3.64,,2.23,,1.58,,2.62,,1.19,,3.57,,1.69,,3.71,,0.44,,2.89,,2.22,,1.37,,2.21,,2.89,
NZ80-X-17,NZ80,Sample location delocated to a 10km square (see metadata),480000,500000,485000,505000,3,0,,28.39,,0.44,,2.8,,1.8,,1.38,,1.76,,1.17,,2.8,,0.97,,2.94,,0.38,,2.89,,1.67,,1.11,,1.69,,2.65,
NZ80-X-17,NZ80,Sample location delocated to a 10km square (see metadata),480000,500000,485000,505000,4,0,,32.41,,0.78,,6.22,,3.17,,2.33,,2.78,,1.87,,4.97,,1.95,,6.06,,0.91,,5.51,,3.39,,2.09,,2.71,,4.67,
NZ90-X-49,NZ90,Sample location delocated to a 10km square (see metadata),490000,500000,495000,505000,1,0,,43.67,,2.17,,4.33,,5.94,,3.01,,2.89,,2.82,,9.06,,3.48,,8.54,,1.36,,6.05,,6.39,,1.49,,5.59,,6.07,
NZ90-X-49,NZ90,Sample location delocated to a 10km square (see metadata),490000,500000,495000,505000,3,0,,32.53,,1.24,,3.76,,3.44,,1.3,,1.89,,2.01,,6.26,,2.51,,6,,0.59,,4.53,,4.82,,0.85,,2.59,,4.07,
NZ90-X-49,NZ90,Sample location delocated to a 10km square (see metadata),490000,500000,495000,505000,4,0,,27.72,,0.94,,1.47,,1,,0.49,,0.74,,1.52,,1.81,,0.72,,2.06,,0.35,,1,,1.4,,0.47,,0.58,,1.71,
NZ90-X-49,NZ90,Sample location delocated to a 10km square (see metadata),490000,500000,495000,505000,5,0,,46.61,,0.51,,3.17,,1.66,,2.11,,2.02,,2.54,,2.67,,2,,3.88,,1.32,,5.29,,1.88,,2.25,,1.81,,3.37,
NZ90-X-49,NZ90,Sample location delocated to a 10km square (see metadata),490000,500000,495000,505000,6,0,,41.66,,1.67,,5.96,,5.31,,3.7,,2.59,,3.31,,12.22,,3.89,,11.05,,1.45,,6.31,,8.65,,1.8,,5.55,,7.23,
SD19-X-64,SD19,Sample location delocated to a 10km square (see metadata),310000,490000,315000,495000,2,0,,74.38,,1.51,,15.01,,8.52,,7.73,,11.23,,6.27,,12.16,,6.04,,17.02,,2.43,,32.43,,15.27,,11,,11.29,,10.78,
SD19-X-64,SD19,Sample location delocated to a 10km square (see metadata),310000,490000,315000,495000,4,0,,32.4,,0.6,,8.11,,3.37,,1.81,,3.67,,1.8,,3.97,,1.79,,4.54,,1.17,,4.87,,3.65,,2.58,,2.17,,3.69,
SD19-X-64,SD19,Sample location delocated to a 10km square (see metadata),310000,490000,315000,495000,6,0,,80.49,,0.32,,6.78,,5.84,,4.3,,4.86,,4.92,,8.75,,4.89,,7.19,,0.15,,13.57,,8.51,,6.38,,5.29,,9.98,
SD30-X-51,SD30,Sample location delocated to a 10km square (see metadata),330000,400000,335000,405000,1,0,,18.52,,0.35,,3.28,,0.86,,0.5,,1.37,,0.96,,1.74,,0.44,,2.01,,0.19,,1.64,,1.3,,0.36,,0.66,,1.36,
SD30-X-51,SD30,Sample location delocated to a 10km square (see metadata),330000,400000,335000,405000,2,0,,29.07,,0.69,,4.42,,1.93,,0.91,,1.88,,1.33,,3.8,,1,,3.56,,0.37,,2.57,,2.2,,0.54,,1.14,,2.87,
SD30-X-51,SD30,Sample location delocated to a 10km square (see metadata),330000,400000,335000,405000,3,0,,16.3,,0.57,,5.15,,1.46,,0.39,,2.97,,1.2,,2.9,,1,,3.39,,0.34,,3.47,,2.04,,0.78,,1.21,,1.8,
SD30-X-51,SD30,Sample location delocated to a 10km square (see metadata),330000,400000,335000,405000,4,0,,22.47,,0.56,,4,,2.4,,1.02,,2.06,,1.15,,3.64,,1.24,,3.43,,0.48,,2.75,,2.28,,1.42,,1.64,,2.4,
SD49-X-92,SD49,Sample location delocated to a 10km square (see metadata),340000,490000,345000,495000,1,0,,31.85,,0.49,,7.06,,2.34,,1.4,,3.96,,1.25,,3.51,,1.35,,4.27,,0.69,,4.55,,2.73,,1.66,,2.1,,2.66,
SD49-X-92,SD49,Sample location delocated to a 10km square (see metadata),340000,490000,345000,495000,2,0,,31.35,,0.25,,6.6,,1.97,,1.33,,3.71,,0.98,,3.4,,1.46,,2.53,,0.31,,3.62,,2.03,,1.48,,1.47,,3.05,
SD49-X-92,SD49,Sample location delocated to a 10km square (see metadata),340000,490000,345000,495000,3,0,,32.8,,0.38,,5.62,,2.35,,1.13,,2.93,,0.97,,3.5,,1.39,,4.52,,0.5,,5.23,,2.94,,1.58,,1.75,,3.43,
SD49-X-92,SD49,Sample location delocated to a 10km square (see metadata),340000,490000,345000,495000,4,0,,33.16,,0.32,,8.72,,2.93,,1.51,,5.1,,1.53,,4.19,,1.45,,4.04,,0.64,,5.09,,2.43,,2.46,,1.89,,3.4,
SD49-X-92,SD49,Sample location delocated to a 10km square (see metadata),340000,490000,345000,495000,5,0,,32.12,,0.27,,4.73,,1.81,,1.45,,2,,0.96,,2.85,,1.09,,3.17,,0.43,,3.26,,2.4,,1.04,,1.09,,2.03,
SD54-X-87,SD54,Sample location delocated to a 10km square (see metadata),350000,440000,355000,445000,1,0,,42.14,,1.03,,5.22,,5.1,,2.94,,2.78,,2.51,,8.39,,3.14,,9.31,,1.01,,7.45,,7.04,,2.48,,3.74,,4.75,
SD54-X-87,SD54,Sample location delocated to a 10km square (see metadata),350000,440000,355000,445000,2,0,,35.71,,0.69,,4.5,,3.18,,2.56,,2.94,,2.2,,5.11,,2.07,,5.68,,0.86,,6.03,,3.75,,2.31,,2.92,,3.62,
SD54-X-87,SD54,Sample location delocated to a 10km square (see metadata),350000,440000,355000,445000,3,0,,40.65,,1.2,,5.08,,4.59,,3.57,,3.43,,2.54,,7.71,,2.28,,7.42,,1.11,,7.01,,6.01,,2.84,,6.27,,5.03,
SD54-X-87,SD54,Sample location delocated to a 10km square (see metadata),350000,440000,355000,445000,4,0,,35.55,,1.21,,12.05,,2.66,,,NULL,7.28,,4.86,,5.38,,1.01,,5.98,,1.08,,11.3,,2.5,,5.03,,2.15,,3.36,
SD58-X-17,SD58,Sample location delocated to a 10km square (see metadata),350000,480000,355000,485000,1,0,,42.38,,0.95,,7.32,,5.27,,3.6,,3.78,,2.29,,10.2,,3.31,,9.81,,1.1,,7.31,,7.86,,2.5,,4.09,,5.75,
SD58-X-17,SD58,Sample location delocated to a 10km square (see metadata),350000,480000,355000,485000,2,0,,41.88,,0.37,,6.06,,2.36,,2.71,,2.68,,2.1,,4.47,,1.95,,4.92,,0.96,,4.62,,2.88,,2.1,,2.1,,3.15,
SD58-X-17,SD58,Sample location delocated to a 10km square (see metadata),350000,480000,355000,485000,3,0,,55.44,,1.49,,11.76,,6.59,,4.98,,5.68,,3.75,,10.68,,4.06,,11.81,,1.4,,11.86,,9.86,,4.64,,6.12,,7.28,
SD58-X-17,SD58,Sample location delocated to a 10km square (see metadata),350000,480000,355000,485000,4,0,,36.64,,0.23,,7.23,,1.42,,2,,3.43,,1.15,,3.76,,1.55,,4.77,,0.3,,4.45,,2.63,,1.6,,1.89,,2.77,
SD62-X-00,SD62,Sample location delocated to a 10km square (see metadata),360000,420000,365000,425000,1,0,,27.93,,0.34,,2.82,,1.83,,1.78,,1.64,,1.26,,3.67,,1.61,,3.71,,0.44,,2.96,,2.63,,1.08,,1.2,,2.38,
SD62-X-00,SD62,Sample location delocated to a 10km square (see metadata),360000,420000,365000,425000,2,0,,35.67,,0.35,,2.21,,1.97,,1.15,,1.36,,1.64,,2.73,,1.31,,3.27,,0.37,,3.97,,2.06,,1.59,,1.66,,2.52,
SD62-X-00,SD62,Sample location delocated to a 10km square (see metadata),360000,420000,365000,425000,5,0,,39.13,,0.78,,4.31,,4.15,,1.78,,2.5,,1.95,,3.99,,1.62,,4.73,,0.6,,7.39,,4.7,,2.54,,2.42,,2.83,
SD62-X-06,SD62,Sample location delocated to a 10km square (see metadata),360000,420000,365000,425000,1,0,,50.09,,0.11,,6.99,,4.28,,2.91,,2.68,,1.34,,7.27,,2.64,,8.02,,0.44,,5.32,,6.46,,1.42,,2.91,,4.62,
SD66-X-45,SD66,Sample location delocated to a 10km square (see metadata),360000,460000,365000,465000,1,0,,35.65,,0.85,,5.26,,3.43,,2.53,,2.95,,1.89,,4.97,,1.76,,4.91,,0.83,,5.36,,3.51,,2.66,,3.18,,4.13,
SD66-X-45,SD66,Sample location delocated to a 10km square (see metadata),360000,460000,365000,465000,2,0,,32.71,,0.61,,4.77,,2.67,,1.72,,2.92,,1.39,,3.65,,1.63,,4.76,,0.56,,4.97,,3.78,,2.26,,2.03,,3.61,
SD66-X-45,SD66,Sample location delocated to a 10km square (see metadata),360000,460000,365000,465000,3,0,,36.5,,0.78,,6.2,,4.68,,3.55,,4.14,,1.9,,6.06,,2.95,,6.86,,0.84,,6.04,,5.08,,3.13,,3.96,,4.82,
SD66-X-45,SD66,Sample location delocated to a 10km square (see metadata),360000,460000,365000,465000,4,0,,78.97,,2.97,,8.71,,12.14,,9.83,,10.03,,7.4,,18.53,,6.11,,17.46,,5.89,,25.21,,14.29,,12.22,,9.22,,16.2,
SD69-X-74,SD69,Sample location delocated to a 10km square (see metadata),360000,490000,365000,495000,1,0,,37.55,,0.76,,10.36,,4.2,,3.86,,5.58,,2.23,,6.76,,2.86,,8.03,,1.29,,8.19,,4.34,,3.81,,4.22,,5.05,
SD69-X-74,SD69,Sample location delocated to a 10km square (see metadata),360000,490000,365000,495000,2,0,,42.02,,0.59,,5.32,,3.64,,2.8,,2.83,,2.33,,5.98,,2.03,,6.68,,1.19,,7.13,,4.06,,3.79,,4.84,,5.67,
SD72-X-32,SD72,Sample location delocated to a 10km square (see metadata),370000,420000,375000,425000,4,0,,44.36,,0.43,,2.17,,1.65,,1.47,,1.13,,1.75,,2.18,,0.9,,2.82,,0.33,,2.16,,1.45,,1.72,,1.26,,2.23,
SD72-X-32,SD72,Sample location delocated to a 10km square (see metadata),370000,420000,375000,425000,6,0,,36.7,,0.38,,5.51,,2.6,,1.94,,2.69,,1.31,,4.13,,1.79,,4.95,,0.48,,4.24,,3.33,,1.33,,1.71,,3.05,
SD72-X-35,SD72,Sample location delocated to a 10km square (see metadata),370000,420000,375000,425000,3,0,,40.71,,0.48,,5.49,,3.42,,1.86,,3.03,,2.25,,5.32,,1.81,,6.23,,0.64,,7.04,,4.86,,2.74,,2.23,,4.6,
SD73-X-55,SD73,Sample location delocated to a 10km square (see metadata),370000,430000,375000,435000,4,0,,33.2,,0.39,,4.11,,2.77,,1.49,,2.27,,1.53,,3.55,,1.32,,3.93,,0.51,,4.34,,3.26,,2.42,,2.24,,3.14,
SD74-X-35,SD74,Sample location delocated to a 10km square (see metadata),370000,440000,375000,445000,2,0,,42.18,,1.05,,12.07,,5.92,,3.81,,7.71,,3.17,,9.18,,2.66,,8.29,,0.99,,7.12,,5.3,,3.39,,4.95,,6.38,
SD77-X-31,SD77,Sample location delocated to a 10km square (see metadata),370000,470000,375000,475000,1,0,,71.27,,1.14,,4.04,,4.12,,4.36,,2.8,,3.76,,4.63,,3.04,,4.92,,1.3,,7.16,,8.53,,4.89,,5.09,,7.73,
SD77-X-31,SD77,Sample location delocated to a 10km square (see metadata),370000,470000,375000,475000,3,0,,68.06,,0.58,,5.55,,4.01,,4.15,,3.02,,1.84,,5.05,,1.71,,7.62,,1.64,,6.1,,9.33,,4.58,,2.72,,4.82,
SD77-X-31,SD77,Sample location delocated to a 10km square (see metadata),370000,470000,375000,475000,4,0,,52.09,,0.62,,3.79,,3.2,,2.22,,2.71,,2.87,,4.86,,2.45,,5.45,,0.68,,6.41,,3.94,,2.92,,3.4,,3.82,
SD96-X-45,SD96,Sample location delocated to a 10km square (see metadata),390000,460000,395000,465000,1,1,,50.24,,2.56,,10.64,,6.8,,0.81,,5.46,,3.37,,9.69,,2.43,,9.22,,1.38,,12.54,,7.3,,3.64,,4.64,,6.92,
SD96-X-45,SD96,Sample location delocated to a 10km square (see metadata),390000,460000,395000,465000,3,0,,32.44,,0.65,,2.54,,1.45,,0.71,,1.86,,1.96,,2.45,,1.47,,3.21,,0.64,,3.41,,2.91,,1.07,,2.63,,1.93,
SD96-X-45,SD96,Sample location delocated to a 10km square (see metadata),390000,460000,395000,465000,4,0,,38.12,,1.05,,14.22,,7.08,,2.11,,8.97,,2.39,,8.86,,3.29,,8.2,,1.49,,10.67,,6.67,,5.38,,4.11,,7.01,
SE09-X-40,SE09,Sample location delocated to a 10km square (see metadata),400000,490000,405000,495000,1,0,,36.46,,0.96,,5.14,,3.79,,2.18,,3.2,,1.94,,5.66,,1.6,,5.22,,0.76,,4.6,,2.91,,1.51,,3.23,,4.27,
SE09-X-40,SE09,Sample location delocated to a 10km square (see metadata),400000,490000,405000,495000,3,1,,39.69,,0.99,,12.9,,3.71,,1.39,,9.14,,3.46,,5.4,,1.78,,6.55,,1.55,,9.98,,4.02,,3.77,,2.85,,3.6,
SE09-X-40,SE09,Sample location delocated to a 10km square (see metadata),400000,490000,405000,495000,4,0,,41.37,,1.46,,6.66,,4,,0.64,,4.46,,2.57,,5.75,,1.91,,6.21,,1.11,,6.65,,3.7,,1.84,,4.84,,5.12,
SE09-X-40,SE09,Sample location delocated to a 10km square (see metadata),400000,490000,405000,495000,5,0,,38.03,,0.6,,7.87,,3.3,,2.41,,5.37,,1.36,,3.64,,1.51,,4.7,,0.36,,4.38,,2.44,,3.05,,2.65,,3.77,
SE15-X-46,SE15,Sample location delocated to a 10km square (see metadata),410000,450000,415000,455000,2,0,,40.76,,0.95,,3.86,,3.32,,3.45,,2.26,,2.25,,5.98,,2.78,,6.12,,0.89,,4.89,,5.36,,1.71,,3.46,,4.89,
SE15-X-46,SE15,Sample location delocated to a 10km square (see metadata),410000,450000,415000,455000,3,0,,76.22,,0.35,,5.82,,2.83,,5.43,,1.87,,2.47,,3.55,,2.44,,2.8,,2.32,,5.95,,6.48,,2.25,,3.38,,6.08,
SE15-X-46,SE15,Sample location delocated to a 10km square (see metadata),410000,450000,415000,455000,4,0,,38.6,,0.88,,3.88,,2.32,,2.56,,1.89,,1.71,,3.68,,1.46,,4.03,,0.61,,3.58,,3.3,,1.03,,2.12,,3.39,
SE27-X-41,SE27,Sample location delocated to a 10km square (see metadata),420000,470000,425000,475000,5,0,,43.52,,1.03,,4.16,,3.71,,2.94,,2.08,,2.25,,5.18,,2.47,,4.96,,0.73,,4.04,,4.04,,2.06,,3.51,,3.75,
SE40-X-23,SE40,Sample location delocated to a 10km square (see metadata),440000,400000,445000,405000,1,0,,17.7,,0.26,,3.24,,0.74,,0.52,,0.98,,0.55,,1.41,,0.43,,1.65,,0.21,,1.14,,0.95,,0.53,,0.7,,1.16,
SE40-X-23,SE40,Sample location delocated to a 10km square (see metadata),440000,400000,445000,405000,2,0,,17.78,,0.34,,5.07,,1.19,,0.75,,1.99,,0.95,,1.83,,0.55,,1.86,,0.33,,1.84,,1.46,,1.19,,1.09,,1.46,
SE40-X-23,SE40,Sample location delocated to a 10km square (see metadata),440000,400000,445000,405000,5,0,,17.7,,0.3,,6.38,,1.17,,0.85,,3.26,,0.61,,1.72,,0.57,,1.83,,0.19,,2.24,,1.13,,1.51,,0.69,,1.64,
SE44-X-57,SE44,Sample location delocated to a 10km square (see metadata),440000,440000,445000,445000,1,0,,25.8,,1,,11.53,,3.83,,1.05,,8.71,,1.88,,3.95,,1.37,,4.9,,0.7,,6.5,,2.91,,2.21,,1.88,,3.07,
SE44-X-57,SE44,Sample location delocated to a 10km square (see metadata),440000,440000,445000,445000,4,0,,13.43,,0.27,,6.75,,1.52,,0.75,,3.92,,0.43,,1.43,,0.6,,2,,0.13,,2.86,,1.17,,1.32,,0.8,,0.97,
SE44-X-57,SE44,Sample location delocated to a 10km square (see metadata),440000,440000,445000,445000,5,1,,15.26,,0.13,,7.04,,1.18,,,NULL,6.09,,2.13,,1.86,,0.44,,2.14,,0.4,,5.69,,0.7,,3.13,,0.2,,0.91,
SE46-X-14,SE46,Sample location delocated to a 10km square (see metadata),440000,460000,445000,465000,2,1,,19.06,,0.27,,7.82,,1.32,,,NULL,4.99,,2.72,,2.22,,0.26,,2.4,,0.46,,5.68,,0.85,,3.59,,1.16,,0.84,
SE46-X-14,SE46,Sample location delocated to a 10km square (see metadata),440000,460000,445000,465000,3,0,,16.57,,0.18,,3.4,,0.46,,0.39,,1.21,,0.66,,0.92,,0.28,,0.91,,0.15,,1.21,,0.6,,0.53,,0.57,,0.62,
SE50-X-87,SE50,Sample location delocated to a 10km square (see metadata),450000,400000,455000,405000,2,0,,10.29,,0.13,,4.34,,0.19,,,NULL,3.4,,1.29,,0.35,,0.08,,0.13,,0.16,,3.48,,0.1,,1.94,,0.2,,0.07,
SE50-X-87,SE50,Sample location delocated to a 10km square (see metadata),450000,400000,455000,405000,4,2,,33.7,,1.16,,8.43,,2.29,,0.62,,5.95,,3.36,,3.58,,1.08,,3.49,,0.88,,7.41,,2.09,,4.58,,1.51,,2.74,
SE50-X-87,SE50,Sample location delocated to a 10km square (see metadata),450000,400000,455000,405000,5,1,,34.94,,1.08,,10.88,,2.42,,0.08,,6.21,,4.11,,3.36,,0.9,,3.76,,0.77,,8.69,,2.55,,6.83,,1.89,,3.47,
SE60-X-43,SE60,Sample location delocated to a 10km square (see metadata),460000,400000,465000,405000,1,0,,22.03,,0.55,,3.78,,1.55,,0.37,,1.54,,1.48,,2.7,,0.64,,2.59,,0.33,,2.18,,1.47,,0.4,,1.37,,2.08,
SE60-X-43,SE60,Sample location delocated to a 10km square (see metadata),460000,400000,465000,405000,4,0,,17.8,,0.87,,5.92,,1.62,,1.45,,3.65,,1.35,,2.57,,1.12,,2.98,,0.32,,2.65,,1.6,,1.59,,1.61,,1.93,
SE78-X-35,SE78,Sample location delocated to a 10km square (see metadata),470000,480000,475000,485000,1,0,,16.93,,0.12,,2.42,,1.05,,0.35,,0.97,,0.51,,1.84,,0.4,,1.87,,0.06,,1.41,,1.22,,0.73,,0.53,,1.71,
SE86-X-22,SE86,Sample location delocated to a 10km square (see metadata),480000,460000,485000,465000,1,3,,41.32,,1.33,,9.27,,7.29,,1.7,,8.97,,1.79,,8.36,,2.8,,10.62,,2.22,,10.49,,5.32,,1.16,,2.07,,8.14,
SE86-X-22,SE86,Sample location delocated to a 10km square (see metadata),480000,460000,485000,465000,2,3,,39.42,,1.16,,8.26,,6.91,,1.27,,7.3,,1.69,,9.12,,2.5,,8.87,,1.61,,9.86,,4.76,,0.7,,1.69,,7.4,
SE91-X-53,SE91,Sample location delocated to a 10km square (see metadata),490000,410000,495000,415000,1,1,,29.63,,0.37,,9.73,,1.51,,,NULL,8.38,,5.38,,2.42,,0.33,,2.24,,0.47,,8.03,,1.06,,6.93,,1.35,,0.96,
SE91-X-53,SE91,Sample location delocated to a 10km square (see metadata),490000,410000,495000,415000,2,1,,28.78,,0.5,,6.27,,2.03,,0.21,,4.06,,1.82,,3.28,,0.6,,2.74,,0.42,,2.76,,1.46,,1.08,,2.46,,2.34,
SE91-X-53,SE91,Sample location delocated to a 10km square (see metadata),490000,410000,495000,415000,3,1,,26.09,,0.42,,10.77,,2.05,,,NULL,8.9,,5.4,,3.01,,0.62,,3.62,,0.53,,7.89,,1.37,,6.99,,1.67,,1.78,
SE91-X-53,SE91,Sample location delocated to a 10km square (see metadata),490000,410000,495000,415000,4,1,,22.74,,0.26,,8.58,,1.37,,,NULL,7.01,,2.96,,2.17,,0.36,,1.93,,0.22,,4.48,,0.85,,3.79,,0.7,,1.15,
SE91-X-53,SE91,Sample location delocated to a 10km square (see metadata),490000,410000,495000,415000,5,1,,27.7,,0.35,,6.2,,1.78,,0.01,,4.78,,2.34,,2.3,,0.29,,2.19,,0.32,,4.17,,0.98,,2.39,,1.36,,1.42,
SE92-X-03,SE92,Sample location delocated to a 10km square (see metadata),490000,420000,495000,425000,2,4,,29.13,,0.68,,3.78,,2.75,,0.43,,3.11,,0.64,,3.63,,1.16,,4.05,,1.01,,4.14,,1.82,,0.34,,0.82,,3.2,
SE92-X-03,SE92,Sample location delocated to a 10km square (see metadata),490000,420000,495000,425000,4,4,,35.78,,0.73,,4.8,,4.97,,0.92,,5.31,,1.07,,6.14,,1.88,,7.37,,1.5,,8.55,,3.2,,0.45,,1.52,,6.16,
SE93-X-07,SE93,Sample location delocated to a 10km square (see metadata),490000,430000,495000,435000,2,2,,34.77,,0.6,,15,,3.68,,0.37,,10.35,,2.69,,4.39,,1.24,,5.93,,0.92,,8.15,,2.38,,3,,0.74,,4.18,
SE93-X-07,SE93,Sample location delocated to a 10km square (see metadata),490000,430000,495000,435000,3,3,,36.8,,0.53,,10.35,,3.67,,0.08,,7.95,,2.04,,4.37,,1.13,,4.63,,0.96,,7.78,,1.92,,3.38,,0.67,,4.12,
SE93-X-07,SE93,Sample location delocated to a 10km square (see metadata),490000,430000,495000,435000,5,4,,21.67,,0.33,,3.4,,1.91,,0.16,,3.04,,0.32,,2.66,,0.56,,3.66,,0.34,,4.01,,1.14,,0.39,,0.2,,1.63,
SE95-X-24,SE95,Sample location delocated to a 10km square (see metadata),490000,450000,495000,455000,2,4,,20.81,,0.21,,4.07,,1.65,,0.1,,2.65,,0.26,,2.33,,0.37,,2.53,,0.4,,4.2,,0.69,,0.44,,0.13,,1.48,
SE95-X-24,SE95,Sample location delocated to a 10km square (see metadata),490000,450000,495000,455000,4,4,,21.68,,0.15,,3.49,,1.53,,,NULL,2.41,,0.26,,2.03,,0.39,,2.03,,0.32,,3.63,,0.68,,0.47,,0.09,,1.11,
SE99-X-31,SE99,Sample location delocated to a 10km square (see metadata),490000,490000,495000,495000,2,0,,22.78,,0.59,,2.22,,1.41,,1.15,,1.49,,1.08,,2.72,,0.96,,3.02,,0.32,,2.13,,1.95,,0.47,,1.65,,2.28,
SE99-X-31,SE99,Sample location delocated to a 10km square (see metadata),490000,490000,495000,495000,3,0,,26.54,,0.65,,7.3,,3.11,,2.26,,4.17,,1.49,,4.74,,1.98,,4.83,,0.7,,4.71,,2.86,,1.96,,2.36,,4.32,
SE99-X-81,SE99,Sample location delocated to a 10km square (see metadata),490000,490000,495000,495000,1,0,,22.99,,0.46,,3.97,,1.72,,1.02,,2.01,,1.42,,2.83,,0.93,,3.01,,0.26,,2.66,,1.78,,0.67,,1.68,,1.97,
SE99-X-81,SE99,Sample location delocated to a 10km square (see metadata),490000,490000,495000,495000,2,0,,31.74,,1.25,,2.73,,2.92,,1.25,,1.83,,2.13,,4.7,,1.52,,4.89,,0.74,,4.07,,3.64,,0.69,,2.37,,3.36,
SE99-X-81,SE99,Sample location delocated to a 10km square (see metadata),490000,490000,495000,495000,3,0,,23.6,,1.08,,4.61,,2.76,,0.89,,2.7,,1.86,,4.61,,1.22,,4.73,,0.45,,4.53,,2.99,,0.91,,2.86,,2.55,
SE99-X-81,SE99,Sample location delocated to a 10km square (see metadata),490000,490000,495000,495000,4,0,,31.11,,1.79,,4.32,,4.46,,1.74,,2.67,,2.14,,7.24,,2.23,,6.71,,0.83,,5.15,,4.78,,1.01,,3.64,,4.52,
SJ30-X-84,SJ30,Sample location delocated to a 10km square (see metadata),330000,300000,335000,305000,1,1,,31.65,,1.24,,4.47,,3.45,,0.84,,2.23,,1.74,,5.33,,1.45,,5.19,,0.33,,3.64,,3.1,,0.92,,2.53,,4.27,
SJ33-X-92,SJ33,Sample location delocated to a 10km square (see metadata),330000,330000,335000,335000,1,1,,29.15,,1.01,,6.83,,3.87,,1.85,,3.84,,1.57,,5,,1.65,,4.52,,0.65,,4.28,,2.93,,1.6,,2.57,,4.1,
SJ33-X-92,SJ33,Sample location delocated to a 10km square (see metadata),330000,330000,335000,335000,2,0,,21.26,,1,,6.67,,2.76,,2.08,,3.99,,1.27,,4.24,,1.72,,4.59,,0.79,,4.01,,3.35,,1.19,,2.3,,3.02,
SJ33-X-92,SJ33,Sample location delocated to a 10km square (see metadata),330000,330000,335000,335000,3,0,,26.09,,0.97,,7.84,,3.67,,2.22,,4.44,,1.42,,5.04,,2.2,,4.8,,0.81,,4.62,,3.42,,1.79,,2.17,,4.05,
SJ33-X-92,SJ33,Sample location delocated to a 10km square (see metadata),330000,330000,335000,335000,4,0,,19.08,,0.09,,0.82,,0.44,,0.16,,0.38,,0.5,,0.92,,0.25,,0.82,,0.14,,0.66,,0.52,,0.38,,0.39,,0.71,
SJ33-X-92,SJ33,Sample location delocated to a 10km square (see metadata),330000,330000,335000,335000,5,0,,34.08,,0.77,,8.58,,4.22,,1.39,,5.73,,1.57,,5.28,,1.42,,4.77,,0.8,,5.4,,3.12,,2.72,,2.29,,4.46,
SJ33-X-92,SJ33,Sample location delocated to a 10km square (see metadata),330000,330000,335000,335000,6,0,,29.93,,0.64,,5.91,,2.19,,1.96,,3.7,,1.24,,3.06,,1.48,,3.39,,0.7,,3.38,,2.33,,2.5,,1.51,,3.08,
SJ46-X-59,SJ46,Sample location delocated to a 10km square (see metadata),340000,360000,345000,365000,1,1,,21.09,,0.61,,5.66,,2.04,,0.09,,3.9,,2.16,,3.35,,0.93,,3.21,,0.45,,4.02,,1.52,,1.71,,1.84,,2.73,
SJ46-X-59,SJ46,Sample location delocated to a 10km square (see metadata),340000,360000,345000,365000,2,0,,21.14,,0.82,,4.74,,2.04,,0.37,,2.59,,1.25,,3.05,,0.93,,3.14,,0.36,,4.42,,1.63,,0.8,,1.56,,2.1,
SJ46-X-59,SJ46,Sample location delocated to a 10km square (see metadata),340000,360000,345000,365000,4,0,,32.07,,1.98,,6.09,,4.53,,0.32,,3.6,,2.68,,6.64,,1.7,,6.28,,0.82,,5.58,,4.17,,1.11,,3.79,,5.5,
SJ46-X-59,SJ46,Sample location delocated to a 10km square (see metadata),340000,360000,345000,365000,5,2,,34.16,,1.85,,3.26,,3.85,,1.59,,2.97,,2.25,,7.55,,2.05,,6.55,,0.72,,5.09,,3.87,,1.91,,4.27,,5.17,
SJ46-X-66,SJ46,Sample location delocated to a 10km square (see metadata),340000,360000,345000,365000,1,1,,29.47,,1.65,,5.75,,3.56,,0.38,,3.39,,2.81,,5.07,,1.41,,5.6,,0.95,,6.43,,3.76,,1.82,,2.79,,3.64,
SJ46-X-66,SJ46,Sample location delocated to a 10km square (see metadata),340000,360000,345000,365000,4,0,,23.55,,0.56,,3.57,,2.25,,0.78,,1.64,,1.17,,3.91,,1.36,,3.84,,0.51,,2.75,,2.28,,0.81,,1.28,,2.6,
SJ52-X-53,SJ52,Sample location delocated to a 10km square (see metadata),350000,320000,355000,325000,1,1,,17.74,,0.58,,3.9,,1.84,,0.52,,2.41,,1.37,,3.09,,1.44,,3.4,,0.45,,3.5,,2.16,,0.85,,1.88,,2.37,
SJ52-X-53,SJ52,Sample location delocated to a 10km square (see metadata),350000,320000,355000,325000,2,1,,10.07,,0.3,,5.93,,1.01,,0.29,,2.89,,1.59,,1.75,,0.41,,1.84,,0.2,,3.15,,1.16,,2.15,,1.1,,1.32,
SJ52-X-53,SJ52,Sample location delocated to a 10km square (see metadata),350000,320000,355000,325000,3,0,,12.68,,0.36,,5.52,,1.18,,0.69,,2.89,,1.12,,1.92,,1.03,,2.31,,0.55,,2.83,,1.56,,1.32,,1.2,,1.55,
SJ52-X-53,SJ52,Sample location delocated to a 10km square (see metadata),350000,320000,355000,325000,4,1,,15.42,,0.49,,4.69,,1.4,,0.48,,2.78,,1.04,,2.58,,1.17,,2.62,,0.42,,2.49,,1.41,,0.86,,1.75,,1.7,
SJ54-X-60,SJ54,Sample location delocated to a 10km square (see metadata),350000,340000,355000,345000,1,0,,21.59,,0.75,,4.78,,2.39,,2.07,,3.34,,1.03,,4.29,,1.51,,4.24,,0.46,,3.5,,2.86,,1.36,,2.49,,3.14,
SJ56-X-26,SJ56,Sample location delocated to a 10km square (see metadata),350000,360000,355000,365000,3,0,,21.97,,0.53,,3.85,,2.05,,1.11,,2.14,,0.92,,3,,1.06,,3.38,,0.35,,2.6,,2.41,,0.83,,1.6,,2.26,
SJ68-X-80,SJ68,Sample location delocated to a 10km square (see metadata),360000,380000,365000,385000,1,0,,17.66,,0.2,,1.7,,0.69,,0.83,,0.9,,0.73,,1.74,,0.84,,1.88,,0.18,,0.98,,1.26,,0.44,,0.77,,1.73,
SJ68-X-80,SJ68,Sample location delocated to a 10km square (see metadata),360000,380000,365000,385000,3,0,,16.52,,0.3,,2.68,,1.37,,0.72,,1.34,,0.76,,2.42,,0.73,,2.56,,0.15,,1.72,,1.51,,0.52,,0.89,,1.49,
SJ68-X-80,SJ68,Sample location delocated to a 10km square (see metadata),360000,380000,365000,385000,4,0,,18.73,,0.27,,2.86,,1.33,,1.57,,1.83,,0.81,,2.82,,1.26,,3.14,,0.41,,1.4,,1.83,,1.05,,1.21,,1.97,
SJ69-X-55,SJ69,Sample location delocated to a 10km square (see metadata),360000,390000,365000,395000,2,0,,16.07,,0.62,,2.6,,1.26,,0.55,,1.56,,0.89,,2.18,,0.58,,2.22,,0.21,,1.52,,1.13,,0.34,,1.19,,1.77,
SJ69-X-55,SJ69,Sample location delocated to a 10km square (see metadata),360000,390000,365000,395000,4,0,,16.84,,0.43,,4.64,,1.06,,0.62,,2.37,,0.84,,1.53,,0.52,,1.69,,0.26,,1.52,,1.08,,0.75,,0.79,,1.19,
SJ69-X-65,SJ69,Sample location delocated to a 10km square (see metadata),360000,390000,365000,395000,1,0,,17.26,,0.34,,5.12,,1.41,,1.21,,3.45,,0.61,,1.85,,0.57,,2.09,,0.28,,1.87,,1.32,,0.87,,1.06,,1.71,
SJ69-X-65,SJ69,Sample location delocated to a 10km square (see metadata),360000,390000,365000,395000,3,0,,19.69,,0.47,,4.08,,1.75,,1.91,,1.83,,0.83,,2.97,,1.01,,3.49,,0.3,,2.51,,2.59,,0.62,,2.19,,2.6,
SJ97-X-25,SJ97,Sample location delocated to a 10km square (see metadata),390000,370000,395000,375000,3,0,,37.02,,0.85,,6.36,,4.98,,3.89,,3.28,,2.39,,7.66,,3.04,,8.57,,1.32,,6.95,,5.03,,2.21,,4.29,,6.12,
SJ97-X-25,SJ97,Sample location delocated to a 10km square (see metadata),390000,370000,395000,375000,4,0,,35.05,,0.5,,5.02,,2.58,,1.74,,2.74,,1.87,,4.51,,1.45,,4.77,,0.67,,5.97,,3.21,,1.91,,2.47,,3.78,
SJ97-X-25,SJ97,Sample location delocated to a 10km square (see metadata),390000,370000,395000,375000,1,0,,38.17,,0.49,,6.17,,3.43,,1.68,,3.38,,1.5,,5.07,,1.95,,5.49,,0.67,,5.42,,2.71,,2.37,,2.08,,4.26,
SJ97-X-25,SJ97,Sample location delocated to a 10km square (see metadata),390000,370000,395000,375000,2,0,,34.81,,0.36,,3.57,,2.22,,2.06,,1.67,,1.37,,2.92,,1.54,,3.89,,0.48,,4.2,,2.24,,1.55,,2.01,,2.6,
SJ99-X-25,SJ99,Sample location delocated to a 10km square (see metadata),390000,390000,395000,395000,1,0,,27.06,,0.24,,5.19,,2.39,,1.04,,2.79,,1.22,,3.36,,1.01,,3.1,,0.43,,3.58,,2.21,,1.87,,1.66,,2.89,
SJ99-X-25,SJ99,Sample location delocated to a 10km square (see metadata),390000,390000,395000,395000,2,0,,32.67,,0.43,,4.19,,2.89,,1.94,,1.98,,1.34,,4.34,,1.45,,4.62,,0.17,,4.53,,3.38,,1.3,,1.93,,3.53,
SJ99-X-25,SJ99,Sample location delocated to a 10km square (see metadata),390000,390000,395000,395000,4,4,,15.67,,0.13,,3.87,,0.78,,,NULL,2.29,,0.74,,1.09,,0.18,,0.96,,0.23,,2.35,,0.47,,0.79,,0.23,,0.42,
SJ99-X-25,SJ99,Sample location delocated to a 10km square (see metadata),390000,390000,395000,395000,5,0,,26.57,,0.33,,2.85,,2.29,,1.15,,1.45,,1.21,,3.68,,1.38,,3.2,,0.25,,3.28,,2.76,,1.25,,1.05,,2.7,
SK06-X-62,SK06,Sample location delocated to a 10km square (see metadata),400000,360000,405000,365000,4,0,,34.98,,0.29,,3.29,,2.1,,1.16,,1.46,,1.64,,3.36,,1.24,,4.29,,0.31,,4.01,,2.43,,1.44,,1.99,,2.95,
SK06-X-62,SK06,Sample location delocated to a 10km square (see metadata),400000,360000,405000,365000,1,0,,38.89,,1.12,,7.29,,4.1,,2.51,,3.64,,3.07,,5.45,,2.05,,5.92,,1.25,,4.97,,4.22,,2.23,,4.73,,4.59,
SK06-X-62,SK06,Sample location delocated to a 10km square (see metadata),400000,360000,405000,365000,2,0,,33.59,,0.33,,4.05,,2.08,,2.11,,2.48,,1.84,,3.54,,1.66,,4.7,,0.41,,4.7,,2.62,,1.31,,2.35,,3.22,
SK09-X-02,SK09,Sample location delocated to a 10km square (see metadata),400000,390000,405000,395000,1,0,,74.38,,2.02,,6.41,,5.55,,9.21,,6.67,,6.43,,7.22,,6.72,,9.29,,5.74,,10.99,,6.65,,5.35,,4.49,,9.81,
SK09-X-02,SK09,Sample location delocated to a 10km square (see metadata),400000,390000,405000,395000,2,0,,79.5,,0.7,,4.16,,4.12,,6.56,,2.72,,3.41,,4.56,,1.86,,6.28,,3.79,,6.42,,5.61,,3.25,,4.01,,6.31,
SK09-X-02,SK09,Sample location delocated to a 10km square (see metadata),400000,390000,405000,395000,3,0,,75.07,,0.7,,7.93,,5.53,,7.13,,6.83,,4.91,,8.56,,5.37,,10.52,,5.62,,13.05,,6.45,,4.67,,4.81,,9.94,
SK09-X-02,SK09,Sample location delocated to a 10km square (see metadata),400000,390000,405000,395000,4,0,,80.45,,0.09,,3.69,,3.91,,5.51,,1.98,,2.49,,4.98,,3.38,,6.92,,2.18,,8.25,,7.7,,3.44,,4.45,,7.21,
SK17-X-47,SK17,Sample location delocated to a 10km square (see metadata),410000,370000,415000,375000,4,0,,27.3,,0.65,,8.08,,2.34,,1.22,,4.09,,1.08,,3.59,,1.42,,3.59,,0.57,,3.34,,2.29,,1.66,,1.71,,3.46,
SK17-X-47,SK17,Sample location delocated to a 10km square (see metadata),410000,370000,415000,375000,5,1,,32.08,,1.3,,11.84,,4.64,,2.73,,5.75,,1.67,,6.19,,2.45,,6.79,,0.8,,5.88,,4.28,,2.12,,2.74,,5.11,
SK17-X-47,SK17,Sample location delocated to a 10km square (see metadata),410000,370000,415000,375000,2,0,,26.15,,0.36,,8.7,,2.29,,1.22,,6.01,,0.87,,3.43,,1.2,,3.33,,0.38,,3.92,,1.68,,1.91,,1.49,,2.46,
SK25-X-16,SK25,Sample location delocated to a 10km square (see metadata),420000,350000,425000,355000,4,1,,37.01,,0.74,,8.63,,3.36,,2.16,,4.39,,1.81,,4.85,,2.05,,6.05,,0.83,,5.73,,3.2,,2.18,,2.94,,3.88,
SK25-X-16,SK25,Sample location delocated to a 10km square (see metadata),420000,350000,425000,355000,5,0,,36.76,,0.71,,8.52,,3.85,,1.51,,4.51,,1.85,,4.81,,1.77,,6.1,,0.83,,5.48,,3.82,,1.96,,2.64,,3.8,
SK25-X-16,SK25,Sample location delocated to a 10km square (see metadata),420000,350000,425000,355000,6,0,,37.83,,0.71,,4.26,,2.86,,1.87,,2.96,,1.19,,3.46,,1.7,,3.96,,0.48,,3.84,,2.71,,1.97,,2.16,,2.95,
SK25-X-22,SK25,Sample location delocated to a 10km square (see metadata),420000,350000,425000,355000,1,0,,35.48,,0.96,,13.5,,4.47,,2.18,,11.55,,1.71,,5.64,,1.79,,6.11,,0.99,,7.24,,3.55,,3.13,,2.72,,4.26,
SK25-X-22,SK25,Sample location delocated to a 10km square (see metadata),420000,350000,425000,355000,2,1,,37.27,,1.61,,12.11,,5.42,,1.51,,8.1,,3.38,,7.36,,2.27,,7.37,,1.25,,9.16,,4.65,,3.02,,5.59,,5.18,
SK25-X-22,SK25,Sample location delocated to a 10km square (see metadata),420000,350000,425000,355000,4,0,,31.68,,0.99,,11.62,,4.71,,1.41,,8.74,,1.96,,5.24,,1.72,,5.57,,1.05,,6.38,,3.32,,2.41,,2.63,,3.63,
SK25-X-84,SK25,Sample location delocated to a 10km square (see metadata),420000,350000,425000,355000,1,1,,39.08,,1.17,,11.57,,4.55,,3.64,,6.79,,2.14,,7.15,,2.29,,8.27,,0.72,,7.23,,5.48,,2.75,,3.77,,6.21,
SK25-X-84,SK25,Sample location delocated to a 10km square (see metadata),420000,350000,425000,355000,2,1,,34.83,,1.38,,15.07,,5.09,,2.46,,10.5,,2.22,,6.47,,2.04,,6.79,,1.05,,8.18,,3.93,,3.57,,4.08,,4.5,
SK25-X-84,SK25,Sample location delocated to a 10km square (see metadata),420000,350000,425000,355000,3,1,,39.97,,1.19,,9.08,,4.62,,3.16,,4.93,,2.52,,6.43,,2.09,,6.22,,1.21,,6.23,,4.11,,2.53,,3.5,,5.74,
SK25-X-84,SK25,Sample location delocated to a 10km square (see metadata),420000,350000,425000,355000,4,0,,36.22,,0.98,,20.52,,5.89,,1.42,,16.09,,7.5,,8.53,,2.16,,8.91,,1.55,,12.52,,5.02,,10.63,,2.82,,5.69,
SK34-X-40,SK34,Sample location delocated to a 10km square (see metadata),430000,340000,435000,345000,2,1,,24.89,,0.26,,3.75,,1.58,,0.52,,2.2,,0.63,,2.09,,0.89,,2.25,,0.24,,2.29,,1.35,,1.1,,0.99,,1.83,
SK34-X-40,SK34,Sample location delocated to a 10km square (see metadata),430000,340000,435000,345000,5,0,,32.66,,0.27,,3.01,,2.56,,0.85,,1.6,,1.39,,2.75,,1.16,,3.34,,0.52,,2.75,,1.95,,1.21,,1.31,,2.78,
SK36-X-38,SK36,Sample location delocated to a 10km square (see metadata),430000,360000,435000,365000,2,1,,24.87,,0.36,,4.71,,1.26,,0.69,,2.62,,1.1,,1.74,,0.57,,1.87,,0.21,,2.08,,1.18,,0.78,,1.29,,1.36,
SK36-X-38,SK36,Sample location delocated to a 10km square (see metadata),430000,360000,435000,365000,4,0,,27.5,,0.71,,7.92,,2.79,,1.41,,3.7,,1.64,,3.93,,1.41,,4.14,,0.5,,4.08,,2.72,,1.17,,2.34,,3.06,
SK46-X-54,SK46,Sample location delocated to a 10km square (see metadata),440000,360000,445000,365000,1,0,,20.09,,0.26,,8.96,,1.41,,,NULL,6.93,,2.18,,1.86,,0.42,,2.28,,0.46,,6.87,,0.78,,4.29,,0.24,,1.25,
SK46-X-54,SK46,Sample location delocated to a 10km square (see metadata),440000,360000,445000,365000,2,0,,19.57,,0.15,,8.44,,1.24,,0.01,,6.67,,1.65,,1.7,,0.42,,2.05,,0.34,,5.39,,0.33,,4.54,,0.23,,1.01,
SK46-X-54,SK46,Sample location delocated to a 10km square (see metadata),440000,360000,445000,365000,3,0,,32.62,,0.77,,13.66,,4.69,,0.43,,10.59,,5.03,,4.97,,1.72,,5.71,,1.54,,8.78,,2.88,,5.97,,1.4,,4.48,
SK46-X-54,SK46,Sample location delocated to a 10km square (see metadata),440000,360000,445000,365000,4,1,,44.72,,1.07,,22.13,,5.16,,,NULL,18.65,,11.19,,6.84,,1.65,,7.49,,2.13,,18.45,,3.23,,13.42,,3.09,,5.36,
SK65-X-89,SK65,Sample location delocated to a 10km square (see metadata),460000,350000,465000,355000,1,1,,20.9,,0.92,,7.89,,2.89,,0.96,,4.65,,2.53,,3.93,,1.03,,3.93,,0.79,,4.08,,2.49,,3.7,,2.34,,2.85,
SK65-X-89,SK65,Sample location delocated to a 10km square (see metadata),460000,350000,465000,355000,2,0,,17.79,,0.38,,4.22,,1.14,,0.67,,2.94,,0.5,,1.29,,0.42,,1.32,,0.22,,1.31,,0.71,,0.56,,0.96,,0.88,
SK65-X-89,SK65,Sample location delocated to a 10km square (see metadata),460000,350000,465000,355000,4,0,,20.63,,0.49,,4.06,,1.33,,0.66,,2.09,,0.83,,2.04,,0.61,,2.07,,0.26,,1.74,,1.16,,0.73,,1.4,,1.62,
SK68-X-88,SK68,Sample location delocated to a 10km square (see metadata),460000,380000,465000,385000,1,0,,20.07,,0.34,,4.78,,1.73,,1.28,,2.34,,0.68,,2.76,,1.11,,3.34,,0.33,,2.59,,1.78,,0.96,,1.14,,2.51,
SK68-X-88,SK68,Sample location delocated to a 10km square (see metadata),460000,380000,465000,385000,4,0,,11.69,,0.26,,5.07,,0.71,,0.46,,2.13,,0.36,,1.36,,0.36,,1.62,,0.11,,1.39,,0.8,,0.51,,0.56,,1.14,
SK68-X-88,SK68,Sample location delocated to a 10km square (see metadata),460000,380000,465000,385000,2,0,,12.99,,0.24,,4.16,,0.83,,0.41,,1.67,,0.33,,1.47,,0.37,,1.43,,0.06,,1.32,,0.85,,0.67,,0.66,,1.22,
SK68-X-88,SK68,Sample location delocated to a 10km square (see metadata),460000,380000,465000,385000,3,0,,20.66,,0.34,,5.3,,1.52,,0.91,,2.66,,0.25,,2.37,,0.83,,2.79,,0.08,,2.46,,1.47,,0.74,,1,,1.6,
SK73-X-65,SK73,Sample location delocated to a 10km square (see metadata),470000,330000,475000,335000,1,2,,27.37,,0.78,,8.15,,3.16,,0.23,,6.38,,2.62,,4.47,,0.75,,5.46,,0.58,,6.72,,2.19,,3.16,,2.52,,4.03,
SK73-X-65,SK73,Sample location delocated to a 10km square (see metadata),470000,330000,475000,335000,2,3,,19.48,,0.21,,2.81,,1.4,,0.13,,3.07,,0.45,,2.47,,0.25,,2.39,,0.22,,3.86,,0.58,,0.96,,1.03,,1.29,
SK74-X-77,SK74,Sample location delocated to a 10km square (see metadata),470000,340000,475000,345000,2,1,,21.48,,1.31,,3.41,,2.09,,0.65,,1.89,,0.91,,3.38,,0.54,,2.99,,0.14,,1.86,,1.22,,0.63,,3.18,,3.54,
SK87-X-82,SK87,Sample location delocated to a 10km square (see metadata),480000,370000,485000,375000,2,0,,13.76,,0.47,,4.76,,1.56,,,NULL,3.78,,2.07,,2.14,,0.41,,2.57,,0.34,,3.74,,1.38,,2.19,,1.29,,1.72,
SK87-X-82,SK87,Sample location delocated to a 10km square (see metadata),480000,370000,485000,375000,3,0,,13.34,,0.21,,3.45,,0.71,,0.34,,1.6,,0.19,,0.97,,0.28,,1.12,,0.09,,0.78,,0.52,,0.58,,0.68,,0.67,
SK87-X-82,SK87,Sample location delocated to a 10km square (see metadata),480000,370000,485000,375000,4,0,,12.44,,0.06,,3.55,,0.36,,0.33,,1.37,,0.19,,0.63,,0.22,,0.74,,,NULL,0.76,,0.41,,0.4,,0.18,,0.46,
SK90-X-42,SK90,Sample location delocated to a 10km square (see metadata),490000,300000,495000,305000,2,1,,17.56,,0.52,,6.86,,1.94,,0.47,,3.69,,1.29,,2.83,,0.75,,3.27,,0.54,,3.7,,1.72,,1.19,,1.44,,2.79,
SK95-X-68,SK95,Sample location delocated to a 10km square (see metadata),490000,350000,495000,355000,1,0,,15.22,,0.42,,2.16,,0.82,,0.11,,0.73,,0.45,,1.6,,0.25,,1.79,,,NULL,1.08,,0.66,,0.07,,0.65,,1.29,
SK95-X-68,SK95,Sample location delocated to a 10km square (see metadata),490000,350000,495000,355000,2,1,,24.3,,1.18,,2.95,,2.09,,0.13,,1.38,,1.5,,3.17,,0.85,,3.34,,0.37,,2.5,,2.02,,0.44,,1.83,,2.81,
SK95-X-68,SK95,Sample location delocated to a 10km square (see metadata),490000,350000,495000,355000,3,0,,18.37,,0.6,,2.36,,0.79,,0.49,,1.11,,0.67,,1.46,,0.44,,1.69,,0.15,,1.14,,0.97,,0.36,,0.64,,1.3,
SO36-X-95,SO36,Sample location delocated to a 10km square (see metadata),330000,260000,335000,265000,5,0,,33.89,,0.71,,8.92,,4.24,,2.41,,5.54,,1.65,,6.69,,2.38,,6.51,,0.92,,5.81,,3.98,,2.64,,2.83,,5.04,
SO39-X-62,SO39,Sample location delocated to a 10km square (see metadata),330000,290000,335000,295000,3,1,,33.27,,1.24,,10.08,,4.58,,1.55,,4.89,,2.05,,5.71,,1.81,,5.43,,1,,5.66,,3.73,,1.92,,2.69,,3.32,
SO39-X-62,SO39,Sample location delocated to a 10km square (see metadata),330000,290000,335000,295000,6,1,,37.28,,1.21,,8.3,,3.48,,2.27,,3.63,,1.79,,6.29,,2.35,,7.39,,0.73,,5.89,,5.1,,1.64,,3.43,,4.48,
SO52-X-37,SO52,Sample location delocated to a 10km square (see metadata),350000,220000,355000,225000,1,1,,13.02,,0.31,,7.68,,1.53,,0.6,,4.96,,0.45,,2.03,,0.51,,2.43,,0.18,,3.15,,1.12,,1.08,,0.84,,1.37,
SO52-X-37,SO52,Sample location delocated to a 10km square (see metadata),350000,220000,355000,225000,3,0,,16.58,,1.02,,5.96,,2.41,,0.16,,2.91,,0.91,,3.96,,1.01,,4.21,,0.35,,3.83,,2.81,,1.38,,2,,3.36,
SO52-X-37,SO52,Sample location delocated to a 10km square (see metadata),350000,220000,355000,225000,4,0,,13.89,,0.25,,9.03,,1.5,,0.63,,5.84,,0.53,,2.08,,0.46,,2.27,,0.33,,3.34,,1.33,,1.04,,0.8,,1.27,
SO54-X-80,SO54,Sample location delocated to a 10km square (see metadata),350000,240000,355000,245000,1,0,,38.36,,1.58,,8.43,,4.66,,1.98,,3.76,,1.64,,6.21,,2.17,,7.86,,0.73,,6.24,,4.6,,1.3,,3.31,,5.73,
SO54-X-80,SO54,Sample location delocated to a 10km square (see metadata),350000,240000,355000,245000,3,1,,33.87,,0.73,,7.56,,3.2,,2.05,,3.93,,1.51,,4.79,,1.5,,5.06,,0.5,,5,,3.31,,1.78,,2.63,,4.34,
SO55-X-57,SO55,Sample location delocated to a 10km square (see metadata),350000,250000,355000,255000,1,1,,14.99,,0.52,,7.02,,2.18,,0.16,,5.3,,0.49,,2.25,,0.52,,2.91,,0.25,,3.23,,1.53,,1.06,,1.01,,1.77,
SO55-X-57,SO55,Sample location delocated to a 10km square (see metadata),350000,250000,355000,255000,2,0,,15.77,,0.11,,6.19,,1.08,,0.6,,3.49,,0.24,,1.43,,0.4,,1.38,,0.13,,1.82,,0.77,,1.36,,0.48,,0.92,
SO58-X-13,SO58,Sample location delocated to a 10km square (see metadata),350000,280000,355000,285000,2,0,,33.53,,0.6,,6.87,,3.12,,1.66,,5.2,,1.23,,3.75,,1.48,,4.6,,0.49,,2.19,,2.77,,2.64,,1.95,,3.08,
SO58-X-13,SO58,Sample location delocated to a 10km square (see metadata),350000,280000,355000,285000,4,0,,18.54,,0.46,,6.6,,1.55,,0.63,,4.35,,0.52,,2.04,,0.61,,2.2,,0.25,,2.25,,1.01,,1.19,,1.33,,1.37,
SO65-X-10,SO65,Sample location delocated to a 10km square (see metadata),360000,250000,365000,255000,2,0,,31.19,,0.85,,6.99,,2.91,,2.71,,3.75,,1.51,,4.9,,2.13,,4.97,,0.82,,4.39,,2.68,,1.84,,3.17,,3.96,
SO65-X-10,SO65,Sample location delocated to a 10km square (see metadata),360000,250000,365000,255000,3,0,,29.24,,0.67,,10.87,,3.25,,2.03,,6.87,,1.28,,4.9,,2.12,,5.45,,0.81,,6.38,,3.06,,3.06,,2.92,,3.76,
SO65-X-10,SO65,Sample location delocated to a 10km square (see metadata),360000,250000,365000,255000,4,0,,26.76,,0.4,,8.01,,2.83,,1.55,,5.2,,0.88,,3.4,,1.35,,3.93,,0.45,,4.71,,2.44,,2.37,,2.03,,3.41,
SO66-X-60,SO66,Sample location delocated to a 10km square (see metadata),360000,260000,365000,265000,2,0,,19.88,,0.64,,7.56,,2.39,,,NULL,6,,1.27,,2.87,,0.56,,3.33,,0.48,,4,,1.5,,1.83,,1.53,,1.87,
SO66-X-60,SO66,Sample location delocated to a 10km square (see metadata),360000,260000,365000,265000,3,0,,18.46,,0.44,,7.13,,2.14,,0.16,,6.02,,0.99,,2.54,,0.47,,2.34,,0.3,,3.63,,1.1,,1.82,,1.25,,1.34,
SO66-X-60,SO66,Sample location delocated to a 10km square (see metadata),360000,260000,365000,265000,4,0,,17.65,,0.42,,6.93,,1.71,,0.5,,4.95,,0.48,,2.01,,0.55,,2.53,,0.22,,3.11,,1.44,,1.4,,1.02,,1.5,
SO66-X-60,SO66,Sample location delocated to a 10km square (see metadata),360000,260000,365000,265000,5,0,,25.55,,0.76,,11.49,,3.88,,1.37,,8.82,,0.78,,4.76,,1.6,,4.76,,0.45,,6.1,,3.02,,3.73,,2.27,,4.62,
SO72-X-39,SO72,Sample location delocated to a 10km square (see metadata),370000,220000,375000,225000,1,1,,21.95,,0.92,,9.13,,2.8,,0.31,,6.55,,2.37,,3.68,,0.82,,3.81,,0.45,,5.14,,1.87,,3.22,,2.39,,3.09,
SO72-X-93,SO72,Sample location delocated to a 10km square (see metadata),370000,220000,375000,225000,1,1,,29.56,,1.74,,9.15,,4.05,,1.5,,6.83,,2.29,,6.12,,2.45,,6.89,,1.01,,7.04,,4,,1.88,,3.62,,4.82,
SO72-X-93,SO72,Sample location delocated to a 10km square (see metadata),370000,220000,375000,225000,2,1,,29.7,,2.02,,8.38,,4.25,,2.55,,7.24,,1.78,,6.34,,1.92,,6.27,,1.08,,4.85,,3.12,,2.65,,3.22,,5.08,
SO79-X-07,SO79,Sample location delocated to a 10km square (see metadata),370000,290000,375000,295000,1,0,,13.62,,0.43,,7.17,,1.44,,0.63,,2.98,,0.77,,2.49,,0.65,,2.78,,0.28,,2.6,,1.62,,0.72,,1.32,,1.57,
SO79-X-07,SO79,Sample location delocated to a 10km square (see metadata),370000,290000,375000,295000,2,0,,18.42,,0.44,,6.21,,2.11,,1.02,,2.69,,0.85,,2.93,,0.91,,3.31,,0.39,,3.25,,1.99,,1.03,,1.72,,2.11,
SO79-X-07,SO79,Sample location delocated to a 10km square (see metadata),370000,290000,375000,295000,3,0,,13.44,,0.17,,5.77,,0.58,,0.56,,2.42,,0.43,,0.94,,0.25,,1.13,,0.13,,1.1,,0.6,,0.49,,0.62,,0.61,
SO85-X-16,SO85,Sample location delocated to a 10km square (see metadata),380000,250000,385000,255000,2,1,,24.21,,0.49,,9.4,,1.87,,0.93,,7.35,,0.91,,2.69,,0.67,,2.86,,0.32,,3.36,,1.45,,1.38,,1.21,,1.83,
SO85-X-16,SO85,Sample location delocated to a 10km square (see metadata),380000,250000,385000,255000,3,1,,27.2,,1.07,,9.9,,3.5,,0.63,,7.2,,1.53,,4.2,,0.94,,4.04,,0.73,,4.98,,2.3,,1.92,,1.89,,3.15,
SP00-X-85,SP00,Sample location delocated to a 10km square (see metadata),400000,200000,405000,205000,2,4,,23.66,,0.28,,7.94,,1.96,,0.06,,5.06,,1.01,,2.51,,0.31,,2.93,,0.36,,5.96,,0.76,,2.18,,0.38,,1.49,
SP00-X-85,SP00,Sample location delocated to a 10km square (see metadata),400000,200000,405000,205000,3,4,,32.88,,1.33,,10.07,,3.84,,0.36,,7.89,,1.53,,5.1,,1.22,,6.28,,0.61,,9.43,,2.52,,2.68,,0.8,,4.01,
SP00-X-85,SP00,Sample location delocated to a 10km square (see metadata),400000,200000,405000,205000,4,4,,30.67,,0.51,,5.72,,3.32,,0.19,,5.32,,0.53,,4.35,,0.82,,5.54,,0.64,,6.64,,1.68,,1.01,,0.46,,3.51,
SP17-X-63,SP17,Sample location delocated to a 10km square (see metadata),410000,270000,415000,275000,1,0,,31.37,,0.61,,6.9,,3.24,,2.16,,4.28,,1.77,,4.36,,1.69,,4.66,,0.6,,5.33,,2.36,,2.48,,2.4,,3.75,
SP17-X-63,SP17,Sample location delocated to a 10km square (see metadata),410000,270000,415000,275000,2,0,,17.34,,0.66,,4.41,,1.77,,0.45,,2.05,,1.12,,2.19,,0.67,,2.94,,0.37,,2.84,,1.47,,0.61,,1.69,,1.9,
SP17-X-63,SP17,Sample location delocated to a 10km square (see metadata),410000,270000,415000,275000,3,0,,30.47,,0.59,,5.55,,3.14,,1.51,,3.23,,1.12,,4.25,,1.75,,4.45,,0.48,,4.45,,2.48,,2.52,,2.9,,3.83,
SP17-X-63,SP17,Sample location delocated to a 10km square (see metadata),410000,270000,415000,275000,4,0,,18.27,,0.74,,6.81,,2.13,,0.55,,4.55,,0.97,,3.03,,0.77,,3.43,,0.31,,3.06,,1.89,,0.96,,1.47,,1.89,
SP25-X-38,SP25,Sample location delocated to a 10km square (see metadata),420000,250000,425000,255000,3,1,,12.76,,0.2,,5.83,,1.19,,0.5,,4.56,,0.37,,1.42,,0.35,,1.56,,0.11,,2.56,,0.66,,1.16,,0.84,,0.9,
SP25-X-38,SP25,Sample location delocated to a 10km square (see metadata),420000,250000,425000,255000,2,0,,13.6,,0.62,,7.4,,1.76,,0.35,,5.02,,0.83,,2.38,,0.52,,2.53,,0.23,,3.37,,1.21,,1.15,,1.11,,1.94,
SP25-X-38,SP25,Sample location delocated to a 10km square (see metadata),420000,250000,425000,255000,4,1,,17.22,,1.1,,7.07,,2.68,,1.17,,6.16,,1.21,,3.68,,1.32,,3.78,,0.53,,4.13,,2.17,,1.53,,1.97,,3.18,
SP29-X-46,SP29,Sample location delocated to a 10km square (see metadata),420000,290000,425000,295000,1,0,,16,,0.49,,5.59,,1.32,,0.59,,3.16,,0.62,,1.85,,0.61,,2.17,,0.25,,2.17,,1.32,,0.74,,0.83,,1.65,
SP29-X-46,SP29,Sample location delocated to a 10km square (see metadata),420000,290000,425000,295000,3,0,,29.5,,0.68,,6.4,,2.87,,1.68,,3.66,,0.64,,3.56,,1.38,,4.5,,0.44,,4.02,,2.43,,1.74,,1.35,,3.6,
SP42-X-16,SP42,Sample location delocated to a 10km square (see metadata),440000,220000,445000,225000,4,1,,24.11,,0.82,,9.3,,3.2,,0.1,,7.1,,1.57,,4.02,,0.96,,4.07,,0.58,,5.11,,1.83,,1.96,,1.07,,3,
SP42-X-16,SP42,Sample location delocated to a 10km square (see metadata),440000,220000,445000,225000,5,0,,30.65,,1.48,,11.52,,4.6,,2.13,,7.6,,1.99,,6.14,,2.04,,6.41,,0.83,,6.03,,3.41,,2.58,,2.81,,4.83,
SP42-X-16,SP42,Sample location delocated to a 10km square (see metadata),440000,220000,445000,225000,6,2,,37.82,,0.73,,11.51,,3.21,,0.51,,8.71,,3.15,,4.29,,0.99,,4.97,,0.92,,9.2,,1.73,,3.88,,1.77,,3.84,
SP44-X-45,SP44,Sample location delocated to a 10km square (see metadata),440000,240000,445000,245000,1,0,,42.13,,1.76,,11.19,,4.88,,2.85,,7.67,,2.84,,5.94,,2.09,,7.02,,1.12,,7.59,,3.88,,2.47,,3.86,,5.32,
SP44-X-45,SP44,Sample location delocated to a 10km square (see metadata),440000,240000,445000,245000,2,0,,37.4,,1.64,,9.01,,5.43,,2.25,,6.62,,2.46,,6.29,,2.13,,6.32,,0.95,,5.59,,3.44,,2.05,,3.2,,4.72,
SP44-X-45,SP44,Sample location delocated to a 10km square (see metadata),440000,240000,445000,245000,3,0,,27.27,,0.53,,9.96,,2.94,,1.33,,9.2,,1.03,,3.32,,1.04,,3.9,,0.57,,4.95,,1.43,,3.53,,1.33,,2.13,
SP44-X-45,SP44,Sample location delocated to a 10km square (see metadata),440000,240000,445000,245000,4,0,,38.91,,1.61,,9.34,,5.22,,1.5,,5.69,,2.97,,7.28,,2.38,,7.66,,1.01,,8.18,,3.98,,1.93,,4.65,,6.06,
SP50-X-72,SP50,Sample location delocated to a 10km square (see metadata),450000,200000,455000,205000,2,0,,28.03,,0.67,,7.66,,2.35,,1.08,,3.89,,1.2,,4.05,,1.5,,4.16,,0.33,,3.76,,2.41,,1.46,,1.26,,3.58,
SP62-X-33,SP62,Sample location delocated to a 10km square (see metadata),460000,220000,465000,225000,1,1,,23.45,,1.37,,1.98,,2.3,,0.68,,1.25,,1.8,,4.59,,1.17,,4.12,,0.52,,2.68,,2.51,,0.78,,2.8,,3.2,
SP62-X-33,SP62,Sample location delocated to a 10km square (see metadata),460000,220000,465000,225000,2,0,,38.67,,2.02,,9.58,,4.94,,,NULL,4.55,,2.69,,6.39,,1.29,,7.07,,0.81,,6.56,,3.96,,1.28,,3.24,,6.3,
SP73-X-31,SP73,Sample location delocated to a 10km square (see metadata),470000,230000,475000,235000,2,1,,28.38,,0.73,,14.57,,3.73,,0.04,,9.29,,2.35,,4.23,,1.19,,5.87,,0.88,,7.9,,2.46,,1.91,,1.7,,3.65,
SP73-X-31,SP73,Sample location delocated to a 10km square (see metadata),470000,230000,475000,235000,3,2,,30.81,,1.18,,7.67,,3.46,,0.14,,5.88,,3.43,,4.98,,1.01,,5.66,,0.81,,8.79,,2.24,,2.31,,2.09,,4.03,
SP73-X-31,SP73,Sample location delocated to a 10km square (see metadata),470000,230000,475000,235000,4,0,,26.11,,0.67,,2.87,,2.74,,1.85,,1.78,,1.67,,4.85,,2.02,,4.65,,0.65,,4.48,,3.16,,1.46,,3.32,,2.96,
SP85-X-16,SP85,Sample location delocated to a 10km square (see metadata),480000,250000,485000,255000,2,0,,22.91,,1.29,,4.4,,1.88,,0.8,,2.56,,1.24,,3.29,,0.87,,3.89,,0.29,,2.73,,2.02,,0.74,,1.99,,3.37,
SP85-X-16,SP85,Sample location delocated to a 10km square (see metadata),480000,250000,485000,255000,3,0,,22.43,,0.58,,3.1,,1.78,,0.78,,2.35,,1.1,,2.54,,0.54,,2.5,,0.12,,2.01,,1.2,,0.57,,1.52,,2.53,
SP85-X-61,SP85,Sample location delocated to a 10km square (see metadata),480000,250000,485000,255000,1,1,,25.53,,1.56,,3.25,,2.69,,1.02,,1.92,,1.53,,4.04,,1.08,,4.4,,0.38,,3.21,,2.28,,0.84,,2.57,,3.26,
SP85-X-61,SP85,Sample location delocated to a 10km square (see metadata),480000,250000,485000,255000,2,1,,20.95,,0.9,,4.07,,2.09,,0.47,,2.81,,1.12,,2.94,,0.6,,2.9,,0.21,,1.92,,1.36,,0.68,,2.06,,2.41,
SP91-X-32,SP91,Sample location delocated to a 10km square (see metadata),490000,210000,495000,215000,3,4,,21.37,,0.23,,3.66,,2.03,,0.15,,3.91,,0.28,,3.23,,0.43,,4.02,,0.27,,5.29,,1.18,,0.41,,0.44,,2.03,
SP98-X-56,SP98,Sample location delocated to a 10km square (see metadata),490000,280000,495000,285000,2,0,,24.39,,0.68,,5.38,,1.82,,0.18,,3.65,,1.44,,2.86,,0.93,,3.17,,0.54,,3.97,,1.81,,1.13,,2.12,,2.1,
SP98-X-56,SP98,Sample location delocated to a 10km square (see metadata),490000,280000,495000,285000,4,1,,25.03,,0.75,,4.49,,1.85,,0.51,,3.01,,1.49,,2.83,,0.63,,3.12,,0.31,,2.77,,1.46,,0.67,,2.16,,2.17,
SS14-X-12,SS14,Sample location delocated to a 10km square (see metadata),210000,140000,215000,145000,5,,NULL,,NULL,,,,NULL,,NULL,,,,NULL,,,,NULL,,NULL,,NULL,,,,NULL,,NULL,,NULL,,NULL,,NULL
SS14-X-12,SS14,Sample location delocated to a 10km square (see metadata),210000,140000,215000,145000,1,0,,33.37,,0.15,,2.83,,1.85,,2.93,,2.91,,1.67,,4.01,,1.78,,4.45,,0.9,,5.75,,2.84,,0.94,,1.76,,3.01,
SS14-X-12,SS14,Sample location delocated to a 10km square (see metadata),210000,140000,215000,145000,4,0,,48.99,,0.68,,6.45,,2.94,,2.57,,5.59,,4.72,,8.4,,3.42,,7.95,,2.51,,9.9,,3.72,,3.85,,3.44,,7.66,
SS54-X-07,SS54,Sample location delocated to a 10km square (see metadata),250000,140000,255000,145000,1,0,,34.92,,0.74,,9.36,,3.25,,1.98,,4.33,,1.85,,4.82,,2.26,,5.31,,0.8,,5.58,,2.96,,2.68,,2.48,,3.81,
SS64-X-33,SS64,Sample location delocated to a 10km square (see metadata),260000,140000,265000,145000,2,0,,36.67,,0.23,,1.91,,1.1,,1.39,,1.44,,1.73,,2.13,,1.15,,2.77,,0.56,,6.08,,1.1,,1.32,,2.93,,2.75,
SS72-X-12,SS72,Sample location delocated to a 10km square (see metadata),270000,120000,275000,125000,1,0,,35.51,,0.55,,8.9,,3.67,,1.19,,6.11,,1.55,,5.03,,1.55,,5.54,,0.51,,5.91,,3.81,,2.87,,2.2,,3.88,
SS72-X-12,SS72,Sample location delocated to a 10km square (see metadata),270000,120000,275000,125000,2,0,,32.43,,0.83,,10.09,,4.2,,1.54,,5.48,,1.73,,5.83,,1.52,,6.19,,0.85,,6.9,,3.84,,3.73,,3.13,,5.09,
SS72-X-12,SS72,Sample location delocated to a 10km square (see metadata),270000,120000,275000,125000,4,0,,36.62,,0.45,,11.17,,4.43,,2.89,,7.34,,1.49,,5.14,,2.15,,5.93,,0.81,,7.28,,3.5,,3.49,,2.24,,3.83,
SS72-X-80,SS72,Sample location delocated to a 10km square (see metadata),270000,120000,275000,125000,1,0,,23.78,,0.77,,10.35,,2.23,,1.7,,7.4,,1.06,,3.57,,1.28,,3.87,,0.5,,3.72,,1.96,,1.87,,1.89,,2.32,
SS72-X-80,SS72,Sample location delocated to a 10km square (see metadata),270000,120000,275000,125000,2,0,,35.69,,0.75,,12.53,,4.72,,2.02,,6.64,,1.7,,6.74,,2.41,,6.78,,1.08,,6.47,,4.53,,4.04,,3.69,,4.63,
SS72-X-80,SS72,Sample location delocated to a 10km square (see metadata),270000,120000,275000,125000,3,0,,44.88,,0.83,,9.46,,5.06,,4.17,,5.68,,1.6,,7.51,,2.87,,7.89,,1.04,,6.47,,6.08,,3.59,,4.12,,4.75,
SS72-X-80,SS72,Sample location delocated to a 10km square (see metadata),270000,120000,275000,125000,4,0,,26.42,,0.74,,10.04,,3.18,,1.4,,6.71,,1.27,,3.96,,1.33,,4.58,,0.55,,4.6,,2.41,,2.28,,2.51,,2.95,
SS74-X-05,SS74,Sample location delocated to a 10km square (see metadata),270000,140000,275000,145000,1,0,,33.48,,0.49,,9.42,,3.76,,1.93,,5.5,,1.35,,5.06,,2.44,,6.15,,0.72,,8.4,,3.3,,3.26,,2.38,,4.31,
SS74-X-05,SS74,Sample location delocated to a 10km square (see metadata),270000,140000,275000,145000,3,0,,35.8,,0.73,,7.49,,3.45,,2.86,,4.35,,2.14,,4.71,,2.02,,5.26,,0.97,,6.43,,3.68,,3.65,,2.28,,4.67,
SS74-X-05,SS74,Sample location delocated to a 10km square (see metadata),270000,140000,275000,145000,5,0,,31.2,,0.2,,6.85,,1.6,,1.46,,3.49,,1.14,,2.61,,1.26,,2.88,,0.61,,5.08,,1.4,,2.59,,1.7,,2.24,
SS91-X-02,SS91,Sample location delocated to a 10km square (see metadata),290000,110000,295000,115000,1,0,,35.18,,0.57,,14.25,,4.13,,2.2,,9.74,,1.35,,5.48,,2.32,,5.74,,0.89,,9.51,,3.57,,5.4,,1.3,,3.55,
SS91-X-02,SS91,Sample location delocated to a 10km square (see metadata),290000,110000,295000,115000,2,0,,24.8,,1.02,,8.5,,3.65,,1.22,,6.37,,1.25,,5.4,,1.88,,5.61,,0.64,,4.67,,3.87,,1.76,,2.18,,3.69,
SS91-X-02,SS91,Sample location delocated to a 10km square (see metadata),290000,110000,295000,115000,3,1,,42.44,,1.09,,8.47,,4.48,,2.66,,4.64,,2.94,,6.7,,2.05,,6.07,,0.98,,7.84,,4.11,,2.27,,4.09,,4.98,
SS91-X-02,SS91,Sample location delocated to a 10km square (see metadata),290000,110000,295000,115000,4,0,,28.91,,0.86,,7.97,,2.75,,1.18,,3.74,,1.69,,4.52,,1.26,,4.72,,0.5,,4.36,,2.44,,1.07,,2.14,,2.91,
SS91-X-02,SS91,Sample location delocated to a 10km square (see metadata),290000,110000,295000,115000,5,0,,32.83,,0.29,,6.2,,2.54,,1.25,,2.91,,1.53,,3.75,,1.63,,3.87,,0.56,,4.88,,2.69,,2.12,,1.84,,2.8,
SS92-X-58,SS92,Sample location delocated to a 10km square (see metadata),290000,120000,295000,125000,1,0,,41.94,,0.64,,2.65,,3.95,,1.47,,2.5,,1.51,,4.19,,1.66,,4.19,,0.56,,3.21,,1.59,,2.79,,2.25,,3.63,
SS92-X-58,SS92,Sample location delocated to a 10km square (see metadata),290000,120000,295000,125000,2,0,,32.77,,0.84,,7.45,,2.67,,0.16,,7.56,,2.1,,3.63,,1.09,,4.2,,1.11,,6.42,,2.3,,2.57,,2.03,,2.37,
ST02-X-95,ST02,Sample location delocated to a 10km square (see metadata),300000,120000,305000,125000,2,0,,34.69,,1.28,,16.18,,4.51,,2.35,,6.69,,2.25,,7.14,,2.41,,7.17,,1.18,,6.37,,3.87,,2.32,,3.42,,5.58,
ST02-X-95,ST02,Sample location delocated to a 10km square (see metadata),300000,120000,305000,125000,3,0,,42.84,,1.58,,9.27,,5.39,,4,,5.26,,2.38,,7.89,,3.28,,9.38,,1.31,,8.5,,4.65,,2.31,,5.26,,5.28,
ST10-X-03,ST10,Sample location delocated to a 10km square (see metadata),310000,100000,315000,105000,1,0,,35.89,,0.53,,8.36,,4.07,,3.03,,5.06,,1.84,,7.01,,2.39,,7.1,,0.62,,6.05,,3.76,,2.2,,3.43,,4.93,
ST10-X-03,ST10,Sample location delocated to a 10km square (see metadata),310000,100000,315000,105000,2,1,,38.8,,0.59,,7.39,,3.71,,2.28,,3.35,,1.36,,5.43,,1.91,,5.46,,0.81,,6.59,,3.66,,1.59,,2.64,,4.86,
ST10-X-73,ST10,Sample location delocated to a 10km square (see metadata),310000,100000,315000,105000,1,0,,27.64,,0.27,,5.12,,1.63,,1.53,,2.66,,0.76,,3.41,,1.55,,3.49,,0.41,,2.93,,2.05,,1.23,,1.34,,2.86,
ST10-X-73,ST10,Sample location delocated to a 10km square (see metadata),310000,100000,315000,105000,2,1,,27.01,,0.8,,7.38,,2.25,,2.48,,4.54,,1.37,,4.89,,1.86,,5.47,,0.38,,4.21,,3.89,,1.84,,2.84,,4.19,
ST10-X-73,ST10,Sample location delocated to a 10km square (see metadata),310000,100000,315000,105000,3,0,,26.53,,0.94,,5.75,,2.83,,1.7,,3.41,,1.37,,4.89,,1.54,,4.78,,0.53,,3.84,,3.8,,1.37,,2.33,,3.65,
ST10-X-73,ST10,Sample location delocated to a 10km square (see metadata),310000,100000,315000,105000,4,0,,21.89,,0.49,,8.86,,2.33,,1.28,,5.59,,0.85,,2.92,,1.05,,3.65,,0.41,,3.95,,2.73,,1.64,,1.81,,2.48,
ST32-X-87,ST32,Sample location delocated to a 10km square (see metadata),330000,120000,335000,125000,5,0,,24.18,,0.68,,3.95,,2.44,,1,,2.23,,0.9,,3.45,,1.39,,3.17,,0.43,,2.77,,2.21,,1.23,,1.44,,2.47,
ST56-X-83,ST56,Sample location delocated to a 10km square (see metadata),350000,160000,355000,165000,2,1,,26.53,,0.64,,3.02,,1.64,,0.79,,2.23,,1.16,,2.93,,0.82,,3.33,,0.38,,2.55,,2.13,,0.5,,1.41,,2.39,
ST56-X-83,ST56,Sample location delocated to a 10km square (see metadata),350000,160000,355000,165000,5,0,,14.68,,1.19,,4.88,,2.96,,1.64,,2.57,,1.45,,4.41,,1.33,,4.73,,0.44,,4.35,,2.85,,0.68,,3.36,,3.56,
ST58-X-97,ST58,Sample location delocated to a 10km square (see metadata),350000,180000,355000,185000,1,1,,32.45,,1.61,,7.43,,4.82,,2.34,,4.94,,1.85,,6.76,,2.15,,6.54,,0.92,,5.58,,4.02,,2.13,,3.9,,5.64,
ST58-X-97,ST58,Sample location delocated to a 10km square (see metadata),350000,180000,355000,185000,2,0,,29.21,,1.21,,4.93,,3.54,,2.19,,2.58,,1.54,,5.51,,1.71,,5.11,,0.5,,5.26,,3.07,,1.26,,3.38,,4.07,
ST58-X-97,ST58,Sample location delocated to a 10km square (see metadata),350000,180000,355000,185000,3,0,,22.83,,0.46,,4.37,,2.4,,1.31,,2.45,,0.88,,3.75,,1.28,,3.72,,0.34,,3.25,,1.92,,0.93,,1.67,,2.37,
ST58-X-97,ST58,Sample location delocated to a 10km square (see metadata),350000,180000,355000,185000,4,1,,21,,0.88,,8.53,,2.73,,0.39,,5.57,,2.16,,3.69,,0.71,,4.12,,0.44,,6.13,,1.75,,2.55,,2.66,,1.99,
ST64-X-50,ST64,Sample location delocated to a 10km square (see metadata),360000,140000,365000,145000,1,0,,31.21,,0.49,,8.28,,2.12,,2.15,,6.2,,0.89,,2.69,,1.28,,3.14,,0.44,,3.85,,1.71,,2.25,,1.73,,2.47,
ST64-X-50,ST64,Sample location delocated to a 10km square (see metadata),360000,140000,365000,145000,2,0,,33.36,,1.36,,11.37,,4.93,,2.5,,9.58,,1.75,,5.55,,1.93,,5.81,,1.1,,6.57,,2.97,,3.28,,3.87,,4.15,
ST64-X-50,ST64,Sample location delocated to a 10km square (see metadata),360000,140000,365000,145000,3,0,,30.63,,0.77,,7.82,,2.87,,2.66,,5.43,,1.22,,4.72,,1.93,,4.88,,0.7,,3.72,,3.03,,1.59,,1.69,,3.67,
ST65-X-52,ST65,Sample location delocated to a 10km square (see metadata),360000,150000,365000,155000,1,0,,21.28,,0.33,,5.25,,1.85,,0.97,,4.42,,0.73,,2.12,,0.77,,2.19,,0.27,,2.61,,1.22,,1.58,,0.89,,1.38,
ST65-X-52,ST65,Sample location delocated to a 10km square (see metadata),360000,150000,365000,155000,2,0,,22.01,,0.61,,6.54,,2.03,,0.74,,3.98,,0.87,,2.82,,0.88,,2.78,,0.38,,3.07,,1.85,,1.32,,1.41,,1.92,
ST65-X-52,ST65,Sample location delocated to a 10km square (see metadata),360000,150000,365000,155000,3,1,,32.33,,0.68,,5.43,,2.53,,1.8,,3,,1.4,,4.44,,1.9,,4.7,,0.46,,3.82,,3.03,,1.4,,1.57,,3.19,
ST65-X-52,ST65,Sample location delocated to a 10km square (see metadata),360000,150000,365000,155000,4,0,,29.26,,1.12,,8.52,,2.69,,0.01,,5.6,,2.55,,4.7,,1.38,,4.7,,0.94,,7.51,,2.92,,2.6,,2.66,,2.43,
ST69-X-45,ST69,Sample location delocated to a 10km square (see metadata),360000,190000,365000,195000,2,0,,36.78,,1.85,,5.04,,4.6,,2.49,,3.8,,2.1,,6.39,,2.29,,6.17,,0.87,,5.77,,3.42,,2.59,,3.76,,5.33,
ST69-X-45,ST69,Sample location delocated to a 10km square (see metadata),360000,190000,365000,195000,3,1,,40.38,,0.82,,2.38,,3.22,,1.93,,2.32,,1.5,,5.4,,1.76,,5.55,,,NULL,5.5,,2.78,,1.03,,3.22,,5.28,
ST77-X-18,ST77,Sample location delocated to a 10km square (see metadata),370000,170000,375000,175000,1,4,,24.23,,0.6,,3.38,,2.51,,0.55,,3.09,,0.39,,2.97,,0.83,,4.39,,0.7,,3.93,,1.9,,0.42,,0.69,,2.29,
ST77-X-18,ST77,Sample location delocated to a 10km square (see metadata),370000,170000,375000,175000,3,4,,30.53,,0.83,,5.06,,3.44,,0.48,,4.57,,0.8,,4.54,,0.88,,4.86,,0.62,,4.57,,1.86,,0.59,,1.57,,4.45,
ST77-X-18,ST77,Sample location delocated to a 10km square (see metadata),370000,170000,375000,175000,4,4,,24.61,,0.54,,3.28,,2.4,,0.46,,3.15,,0.77,,3.79,,0.65,,4.12,,0.53,,4.33,,1.5,,0.41,,1.4,,3.11,
ST77-X-79,ST77,Sample location delocated to a 10km square (see metadata),370000,170000,375000,175000,3,3,,40.68,,0.93,,15.28,,3.79,,0.05,,11.83,,3.07,,5.67,,1.49,,6.6,,1.02,,11.63,,3.52,,4.23,,1.61,,4.55,
ST77-X-79,ST77,Sample location delocated to a 10km square (see metadata),370000,170000,375000,175000,6,4,,41.05,,0.88,,7.16,,5.88,,0.37,,6.16,,1.4,,7.54,,1.22,,7.32,,1.29,,8.41,,3.06,,0.85,,1.57,,7.69,
ST83-X-06,ST83,Sample location delocated to a 10km square (see metadata),380000,130000,385000,135000,1,0,,24.63,,0.35,,2.04,,1.23,,0.92,,1.11,,1.11,,2.75,,0.83,,3.1,,0.25,,3.15,,1.66,,0.64,,1.26,,1.82,
ST83-X-06,ST83,Sample location delocated to a 10km square (see metadata),380000,130000,385000,135000,2,0,,34.35,,1.53,,5.04,,3.84,,1.28,,3.26,,2.46,,6,,1.9,,6.61,,0.63,,6.3,,4.23,,0.89,,4.6,,4.3,
ST83-X-06,ST83,Sample location delocated to a 10km square (see metadata),380000,130000,385000,135000,3,0,,29.42,,0.44,,2.44,,1.89,,1.16,,1.41,,1.53,,3.59,,1.21,,4.42,,0.34,,3.2,,3.12,,0.68,,1.61,,3.17,
ST83-X-06,ST83,Sample location delocated to a 10km square (see metadata),380000,130000,385000,135000,4,0,,35.51,,1.18,,3.92,,3.78,,1.15,,2.38,,2.15,,5.72,,1.8,,6.35,,0.71,,6,,3.71,,1.11,,3.35,,5.12,
ST83-X-06,ST83,Sample location delocated to a 10km square (see metadata),380000,130000,385000,135000,5,0,,36.35,,0.6,,4.3,,3.42,,1.31,,2.97,,1.76,,4.44,,1.77,,5.59,,0.46,,7.12,,4.03,,2.23,,2.19,,4.32,
ST83-X-06,ST83,Sample location delocated to a 10km square (see metadata),380000,130000,385000,135000,6,0,,32.89,,0.45,,2.93,,2.72,,1.37,,1.78,,1.5,,3.97,,1.81,,4.59,,0.67,,5.61,,2.73,,2.32,,2.36,,3.78,
SU10-X-40,SU10,Sample location delocated to a 10km square (see metadata),410000,100000,415000,105000,1,1,,12.04,,0.16,,3.29,,0.6,,0.03,,2.79,,2.04,,1.13,,0.36,,1.23,,0.15,,3.08,,0.79,,1.9,,0.68,,1.2,
SU10-X-40,SU10,Sample location delocated to a 10km square (see metadata),410000,100000,415000,105000,2,0,,16,,0.52,,2.71,,1.65,,1.45,,1.19,,0.74,,2.85,,0.95,,2.94,,0.44,,3.15,,1.85,,0.5,,1.69,,3.12,
SU10-X-40,SU10,Sample location delocated to a 10km square (see metadata),410000,100000,415000,105000,3,0,,12.87,,0.28,,2.61,,0.82,,0.61,,0.82,,0.63,,1.45,,0.45,,1.77,,0.22,,1.57,,1.21,,0.28,,0.75,,1.29,
SU10-X-40,SU10,Sample location delocated to a 10km square (see metadata),410000,100000,415000,105000,4,0,,12.17,,0.21,,0.73,,0.52,,0.45,,0.35,,0.48,,1.32,,0.46,,1.5,,0.04,,1.01,,1.26,,0.07,,0.55,,1.56,
SU10-X-40,SU10,Sample location delocated to a 10km square (see metadata),410000,100000,415000,105000,6,0,,27.17,,0.14,,1.14,,1.24,,1.26,,0.87,,,NULL,1.18,,0.75,,2.59,,0.35,,1.89,,1.24,,0.39,,1.29,,2.25,
SU26-X-21,SU26,Sample location delocated to a 10km square (see metadata),420000,160000,425000,165000,2,0,,20.27,,0.54,,4.68,,1.42,,0.62,,4,,0.86,,2.17,,0.61,,2.28,,0.18,,2.81,,1.25,,1.31,,1.43,,1.61,
SU26-X-21,SU26,Sample location delocated to a 10km square (see metadata),420000,160000,425000,165000,3,3,,17.62,,0.19,,5.37,,1.43,,0.14,,3.01,,0.63,,2.16,,0.37,,2.18,,0.32,,3.69,,0.8,,0.83,,0.5,,1.24,
SU29-X-51,SU29,Sample location delocated to a 10km square (see metadata),420000,190000,425000,195000,3,4,,22.76,,0.33,,4.99,,2.04,,0.37,,3.35,,0.45,,2.97,,0.6,,3.01,,0.53,,4.4,,1.17,,0.8,,0.54,,1.74,
SU29-X-51,SU29,Sample location delocated to a 10km square (see metadata),420000,190000,425000,195000,4,4,,26.77,,0.42,,5.95,,2.91,,0.37,,4.99,,0.82,,3.81,,0.84,,4.52,,0.51,,6.48,,1.79,,1.03,,1.25,,2.7,
SU38-X-26,SU38,Sample location delocated to a 10km square (see metadata),430000,180000,435000,185000,1,4,,40.07,,1.19,,4.81,,4.49,,0.36,,4.93,,1.47,,6.23,,1.95,,7.15,,1.5,,6.83,,3.38,,0.44,,2.27,,6.48,
SU38-X-26,SU38,Sample location delocated to a 10km square (see metadata),430000,180000,435000,185000,2,4,,25.65,,0.27,,3.19,,2.4,,0.23,,2.67,,0.61,,3.49,,0.73,,4.01,,0.62,,4.1,,1.6,,0.17,,0.47,,2.69,
SU50-X-83,SU50,Sample location delocated to a 10km square (see metadata),450000,100000,455000,105000,1,0,,26.44,,0.24,,7.01,,1.41,,1.16,,3.46,,0.95,,1.96,,0.93,,1.97,,0.32,,2.8,,1.24,,2.38,,0.98,,1.77,
SU50-X-83,SU50,Sample location delocated to a 10km square (see metadata),450000,100000,455000,105000,2,1,,25.29,,0.99,,7.46,,2.25,,,NULL,5.9,,3.17,,3.46,,0.85,,3.73,,0.56,,6.73,,1.9,,2.96,,2.52,,3.31,
SU50-X-83,SU50,Sample location delocated to a 10km square (see metadata),450000,100000,455000,105000,4,1,,24.7,,0.56,,10.08,,2.66,,,NULL,6.89,,3.13,,3.53,,0.79,,4.59,,0.89,,8.05,,2.16,,4.21,,2.66,,3.37,
SU58-X-30,SU58,Sample location delocated to a 10km square (see metadata),450000,180000,455000,185000,3,4,,20.65,,0.22,,3.85,,1.65,,0.01,,2.57,,0.25,,2.33,,0.35,,3.02,,0.3,,3.49,,0.84,,0.39,,0.25,,1.22,
SU62-X-52,SU62,Sample location delocated to a 10km square (see metadata),460000,120000,465000,125000,5,4,,24.83,,0.29,,2.55,,2.16,,0.26,,1.77,,0.19,,2.66,,0.8,,3.38,,0.7,,2.75,,1.47,,0.12,,0.11,,2.44,
SU63-X-94,SU63,Sample location delocated to a 10km square (see metadata),460000,130000,465000,135000,1,0,,25.1,,0.57,,7.59,,2.7,,2.01,,5,,1.15,,3.95,,1.63,,4.34,,0.7,,4.35,,2.52,,2.73,,1.97,,2.93,
SU63-X-94,SU63,Sample location delocated to a 10km square (see metadata),460000,130000,465000,135000,2,0,,24.81,,0.82,,10.41,,3.88,,1.31,,8.34,,1.13,,4.37,,1.68,,4.65,,0.68,,5.13,,2.78,,4.71,,2.07,,3.78,
SU63-X-94,SU63,Sample location delocated to a 10km square (see metadata),460000,130000,465000,135000,3,1,,22,,0.76,,9.38,,2.59,,0.84,,7.26,,1.19,,3.36,,1.16,,4.13,,0.46,,4.56,,2.68,,2.48,,1.46,,2.19,
SU63-X-94,SU63,Sample location delocated to a 10km square (see metadata),460000,130000,465000,135000,4,0,,25.83,,0.45,,8.37,,3.67,,1.97,,6,,1.38,,4.29,,1.68,,3.74,,0.9,,4.6,,3.59,,2.85,,1.79,,3.88,
SU92-X-21,SU92,Sample location delocated to a 10km square (see metadata),490000,120000,495000,125000,2,1,,15.77,,0.37,,6.47,,1.23,,0.67,,3.62,,1.32,,2.04,,1.05,,2.13,,0.4,,2.34,,1.22,,1.79,,0.95,,1.79,
SU92-X-21,SU92,Sample location delocated to a 10km square (see metadata),490000,120000,495000,125000,3,1,,15.41,,0.24,,7.45,,1.05,,0.74,,4.27,,0.55,,1.6,,0.72,,1.98,,0.18,,2.24,,1.11,,1.09,,0.52,,1.06,
SW72-X-01,SW72,Sample location delocated to a 10km square (see metadata),170000,20000,175000,25000,1,0,,24.27,,0.4,,4.47,,1.62,,1.22,,2.26,,1.02,,2.87,,1.15,,2.93,,0.39,,2.48,,2.27,,0.76,,1.23,,2.22,
SW72-X-01,SW72,Sample location delocated to a 10km square (see metadata),170000,20000,175000,25000,2,0,,25.64,,0.2,,3.98,,1.14,,0.97,,1.71,,0.94,,2.11,,0.85,,2.3,,0.28,,1.88,,1.52,,0.78,,1.23,,1.72,
SW72-X-01,SW72,Sample location delocated to a 10km square (see metadata),170000,20000,175000,25000,3,0,,28.28,,0.43,,3.91,,1.97,,1.5,,2.22,,1.12,,3.35,,1.6,,3.82,,0.41,,2.99,,2.72,,0.92,,1.23,,2.28,
SW72-X-01,SW72,Sample location delocated to a 10km square (see metadata),170000,20000,175000,25000,4,0,,28.82,,0.23,,8.2,,2.44,,1.08,,6.22,,0.79,,3.11,,1.04,,3.55,,0.33,,5.02,,1.88,,1.98,,1.66,,1.96,
SW72-X-48,SW72,Sample location delocated to a 10km square (see metadata),170000,20000,175000,25000,1,0,,25.8,,0.35,,6.22,,1.87,,1.09,,4.29,,0.85,,2.54,,1.01,,2.41,,0.35,,2.76,,1.48,,1.72,,0.98,,1.97,
SW72-X-48,SW72,Sample location delocated to a 10km square (see metadata),170000,20000,175000,25000,3,0,,22.56,,0.19,,6.13,,1.77,,0.89,,3.83,,0.6,,2.19,,0.68,,2.23,,0.31,,2.96,,1.31,,1.42,,0.89,,1.81,
SW72-X-48,SW72,Sample location delocated to a 10km square (see metadata),170000,20000,175000,25000,4,0,,26.7,,0.2,,6.69,,1.37,,1.09,,4.64,,0.64,,2.41,,0.79,,2.47,,0.24,,2.82,,1.65,,1.46,,1,,1.34,
SW72-X-48,SW72,Sample location delocated to a 10km square (see metadata),170000,20000,175000,25000,6,0,,31.73,,0.38,,6.86,,2.56,,1.12,,4.81,,1.22,,3.42,,1.22,,3.25,,0.57,,3.87,,2.26,,1.97,,1.42,,2.47,
SW83-X-65,SW83,Sample location delocated to a 10km square (see metadata),180000,30000,185000,35000,1,0,,27.93,,0.52,,7.82,,1.87,,0.98,,5.31,,0.61,,2.46,,0.98,,2.4,,0.46,,2.41,,1.06,,1.13,,1.86,,2.01,
SW83-X-65,SW83,Sample location delocated to a 10km square (see metadata),180000,30000,185000,35000,2,0,,24.86,,0.2,,8.23,,1.57,,1.62,,5.1,,0.36,,2.27,,0.82,,3.6,,0.08,,3.27,,1.81,,0.74,,1.69,,2.53,
SW83-X-65,SW83,Sample location delocated to a 10km square (see metadata),180000,30000,185000,35000,3,0,,32.44,,0.77,,9.02,,2.58,,1.16,,4.63,,0.9,,3.35,,1.34,,3.35,,0.38,,2.91,,1.74,,1.34,,1.24,,3.09,
SW83-X-65,SW83,Sample location delocated to a 10km square (see metadata),180000,30000,185000,35000,4,0,,25.2,,0.55,,7.58,,2.16,,1.68,,4.77,,0.68,,2.97,,1.35,,3.55,,0.74,,3.29,,2.14,,0.98,,1.56,,2.7,
SW84-X-14,SW84,Sample location delocated to a 10km square (see metadata),180000,40000,185000,45000,1,0,,31.92,,0.45,,9.65,,2.78,,1.43,,5.18,,1.17,,3.7,,1.7,,3.99,,0.45,,4.24,,2.02,,2.34,,1.88,,3.54,
SW84-X-14,SW84,Sample location delocated to a 10km square (see metadata),180000,40000,185000,45000,2,0,,41.9,,1.19,,10.71,,4.44,,4.92,,6.72,,2.45,,7.03,,2.9,,7.89,,1.11,,6.91,,4.32,,2.12,,5.09,,5.73,
SW84-X-14,SW84,Sample location delocated to a 10km square (see metadata),180000,40000,185000,45000,3,0,,39.83,,1.16,,10.57,,5.29,,3.5,,6.87,,1.97,,6.86,,2.76,,6.66,,1.07,,6.51,,3.97,,2.34,,3.46,,5.12,
SW84-X-14,SW84,Sample location delocated to a 10km square (see metadata),180000,40000,185000,45000,4,0,,29.86,,0.57,,8.1,,2.08,,2,,5.21,,1.11,,2.88,,1.25,,3.18,,0.55,,3.08,,1.62,,1.4,,2.25,,2.35,
SX06-X-23,SX06,Sample location delocated to a 10km square (see metadata),200000,60000,205000,65000,1,2,,27.88,,0.22,,10.43,,1.53,,0.43,,6.55,,1.85,,2.74,,0.62,,3.12,,0.67,,6.6,,1.26,,1.6,,1.05,,1.52,
SX06-X-23,SX06,Sample location delocated to a 10km square (see metadata),200000,60000,205000,65000,2,1,,39.15,,1.73,,17,,5.23,,1.71,,13.19,,5.08,,8.35,,2.57,,9.04,,1.97,,13.25,,6.66,,4.9,,6.1,,4.3,
SX06-X-23,SX06,Sample location delocated to a 10km square (see metadata),200000,60000,205000,65000,3,1,,33.28,,1.23,,9.97,,3.66,,1.97,,6.74,,3.42,,6.21,,2.25,,5.37,,0.96,,7.44,,4.51,,2.82,,3.34,,4.26,
SX06-X-23,SX06,Sample location delocated to a 10km square (see metadata),200000,60000,205000,65000,4,1,,27.76,,0.41,,12.79,,2.11,,0.3,,6.05,,2.08,,3.37,,0.88,,3.74,,0.79,,7.41,,2.56,,1.94,,2.07,,2.3,
SX07-X-56,SX07,Sample location delocated to a 10km square (see metadata),200000,70000,205000,75000,3,0,,25.52,,0.37,,10.68,,1.54,,0.48,,7.57,,1.3,,1.67,,0.65,,2.48,,0.78,,6.59,,1.02,,2.1,,1.19,,1.34,
SX16-X-83,SX16,Sample location delocated to a 10km square (see metadata),210000,60000,215000,65000,1,0,,39.34,,0.66,,6.69,,2.71,,1.65,,3.4,,1.43,,3.68,,1.83,,4.59,,0.79,,4.46,,2.62,,1.66,,1.82,,3.3,
SX16-X-83,SX16,Sample location delocated to a 10km square (see metadata),210000,60000,215000,65000,3,0,,38.48,,0.47,,6.2,,2.99,,1.87,,2.63,,1.54,,4.45,,2.02,,4.77,,0.8,,4.51,,2.62,,1.82,,2.17,,4.36,
SX16-X-83,SX16,Sample location delocated to a 10km square (see metadata),210000,60000,215000,65000,4,0,,36.34,,0.69,,7.05,,3.32,,1.51,,3.1,,1.25,,4.31,,1.67,,4.95,,0.77,,4.77,,3.29,,2.11,,1.98,,3.67,
SX26-X-02,SX26,Sample location delocated to a 10km square (see metadata),220000,60000,225000,65000,1,0,,36.23,,0.94,,9.46,,3.07,,2.08,,6.27,,0.94,,4.12,,1.82,,4.31,,0.72,,5.02,,2.44,,3.01,,2.19,,4.01,
SX26-X-02,SX26,Sample location delocated to a 10km square (see metadata),220000,60000,225000,65000,4,0,,33.86,,0.32,,8.63,,1.45,,1.2,,5.1,,0.81,,2.01,,0.99,,2.3,,0.17,,3.89,,1.17,,3.1,,1.24,,1.59,
SX47-X-43,SX47,Sample location delocated to a 10km square (see metadata),240000,70000,245000,75000,2,0,,45.62,,1.1,,13.44,,5.87,,4.83,,8.97,,2.31,,8.27,,3.31,,9.07,,1,,8.22,,5.69,,4.57,,4.79,,5.66,
SX57-X-54,SX57,Sample location delocated to a 10km square (see metadata),250000,70000,255000,75000,1,0,,65.82,,0.81,,16.07,,8.47,,5.76,,5.93,,4.67,,10.28,,4.04,,10.86,,2.08,,9.73,,9.99,,5.27,,5.41,,6.71,
SX57-X-54,SX57,Sample location delocated to a 10km square (see metadata),250000,70000,255000,75000,2,0,,44.84,,0.89,,6.46,,4.26,,4.62,,3.21,,2.82,,8.09,,3.24,,7.11,,1.31,,4.56,,5.17,,2.84,,4.78,,5.05,
SX57-X-54,SX57,Sample location delocated to a 10km square (see metadata),250000,70000,255000,75000,3,0,,46.94,,0.63,,3.71,,2.31,,2.48,,1.06,,1.14,,3.39,,1.24,,3.14,,0.24,,2.96,,3.25,,2.84,,1.24,,2.93,
SX57-X-54,SX57,Sample location delocated to a 10km square (see metadata),250000,70000,255000,75000,4,0,,42.24,,0.59,,5.41,,2.72,,2.14,,2.75,,1.57,,3.94,,1.54,,5.2,,0.97,,6.18,,3.84,,2.36,,2.6,,4.33,
SX69-X-05,SX69,Sample location delocated to a 10km square (see metadata),260000,90000,265000,95000,2,0,,22.85,,0.33,,5.51,,1.28,,0.93,,3.74,,0.74,,2.19,,0.8,,2.39,,0.25,,2.44,,1.49,,0.91,,1.08,,1.63,
SX69-X-05,SX69,Sample location delocated to a 10km square (see metadata),260000,90000,265000,95000,3,0,,28.62,,0.35,,4.64,,1.96,,1.06,,3.64,,1.03,,2.73,,1.03,,2.98,,0.23,,3.31,,1.55,,0.75,,1.31,,2.04,
SX69-X-05,SX69,Sample location delocated to a 10km square (see metadata),260000,90000,265000,95000,4,0,,36.31,,0.72,,2.95,,2.38,,1.11,,1.92,,1.13,,2.96,,1.34,,3.28,,0.42,,3.07,,2.44,,0.92,,2.02,,2.41,
SX69-X-05,SX69,Sample location delocated to a 10km square (see metadata),260000,90000,265000,95000,5,0,,36.14,,1.55,,5.35,,3.34,,2.22,,3.13,,1.72,,5.25,,1.75,,4.97,,0.84,,4.6,,3.39,,1.58,,3.02,,3.4,
SX73-X-00,SX73,Sample location delocated to a 10km square (see metadata),270000,30000,275000,35000,1,0,,22.51,,0.33,,5.54,,1.53,,0.81,,2.33,,0.73,,2.56,,1.06,,2.49,,0.36,,2.31,,1.42,,1.22,,1.17,,2.03,
SX73-X-00,SX73,Sample location delocated to a 10km square (see metadata),270000,30000,275000,35000,3,0,,23.45,,0.23,,5.58,,1.16,,0.88,,2.47,,0.52,,2.24,,0.94,,2.55,,0.24,,2.21,,1.76,,0.88,,0.93,,2.05,
SX74-X-66,SX74,Sample location delocated to a 10km square (see metadata),270000,40000,275000,45000,3,1,,33.92,,1.85,,11.14,,4.71,,2.01,,5.47,,1.84,,6.55,,2.38,,6.79,,1.19,,6.96,,4.08,,2.12,,2.58,,4.79,
SX74-X-66,SX74,Sample location delocated to a 10km square (see metadata),270000,40000,275000,45000,4,0,,30.35,,0.54,,7.32,,2.58,,1.77,,3.22,,1.27,,4.9,,1.85,,5.05,,0.59,,4.01,,3.09,,1.45,,2.45,,3.76,
SX74-X-66,SX74,Sample location delocated to a 10km square (see metadata),270000,40000,275000,45000,5,0,,29.06,,0.82,,9.8,,2.91,,0.5,,4.43,,1.38,,3.87,,1.17,,3.57,,0.66,,3.65,,2.15,,1.8,,1.83,,3.04,
SX74-X-66,SX74,Sample location delocated to a 10km square (see metadata),270000,40000,275000,45000,6,0,,34.53,,0.98,,7.5,,3.68,,1.03,,3.13,,1.62,,5.59,,2.05,,5.39,,0.61,,4.69,,3.84,,1.2,,2.14,,4.14,
SY08-X-14,SY08,Sample location delocated to a 10km square (see metadata),300000,80000,305000,85000,1,0,,24.06,,0.49,,7.41,,2.1,,2.36,,5.25,,0.76,,2.5,,1.49,,3.67,,0.52,,3.46,,2.28,,2.03,,1.49,,2.98,
SY08-X-14,SY08,Sample location delocated to a 10km square (see metadata),300000,80000,305000,85000,2,1,,18.86,,0.53,,7.15,,2.75,,1.63,,6.68,,0.53,,3.58,,1.22,,3.74,,0.46,,3.85,,2.18,,1.98,,1.56,,3.04,
SY08-X-14,SY08,Sample location delocated to a 10km square (see metadata),300000,80000,305000,85000,3,0,,17.07,,0.19,,8.2,,1.47,,0.83,,4.51,,0.36,,1.84,,0.88,,2.22,,0.25,,2.94,,1.36,,2.06,,0.83,,1.76,
SY08-X-14,SY08,Sample location delocated to a 10km square (see metadata),300000,80000,305000,85000,4,0,,19.66,,0.22,,6.77,,1.52,,0.96,,4.8,,0.35,,1.8,,1.03,,2.4,,0.2,,2.95,,1.29,,1.78,,0.67,,1.52,
TA10-X-85,TA10,Sample location delocated to a 10km square (see metadata),510000,400000,515000,405000,1,1,,18.71,,0.26,,9.22,,1.56,,,NULL,7.69,,2.18,,2.34,,0.64,,2.98,,0.55,,6.87,,1.06,,3.35,,0.57,,1.33,
TA10-X-85,TA10,Sample location delocated to a 10km square (see metadata),510000,400000,515000,405000,3,1,,13.48,,0.16,,7.24,,1.09,,,NULL,4.42,,1.26,,1.73,,0.38,,2.04,,0.27,,4.42,,0.8,,1.58,,0.51,,0.98,
TA10-X-85,TA10,Sample location delocated to a 10km square (see metadata),510000,400000,515000,405000,4,1,,14.91,,0.35,,8.42,,1.7,,0.01,,6.27,,1.38,,2.4,,0.55,,3.07,,0.48,,5.6,,1.15,,2.22,,0.41,,1.6,
TA10-X-85,TA10,Sample location delocated to a 10km square (see metadata),510000,400000,515000,405000,2,0,,15.97,,0.16,,6.83,,1.26,,,NULL,3.7,,0.91,,1.74,,0.47,,2.05,,0.42,,3.69,,0.79,,1.56,,0.51,,0.97,
TA12-X-94,TA12,Sample location delocated to a 10km square (see metadata),510000,420000,515000,425000,2,1,,24.16,,0.55,,6.05,,1.58,,0.3,,3.44,,1.25,,2.47,,0.45,,2.77,,0.31,,2.98,,1.15,,0.72,,2.09,,1.67,
TA14-X-65,TA14,Sample location delocated to a 10km square (see metadata),510000,440000,515000,445000,2,0,,23.6,,,NULL,4,,1.61,,1.06,,2,,0.41,,2.21,,0.81,,2.94,,0.13,,2.33,,1.23,,0.57,,0.8,,1.62,
TA20-X-79,TA20,Sample location delocated to a 10km square (see metadata),520000,400000,525000,405000,1,0,,15.23,,0.47,,4.36,,1.32,,0.23,,2.1,,0.62,,2.01,,0.51,,1.8,,0.14,,1.65,,0.99,,0.41,,1.03,,1.45,
TA20-X-79,TA20,Sample location delocated to a 10km square (see metadata),520000,400000,525000,405000,2,1,,16.53,,0.26,,6.59,,1.13,,,NULL,3.57,,1.23,,2.06,,0.31,,2.15,,0.37,,2.7,,0.79,,1.04,,1.04,,1.16,
TA23-X-87,TA23,Sample location delocated to a 10km square (see metadata),520000,430000,525000,435000,1,0,,16.64,,0.26,,5.63,,1.27,,0.18,,3.5,,0.69,,1.7,,0.32,,1.75,,0.2,,1.9,,0.81,,0.67,,0.79,,1.28,
TA23-X-87,TA23,Sample location delocated to a 10km square (see metadata),520000,430000,525000,435000,2,0,,17.72,,0.39,,2.82,,1.22,,0.44,,2.22,,0.71,,1.83,,0.38,,1.95,,0.13,,1.52,,0.86,,0.44,,0.81,,1.44,
TA23-X-87,TA23,Sample location delocated to a 10km square (see metadata),520000,430000,525000,435000,3,0,,18.05,,0.54,,3.84,,1.28,,0.26,,1.79,,0.9,,2.18,,0.45,,2.06,,0.23,,1.84,,0.97,,0.57,,1.15,,1.69,
TA23-X-87,TA23,Sample location delocated to a 10km square (see metadata),520000,430000,525000,435000,4,3,,14.99,,0.26,,4.72,,0.73,,0.07,,2.92,,1.16,,1.34,,0.19,,1.33,,0.21,,2.9,,0.46,,1.59,,0.32,,0.71,
TF12-X-73,TF12,Sample location delocated to a 10km square (see metadata),510000,320000,515000,325000,1,0,,38,,0.47,,4.15,,1.53,,,NULL,3.19,,3.14,,3.26,,0.76,,3.51,,0.51,,4.25,,1.9,,1.65,,1.92,,2.44,
TF12-X-73,TF12,Sample location delocated to a 10km square (see metadata),510000,320000,515000,325000,4,1,,38.23,,2.07,,7.03,,4.84,,0.64,,3.91,,3.86,,6.94,,1.98,,7.35,,1.07,,6.62,,4.44,,1.48,,2.86,,5.9,
TF15-X-76,TF15,Sample location delocated to a 10km square (see metadata),510000,350000,515000,355000,2,0,,15.93,,0.87,,4.95,,2.39,,1.04,,2.8,,1.02,,3.71,,1.01,,3.89,,0.4,,3.55,,1.92,,0.71,,1.79,,2.39,
TF15-X-76,TF15,Sample location delocated to a 10km square (see metadata),510000,350000,515000,355000,3,0,,24.48,,0.89,,3.62,,2.46,,1.69,,1.77,,1.44,,4.26,,1.37,,3.8,,0.57,,3.11,,1.8,,0.67,,2.2,,2.71,
TF16-X-56,TF16,Sample location delocated to a 10km square (see metadata),510000,360000,515000,365000,2,1,,25.5,,0.31,,9.64,,1.62,,,NULL,5.55,,4.27,,3.04,,0.32,,2.33,,0.48,,5.14,,1.11,,5.52,,1.11,,1.3,
TF16-X-56,TF16,Sample location delocated to a 10km square (see metadata),510000,360000,515000,365000,3,0,,27.36,,0.7,,11.62,,2.18,,0.05,,5.38,,3.43,,3.55,,0.61,,4.19,,0.51,,5.33,,2.04,,3.31,,1.65,,2.48,
TF22-X-99,TF22,Sample location delocated to a 10km square (see metadata),520000,320000,525000,325000,2,1,,16.34,,0.34,,7.01,,1.45,,,NULL,4.69,,2.5,,2.66,,0.38,,2.6,,0.49,,4.66,,0.93,,3.06,,0.47,,1.17,
TF22-X-99,TF22,Sample location delocated to a 10km square (see metadata),520000,320000,525000,325000,3,1,,14.61,,0.16,,4.5,,0.77,,,NULL,2.79,,0.86,,1.44,,0.22,,1.21,,0.17,,1.94,,0.35,,0.67,,0.29,,0.44,
TF22-X-99,TF22,Sample location delocated to a 10km square (see metadata),520000,320000,525000,325000,4,1,,15.99,,0.14,,4.24,,0.61,,,NULL,3.4,,1.52,,1.34,,0.22,,1.31,,0.24,,3.35,,0.47,,2.39,,0.32,,0.48,
TF23-X-61,TF23,Sample location delocated to a 10km square (see metadata),520000,330000,525000,335000,1,1,,17.82,,0.18,,8.01,,0.82,,,NULL,5.67,,2.55,,1.92,,0.36,,1.92,,0.29,,4.43,,0.58,,3.99,,0.46,,0.67,
TF23-X-61,TF23,Sample location delocated to a 10km square (see metadata),520000,330000,525000,335000,2,5,,17.83,,0.19,,5.89,,0.93,,0.09,,4.33,,1.4,,2.19,,0.43,,2.47,,0.36,,4.42,,0.87,,1.33,,0.47,,1.02,
TF23-X-61,TF23,Sample location delocated to a 10km square (see metadata),520000,330000,525000,335000,3,5,,16.42,,0.07,,3.36,,0.52,,,NULL,2.68,,0.58,,1.35,,0.18,,1.29,,0.18,,2.62,,0.34,,0.73,,0.23,,0.6,
TF23-X-61,TF23,Sample location delocated to a 10km square (see metadata),520000,330000,525000,335000,4,5,,18.42,,0.1,,6.37,,0.79,,0.05,,4.06,,1.21,,1.81,,0.2,,1.95,,0.24,,3.82,,0.75,,1.46,,0.21,,1.08,
TF27-X-98,TF27,Sample location delocated to a 10km square (see metadata),520000,370000,525000,375000,1,2,,16.6,,0.47,,6.22,,1.2,,0.23,,4.01,,1.54,,2.17,,0.44,,2.32,,0.35,,4.19,,0.96,,1.42,,1.26,,1.33,
TF27-X-98,TF27,Sample location delocated to a 10km square (see metadata),520000,370000,525000,375000,4,0,,23.47,,0.99,,5.07,,2.61,,0.92,,3.29,,1.13,,4.23,,1.07,,3.72,,0.38,,2.81,,1.91,,0.95,,2.07,,3.18,
TF29-X-04,TF29,Sample location delocated to a 10km square (see metadata),520000,390000,525000,395000,1,4,,20.42,,0.17,,3.47,,1.7,,0.23,,3.51,,0.13,,2.76,,1.1,,4.09,,0.36,,4.69,,1.29,,0.12,,0.13,,1.6,
TF29-X-04,TF29,Sample location delocated to a 10km square (see metadata),520000,390000,525000,395000,2,4,,20.61,,0.19,,2.29,,1.5,,0.07,,1.87,,0.17,,2.06,,0.34,,3.06,,0.25,,2.88,,0.83,,0.16,,0.16,,1.34,
TF29-X-04,TF29,Sample location delocated to a 10km square (see metadata),520000,390000,525000,395000,3,4,,20.05,,0.18,,2.67,,1.2,,0.1,,1.92,,0.19,,2.05,,0.34,,2.3,,0.2,,2.7,,0.88,,0.15,,0.15,,0.96,
TF29-X-04,TF29,Sample location delocated to a 10km square (see metadata),520000,390000,525000,395000,4,0,,21.93,,0.37,,8.86,,1.78,,0.24,,6.88,,1.61,,2.51,,0.59,,2.81,,0.36,,5.16,,1.21,,1.59,,1.5,,1.7,
TF29-X-04,TF29,Sample location delocated to a 10km square (see metadata),520000,390000,525000,395000,5,4,,20.98,,0.16,,2.13,,1.69,,0.46,,2.02,,0.13,,2.27,,1.21,,2.99,,0.38,,3.04,,1.53,,0.1,,0.18,,1.65,
TF30-X-14,TF30,Sample location delocated to a 10km square (see metadata),530000,300000,535000,305000,4,0,,17.97,,0.38,,9.02,,1.6,,,NULL,6.59,,4.54,,2.68,,0.44,,2.6,,0.44,,5.87,,1.13,,5.42,,0.99,,1.24,
TF30-X-14,TF30,Sample location delocated to a 10km square (see metadata),530000,300000,535000,305000,3,1,,24.02,,0.77,,6.7,,2.15,,0.19,,4.3,,2.33,,2.54,,0.55,,2.57,,0.33,,3.81,,1.25,,2.44,,1.73,,1.85,
TF32-X-48,TF32,Sample location delocated to a 10km square (see metadata),530000,320000,535000,325000,1,2,,15.27,,0.07,,5.4,,0.39,,0.01,,3.13,,2.2,,0.89,,0.14,,0.86,,0.18,,3.32,,0.27,,2.18,,0.15,,0.32,
TF35-X-06,TF35,Sample location delocated to a 10km square (see metadata),530000,350000,535000,355000,4,1,,17.08,,0.29,,7.35,,1.1,,0,,4.86,,2.4,,2.17,,0.4,,2.38,,0.41,,5.51,,0.88,,3.62,,0.95,,1.24,
TF35-X-23,TF35,Sample location delocated to a 10km square (see metadata),530000,350000,535000,355000,2,1,,15.71,,0.32,,2.06,,0.55,,0.13,,0.76,,0.66,,1.26,,0.22,,1.34,,0.09,,0.89,,0.57,,0.2,,0.58,,0.88,
TF35-X-23,TF35,Sample location delocated to a 10km square (see metadata),530000,350000,535000,355000,3,0,,36.82,,1.05,,3.3,,2.51,,1.67,,2.17,,1.56,,4.39,,1.92,,5.38,,0.38,,3.7,,3.28,,0.58,,1.95,,3.63,
TF35-X-23,TF35,Sample location delocated to a 10km square (see metadata),530000,350000,535000,355000,4,1,,24.39,,0.59,,2.79,,1.33,,0.45,,1.36,,0.99,,2.66,,0.47,,2.48,,0.15,,1.56,,1.39,,0.35,,1.31,,2.02,
TF40-X-88,TF40,Sample location delocated to a 10km square (see metadata),540000,300000,545000,305000,1,3,,16.17,,0.14,,4.89,,0.51,,0.12,,4.19,,1.2,,1.26,,0.85,,1.53,,0.26,,4.25,,0.78,,1.42,,0.4,,0.47,
TF40-X-88,TF40,Sample location delocated to a 10km square (see metadata),540000,300000,545000,305000,2,3,,21.1,,0.1,,5.41,,0.47,,,NULL,4.1,,1.9,,1.12,,0.27,,0.92,,0.28,,4.52,,0.51,,2.5,,0.69,,0.5,
TF40-X-88,TF40,Sample location delocated to a 10km square (see metadata),540000,300000,545000,305000,3,2,,18.11,,0.19,,5.59,,0.64,,0.09,,3.56,,1.7,,1.2,,0.26,,1.49,,0.24,,4.11,,0.5,,1.87,,0.29,,0.55,
TF40-X-88,TF40,Sample location delocated to a 10km square (see metadata),540000,300000,545000,305000,4,1,,18.77,,0.08,,8.28,,0.42,,,NULL,6.4,,3.43,,1.07,,0.21,,1.09,,0.23,,6.31,,0.45,,4.82,,0.69,,0.36,
TF41-X-84,TF41,Sample location delocated to a 10km square (see metadata),540000,310000,545000,315000,1,4,,18.28,,0.28,,4.24,,1.27,,0.12,,2.97,,0.72,,2.12,,0.5,,2.23,,0.45,,3.45,,0.98,,0.78,,0.49,,1.1,
TF41-X-84,TF41,Sample location delocated to a 10km square (see metadata),540000,310000,545000,315000,2,4,,18.16,,0.12,,4.32,,0.56,,0.03,,2.86,,0.79,,1.14,,0.2,,1.1,,0.29,,3.07,,0.43,,1.05,,0.33,,0.44,
TF41-X-84,TF41,Sample location delocated to a 10km square (see metadata),540000,310000,545000,315000,4,4,,18.98,,0.15,,2.9,,0.82,,,NULL,2.83,,0.73,,1.39,,0.31,,1.58,,0.32,,2.82,,0.6,,0.76,,0.44,,0.54,
TF42-X-59,TF42,Sample location delocated to a 10km square (see metadata),540000,320000,545000,325000,2,1,,15.34,,0.32,,8.65,,1.5,,,NULL,5.91,,3.2,,2.34,,0.39,,2.58,,0.37,,5.94,,1.1,,4.28,,0.75,,1.79,
TF42-X-59,TF42,Sample location delocated to a 10km square (see metadata),540000,320000,545000,325000,3,1,,16.42,,0.11,,9.13,,0.79,,,NULL,6.12,,3.29,,1.26,,0.23,,1.36,,0.22,,5.88,,0.48,,4.94,,0.49,,0.67,
TF42-X-59,TF42,Sample location delocated to a 10km square (see metadata),540000,320000,545000,325000,4,0,,17.8,,0.12,,10.02,,0.69,,,NULL,8.23,,3.41,,1.41,,0.25,,1.11,,0.25,,6.67,,0.46,,5.78,,0.31,,0.56,
TF50-X-06,TF50,Sample location delocated to a 10km square (see metadata),550000,300000,555000,305000,1,0,,29.56,,0.33,,6.12,,0.89,,,NULL,3.58,,2.38,,1.51,,0.41,,1.6,,0.43,,4.11,,0.63,,2.89,,1.49,,0.97,
TF50-X-06,TF50,Sample location delocated to a 10km square (see metadata),550000,300000,555000,305000,3,3,,30.33,,0.1,,7.76,,0.6,,,NULL,4.89,,2.12,,1.34,,0.2,,1.35,,0.26,,5.26,,0.45,,2.4,,0.43,,0.48,
TF55-X-05,TF55,Sample location delocated to a 10km square (see metadata),550000,350000,555000,355000,1,4,,20.23,,0.25,,3.06,,1.66,,0.12,,3.36,,0.37,,3.03,,0.81,,3.34,,0.29,,3.8,,1.53,,0.38,,0.44,,1.44,
TF55-X-05,TF55,Sample location delocated to a 10km square (see metadata),550000,350000,555000,355000,2,4,,18.99,,0.12,,3.09,,1.05,,0.12,,2.48,,0.24,,2.21,,0.55,,2.42,,0.22,,3.17,,0.72,,0.23,,0.26,,0.76,
TL01-X-11,TL01,Sample location delocated to a 10km square (see metadata),500000,210000,505000,215000,3,0,,16.75,,0.35,,6.61,,1.98,,0.47,,6.13,,0.64,,2.28,,0.67,,2.66,,0.34,,3.65,,1.18,,1.31,,0.54,,1.91,
TL04-X-14,TL04,Sample location delocated to a 10km square (see metadata),500000,240000,505000,245000,2,0,,10.45,,0.21,,4.22,,0.58,,0.2,,3.12,,0.4,,0.76,,0.2,,0.87,,0.08,,1.27,,0.39,,0.48,,0.34,,0.55,
TL12-X-01,TL12,Sample location delocated to a 10km square (see metadata),510000,220000,515000,225000,2,4,,20.75,,0.12,,1.78,,0.99,,,NULL,1.35,,0.13,,1.35,,0.22,,1.81,,0.23,,2.15,,0.52,,0.11,,0.11,,0.9,
TL12-X-01,TL12,Sample location delocated to a 10km square (see metadata),510000,220000,515000,225000,3,4,,21.21,,0.23,,2.6,,1.54,,0.03,,2.06,,0.14,,2.04,,0.3,,2.77,,0.17,,3.1,,0.8,,0.22,,0.18,,1.16,
TL12-X-01,TL12,Sample location delocated to a 10km square (see metadata),510000,220000,515000,225000,5,4,,21.25,,0.16,,2.21,,1.03,,0.03,,1.38,,0.12,,1.5,,0.25,,2.02,,0.26,,2.14,,0.49,,0.15,,0.09,,1.2,
TL14-X-57,TL14,Sample location delocated to a 10km square (see metadata),510000,240000,515000,245000,1,0,,16.76,,0.29,,5.11,,1.57,,0.83,,3,,0.47,,2.27,,0.77,,2.69,,0.04,,2.4,,1.64,,0.7,,0.97,,2.62,
TL14-X-57,TL14,Sample location delocated to a 10km square (see metadata),510000,240000,515000,245000,2,0,,11.36,,0.17,,4.47,,0.71,,,NULL,2.72,,0.86,,1.05,,0.39,,1.08,,0.46,,1.93,,0.6,,1.19,,0.63,,0.52,
TL14-X-57,TL14,Sample location delocated to a 10km square (see metadata),510000,240000,515000,245000,3,1,,12.22,,0.13,,5.65,,0.54,,,NULL,3.94,,1.11,,0.93,,0.26,,1.01,,0.28,,3.42,,0.41,,1.18,,0.63,,0.46,
TL14-X-57,TL14,Sample location delocated to a 10km square (see metadata),510000,240000,515000,245000,4,1,,13.53,,0.12,,6.94,,0.67,,,NULL,4.86,,1.81,,1.32,,0.23,,1.1,,0.33,,3.78,,0.45,,2.51,,0.43,,0.49,
TL17-X-00,TL17,Sample location delocated to a 10km square (see metadata),510000,270000,515000,275000,3,0,,16.02,,0.35,,6.39,,1.58,,0.25,,3.91,,1.06,,2.49,,0.53,,2.69,,0.27,,3.74,,1.24,,0.94,,1.52,,2.11,
TL17-X-00,TL17,Sample location delocated to a 10km square (see metadata),510000,270000,515000,275000,4,4,,18.34,,0.22,,2.12,,1.89,,0.05,,2.94,,0.35,,3.01,,0.25,,2.86,,0.17,,3.95,,0.87,,0.62,,1.31,,1.22,
TL17-X-00,TL17,Sample location delocated to a 10km square (see metadata),510000,270000,515000,275000,1,,NULL,,NULL,,,,NULL,,NULL,,,,NULL,,,,NULL,,NULL,,NULL,,,,NULL,,NULL,,NULL,,NULL,,NULL
TL17-X-00,TL17,Sample location delocated to a 10km square (see metadata),510000,270000,515000,275000,2,,NULL,,NULL,,,,NULL,,NULL,,,,NULL,,,,NULL,,NULL,,NULL,,,,NULL,,NULL,,NULL,,NULL,,NULL
TL23-X-84,TL23,Sample location delocated to a 10km square (see metadata),520000,230000,525000,235000,1,4,,18.09,,0.29,,2.88,,1.65,,0.11,,2.51,,0.24,,3.24,,0.43,,3.67,,0.25,,4.2,,1.03,,0.28,,0.58,,1.78,
TL23-X-84,TL23,Sample location delocated to a 10km square (see metadata),520000,230000,525000,235000,2,4,,15.72,,0.21,,2.62,,1.36,,0.05,,1.95,,0.19,,2.08,,0.44,,2.55,,0.26,,2.96,,0.72,,0.22,,0.21,,1.11,
TL26-X-45,TL26,Sample location delocated to a 10km square (see metadata),520000,260000,525000,265000,2,4,,14.46,,0.25,,2.87,,1.02,,0.02,,2.79,,0.32,,1.83,,0.17,,2.05,,0.15,,2.98,,0.53,,0.66,,0.42,,0.98,
TL26-X-45,TL26,Sample location delocated to a 10km square (see metadata),520000,260000,525000,265000,4,0,,13.59,,0.31,,3.35,,0.77,,0.38,,1.64,,0.46,,2.21,,0.35,,1.39,,0.07,,1.11,,0.83,,0.44,,0.51,,1.46,
TL28-X-35,TL28,Sample location delocated to a 10km square (see metadata),520000,280000,525000,285000,2,4,,19.55,,0.6,,4.83,,2.13,,0.22,,4.47,,1.64,,3.5,,0.65,,4.22,,0.31,,5.11,,1.69,,1.8,,1.53,,2.84,
TL28-X-35,TL28,Sample location delocated to a 10km square (see metadata),520000,280000,525000,285000,4,1,,33.06,,1.57,,4.17,,3.34,,1.01,,2.37,,2.84,,6.24,,1.87,,6.19,,0.52,,5.06,,3.15,,0.67,,3.28,,5.96,
TL28-X-35,TL28,Sample location delocated to a 10km square (see metadata),520000,280000,525000,285000,1,0,,20.37,,0.6,,2.53,,1.16,,0.25,,2.02,,1.15,,2.46,,0.54,,2.79,,0.34,,2.42,,1.31,,0.54,,1.55,,1.81,
TL35-X-92,TL35,Sample location delocated to a 10km square (see metadata),530000,250000,535000,255000,1,0,,22.87,,0.48,,7.71,,1.76,,0.07,,4.6,,2,,3.06,,0.6,,3.37,,0.5,,4.57,,1.25,,1.52,,2.48,,2.39,
TL35-X-92,TL35,Sample location delocated to a 10km square (see metadata),530000,250000,535000,255000,2,4,,21.28,,0.33,,2.79,,1.84,,0.06,,2.18,,0.46,,2.6,,0.38,,2.84,,0.41,,3.65,,0.81,,0.38,,0.88,,1.26,
TL35-X-92,TL35,Sample location delocated to a 10km square (see metadata),530000,250000,535000,255000,4,4,,15.06,,0.15,,2.74,,1.32,,0.03,,1.61,,0.32,,2.14,,0.2,,2.08,,0.15,,2.73,,0.42,,0.24,,0.49,,0.85,
TL41-X-81,TL41,Sample location delocated to a 10km square (see metadata),540000,210000,545000,215000,2,0,,17.14,,0.69,,3.24,,1.07,,0.5,,1.54,,0.93,,2.48,,0.66,,2.67,,0.3,,1.32,,1.4,,0.4,,1.28,,2,
TL41-X-81,TL41,Sample location delocated to a 10km square (see metadata),540000,210000,545000,215000,3,4,,26.44,,0.73,,6.13,,2.89,,0.56,,4.92,,1.44,,3.94,,0.78,,5.35,,1.07,,5.82,,2.71,,1.09,,1.72,,3.69,
TL41-X-81,TL41,Sample location delocated to a 10km square (see metadata),540000,210000,545000,215000,4,1,,24.63,,0.71,,9.72,,2.49,,,NULL,7.92,,3.89,,4.02,,0.85,,4.52,,0.8,,8.06,,2.16,,4.23,,2.52,,3.12,
TL41-X-81,TL41,Sample location delocated to a 10km square (see metadata),540000,210000,545000,215000,6,0,,16.58,,0.84,,5.19,,1.71,,0.85,,2.9,,0.62,,2.44,,0.88,,3.06,,0.15,,2,,1.66,,0.81,,1.44,,2.04,
TL47-X-92,TL47,Sample location delocated to a 10km square (see metadata),540000,270000,545000,275000,1,2,,25.07,,0.23,,3.81,,1.37,,0.1,,2.6,,2.08,,2.5,,0.29,,2.19,,0.18,,3.83,,0.77,,1.05,,0.89,,1.49,
TL47-X-92,TL47,Sample location delocated to a 10km square (see metadata),540000,270000,545000,275000,2,4,,28.01,,0.35,,2.66,,1.47,,0.1,,3.86,,0.66,,2.29,,0.34,,2.91,,0.34,,4.03,,1.01,,0.91,,0.89,,1.71,
TL47-X-92,TL47,Sample location delocated to a 10km square (see metadata),540000,270000,545000,275000,3,2,,35.56,,0.39,,4.19,,1.2,,0.07,,2.49,,1.77,,3.35,,0.48,,3.63,,0.29,,3.93,,1.01,,0.62,,1.14,,1.44,
TL47-X-92,TL47,Sample location delocated to a 10km square (see metadata),540000,270000,545000,275000,5,1,,37.75,,1.21,,2.32,,2.38,,0.33,,1.51,,2.9,,4.05,,1.17,,3.57,,0.53,,3.44,,2.37,,0.6,,1.65,,3.85,
TL54-X-92,TL54,Sample location delocated to a 10km square (see metadata),550000,240000,555000,245000,3,4,,14.44,,0.19,,2.08,,1.07,,0.07,,1.34,,0.16,,1.59,,0.32,,2.11,,0.25,,2.45,,0.64,,0.13,,0.2,,0.81,
TL68-X-72,TL68,Sample location delocated to a 10km square (see metadata),560000,280000,565000,285000,1,0,,25.16,,0.43,,4.43,,1.2,,0.06,,3.32,,2.3,,2.71,,0.85,,3.56,,0.42,,4.85,,1.62,,0.81,,1.29,,1.7,
TL68-X-72,TL68,Sample location delocated to a 10km square (see metadata),560000,280000,565000,285000,2,1,,36.3,,0.55,,8.28,,1.37,,0.01,,5.48,,5.85,,3.2,,0.88,,3.58,,0.68,,6.3,,1.99,,5.62,,1.57,,2.13,
TL68-X-72,TL68,Sample location delocated to a 10km square (see metadata),560000,280000,565000,285000,3,0,,35.6,,0.89,,3.17,,2.07,,0.79,,1.56,,2.82,,4.63,,1.12,,4.22,,0.44,,3.17,,2.51,,0.7,,1.3,,3.95,
TL68-X-72,TL68,Sample location delocated to a 10km square (see metadata),560000,280000,565000,285000,4,0,,38.26,,0.41,,2.03,,1.32,,0.97,,1.16,,2.74,,2.37,,0.88,,2.53,,0.37,,1.96,,1.69,,0.62,,0.73,,2.24,
TL69-X-41,TL69,Sample location delocated to a 10km square (see metadata),560000,290000,565000,295000,1,4,,23.23,,0.2,,4.99,,1.33,,0.16,,4.67,,1.26,,2.09,,0.52,,2.65,,0.47,,4.59,,1.09,,1.57,,0.67,,1.13,
TL69-X-41,TL69,Sample location delocated to a 10km square (see metadata),560000,290000,565000,295000,2,0,,40.14,,0.4,,8.35,,1.34,,,NULL,5.21,,4.6,,2.8,,0.78,,2.83,,0.82,,6.65,,1.34,,4.02,,2.26,,2.1,
TL70-X-76,TL70,Sample location delocated to a 10km square (see metadata),570000,200000,575000,205000,3,1,,21.21,,0.66,,5.51,,1.63,,0.05,,3.69,,1.47,,2.52,,0.71,,2.79,,0.34,,4.02,,1.35,,1.66,,1.26,,2.13,
TL70-X-76,TL70,Sample location delocated to a 10km square (see metadata),570000,200000,575000,205000,5,0,,23.55,,1.12,,5.75,,2.73,,0.51,,3.83,,1.15,,3.61,,1.27,,4.07,,0.32,,4.12,,2.69,,0.81,,1.7,,2.89,
TL71-X-34,TL71,Sample location delocated to a 10km square (see metadata),570000,210000,575000,215000,1,1,,13.99,,0.63,,6.47,,2.01,,0.4,,3.85,,1.01,,3.09,,1.32,,3.74,,0.46,,3.83,,2.02,,1.06,,1.22,,2.67,
TL71-X-34,TL71,Sample location delocated to a 10km square (see metadata),570000,210000,575000,215000,2,1,,14.76,,0.33,,7.1,,1.62,,,NULL,5.03,,1.9,,2.8,,0.52,,3.24,,0.25,,4.73,,1.12,,1.96,,0.94,,1.79,
TL71-X-34,TL71,Sample location delocated to a 10km square (see metadata),570000,210000,575000,215000,3,1,,16.63,,0.2,,7.64,,1.2,,,NULL,4.08,,1.32,,2.35,,0.26,,2.45,,0.3,,3.23,,0.75,,1.42,,1.27,,0.87,
TL71-X-34,TL71,Sample location delocated to a 10km square (see metadata),570000,210000,575000,215000,4,1,,15.49,,0.32,,5.89,,1.69,,0.1,,4.11,,0.93,,2.21,,0.23,,1.84,,0.22,,2.23,,0.69,,0.71,,1.16,,1.24,
TL72-X-29,TL72,Sample location delocated to a 10km square (see metadata),570000,220000,575000,225000,2,1,,14.84,,0.18,,5.44,,0.59,,,NULL,3.81,,1.85,,0.95,,0.19,,1.09,,0.28,,3.81,,0.37,,1.83,,0.61,,0.51,
TL72-X-29,TL72,Sample location delocated to a 10km square (see metadata),570000,220000,575000,225000,4,2,,12.93,,0.17,,3.93,,0.68,,0.13,,2.64,,0.51,,1.15,,0.32,,1.38,,0.15,,2.87,,0.54,,0.74,,0.35,,0.61,
TL72-X-94,TL72,Sample location delocated to a 10km square (see metadata),570000,220000,575000,225000,1,1,,14.43,,0.32,,7.11,,1.32,,0.07,,3.66,,0.8,,2.27,,0.27,,2.43,,0.21,,2.59,,0.78,,0.77,,0.92,,1.51,
TL72-X-94,TL72,Sample location delocated to a 10km square (see metadata),570000,220000,575000,225000,2,1,,14.42,,0.22,,8.08,,1.4,,0,,5.99,,1.13,,1.85,,0.37,,2.19,,0.27,,4.34,,0.76,,1.63,,0.47,,1.1,
TL72-X-94,TL72,Sample location delocated to a 10km square (see metadata),570000,220000,575000,225000,3,1,,15.93,,1.04,,8.36,,2.2,,0.65,,6.93,,0.72,,2.84,,0.67,,2.89,,0.2,,3.4,,1.26,,1.35,,0.88,,1.93,
TL72-X-94,TL72,Sample location delocated to a 10km square (see metadata),570000,220000,575000,225000,4,1,,13.87,,0.56,,4.95,,1.68,,0.38,,2.47,,0.89,,2.32,,0.47,,2.56,,0.18,,2.01,,1,,0.44,,1.3,,1.74,
TL79-X-71,TL79,Sample location delocated to a 10km square (see metadata),570000,290000,575000,295000,2,3,,18.4,,0.31,,2.58,,1.15,,0.14,,2.71,,0.92,,1.73,,0.45,,2,,0.61,,3.33,,0.79,,0.73,,1.11,,0.99,
TL79-X-71,TL79,Sample location delocated to a 10km square (see metadata),570000,290000,575000,295000,3,4,,17.95,,0.12,,2.24,,1.3,,0.08,,2.07,,0.23,,2.57,,0.4,,2.97,,0.29,,2.78,,0.98,,0.13,,0.15,,1.66,
TL90-X-27,TL90,Sample location delocated to a 10km square (see metadata),590000,200000,595000,205000,1,1,,18.76,,0.33,,4.13,,1.02,,,NULL,1.79,,1.48,,1.7,,0.32,,1.36,,0.32,,3.21,,0.83,,1.29,,1.43,,0.86,
TL90-X-27,TL90,Sample location delocated to a 10km square (see metadata),590000,200000,595000,205000,2,1,,25.62,,0.39,,7.4,,1.12,,,NULL,6.23,,3.75,,2.3,,0.29,,2.14,,0.26,,5.58,,0.89,,3.56,,1.56,,1.68,
TL90-X-27,TL90,Sample location delocated to a 10km square (see metadata),590000,200000,595000,205000,3,1,,23.3,,0.89,,4.99,,2.56,,0.38,,3.26,,1.56,,4.07,,0.43,,4.58,,0.35,,3.15,,2.16,,1.16,,2,,3.42,
TL90-X-27,TL90,Sample location delocated to a 10km square (see metadata),590000,200000,595000,205000,4,1,,16.46,,0.55,,4.2,,1.33,,0.1,,1.92,,1.03,,2.08,,0.39,,2.02,,0.24,,1.79,,0.91,,0.55,,1.3,,2.02,
TL97-X-69,TL97,Sample location delocated to a 10km square (see metadata),590000,270000,595000,275000,2,1,,11.71,,0.19,,5.43,,1.37,,,NULL,3.66,,1.53,,2.29,,0.35,,2.45,,0.26,,3.78,,0.79,,1.59,,0.71,,1.25,
TL97-X-69,TL97,Sample location delocated to a 10km square (see metadata),590000,270000,595000,275000,3,1,,14.46,,0.2,,6.32,,0.86,,0.05,,4.83,,2.35,,1.64,,0.33,,1.31,,0.34,,4.88,,0.55,,2.12,,1.26,,0.8,
TL97-X-69,TL97,Sample location delocated to a 10km square (see metadata),590000,270000,595000,275000,4,1,,12.07,,0.26,,6.64,,1.21,,0.07,,4.52,,1.24,,2.12,,0.46,,2.34,,0.3,,3.96,,1.01,,1.32,,0.57,,1.53,
TM01-X-15,TM01,Sample location delocated to a 10km square (see metadata),600000,210000,605000,215000,1,0,,32.19,,0.46,,2.06,,2.08,,,NULL,1.6,,1.24,,2.78,,0.65,,3.11,,0.4,,2.63,,2.58,,1.19,,1.89,,2,
TM17-X-85,TM17,Sample location delocated to a 10km square (see metadata),610000,270000,615000,275000,1,0,,11.92,,0.3,,5.26,,1.23,,0.12,,2.81,,0.89,,2.33,,0.45,,2.46,,0.28,,3.15,,1.17,,0.7,,1.19,,1.09,
TM17-X-85,TM17,Sample location delocated to a 10km square (see metadata),610000,270000,615000,275000,3,0,,11.59,,0.12,,5.77,,0.62,,,NULL,2.68,,1.08,,1,,0.4,,1.38,,0.25,,2.34,,0.43,,1.03,,0.8,,0.57,
TM17-X-85,TM17,Sample location delocated to a 10km square (see metadata),610000,270000,615000,275000,4,0,,12.46,,0.29,,3,,0.94,,0.11,,1.36,,0.75,,1.25,,0.42,,1.68,,0.23,,1.7,,0.92,,0.53,,1.16,,1.04,
TM21-X-33,TM21,Sample location delocated to a 10km square (see metadata),620000,210000,625000,215000,2,0,,15.15,,0.85,,3.27,,1.35,,0.37,,1.67,,0.4,,2.05,,0.75,,2.12,,0.01,,1.4,,0.94,,0.38,,1.19,,2.11,
TM21-X-33,TM21,Sample location delocated to a 10km square (see metadata),620000,210000,625000,215000,4,0,,34.97,,2.9,,3.39,,3.62,,1.33,,2.1,,1.74,,4.95,,1.43,,4.55,,0.53,,2.83,,1.95,,1,,2.75,,4.35,
TM35-X-24,TM35,Sample location delocated to a 10km square (see metadata),630000,250000,635000,255000,4,0,,12.02,,0.25,,3.51,,0.77,,0.34,,1.73,,0.56,,0.96,,0.25,,1.03,,0.14,,1.2,,0.7,,0.5,,0.51,,0.73,
TM37-X-59,TM37,Sample location delocated to a 10km square (see metadata),630000,270000,635000,275000,2,0,,17.82,,0.38,,4.03,,1.17,,0.13,,2.43,,1.03,,2.15,,0.39,,2.41,,0.27,,2.52,,0.89,,0.52,,1.66,,1.76,
TQ21-X-12,TQ21,Sample location delocated to a 10km square (see metadata),520000,110000,525000,115000,1,1,,24.15,,0.32,,5.18,,1.97,,0.67,,2.55,,1.11,,2.82,,0.85,,2.99,,0.39,,3.31,,2.25,,1.16,,1.39,,2.17,
TQ21-X-12,TQ21,Sample location delocated to a 10km square (see metadata),520000,110000,525000,115000,4,1,,23.23,,0.44,,7.64,,1.91,,0.61,,4.14,,1.02,,2.63,,0.82,,2.8,,0.26,,2.76,,1.4,,1.05,,1.08,,1.63,
TQ21-X-14,TQ21,Sample location delocated to a 10km square (see metadata),520000,110000,525000,115000,1,0,,28.79,,0.71,,6.26,,2.64,,2.47,,3.93,,1.46,,4.63,,1.78,,5.08,,0.63,,5.09,,2.45,,1.85,,2.29,,4.03,
TQ21-X-14,TQ21,Sample location delocated to a 10km square (see metadata),520000,110000,525000,115000,2,0,,22.99,,0.5,,7.88,,3,,1.58,,6.28,,1.06,,3.75,,1.07,,3.5,,0.51,,3.72,,1.67,,2.42,,1.43,,2.29,
TQ21-X-14,TQ21,Sample location delocated to a 10km square (see metadata),520000,110000,525000,115000,3,0,,22.96,,1.01,,2.22,,1.58,,0.47,,1.41,,1.2,,1.98,,0.8,,2.72,,0.31,,1.66,,1.31,,0.46,,1.4,,1.83,
TQ34-X-47,TQ34,Sample location delocated to a 10km square (see metadata),530000,140000,535000,145000,2,0,,21.85,,0.51,,4.51,,2.01,,0.68,,2.32,,0.7,,2.66,,0.81,,2.72,,0.31,,2.29,,1.95,,0.84,,1,,1.98,
TQ35-X-64,TQ35,Sample location delocated to a 10km square (see metadata),530000,150000,535000,155000,1,0,,17.13,,0.17,,7.82,,1.02,,0.84,,5.84,,0.27,,1.53,,0.74,,1.92,,0.19,,2.66,,0.79,,1.67,,0.65,,1.24,
TQ35-X-64,TQ35,Sample location delocated to a 10km square (see metadata),530000,150000,535000,155000,3,0,,16.23,,0.42,,6.62,,1.63,,0.88,,4.68,,0.39,,2.04,,0.58,,2.2,,0.2,,2.6,,0.99,,0.97,,0.88,,1.61,
TQ35-X-64,TQ35,Sample location delocated to a 10km square (see metadata),530000,150000,535000,155000,4,0,,16.67,,0.19,,4.62,,1.26,,0.63,,3.35,,0.43,,1.48,,0.59,,1.67,,0.13,,1.8,,0.74,,0.75,,0.55,,1.32,
TQ43-X-43,TQ43,Sample location delocated to a 10km square (see metadata),540000,130000,545000,135000,1,0,,21.33,,0.43,,5.85,,1.66,,0.45,,3.55,,0.95,,2.21,,0.65,,2.64,,0.38,,2.84,,1.53,,1.14,,1.25,,1.62,
TQ43-X-43,TQ43,Sample location delocated to a 10km square (see metadata),540000,130000,545000,135000,2,0,,20.38,,0.45,,5.49,,2.61,,0.68,,3.52,,0.83,,2.72,,0.76,,2.73,,0.54,,2.73,,1.51,,1.4,,1.03,,1.74,
TQ43-X-43,TQ43,Sample location delocated to a 10km square (see metadata),540000,130000,545000,135000,3,0,,20.02,,0.4,,5.92,,1.67,,0.3,,4.61,,1.04,,1.94,,0.54,,2.26,,0.36,,3.52,,1.09,,1.19,,1.45,,1.36,
TQ43-X-43,TQ43,Sample location delocated to a 10km square (see metadata),540000,130000,545000,135000,4,0,,20.7,,0.21,,1.86,,0.89,,0.28,,0.95,,1.03,,1.46,,0.35,,1.41,,0.2,,1.4,,0.91,,0.31,,0.82,,0.97,
TQ59-X-57,TQ59,Sample location delocated to a 10km square (see metadata),550000,190000,555000,195000,1,0,,23.71,,0.9,,2.52,,1.96,,0.22,,2,,1.23,,2.77,,0.83,,2.63,,0.38,,1.98,,1.37,,0.56,,2.62,,2.25,
TQ59-X-57,TQ59,Sample location delocated to a 10km square (see metadata),550000,190000,555000,195000,2,0,,22.45,,0.69,,2.43,,1.92,,1.26,,1.36,,1.27,,2.69,,0.95,,3.01,,0.37,,2.13,,1.92,,0.48,,1.8,,2.21,
TQ59-X-57,TQ59,Sample location delocated to a 10km square (see metadata),550000,190000,555000,195000,3,0,,21.17,,0.38,,2.86,,1.53,,0.36,,1.6,,0.77,,2.08,,0.52,,1.58,,0.21,,1.83,,1.09,,0.56,,1.25,,1.62,
TQ59-X-57,TQ59,Sample location delocated to a 10km square (see metadata),550000,190000,555000,195000,4,0,,26.53,,1.16,,3.93,,2.44,,,NULL,3.45,,1.55,,3.18,,0.75,,3.56,,0.41,,3.29,,1.56,,1.03,,2.18,,2.59,
TQ60-X-20,TQ60,Sample location delocated to a 10km square (see metadata),560000,100000,565000,105000,4,1,,33.37,,0.64,,2.38,,1.76,,0.72,,1.66,,1.22,,2.76,,0.88,,3.75,,0.37,,3.31,,2.26,,1.02,,1.36,,2.85,
TQ86-X-90,TQ86,Sample location delocated to a 10km square (see metadata),580000,160000,585000,165000,1,3,,20.73,,0.67,,6.57,,2.42,,0.39,,4.15,,1.72,,3.52,,1.06,,3.95,,0.59,,4.96,,2.35,,1.41,,2.14,,2.17,
TQ86-X-90,TQ86,Sample location delocated to a 10km square (see metadata),580000,160000,585000,165000,2,0,,18.41,,0.49,,3.68,,1.61,,0.87,,1.89,,0.84,,2.52,,0.83,,2.49,,0.22,,2.23,,1.87,,0.82,,1.31,,2.1,
TQ86-X-90,TQ86,Sample location delocated to a 10km square (see metadata),580000,160000,585000,165000,3,2,,20.11,,0.56,,6.94,,1.58,,0.19,,3.35,,2.13,,2.94,,0.74,,3.1,,0.49,,3.46,,1.47,,1.49,,1.24,,1.79,
TQ86-X-90,TQ86,Sample location delocated to a 10km square (see metadata),580000,160000,585000,165000,4,0,,19.5,,1.01,,5.47,,2.41,,1.26,,3.16,,0.99,,3.91,,1.26,,3.49,,0.38,,3.19,,2.11,,1.29,,2,,2.87,
TQ93-X-13,TQ93,Sample location delocated to a 10km square (see metadata),590000,130000,595000,135000,1,1,,21.68,,0.68,,5.62,,2.36,,1.28,,4.24,,1.21,,3.32,,1.06,,3.53,,0.49,,3.14,,2.01,,1.57,,1.62,,2.64,
TQ93-X-13,TQ93,Sample location delocated to a 10km square (see metadata),590000,130000,595000,135000,3,1,,18.44,,0.62,,4.8,,1.93,,1.09,,2.83,,0.93,,2.94,,1.02,,3.04,,0.32,,2.45,,1.77,,0.98,,1.17,,2.5,
TQ93-X-13,TQ93,Sample location delocated to a 10km square (see metadata),590000,130000,595000,135000,2,0,,16.75,,0.39,,5.37,,1.29,,0.73,,3.63,,0.67,,1.89,,0.5,,2.2,,0.22,,1.92,,1.05,,0.79,,0.84,,1.59,
TQ95-X-51,TQ95,Sample location delocated to a 10km square (see metadata),590000,150000,595000,155000,2,2,,20.18,,0.53,,7.59,,2.18,,0.43,,5.16,,2.07,,3.1,,0.73,,3.29,,0.58,,4.85,,1.43,,1.91,,0.83,,1.94,
TQ95-X-51,TQ95,Sample location delocated to a 10km square (see metadata),590000,150000,595000,155000,4,1,,18.55,,0.27,,9.48,,1.41,,0.01,,5.98,,2.27,,2.08,,0.36,,2.46,,0.48,,4.84,,0.97,,2.58,,0.77,,1.03,
TQ96-X-49,TQ96,Sample location delocated to a 10km square (see metadata),590000,160000,595000,165000,4,4,,15.09,,0.09,,1.04,,0.35,,,NULL,0.86,,0.17,,0.64,,0.16,,0.79,,0.17,,1.07,,0.38,,0.15,,0.19,,0.42,
TR04-X-20,TR04,Sample location delocated to a 10km square (see metadata),600000,140000,605000,145000,1,4,,22.65,,0.28,,3.29,,2.17,,0.16,,2.5,,0.26,,3.02,,0.58,,3.83,,0.43,,4.27,,1.28,,0.21,,0.29,,2.42,
TR04-X-20,TR04,Sample location delocated to a 10km square (see metadata),600000,140000,605000,145000,3,4,,21.95,,0.2,,2.8,,1.79,,0.18,,2.16,,0.22,,2.38,,0.53,,3.42,,0.35,,3.39,,1.04,,0.14,,0.15,,1.87,
TR04-X-20,TR04,Sample location delocated to a 10km square (see metadata),600000,140000,605000,145000,4,4,,22.9,,0.21,,3.48,,1.79,,0.14,,1.86,,0.27,,2.49,,0.5,,3.28,,0.41,,3.17,,1.05,,0.15,,0.17,,1.87,
TR04-X-20,TR04,Sample location delocated to a 10km square (see metadata),600000,140000,605000,145000,5,4,,26.2,,0.34,,4.02,,2.91,,0.23,,2.8,,0.28,,3.71,,0.77,,5.27,,0.67,,4.07,,1.81,,0.14,,0.32,,3.55,
TR15-X-65,TR15,Sample location delocated to a 10km square (see metadata),610000,150000,615000,155000,4,4,,24.63,,0.29,,2.44,,2.6,,,NULL,2.84,,0.38,,3.69,,0.84,,4.33,,0.91,,4.45,,2.22,,0.23,,1.05,,3.08,
TR25-X-88,TR25,Sample location delocated to a 10km square (see metadata),620000,150000,625000,155000,3,4,,25.74,,0.31,,3.44,,2.34,,0.25,,2.61,,0.33,,3.12,,0.74,,4.34,,0.52,,4.37,,1.46,,0.21,,0.34,,2.85,
TR25-X-88,TR25,Sample location delocated to a 10km square (see metadata),620000,150000,625000,155000,4,4,,25.75,,0.49,,3.98,,3.24,,0.26,,3.6,,0.28,,3.9,,0.77,,5.53,,0.57,,4.96,,1.85,,0.45,,0.67,,2.69,
TR25-X-88,TR25,Sample location delocated to a 10km square (see metadata),620000,150000,625000,155000,1,4,,28.24,,0.32,,3.31,,2.34,,0.21,,3.55,,0.31,,3.49,,0.88,,4.53,,0.58,,5.2,,1.76,,0.36,,0.31,,2.68,
TR25-X-88,TR25,Sample location delocated to a 10km square (see metadata),620000,150000,625000,155000,5,4,,27.64,,0.29,,2.84,,2.21,,0.13,,2.46,,0.3,,3,,0.6,,3.72,,0.52,,3.89,,1.41,,0.25,,0.27,,2.54,
TR36-X-15,TR36,Sample location delocated to a 10km square (see metadata),630000,160000,635000,165000,1,0,,26.61,,1.04,,7.91,,3.11,,0.4,,5.03,,1.49,,3.62,,1.52,,4.38,,0.63,,4.31,,2.5,,1.37,,2.12,,3.16,
TR36-X-15,TR36,Sample location delocated to a 10km square (see metadata),630000,160000,635000,165000,3,3,,18.1,,0.23,,5.59,,1.28,,0.01,,3.74,,1.29,,1.85,,0.32,,2.05,,0.3,,3.99,,0.81,,1.97,,0.44,,1.09,
TR36-X-15,TR36,Sample location delocated to a 10km square (see metadata),630000,160000,635000,165000,4,3,,17.02,,0.34,,5.04,,1.5,,0.14,,3.56,,0.6,,2.22,,0.71,,3.01,,0.33,,4.13,,1.12,,0.97,,0.35,,1.46,
